# https://github.com/mikedh/trimesh
v -0.24999991 -0.25000003 0.00000006
v -0.24999991 -0.25000003 0.00000006
v -0.24999985 -0.00000006 0.00000006
v -0.24999985 -0.00000006 0.00000006
v -0.24999997 -0.25000000 0.49999827
v -0.24999997 -0.25000000 0.49999827
v -0.24999997 -0.25000000 0.49999827
v 0.00000009 -0.00000003 0.00000006
v 0.00000009 -0.25000003 0.00000006
v 0.00000009 -0.24999999 0.49999827
v 0.00000009 -0.24999999 0.49999827
v -0.04999992 -0.23999998 0.49999827
v -0.00999996 -0.04999995 0.49999827
v 0.00000009 0.00000006 0.49999815
v 0.01000008 -0.19999999 0.49999827
v 0.25000012 -0.25000000 0.49999827
v 0.25000012 -0.25000000 0.49999827
v 0.25000012 -0.25000000 0.49999827
v 0.20000011 -0.23999999 0.49999827
v 0.05000007 -0.23999999 0.49999827
v 0.05045572 -0.23889999 0.49799830
v 0.19954446 -0.23889999 0.49799818
v 0.19850892 -0.23639998 0.49799818
v 0.23640007 -0.19850883 0.49799818
v 0.23890007 -0.19954437 0.49799818
v 0.23890010 -0.05045563 0.49799818
v 0.23640010 -0.05149117 0.49799818
v 0.24000007 -0.19999999 0.49999827
v 0.24000010 -0.04999995 0.49999827
v 0.25000009 0.00000006 0.49999815
v 0.25000009 0.00000006 0.49999815
v 0.20000011 -0.00999993 0.49999815
v 0.19954446 -0.01109996 0.49799818
v 0.05045572 -0.01109996 0.49799818
v 0.19850892 -0.01359996 0.49799818
v 0.05149123 -0.01359995 0.49799818
v 0.01360008 -0.05149116 0.49799818
v 0.05252677 -0.01609994 0.49899822
v 0.01610008 -0.05252667 0.49899822
v 0.19747338 -0.01609996 0.49899822
v 0.05252680 -0.23389998 0.49899822
v 0.01610008 -0.19747329 0.49899834
v 0.01360008 -0.19850883 0.49799818
v 0.05149126 -0.23639998 0.49799818
v 0.01110008 -0.19954436 0.49799818
v 0.01110008 -0.05045563 0.49799818
v 0.01000008 -0.04999994 0.49999827
v 0.05000007 -0.00999996 0.49999815
v 0.19747338 -0.23389998 0.49899822
v 0.23390007 -0.19747329 0.49899834
v 0.23390010 -0.05252667 0.49899822
v 0.20000011 0.01000005 0.49999815
v 0.24000010 0.20000005 0.49999827
v 0.25000009 0.25000000 0.49999815
v 0.25000009 0.25000000 0.49999815
v 0.25000006 -0.00000006 0.00000006
v 0.25000006 -0.00000006 0.00000006
v 0.25000006 -0.25000003 0.00000006
v 0.25000006 -0.25000003 0.00000006
v 0.25000006 0.25000000 -0.00000006
v 0.25000006 0.25000000 -0.00000006
v 0.25000006 0.25000000 -0.00000006
v 0.00000006 0.25000006 0.49999815
v 0.00000006 0.24999994 -0.00000006
v 0.00000006 0.24999994 -0.00000006
v -0.24999985 0.25000000 -0.00000006
v -0.24999985 0.25000000 -0.00000006
v -0.24999985 0.25000000 -0.00000006
v -0.24999991 0.25000000 0.49999815
v -0.24999991 0.25000000 0.49999815
v -0.24999991 0.00000006 0.49999815
v -0.24999991 0.00000006 0.49999815
v -0.19999990 0.24000001 0.49999815
v -0.23999992 0.05000007 0.49999827
v -0.23999992 0.20000002 0.49999827
v -0.23889992 0.05045569 0.49799830
v -0.23889992 0.19954440 0.49799818
v -0.23639992 0.05149123 0.49799830
v -0.23639992 0.19850886 0.49799818
v -0.19954428 0.23890001 0.49799818
v -0.19850877 0.23639998 0.49799818
v -0.05045560 0.23890001 0.49799818
v -0.04999998 0.24000001 0.49999815
v -0.00999996 0.20000002 0.49999827
v -0.00999990 0.05000004 0.49999827
v -0.01109996 0.19954440 0.49799818
v -0.05149111 0.23640004 0.49799818
v -0.01359996 0.19850886 0.49799818
v -0.01109990 0.05045569 0.49799830
v -0.01359990 0.05149123 0.49799830
v -0.05045554 0.01110002 0.49799818
v -0.04999992 0.01000005 0.49999815
v -0.19999990 0.01000005 0.49999815
v -0.19954428 0.01109999 0.49799818
v -0.19850877 0.01359999 0.49799818
v -0.05149111 0.01360002 0.49799818
v -0.05252662 0.01610002 0.49899811
v -0.01609990 0.05252677 0.49899822
v -0.01609996 0.19747332 0.49899822
v -0.05252668 0.23390004 0.49899822
v -0.19747320 0.01610002 0.49899811
v -0.23389992 0.05252677 0.49899822
v -0.23389992 0.19747332 0.49899822
v -0.19747320 0.23389998 0.49899822
v -0.23999998 -0.20000000 0.49999839
v -0.19999990 -0.00999996 0.49999815
v -0.04999992 -0.00999993 0.49999815
v -0.19954428 -0.01109996 0.49799818
v -0.23999998 -0.04999995 0.49999827
v -0.23889998 -0.05045561 0.49799818
v -0.23889998 -0.19954437 0.49799830
v -0.23639998 -0.19850883 0.49799818
v -0.23639998 -0.05149116 0.49799818
v -0.23389998 -0.19747329 0.49899834
v -0.23389998 -0.05252665 0.49899822
v -0.19850883 -0.01359995 0.49799818
v -0.19747326 -0.01609996 0.49899822
v -0.05045554 -0.01109996 0.49799818
v -0.05149117 -0.01359995 0.49799818
v -0.01109996 -0.05045563 0.49799818
v -0.01359996 -0.05149116 0.49799818
v -0.05252668 -0.01609994 0.49899822
v -0.19747326 -0.23389998 0.49899822
v -0.01609996 -0.05252667 0.49899822
v -0.01609996 -0.19747329 0.49899834
v -0.01359996 -0.19850883 0.49799818
v -0.05252662 -0.23389998 0.49899822
v -0.05149111 -0.23639998 0.49799830
v -0.05045554 -0.23889998 0.49799830
v -0.19954434 -0.23889998 0.49799830
v -0.19850883 -0.23639998 0.49799830
v -0.19999996 -0.23999998 0.49999827
v -0.01109996 -0.19954436 0.49799818
v -0.00999996 -0.19999999 0.49999827
v 0.01000008 0.05000007 0.49999827
v 0.05000007 0.24000001 0.49999815
v 0.20000011 0.24000001 0.49999815
v 0.05045569 0.23890001 0.49799818
v 0.01000008 0.20000002 0.49999827
v 0.01110008 0.19954440 0.49799818
v 0.01110008 0.05045569 0.49799830
v 0.01360008 0.05149123 0.49799830
v 0.01360008 0.19850886 0.49799818
v 0.01610008 0.05252677 0.49899822
v 0.01610008 0.19747332 0.49899822
v 0.05149123 0.23640001 0.49799818
v 0.05252677 0.23390001 0.49899822
v 0.19954449 0.23890001 0.49799818
v 0.19850895 0.23640004 0.49799818
v 0.23890010 0.19954440 0.49799818
v 0.23640010 0.19850889 0.49799818
v 0.19747341 0.23390004 0.49899822
v 0.05252677 0.01610002 0.49899811
v 0.23390010 0.19747335 0.49899822
v 0.23390010 0.05252674 0.49899822
v 0.23640010 0.05149120 0.49799830
v 0.19747338 0.01610002 0.49899811
v 0.19850892 0.01360002 0.49799818
v 0.19954446 0.01110002 0.49799818
v 0.05045572 0.01110002 0.49799818
v 0.05149123 0.01360002 0.49799818
v 0.05000007 0.01000005 0.49999815
v 0.23890010 0.05045566 0.49799830
v 0.24000010 0.05000007 0.49999827
v -0.24999991 0.24999997 0.00000006
v -0.24999991 0.24999997 0.00000006
v -0.24999985 0.49999994 0.00000006
v -0.24999985 0.49999994 0.00000006
v -0.24999997 0.25000000 0.49999827
v -0.24999997 0.25000000 0.49999827
v -0.24999997 0.25000000 0.49999827
v 0.00000009 0.49999997 0.00000006
v 0.00000009 0.24999997 0.00000006
v 0.00000009 0.25000000 0.49999827
v 0.00000009 0.25000000 0.49999827
v -0.04999992 0.26000002 0.49999827
v -0.00999996 0.45000005 0.49999827
v 0.00000009 0.50000006 0.49999815
v 0.01000008 0.30000001 0.49999827
v 0.25000012 0.25000000 0.49999827
v 0.25000012 0.25000000 0.49999827
v 0.25000012 0.25000000 0.49999827
v 0.20000011 0.25999999 0.49999827
v 0.05000007 0.25999999 0.49999827
v 0.05045572 0.26109999 0.49799830
v 0.19954446 0.26109999 0.49799818
v 0.19850892 0.26360002 0.49799818
v 0.23640007 0.30149117 0.49799818
v 0.23890007 0.30045563 0.49799818
v 0.23890010 0.44954437 0.49799818
v 0.23640010 0.44850883 0.49799818
v 0.24000007 0.30000001 0.49999827
v 0.24000010 0.45000005 0.49999827
v 0.25000009 0.50000006 0.49999815
v 0.25000009 0.50000006 0.49999815
v 0.20000011 0.49000007 0.49999815
v 0.19954446 0.48890004 0.49799818
v 0.05045572 0.48890004 0.49799818
v 0.19850892 0.48640004 0.49799818
v 0.05149123 0.48640007 0.49799818
v 0.01360008 0.44850886 0.49799818
v 0.05252677 0.48390007 0.49899822
v 0.01610008 0.44747335 0.49899822
v 0.19747338 0.48390004 0.49899822
v 0.05252680 0.26610002 0.49899822
v 0.01610008 0.30252671 0.49899834
v 0.01360008 0.30149117 0.49799818
v 0.05149126 0.26360002 0.49799818
v 0.01110008 0.30045563 0.49799818
v 0.01110008 0.44954437 0.49799818
v 0.01000008 0.45000005 0.49999827
v 0.05000007 0.49000004 0.49999815
v 0.19747338 0.26610002 0.49899822
v 0.23390007 0.30252671 0.49899834
v 0.23390010 0.44747335 0.49899822
v 0.20000011 0.51000005 0.49999815
v 0.24000010 0.70000005 0.49999827
v 0.25000009 0.75000000 0.49999815
v 0.25000009 0.75000000 0.49999815
v 0.25000006 0.49999994 0.00000006
v 0.25000006 0.49999994 0.00000006
v 0.25000006 0.24999997 0.00000006
v 0.25000006 0.24999997 0.00000006
v 0.25000006 0.75000000 -0.00000006
v 0.25000006 0.75000000 -0.00000006
v 0.25000006 0.75000000 -0.00000006
v 0.00000006 0.75000006 0.49999815
v 0.00000006 0.74999994 -0.00000006
v 0.00000006 0.74999994 -0.00000006
v -0.24999985 0.75000000 -0.00000006
v -0.24999985 0.75000000 -0.00000006
v -0.24999985 0.75000000 -0.00000006
v -0.24999991 0.75000000 0.49999815
v -0.24999991 0.75000000 0.49999815
v -0.24999991 0.50000006 0.49999815
v -0.24999991 0.50000006 0.49999815
v -0.19999990 0.74000001 0.49999815
v -0.23999992 0.55000007 0.49999827
v -0.23999992 0.70000005 0.49999827
v -0.23889992 0.55045569 0.49799830
v -0.23889992 0.69954443 0.49799818
v -0.23639992 0.55149126 0.49799830
v -0.23639992 0.69850886 0.49799818
v -0.19954428 0.73890001 0.49799818
v -0.19850877 0.73640001 0.49799818
v -0.05045560 0.73890001 0.49799818
v -0.04999998 0.74000001 0.49999815
v -0.00999996 0.70000005 0.49999827
v -0.00999990 0.55000007 0.49999827
v -0.01109996 0.69954443 0.49799818
v -0.05149111 0.73640001 0.49799818
v -0.01359996 0.69850886 0.49799818
v -0.01109990 0.55045569 0.49799830
v -0.01359990 0.55149126 0.49799830
v -0.05045554 0.51110005 0.49799818
v -0.04999992 0.51000005 0.49999815
v -0.19999990 0.51000005 0.49999815
v -0.19954428 0.51109999 0.49799818
v -0.19850877 0.51359999 0.49799818
v -0.05149111 0.51359999 0.49799818
v -0.05252662 0.51610005 0.49899811
v -0.01609990 0.55252677 0.49899822
v -0.01609996 0.69747329 0.49899822
v -0.05252668 0.73390007 0.49899822
v -0.19747320 0.51610005 0.49899811
v -0.23389992 0.55252677 0.49899822
v -0.23389992 0.69747329 0.49899822
v -0.19747320 0.73389995 0.49899822
v -0.23999998 0.30000001 0.49999839
v -0.19999990 0.49000004 0.49999815
v -0.04999992 0.49000007 0.49999815
v -0.19954428 0.48890004 0.49799818
v -0.23999998 0.45000005 0.49999827
v -0.23889998 0.44954437 0.49799818
v -0.23889998 0.30045563 0.49799830
v -0.23639998 0.30149117 0.49799818
v -0.23639998 0.44850886 0.49799818
v -0.23389998 0.30252671 0.49899834
v -0.23389998 0.44747335 0.49899822
v -0.19850883 0.48640007 0.49799818
v -0.19747326 0.48390004 0.49899822
v -0.05045554 0.48890004 0.49799818
v -0.05149117 0.48640007 0.49799818
v -0.01109996 0.44954437 0.49799818
v -0.01359996 0.44850886 0.49799818
v -0.05252668 0.48390007 0.49899822
v -0.19747326 0.26610002 0.49899822
v -0.01609996 0.44747335 0.49899822
v -0.01609996 0.30252671 0.49899834
v -0.01359996 0.30149117 0.49799818
v -0.05252662 0.26610002 0.49899822
v -0.05149111 0.26360002 0.49799830
v -0.05045554 0.26110002 0.49799830
v -0.19954434 0.26110002 0.49799830
v -0.19850883 0.26360002 0.49799830
v -0.19999996 0.26000002 0.49999827
v -0.01109996 0.30045563 0.49799818
v -0.00999996 0.30000001 0.49999827
v 0.01000008 0.55000007 0.49999827
v 0.05000007 0.74000001 0.49999815
v 0.20000011 0.74000001 0.49999815
v 0.05045569 0.73890001 0.49799818
v 0.01000008 0.70000005 0.49999827
v 0.01110008 0.69954443 0.49799818
v 0.01110008 0.55045569 0.49799830
v 0.01360008 0.55149126 0.49799830
v 0.01360008 0.69850886 0.49799818
v 0.01610008 0.55252677 0.49899822
v 0.01610008 0.69747329 0.49899822
v 0.05149123 0.73640001 0.49799818
v 0.05252677 0.73390001 0.49899822
v 0.19954449 0.73890001 0.49799818
v 0.19850895 0.73640001 0.49799818
v 0.23890010 0.69954443 0.49799818
v 0.23640010 0.69850886 0.49799818
v 0.19747341 0.73390007 0.49899822
v 0.05252677 0.51610005 0.49899811
v 0.23390010 0.69747335 0.49899822
v 0.23390010 0.55252671 0.49899822
v 0.23640010 0.55149120 0.49799830
v 0.19747338 0.51610005 0.49899811
v 0.19850892 0.51359999 0.49799818
v 0.19954446 0.51110005 0.49799818
v 0.05045572 0.51110005 0.49799818
v 0.05149123 0.51359999 0.49799818
v 0.05000007 0.51000005 0.49999815
v 0.23890010 0.55045569 0.49799830
v 0.24000010 0.55000007 0.49999827
v -0.74999988 0.24999997 0.00000006
v -0.74999988 0.24999997 0.00000006
v -0.74999988 0.49999994 0.00000006
v -0.74999988 0.49999994 0.00000006
v -0.75000000 0.25000000 0.49999827
v -0.75000000 0.25000000 0.49999827
v -0.75000000 0.25000000 0.49999827
v -0.49999991 0.49999997 0.00000006
v -0.49999991 0.24999997 0.00000006
v -0.49999991 0.25000000 0.49999827
v -0.49999991 0.25000000 0.49999827
v -0.54999995 0.26000002 0.49999827
v -0.50999999 0.45000005 0.49999827
v -0.49999991 0.50000006 0.49999815
v -0.48999992 0.30000001 0.49999827
v -0.24999988 0.25000000 0.49999827
v -0.24999988 0.25000000 0.49999827
v -0.24999988 0.25000000 0.49999827
v -0.29999989 0.25999999 0.49999827
v -0.44999993 0.25999999 0.49999827
v -0.44954428 0.26109999 0.49799830
v -0.30045554 0.26109999 0.49799818
v -0.30149108 0.26360002 0.49799818
v -0.26359993 0.30149117 0.49799818
v -0.26109993 0.30045563 0.49799818
v -0.26109990 0.44954437 0.49799818
v -0.26359990 0.44850883 0.49799818
v -0.25999993 0.30000001 0.49999827
v -0.25999990 0.45000005 0.49999827
v -0.24999991 0.50000006 0.49999815
v -0.29999989 0.49000007 0.49999815
v -0.30045554 0.48890004 0.49799818
v -0.44954428 0.48890004 0.49799818
v -0.30149108 0.48640004 0.49799818
v -0.44850877 0.48640007 0.49799818
v -0.48639992 0.44850886 0.49799818
v -0.44747323 0.48390007 0.49899822
v -0.48389992 0.44747335 0.49899822
v -0.30252662 0.48390004 0.49899822
v -0.44747320 0.26610002 0.49899822
v -0.48389992 0.30252671 0.49899834
v -0.48639992 0.30149117 0.49799818
v -0.44850874 0.26360002 0.49799818
v -0.48889992 0.30045563 0.49799818
v -0.48889992 0.44954437 0.49799818
v -0.48999992 0.45000005 0.49999827
v -0.44999993 0.49000004 0.49999815
v -0.30252662 0.26610002 0.49899822
v -0.26609993 0.30252671 0.49899834
v -0.26609990 0.44747335 0.49899822
v -0.29999989 0.51000005 0.49999815
v -0.25999990 0.70000005 0.49999827
v -0.24999994 0.49999994 0.00000006
v -0.24999994 0.49999994 0.00000006
v -0.24999994 0.24999997 0.00000006
v -0.24999994 0.24999997 0.00000006
v -0.24999994 0.75000000 -0.00000006
v -0.24999994 0.75000000 -0.00000006
v -0.24999994 0.75000000 -0.00000006
v -0.49999994 0.75000006 0.49999815
v -0.49999994 0.74999994 -0.00000006
v -0.49999994 0.74999994 -0.00000006
v -0.74999988 0.75000000 -0.00000006
v -0.74999988 0.75000000 -0.00000006
v -0.74999988 0.75000000 -0.00000006
v -0.74999988 0.75000000 0.49999815
v -0.74999988 0.75000000 0.49999815
v -0.74999988 0.50000006 0.49999815
v -0.74999988 0.50000006 0.49999815
v -0.69999993 0.74000001 0.49999815
v -0.73999989 0.55000007 0.49999827
v -0.73999989 0.70000005 0.49999827
v -0.73889995 0.55045569 0.49799830
v -0.73889995 0.69954443 0.49799818
v -0.73639989 0.55149126 0.49799830
v -0.73639989 0.69850886 0.49799818
v -0.69954431 0.73890001 0.49799818
v -0.69850874 0.73640001 0.49799818
v -0.55045557 0.73890001 0.49799818
v -0.54999995 0.74000001 0.49999815
v -0.50999999 0.70000005 0.49999827
v -0.50999987 0.55000007 0.49999827
v -0.51109993 0.69954443 0.49799818
v -0.55149114 0.73640001 0.49799818
v -0.51359999 0.69850886 0.49799818
v -0.51109993 0.55045569 0.49799830
v -0.51359987 0.55149126 0.49799830
v -0.55045557 0.51110005 0.49799818
v -0.54999995 0.51000005 0.49999815
v -0.69999993 0.51000005 0.49999815
v -0.69954431 0.51109999 0.49799818
v -0.69850874 0.51359999 0.49799818
v -0.55149114 0.51359999 0.49799818
v -0.55252659 0.51610005 0.49899811
v -0.51609993 0.55252677 0.49899822
v -0.51609993 0.69747329 0.49899822
v -0.55252671 0.73390007 0.49899822
v -0.69747317 0.51610005 0.49899811
v -0.73389995 0.55252677 0.49899822
v -0.73389995 0.69747329 0.49899822
v -0.69747317 0.73389995 0.49899822
v -0.74000001 0.30000001 0.49999839
v -0.69999993 0.49000004 0.49999815
v -0.54999995 0.49000007 0.49999815
v -0.69954431 0.48890004 0.49799818
v -0.74000001 0.45000005 0.49999827
v -0.73889995 0.44954437 0.49799818
v -0.73889995 0.30045563 0.49799830
v -0.73640001 0.30149117 0.49799818
v -0.73640001 0.44850886 0.49799818
v -0.73389995 0.30252671 0.49899834
v -0.73389995 0.44747335 0.49899822
v -0.69850886 0.48640007 0.49799818
v -0.69747329 0.48390004 0.49899822
v -0.55045557 0.48890004 0.49799818
v -0.55149114 0.48640007 0.49799818
v -0.51109993 0.44954437 0.49799818
v -0.51359999 0.44850886 0.49799818
v -0.55252671 0.48390007 0.49899822
v -0.69747329 0.26610002 0.49899822
v -0.51609993 0.44747335 0.49899822
v -0.51609993 0.30252671 0.49899834
v -0.51359999 0.30149117 0.49799818
v -0.55252659 0.26610002 0.49899822
v -0.55149114 0.26360002 0.49799830
v -0.55045557 0.26110002 0.49799830
v -0.69954431 0.26110002 0.49799830
v -0.69850886 0.26360002 0.49799830
v -0.69999993 0.26000002 0.49999827
v -0.51109993 0.30045563 0.49799818
v -0.50999999 0.30000001 0.49999827
v -0.48999992 0.55000007 0.49999827
v -0.44999993 0.74000001 0.49999815
v -0.29999989 0.74000001 0.49999815
v -0.44954431 0.73890001 0.49799818
v -0.48999992 0.70000005 0.49999827
v -0.48889992 0.69954443 0.49799818
v -0.48889992 0.55045569 0.49799830
v -0.48639992 0.55149126 0.49799830
v -0.48639992 0.69850886 0.49799818
v -0.48389992 0.55252677 0.49899822
v -0.48389992 0.69747329 0.49899822
v -0.44850877 0.73640001 0.49799818
v -0.44747323 0.73390001 0.49899822
v -0.30045551 0.73890001 0.49799818
v -0.30149105 0.73640001 0.49799818
v -0.26109990 0.69954443 0.49799818
v -0.26359990 0.69850886 0.49799818
v -0.30252659 0.73390007 0.49899822
v -0.44747323 0.51610005 0.49899811
v -0.26609990 0.69747335 0.49899822
v -0.26609990 0.55252671 0.49899822
v -0.26359990 0.55149120 0.49799830
v -0.30252662 0.51610005 0.49899811
v -0.30149108 0.51359999 0.49799818
v -0.30045554 0.51110005 0.49799818
v -0.44954428 0.51110005 0.49799818
v -0.44850877 0.51359999 0.49799818
v -0.44999993 0.51000005 0.49999815
v -0.26109990 0.55045569 0.49799830
v -0.25999990 0.55000007 0.49999827
v 0.25000009 0.24999997 0.00000006
v 0.25000009 0.24999997 0.00000006
v 0.25000015 0.49999994 0.00000006
v 0.25000015 0.49999994 0.00000006
v 0.25000003 0.25000000 0.49999827
v 0.25000003 0.25000000 0.49999827
v 0.25000003 0.25000000 0.49999827
v 0.50000012 0.49999997 0.00000006
v 0.50000012 0.24999997 0.00000006
v 0.50000012 0.25000000 0.49999827
v 0.50000012 0.25000000 0.49999827
v 0.45000008 0.26000002 0.49999827
v 0.49000004 0.45000005 0.49999827
v 0.50000012 0.50000006 0.49999815
v 0.51000011 0.30000001 0.49999827
v 0.75000012 0.25000000 0.49999827
v 0.75000012 0.25000000 0.49999827
v 0.75000012 0.25000000 0.49999827
v 0.70000011 0.25999999 0.49999827
v 0.55000007 0.25999999 0.49999827
v 0.55045569 0.26109999 0.49799830
v 0.69954443 0.26109999 0.49799818
v 0.69850892 0.26360002 0.49799818
v 0.73640007 0.30149117 0.49799818
v 0.73890007 0.30045563 0.49799818
v 0.73890007 0.44954437 0.49799818
v 0.73640013 0.44850883 0.49799818
v 0.74000007 0.30000001 0.49999827
v 0.74000013 0.45000005 0.49999827
v 0.75000012 0.50000006 0.49999815
v 0.75000012 0.50000006 0.49999815
v 0.70000011 0.49000007 0.49999815
v 0.69954443 0.48890004 0.49799818
v 0.55045569 0.48890004 0.49799818
v 0.69850892 0.48640004 0.49799818
v 0.55149126 0.48640007 0.49799818
v 0.51360011 0.44850886 0.49799818
v 0.55252677 0.48390007 0.49899822
v 0.51610005 0.44747335 0.49899822
v 0.69747341 0.48390004 0.49899822
v 0.55252683 0.26610002 0.49899822
v 0.51610005 0.30252671 0.49899834
v 0.51360011 0.30149117 0.49799818
v 0.55149126 0.26360002 0.49799818
v 0.51110005 0.30045563 0.49799818
v 0.51110005 0.44954437 0.49799818
v 0.51000011 0.45000005 0.49999827
v 0.55000007 0.49000004 0.49999815
v 0.69747341 0.26610002 0.49899822
v 0.73390007 0.30252671 0.49899834
v 0.73390007 0.44747335 0.49899822
v 0.70000011 0.51000005 0.49999815
v 0.74000013 0.70000005 0.49999827
v 0.75000012 0.75000000 0.49999815
v 0.75000012 0.75000000 0.49999815
v 0.75000006 0.49999994 0.00000006
v 0.75000006 0.49999994 0.00000006
v 0.75000006 0.24999997 0.00000006
v 0.75000006 0.24999997 0.00000006
v 0.75000006 0.75000000 -0.00000006
v 0.75000006 0.75000000 -0.00000006
v 0.75000006 0.75000000 -0.00000006
v 0.50000006 0.75000006 0.49999815
v 0.50000006 0.74999994 -0.00000006
v 0.50000006 0.74999994 -0.00000006
v 0.25000015 0.75000000 -0.00000006
v 0.25000015 0.75000000 -0.00000006
v 0.25000015 0.75000000 -0.00000006
v 0.25000009 0.50000006 0.49999815
v 0.30000010 0.74000001 0.49999815
v 0.26000008 0.55000007 0.49999827
v 0.26000008 0.70000005 0.49999827
v 0.26110008 0.55045569 0.49799830
v 0.26110008 0.69954443 0.49799818
v 0.26360008 0.55149126 0.49799830
v 0.26360008 0.69850886 0.49799818
v 0.30045572 0.73890001 0.49799818
v 0.30149123 0.73640001 0.49799818
v 0.44954440 0.73890001 0.49799818
v 0.45000002 0.74000001 0.49999815
v 0.49000004 0.70000005 0.49999827
v 0.49000010 0.55000007 0.49999827
v 0.48890004 0.69954443 0.49799818
v 0.44850889 0.73640001 0.49799818
v 0.48640004 0.69850886 0.49799818
v 0.48890010 0.55045569 0.49799830
v 0.48640010 0.55149126 0.49799830
v 0.44954446 0.51110005 0.49799818
v 0.45000008 0.51000005 0.49999815
v 0.30000010 0.51000005 0.49999815
v 0.30045572 0.51109999 0.49799818
v 0.30149123 0.51359999 0.49799818
v 0.44850889 0.51359999 0.49799818
v 0.44747338 0.51610005 0.49899811
v 0.48390010 0.55252677 0.49899822
v 0.48390004 0.69747329 0.49899822
v 0.44747332 0.73390007 0.49899822
v 0.30252680 0.51610005 0.49899811
v 0.26610008 0.55252677 0.49899822
v 0.26610008 0.69747329 0.49899822
v 0.30252680 0.73389995 0.49899822
v 0.26000002 0.30000001 0.49999839
v 0.30000010 0.49000004 0.49999815
v 0.45000008 0.49000007 0.49999815
v 0.30045572 0.48890004 0.49799818
v 0.26000002 0.45000005 0.49999827
v 0.26110002 0.44954437 0.49799818
v 0.26110002 0.30045563 0.49799830
v 0.26360002 0.30149117 0.49799818
v 0.26360002 0.44850886 0.49799818
v 0.26610002 0.30252671 0.49899834
v 0.26610002 0.44747335 0.49899822
v 0.30149117 0.48640007 0.49799818
v 0.30252674 0.48390004 0.49899822
v 0.44954446 0.48890004 0.49799818
v 0.44850883 0.48640007 0.49799818
v 0.48890004 0.44954437 0.49799818
v 0.48640004 0.44850886 0.49799818
v 0.44747332 0.48390007 0.49899822
v 0.30252674 0.26610002 0.49899822
v 0.48390004 0.44747335 0.49899822
v 0.48390004 0.30252671 0.49899834
v 0.48640004 0.30149117 0.49799818
v 0.44747338 0.26610002 0.49899822
v 0.44850889 0.26360002 0.49799830
v 0.44954446 0.26110002 0.49799830
v 0.30045566 0.26110002 0.49799830
v 0.30149117 0.26360002 0.49799830
v 0.30000004 0.26000002 0.49999827
v 0.48890004 0.30045563 0.49799818
v 0.49000004 0.30000001 0.49999827
v 0.51000011 0.55000007 0.49999827
v 0.55000007 0.74000001 0.49999815
v 0.70000011 0.74000001 0.49999815
v 0.55045569 0.73890001 0.49799818
v 0.51000011 0.70000005 0.49999827
v 0.51110005 0.69954443 0.49799818
v 0.51110005 0.55045569 0.49799830
v 0.51360011 0.55149126 0.49799830
v 0.51360011 0.69850886 0.49799818
v 0.51610005 0.55252677 0.49899822
v 0.51610005 0.69747329 0.49899822
v 0.55149126 0.73640001 0.49799818
v 0.55252677 0.73390001 0.49899822
v 0.69954449 0.73890001 0.49799818
v 0.69850898 0.73640001 0.49799818
v 0.73890007 0.69954443 0.49799818
v 0.73640013 0.69850886 0.49799818
v 0.69747341 0.73390007 0.49899822
v 0.55252677 0.51610005 0.49899811
v 0.73390007 0.69747335 0.49899822
v 0.73390007 0.55252671 0.49899822
v 0.73640013 0.55149120 0.49799830
v 0.69747341 0.51610005 0.49899811
v 0.69850892 0.51359999 0.49799818
v 0.69954443 0.51110005 0.49799818
v 0.55045569 0.51110005 0.49799818
v 0.55149126 0.51359999 0.49799818
v 0.55000007 0.51000005 0.49999815
v 0.73890007 0.55045569 0.49799830
v 0.74000013 0.55000007 0.49999827
v -0.74999988 -0.75000000 0.00000006
v -0.74999988 -0.75000000 0.00000006
v -0.74999988 -0.50000006 0.00000006
v -0.74999988 -0.50000006 0.00000006
v -0.75000000 -0.75000000 0.49999827
v -0.75000000 -0.75000000 0.49999827
v -0.75000000 -0.75000000 0.49999827
v -0.49999991 -0.50000000 0.00000006
v -0.49999991 -0.75000000 0.00000006
v -0.49999991 -0.75000000 0.49999827
v -0.49999991 -0.75000000 0.49999827
v -0.54999995 -0.74000001 0.49999827
v -0.50999999 -0.54999995 0.49999827
v -0.49999991 -0.49999994 0.49999815
v -0.48999992 -0.69999999 0.49999827
v -0.24999988 -0.75000000 0.49999827
v -0.24999988 -0.75000000 0.49999827
v -0.24999988 -0.75000000 0.49999827
v -0.29999989 -0.74000001 0.49999827
v -0.44999993 -0.74000001 0.49999827
v -0.44954428 -0.73890001 0.49799830
v -0.30045554 -0.73890001 0.49799818
v -0.30149108 -0.73640001 0.49799818
v -0.26359993 -0.69850886 0.49799818
v -0.26109993 -0.69954437 0.49799818
v -0.26109990 -0.55045563 0.49799818
v -0.26359990 -0.55149114 0.49799818
v -0.25999993 -0.69999999 0.49999827
v -0.25999990 -0.54999995 0.49999827
v -0.24999991 -0.49999994 0.49999815
v -0.24999991 -0.49999994 0.49999815
v -0.29999989 -0.50999993 0.49999815
v -0.30045554 -0.51109993 0.49799818
v -0.44954428 -0.51109993 0.49799818
v -0.30149108 -0.51359999 0.49799818
v -0.44850877 -0.51359993 0.49799818
v -0.48639992 -0.55149114 0.49799818
v -0.44747323 -0.51609993 0.49899822
v -0.48389992 -0.55252665 0.49899822
v -0.30252662 -0.51609993 0.49899822
v -0.44747320 -0.73389995 0.49899822
v -0.48389992 -0.69747329 0.49899834
v -0.48639992 -0.69850886 0.49799818
v -0.44850874 -0.73640001 0.49799818
v -0.48889992 -0.69954437 0.49799818
v -0.48889992 -0.55045563 0.49799818
v -0.48999992 -0.54999995 0.49999827
v -0.44999993 -0.50999999 0.49999815
v -0.30252662 -0.73389995 0.49899822
v -0.26609993 -0.69747329 0.49899834
v -0.26609990 -0.55252665 0.49899822
v -0.29999989 -0.48999995 0.49999815
v -0.25999990 -0.29999995 0.49999827
v -0.24999991 -0.25000000 0.49999815
v -0.24999991 -0.25000000 0.49999815
v -0.24999994 -0.50000006 0.00000006
v -0.24999994 -0.50000006 0.00000006
v -0.24999994 -0.75000000 0.00000006
v -0.24999994 -0.75000000 0.00000006
v -0.24999994 -0.25000000 -0.00000006
v -0.24999994 -0.25000000 -0.00000006
v -0.24999994 -0.25000000 -0.00000006
v -0.49999994 -0.24999994 0.49999815
v -0.49999994 -0.25000006 -0.00000006
v -0.49999994 -0.25000006 -0.00000006
v -0.74999988 -0.25000000 -0.00000006
v -0.74999988 -0.25000000 -0.00000006
v -0.74999988 -0.25000000 -0.00000006
v -0.74999988 -0.25000000 0.49999815
v -0.74999988 -0.25000000 0.49999815
v -0.74999988 -0.49999994 0.49999815
v -0.74999988 -0.49999994 0.49999815
v -0.69999993 -0.25999999 0.49999815
v -0.73999989 -0.44999993 0.49999827
v -0.73999989 -0.29999998 0.49999827
v -0.73889995 -0.44954431 0.49799830
v -0.73889995 -0.30045560 0.49799818
v -0.73639989 -0.44850877 0.49799830
v -0.73639989 -0.30149114 0.49799818
v -0.69954431 -0.26109999 0.49799818
v -0.69850874 -0.26360002 0.49799818
v -0.55045557 -0.26109999 0.49799818
v -0.54999995 -0.25999999 0.49999815
v -0.50999999 -0.29999998 0.49999827
v -0.50999987 -0.44999996 0.49999827
v -0.51109993 -0.30045560 0.49799818
v -0.55149114 -0.26359996 0.49799818
v -0.51359999 -0.30149114 0.49799818
v -0.51109993 -0.44954431 0.49799830
v -0.51359987 -0.44850877 0.49799830
v -0.55045557 -0.48889998 0.49799818
v -0.54999995 -0.48999995 0.49999815
v -0.69999993 -0.48999995 0.49999815
v -0.69954431 -0.48890001 0.49799818
v -0.69850874 -0.48640001 0.49799818
v -0.55149114 -0.48639998 0.49799818
v -0.55252659 -0.48389998 0.49899811
v -0.51609993 -0.44747323 0.49899822
v -0.51609993 -0.30252668 0.49899822
v -0.55252671 -0.26609996 0.49899822
v -0.69747317 -0.48389998 0.49899811
v -0.73389995 -0.44747323 0.49899822
v -0.73389995 -0.30252668 0.49899822
v -0.69747317 -0.26610002 0.49899822
v -0.74000001 -0.69999999 0.49999839
v -0.69999993 -0.50999999 0.49999815
v -0.54999995 -0.50999993 0.49999815
v -0.69954431 -0.51109993 0.49799818
v -0.74000001 -0.54999995 0.49999827
v -0.73889995 -0.55045563 0.49799818
v -0.73889995 -0.69954437 0.49799830
v -0.73640001 -0.69850886 0.49799818
v -0.73640001 -0.55149114 0.49799818
v -0.73389995 -0.69747329 0.49899834
v -0.73389995 -0.55252665 0.49899822
v -0.69850886 -0.51359993 0.49799818
v -0.69747329 -0.51609993 0.49899822
v -0.55045557 -0.51109993 0.49799818
v -0.55149114 -0.51359993 0.49799818
v -0.51109993 -0.55045563 0.49799818
v -0.51359999 -0.55149114 0.49799818
v -0.55252671 -0.51609993 0.49899822
v -0.69747329 -0.73389995 0.49899822
v -0.51609993 -0.55252665 0.49899822
v -0.51609993 -0.69747329 0.49899834
v -0.51359999 -0.69850886 0.49799818
v -0.55252659 -0.73389995 0.49899822
v -0.55149114 -0.73640001 0.49799830
v -0.55045557 -0.73889995 0.49799830
v -0.69954431 -0.73889995 0.49799830
v -0.69850886 -0.73640001 0.49799830
v -0.69999993 -0.74000001 0.49999827
v -0.51109993 -0.69954437 0.49799818
v -0.50999999 -0.69999999 0.49999827
v -0.48999992 -0.44999993 0.49999827
v -0.44999993 -0.25999999 0.49999815
v -0.29999989 -0.25999999 0.49999815
v -0.44954431 -0.26109999 0.49799818
v -0.48999992 -0.29999998 0.49999827
v -0.48889992 -0.30045560 0.49799818
v -0.48889992 -0.44954431 0.49799830
v -0.48639992 -0.44850877 0.49799830
v -0.48639992 -0.30149114 0.49799818
v -0.48389992 -0.44747323 0.49899822
v -0.48389992 -0.30252668 0.49899822
v -0.44850877 -0.26359999 0.49799818
v -0.44747323 -0.26609999 0.49899822
v -0.30045551 -0.26109999 0.49799818
v -0.30149105 -0.26359996 0.49799818
v -0.26109990 -0.30045560 0.49799818
v -0.26359990 -0.30149111 0.49799818
v -0.30252659 -0.26609996 0.49899822
v -0.44747323 -0.48389998 0.49899811
v -0.26609990 -0.30252665 0.49899822
v -0.26609990 -0.44747326 0.49899822
v -0.26359990 -0.44850880 0.49799830
v -0.30252662 -0.48389998 0.49899811
v -0.30149108 -0.48639998 0.49799818
v -0.30045554 -0.48889998 0.49799818
v -0.44954428 -0.48889998 0.49799818
v -0.44850877 -0.48639998 0.49799818
v -0.44999993 -0.48999995 0.49999815
v -0.26109990 -0.44954434 0.49799830
v -0.25999990 -0.44999993 0.49999827
v 0.25000009 -0.75000000 0.00000006
v 0.25000009 -0.75000000 0.00000006
v 0.25000015 -0.50000006 0.00000006
v 0.25000015 -0.50000006 0.00000006
v 0.25000003 -0.75000000 0.49999827
v 0.25000003 -0.75000000 0.49999827
v 0.25000003 -0.75000000 0.49999827
v 0.50000012 -0.50000000 0.00000006
v 0.50000012 -0.75000000 0.00000006
v 0.50000012 -0.75000000 0.49999827
v 0.50000012 -0.75000000 0.49999827
v 0.45000008 -0.74000001 0.49999827
v 0.49000004 -0.54999995 0.49999827
v 0.50000012 -0.49999994 0.49999815
v 0.51000011 -0.69999999 0.49999827
v 0.75000012 -0.75000000 0.49999827
v 0.75000012 -0.75000000 0.49999827
v 0.75000012 -0.75000000 0.49999827
v 0.70000011 -0.74000001 0.49999827
v 0.55000007 -0.74000001 0.49999827
v 0.55045569 -0.73890001 0.49799830
v 0.69954443 -0.73890001 0.49799818
v 0.69850892 -0.73640001 0.49799818
v 0.73640007 -0.69850886 0.49799818
v 0.73890007 -0.69954437 0.49799818
v 0.73890007 -0.55045563 0.49799818
v 0.73640013 -0.55149114 0.49799818
v 0.74000007 -0.69999999 0.49999827
v 0.74000013 -0.54999995 0.49999827
v 0.75000012 -0.49999994 0.49999815
v 0.75000012 -0.49999994 0.49999815
v 0.70000011 -0.50999993 0.49999815
v 0.69954443 -0.51109993 0.49799818
v 0.55045569 -0.51109993 0.49799818
v 0.69850892 -0.51359999 0.49799818
v 0.55149126 -0.51359993 0.49799818
v 0.51360011 -0.55149114 0.49799818
v 0.55252677 -0.51609993 0.49899822
v 0.51610005 -0.55252665 0.49899822
v 0.69747341 -0.51609993 0.49899822
v 0.55252683 -0.73389995 0.49899822
v 0.51610005 -0.69747329 0.49899834
v 0.51360011 -0.69850886 0.49799818
v 0.55149126 -0.73640001 0.49799818
v 0.51110005 -0.69954437 0.49799818
v 0.51110005 -0.55045563 0.49799818
v 0.51000011 -0.54999995 0.49999827
v 0.55000007 -0.50999999 0.49999815
v 0.69747341 -0.73389995 0.49899822
v 0.73390007 -0.69747329 0.49899834
v 0.73390007 -0.55252665 0.49899822
v 0.70000011 -0.48999995 0.49999815
v 0.74000013 -0.29999995 0.49999827
v 0.75000012 -0.25000000 0.49999815
v 0.75000012 -0.25000000 0.49999815
v 0.75000006 -0.50000006 0.00000006
v 0.75000006 -0.50000006 0.00000006
v 0.75000006 -0.75000000 0.00000006
v 0.75000006 -0.75000000 0.00000006
v 0.75000006 -0.25000000 -0.00000006
v 0.75000006 -0.25000000 -0.00000006
v 0.75000006 -0.25000000 -0.00000006
v 0.50000006 -0.24999994 0.49999815
v 0.50000006 -0.25000006 -0.00000006
v 0.50000006 -0.25000006 -0.00000006
v 0.25000015 -0.25000000 -0.00000006
v 0.25000015 -0.25000000 -0.00000006
v 0.25000015 -0.25000000 -0.00000006
v 0.25000009 -0.25000000 0.49999815
v 0.25000009 -0.25000000 0.49999815
v 0.25000009 -0.49999994 0.49999815
v 0.25000009 -0.49999994 0.49999815
v 0.30000010 -0.25999999 0.49999815
v 0.26000008 -0.44999993 0.49999827
v 0.26000008 -0.29999998 0.49999827
v 0.26110008 -0.44954431 0.49799830
v 0.26110008 -0.30045560 0.49799818
v 0.26360008 -0.44850877 0.49799830
v 0.26360008 -0.30149114 0.49799818
v 0.30045572 -0.26109999 0.49799818
v 0.30149123 -0.26360002 0.49799818
v 0.44954440 -0.26109999 0.49799818
v 0.45000002 -0.25999999 0.49999815
v 0.49000004 -0.29999998 0.49999827
v 0.49000010 -0.44999996 0.49999827
v 0.48890004 -0.30045560 0.49799818
v 0.44850889 -0.26359996 0.49799818
v 0.48640004 -0.30149114 0.49799818
v 0.48890010 -0.44954431 0.49799830
v 0.48640010 -0.44850877 0.49799830
v 0.44954446 -0.48889998 0.49799818
v 0.45000008 -0.48999995 0.49999815
v 0.30000010 -0.48999995 0.49999815
v 0.30045572 -0.48890001 0.49799818
v 0.30149123 -0.48640001 0.49799818
v 0.44850889 -0.48639998 0.49799818
v 0.44747338 -0.48389998 0.49899811
v 0.48390010 -0.44747323 0.49899822
v 0.48390004 -0.30252668 0.49899822
v 0.44747332 -0.26609996 0.49899822
v 0.30252680 -0.48389998 0.49899811
v 0.26610008 -0.44747323 0.49899822
v 0.26610008 -0.30252668 0.49899822
v 0.30252680 -0.26610002 0.49899822
v 0.26000002 -0.69999999 0.49999839
v 0.30000010 -0.50999999 0.49999815
v 0.45000008 -0.50999993 0.49999815
v 0.30045572 -0.51109993 0.49799818
v 0.26000002 -0.54999995 0.49999827
v 0.26110002 -0.55045563 0.49799818
v 0.26110002 -0.69954437 0.49799830
v 0.26360002 -0.69850886 0.49799818
v 0.26360002 -0.55149114 0.49799818
v 0.26610002 -0.69747329 0.49899834
v 0.26610002 -0.55252665 0.49899822
v 0.30149117 -0.51359993 0.49799818
v 0.30252674 -0.51609993 0.49899822
v 0.44954446 -0.51109993 0.49799818
v 0.44850883 -0.51359993 0.49799818
v 0.48890004 -0.55045563 0.49799818
v 0.48640004 -0.55149114 0.49799818
v 0.44747332 -0.51609993 0.49899822
v 0.30252674 -0.73389995 0.49899822
v 0.48390004 -0.55252665 0.49899822
v 0.48390004 -0.69747329 0.49899834
v 0.48640004 -0.69850886 0.49799818
v 0.44747338 -0.73389995 0.49899822
v 0.44850889 -0.73640001 0.49799830
v 0.44954446 -0.73889995 0.49799830
v 0.30045566 -0.73889995 0.49799830
v 0.30149117 -0.73640001 0.49799830
v 0.30000004 -0.74000001 0.49999827
v 0.48890004 -0.69954437 0.49799818
v 0.49000004 -0.69999999 0.49999827
v 0.51000011 -0.44999993 0.49999827
v 0.55000007 -0.25999999 0.49999815
v 0.70000011 -0.25999999 0.49999815
v 0.55045569 -0.26109999 0.49799818
v 0.51000011 -0.29999998 0.49999827
v 0.51110005 -0.30045560 0.49799818
v 0.51110005 -0.44954431 0.49799830
v 0.51360011 -0.44850877 0.49799830
v 0.51360011 -0.30149114 0.49799818
v 0.51610005 -0.44747323 0.49899822
v 0.51610005 -0.30252668 0.49899822
v 0.55149126 -0.26359999 0.49799818
v 0.55252677 -0.26609999 0.49899822
v 0.69954449 -0.26109999 0.49799818
v 0.69850898 -0.26359996 0.49799818
v 0.73890007 -0.30045560 0.49799818
v 0.73640013 -0.30149111 0.49799818
v 0.69747341 -0.26609996 0.49899822
v 0.55252677 -0.48389998 0.49899811
v 0.73390007 -0.30252665 0.49899822
v 0.73390007 -0.44747326 0.49899822
v 0.73640013 -0.44850880 0.49799830
v 0.69747341 -0.48389998 0.49899811
v 0.69850892 -0.48639998 0.49799818
v 0.69954443 -0.48889998 0.49799818
v 0.55045569 -0.48889998 0.49799818
v 0.55149126 -0.48639998 0.49799818
v 0.55000007 -0.48999995 0.49999815
v 0.73890007 -0.44954434 0.49799830
v 0.74000013 -0.44999993 0.49999827
v 0.23608403 -0.77499962 1.99999785
v 0.23608403 -0.77499962 1.99999785
v 0.23608401 -0.77499986 0.99999797
v 0.23608401 -0.77499986 0.99999797
v 0.24146716 -0.77408457 0.99999797
v 0.24146716 -0.77408457 0.99999797
v 0.24146718 -0.77408433 1.99999785
v 0.24146718 -0.77408433 1.99999785
v -0.00000005 -0.77499956 1.99999785
v -0.00000005 -0.77499956 1.99999785
v -0.00000005 -0.74999958 1.99999785
v -0.00000005 -0.74999958 1.99999785
v 0.24599966 -0.77133840 1.99999785
v 0.24599966 -0.77133840 1.99999785
v 0.24599966 -0.77133840 1.99999785
v 0.21966577 -0.77499962 1.92248774
v 0.21966577 -0.77499962 1.92248774
v 0.21600462 -0.77499962 1.94168186
v 0.21600462 -0.77499962 1.94168186
v 0.20502111 -0.77499962 1.95784307
v 0.20502111 -0.77499962 1.95784307
v 0.20502111 -0.77499962 1.95784307
v 0.18885997 -0.77499962 1.96882653
v 0.18885997 -0.77499962 1.96882653
v 0.16966578 -0.77499956 1.97248769
v 0.16966578 -0.77499956 1.97248769
v -0.00000005 -0.77499956 1.97248769
v -0.00000005 -0.77499956 1.97248769
v 0.16966578 -0.76249957 1.97248769
v -0.00000005 -0.76249957 1.97248769
v -0.23608412 -0.77499950 1.99999785
v -0.23608412 -0.77499950 1.99999785
v -0.16966587 -0.77499956 1.97248769
v -0.16966587 -0.77499956 1.97248769
v -0.16966587 -0.76249951 1.97248769
v -0.18886006 -0.76249951 1.96882653
v -0.18886006 -0.77499956 1.96882653
v -0.18886006 -0.77499956 1.96882653
v -0.16872068 -0.76249957 1.96248770
v -0.16872068 -0.75449955 1.96248770
v -0.18495202 -0.76249957 1.95939171
v -0.00000005 -0.76249957 1.96248770
v 0.16872057 -0.76249957 1.96248770
v 0.16872057 -0.75449961 1.96248770
v -0.00000005 -0.75449955 1.96248770
v -0.00000005 -0.74999958 1.97248769
v 0.16966578 -0.74999958 1.97248769
v -0.16966587 -0.74999952 1.97248769
v -0.18495202 -0.75449955 1.95939159
v -0.18886006 -0.74999952 1.96882653
v -0.23608412 -0.74999952 1.99999785
v -0.23608412 -0.74999952 1.99999785
v -0.24146727 -0.75091481 1.99999785
v -0.24146727 -0.75091481 1.99999785
v -0.23608413 -0.74999982 0.99999797
v -0.23608413 -0.74999982 0.99999797
v -0.21966588 -0.74999976 1.07248771
v -0.21966590 -0.74999952 1.92248762
v -0.21600471 -0.74999952 1.94168186
v -0.20502122 -0.74999952 1.95784307
v -0.19782268 -0.75449955 1.95064449
v -0.20656987 -0.75449955 1.93777382
v -0.20656987 -0.76249957 1.93777382
v -0.20966589 -0.76249957 1.92154253
v -0.20966589 -0.75449955 1.92154241
v -0.20966586 -0.76249981 1.07343292
v -0.20966586 -0.75449979 1.07343292
v -0.20656988 -0.76249981 1.05720162
v -0.20656988 -0.75449979 1.05720150
v -0.19782268 -0.76249981 1.04433095
v -0.19782268 -0.76249981 1.04433095
v -0.19782268 -0.75449979 1.04433084
v -0.21600473 -0.74999982 1.05329347
v -0.20502122 -0.74999982 1.03713238
v -0.18495202 -0.75449979 1.03558373
v -0.18886007 -0.74999982 1.02614880
v -0.16872068 -0.75449979 1.03248763
v -0.16966589 -0.74999982 1.02248764
v -0.00000005 -0.74999982 1.02248764
v -0.00000005 -0.75449985 1.03248763
v 0.16872057 -0.75449985 1.03248763
v 0.16966577 -0.74999988 1.02248764
v -0.00000005 -0.74999982 1.01402628
v 0.23608401 -0.74999988 0.99999797
v 0.23608401 -0.74999988 0.99999797
v 0.23608403 -0.74999958 1.99999785
v 0.23608403 -0.74999958 1.99999785
v 0.24146718 -0.75091487 1.99999785
v 0.24146718 -0.75091487 1.99999785
v 0.24146716 -0.75091517 0.99999797
v 0.24146716 -0.75091517 0.99999797
v -0.00000005 -0.74999982 0.99999797
v -0.00000005 -0.74999982 0.99999797
v -0.00000005 -0.77499986 0.99999797
v -0.00000005 -0.77499986 0.99999797
v 0.24599966 -0.75366104 0.99999797
v 0.24599966 -0.75366104 0.99999797
v 0.24599966 -0.75366104 0.99999797
v 0.18885995 -0.74999988 1.02614880
v 0.20502111 -0.74999988 1.03713238
v 0.21600461 -0.74999988 1.05329347
v 0.21966577 -0.74999988 1.07248771
v 0.21966577 -0.74999958 1.92248762
v 0.20966579 -0.75449985 1.07343292
v 0.20656976 -0.75449985 1.05720150
v 0.20656976 -0.76249987 1.05720162
v 0.19782257 -0.75449985 1.04433084
v 0.19782257 -0.76249987 1.04433095
v 0.19782257 -0.76249987 1.04433095
v 0.18495192 -0.76249987 1.03558373
v 0.20502111 -0.76249987 1.03713238
v 0.20502111 -0.76249987 1.03713238
v 0.18885995 -0.76249987 1.02614892
v 0.18885995 -0.77499986 1.02614892
v 0.18885995 -0.77499986 1.02614892
v 0.16966577 -0.77499986 1.02248776
v 0.16966577 -0.77499986 1.02248776
v 0.16966577 -0.76249987 1.02248776
v -0.00000005 -0.76249981 1.02248776
v -0.00000005 -0.77499986 1.02248776
v -0.00000005 -0.77499986 1.02248776
v 0.16872057 -0.76249987 1.03248775
v 0.18495192 -0.75449985 1.03558373
v -0.00000005 -0.76249981 1.03248775
v -0.16872068 -0.76249981 1.03248775
v -0.18495202 -0.76249981 1.03558373
v -0.16966589 -0.76249981 1.02248776
v -0.16966589 -0.77499980 1.02248776
v -0.16966589 -0.77499980 1.02248776
v -0.18886007 -0.76249981 1.02614892
v -0.18886007 -0.77499980 1.02614892
v -0.18886007 -0.77499980 1.02614892
v -0.20502122 -0.76249981 1.03713238
v -0.20502122 -0.76249981 1.03713238
v -0.20502122 -0.77499980 1.03713238
v -0.20502122 -0.77499980 1.03713238
v -0.20502122 -0.77499980 1.03713238
v -0.21600473 -0.76249981 1.05329347
v -0.21600473 -0.77499980 1.05329347
v -0.21600473 -0.77499980 1.05329347
v -0.21966588 -0.76249981 1.07248771
v -0.21966588 -0.77499980 1.07248771
v -0.21966588 -0.77499980 1.07248771
v -0.21966590 -0.76249957 1.92248774
v -0.21966590 -0.77499956 1.92248774
v -0.21966590 -0.77499956 1.92248774
v -0.21600471 -0.76249957 1.94168186
v -0.21600471 -0.77499956 1.94168186
v -0.21600471 -0.77499956 1.94168186
v -0.20502122 -0.76249951 1.95784307
v -0.20502122 -0.76249951 1.95784307
v -0.19782268 -0.76249957 1.95064449
v -0.19782268 -0.76249957 1.95064449
v -0.20502122 -0.77499956 1.95784307
v -0.20502122 -0.77499956 1.95784307
v -0.20502122 -0.77499956 1.95784307
v -0.23608413 -0.77499980 0.99999797
v -0.23608413 -0.77499980 0.99999797
v -0.24146728 -0.77408451 0.99999797
v -0.24146728 -0.77408451 0.99999797
v -0.00000005 -0.77499986 1.01402640
v -0.24146727 -0.77408421 1.99999785
v -0.24146727 -0.77408421 1.99999785
v -0.24599977 -0.77133864 0.99999797
v -0.24599977 -0.77133864 0.99999797
v -0.24599975 -0.77133834 1.99999785
v -0.24599975 -0.77133834 1.99999785
v -0.24599975 -0.77133834 1.99999785
v -0.24908015 -0.76729834 0.99999797
v -0.24908015 -0.76729834 0.99999797
v -0.25000009 -0.76249981 0.99999797
v -0.25000009 -0.76249981 0.99999797
v -0.24599977 -0.75366098 0.99999797
v -0.24599977 -0.75366098 0.99999797
v -0.24599977 -0.75366098 0.99999797
v -0.24146728 -0.75091511 0.99999797
v -0.24146728 -0.75091511 0.99999797
v -0.24599975 -0.75366068 1.99999785
v -0.24599975 -0.75366068 1.99999785
v -0.24908015 -0.75770098 1.99999785
v -0.24908015 -0.75770098 1.99999785
v -0.24908015 -0.75770128 0.99999797
v -0.24908015 -0.75770128 0.99999797
v -0.25000006 -0.76249951 1.99999785
v -0.25000006 -0.76249951 1.99999785
v -0.24908015 -0.76729804 1.99999785
v -0.24908015 -0.76729804 1.99999785
v 0.20502111 -0.77499986 1.03713238
v 0.20502111 -0.77499986 1.03713238
v 0.20502111 -0.77499986 1.03713238
v 0.21600461 -0.77499986 1.05329347
v 0.21600461 -0.77499986 1.05329347
v 0.21600461 -0.76249987 1.05329347
v 0.21966577 -0.76249987 1.07248771
v 0.20966579 -0.76249987 1.07343292
v 0.20966576 -0.75449961 1.92154241
v 0.20966576 -0.76249963 1.92154253
v 0.20656978 -0.75449961 1.93777382
v 0.20656978 -0.76249963 1.93777382
v 0.21966577 -0.76249963 1.92248774
v 0.21600462 -0.76249963 1.94168186
v 0.21966577 -0.77499986 1.07248771
v 0.21966577 -0.77499986 1.07248771
v 0.20502111 -0.76249957 1.95784307
v 0.20502111 -0.76249957 1.95784307
v 0.19782257 -0.76249957 1.95064449
v 0.19782257 -0.76249957 1.95064449
v 0.19782257 -0.75449961 1.95064449
v 0.18495192 -0.75449961 1.95939159
v 0.18495192 -0.76249957 1.95939171
v 0.18885997 -0.76249957 1.96882653
v 0.18885997 -0.74999958 1.96882653
v 0.20502111 -0.74999958 1.95784307
v 0.21600462 -0.74999958 1.94168186
v 0.24599966 -0.75366074 1.99999785
v 0.24599966 -0.75366074 1.99999785
v 0.24908005 -0.75770134 0.99999797
v 0.24908005 -0.75770134 0.99999797
v 0.24908005 -0.75770104 1.99999785
v 0.24908005 -0.75770104 1.99999785
v 0.24999997 -0.76249987 0.99999797
v 0.24999997 -0.76249987 0.99999797
v 0.24599966 -0.77133870 0.99999797
v 0.24599966 -0.77133870 0.99999797
v 0.24908005 -0.76729840 0.99999797
v 0.24908005 -0.76729840 0.99999797
v 0.24908005 -0.76729810 1.99999785
v 0.24908005 -0.76729810 1.99999785
v 0.25000000 -0.76249957 1.99999785
v 0.25000000 -0.76249957 1.99999785
v 0.73608410 -0.77499968 1.99999785
v 0.73608410 -0.77499968 1.99999785
v 0.73608398 -0.77499992 0.99999809
v 0.73608398 -0.77499992 0.99999809
v 0.74146712 -0.77408463 0.99999809
v 0.74146712 -0.77408463 0.99999809
v 0.74146724 -0.77408439 1.99999785
v 0.74146724 -0.77408439 1.99999785
v 0.49999991 -0.77499962 1.99999785
v 0.49999991 -0.77499962 1.99999785
v 0.49999991 -0.74999964 1.99999785
v 0.49999991 -0.74999964 1.99999785
v 0.74599969 -0.77133846 1.99999785
v 0.74599969 -0.77133846 1.99999785
v 0.74599969 -0.77133846 1.99999785
v 0.71966577 -0.77499968 1.92248774
v 0.71966577 -0.77499968 1.92248774
v 0.71600461 -0.77499968 1.94168186
v 0.71600461 -0.77499968 1.94168186
v 0.70502114 -0.77499968 1.95784307
v 0.70502114 -0.77499968 1.95784307
v 0.70502114 -0.77499968 1.95784307
v 0.68885994 -0.77499968 1.96882653
v 0.68885994 -0.77499968 1.96882653
v 0.66966581 -0.77499962 1.97248769
v 0.66966581 -0.77499962 1.97248769
v 0.49999991 -0.77499962 1.97248769
v 0.49999991 -0.77499962 1.97248769
v 0.66966581 -0.76249963 1.97248769
v 0.49999991 -0.76249963 1.97248769
v 0.26391590 -0.77499956 1.99999785
v 0.26391590 -0.77499956 1.99999785
v 0.33033410 -0.77499962 1.97248769
v 0.33033410 -0.77499962 1.97248769
v 0.33033410 -0.76249957 1.97248769
v 0.31113994 -0.76249957 1.96882653
v 0.31113994 -0.77499962 1.96882653
v 0.31113994 -0.77499962 1.96882653
v 0.33127931 -0.76249963 1.96248770
v 0.33127931 -0.75449961 1.96248770
v 0.31504798 -0.76249963 1.95939171
v 0.49999991 -0.76249963 1.96248770
v 0.66872060 -0.76249963 1.96248770
v 0.66872060 -0.75449967 1.96248770
v 0.49999991 -0.75449961 1.96248770
v 0.49999991 -0.74999964 1.97248769
v 0.66966581 -0.74999964 1.97248769
v 0.33033410 -0.74999958 1.97248769
v 0.31504798 -0.75449961 1.95939159
v 0.31113994 -0.74999958 1.96882653
v 0.26391590 -0.74999958 1.99999785
v 0.26391590 -0.74999958 1.99999785
v 0.25853273 -0.75091487 1.99999785
v 0.25853273 -0.75091487 1.99999785
v 0.26391584 -0.74999988 0.99999797
v 0.26391584 -0.74999988 0.99999797
v 0.28033409 -0.74999982 1.07248771
v 0.28033412 -0.74999958 1.92248762
v 0.28399527 -0.74999958 1.94168186
v 0.29497880 -0.74999958 1.95784307
v 0.30217734 -0.75449961 1.95064449
v 0.29343015 -0.75449961 1.93777382
v 0.29343015 -0.76249963 1.93777382
v 0.29033411 -0.76249963 1.92154253
v 0.29033411 -0.75449961 1.92154241
v 0.29033411 -0.76249987 1.07343292
v 0.29033411 -0.75449985 1.07343292
v 0.29343009 -0.76249987 1.05720162
v 0.29343009 -0.75449985 1.05720150
v 0.30217728 -0.76249987 1.04433095
v 0.30217728 -0.76249987 1.04433095
v 0.30217728 -0.75449985 1.04433084
v 0.28399524 -0.74999988 1.05329347
v 0.29497874 -0.74999988 1.03713238
v 0.31504795 -0.75449985 1.03558373
v 0.31113991 -0.74999988 1.02614880
v 0.33127931 -0.75449985 1.03248763
v 0.33033410 -0.74999988 1.02248764
v 0.49999991 -0.74999988 1.02248764
v 0.49999991 -0.75449991 1.03248763
v 0.66872060 -0.75449991 1.03248775
v 0.66966581 -0.74999994 1.02248764
v 0.49999991 -0.74999988 1.01402628
v 0.73608398 -0.74999994 0.99999797
v 0.73608398 -0.74999994 0.99999797
v 0.73608410 -0.74999964 1.99999785
v 0.73608410 -0.74999964 1.99999785
v 0.74146724 -0.75091493 1.99999785
v 0.74146724 -0.75091493 1.99999785
v 0.74146712 -0.75091523 0.99999797
v 0.74146712 -0.75091523 0.99999797
v 0.49999991 -0.74999988 0.99999797
v 0.49999991 -0.74999988 0.99999797
v 0.49999991 -0.77499992 0.99999797
v 0.49999991 -0.77499992 0.99999797
v 0.74599957 -0.75366110 0.99999797
v 0.74599957 -0.75366110 0.99999797
v 0.74599957 -0.75366110 0.99999797
v 0.68885994 -0.74999994 1.02614880
v 0.70502102 -0.74999994 1.03713238
v 0.71600461 -0.74999994 1.05329347
v 0.71966577 -0.74999988 1.07248771
v 0.71966577 -0.74999964 1.92248774
v 0.70966578 -0.75449991 1.07343292
v 0.70656979 -0.75449991 1.05720162
v 0.70656979 -0.76249993 1.05720162
v 0.69782245 -0.75449991 1.04433095
v 0.69782245 -0.76249993 1.04433095
v 0.69782245 -0.76249993 1.04433095
v 0.68495190 -0.76249993 1.03558373
v 0.70502102 -0.76249993 1.03713238
v 0.70502102 -0.76249993 1.03713238
v 0.68885994 -0.76249993 1.02614892
v 0.68885994 -0.77499992 1.02614892
v 0.68885994 -0.77499992 1.02614892
v 0.66966581 -0.77499992 1.02248776
v 0.66966581 -0.77499992 1.02248776
v 0.66966581 -0.76249993 1.02248776
v 0.49999991 -0.76249987 1.02248776
v 0.49999991 -0.77499992 1.02248776
v 0.49999991 -0.77499992 1.02248776
v 0.66872060 -0.76249993 1.03248775
v 0.68495190 -0.75449991 1.03558373
v 0.49999991 -0.76249987 1.03248775
v 0.33127931 -0.76249987 1.03248775
v 0.31504795 -0.76249987 1.03558373
v 0.33033410 -0.76249987 1.02248776
v 0.33033410 -0.77499986 1.02248776
v 0.33033410 -0.77499986 1.02248776
v 0.31113991 -0.76249987 1.02614892
v 0.31113991 -0.77499986 1.02614892
v 0.31113991 -0.77499986 1.02614892
v 0.29497874 -0.76249987 1.03713238
v 0.29497874 -0.76249987 1.03713238
v 0.29497874 -0.77499986 1.03713238
v 0.29497874 -0.77499986 1.03713238
v 0.29497874 -0.77499986 1.03713238
v 0.28399524 -0.76249987 1.05329347
v 0.28399524 -0.77499986 1.05329347
v 0.28399524 -0.77499986 1.05329347
v 0.28033409 -0.76249987 1.07248771
v 0.28033409 -0.77499986 1.07248771
v 0.28033409 -0.77499986 1.07248771
v 0.28033412 -0.76249963 1.92248774
v 0.28033412 -0.77499962 1.92248774
v 0.28033412 -0.77499962 1.92248774
v 0.28399527 -0.76249963 1.94168186
v 0.28399527 -0.77499962 1.94168186
v 0.28399527 -0.77499962 1.94168186
v 0.29497880 -0.76249957 1.95784307
v 0.29497880 -0.76249957 1.95784307
v 0.30217734 -0.76249963 1.95064449
v 0.30217734 -0.76249963 1.95064449
v 0.29497880 -0.77499962 1.95784307
v 0.29497880 -0.77499962 1.95784307
v 0.29497880 -0.77499962 1.95784307
v 0.26391584 -0.77499986 0.99999797
v 0.26391584 -0.77499986 0.99999797
v 0.25853270 -0.77408457 0.99999797
v 0.25853270 -0.77408457 0.99999797
v 0.49999991 -0.77499992 1.01402640
v 0.25853273 -0.77408427 1.99999785
v 0.25853273 -0.77408427 1.99999785
v 0.25400022 -0.77133870 0.99999797
v 0.25400022 -0.77133870 0.99999797
v 0.25400025 -0.77133840 1.99999785
v 0.25400025 -0.77133840 1.99999785
v 0.25400025 -0.77133840 1.99999785
v 0.25091982 -0.76729840 0.99999797
v 0.25091982 -0.76729840 0.99999797
v 0.24999988 -0.76249987 0.99999797
v 0.24999988 -0.76249987 0.99999797
v 0.25400022 -0.75366104 0.99999797
v 0.25400022 -0.75366104 0.99999797
v 0.25400022 -0.75366104 0.99999797
v 0.25853270 -0.75091517 0.99999797
v 0.25853270 -0.75091517 0.99999797
v 0.25400025 -0.75366074 1.99999785
v 0.25400025 -0.75366074 1.99999785
v 0.25091985 -0.75770104 1.99999785
v 0.25091985 -0.75770104 1.99999785
v 0.25091982 -0.75770134 0.99999797
v 0.25091982 -0.75770134 0.99999797
v 0.24999991 -0.76249957 1.99999785
v 0.24999991 -0.76249957 1.99999785
v 0.25091985 -0.76729810 1.99999785
v 0.25091985 -0.76729810 1.99999785
v 0.70502102 -0.77499992 1.03713238
v 0.70502102 -0.77499992 1.03713238
v 0.70502102 -0.77499992 1.03713238
v 0.71600461 -0.77499992 1.05329359
v 0.71600461 -0.77499992 1.05329359
v 0.71600461 -0.76249993 1.05329359
v 0.71966577 -0.76249993 1.07248771
v 0.70966578 -0.76249993 1.07343292
v 0.70966578 -0.75449967 1.92154253
v 0.70966578 -0.76249969 1.92154253
v 0.70656979 -0.75449967 1.93777382
v 0.70656979 -0.76249969 1.93777382
v 0.71966577 -0.76249969 1.92248774
v 0.71600461 -0.76249969 1.94168186
v 0.71966577 -0.77499992 1.07248771
v 0.71966577 -0.77499992 1.07248771
v 0.70502114 -0.76249963 1.95784307
v 0.70502114 -0.76249963 1.95784307
v 0.69782257 -0.76249963 1.95064449
v 0.69782257 -0.76249963 1.95064449
v 0.69782257 -0.75449967 1.95064449
v 0.68495190 -0.75449967 1.95939171
v 0.68495190 -0.76249963 1.95939171
v 0.68885994 -0.76249963 1.96882653
v 0.68885994 -0.74999964 1.96882653
v 0.70502114 -0.74999964 1.95784307
v 0.71600461 -0.74999964 1.94168186
v 0.74599969 -0.75366080 1.99999785
v 0.74599969 -0.75366080 1.99999785
v 0.74907994 -0.75770140 0.99999797
v 0.74907994 -0.75770140 0.99999797
v 0.74908006 -0.75770110 1.99999785
v 0.74908006 -0.75770110 1.99999785
v 0.74999988 -0.76249993 0.99999809
v 0.74999988 -0.76249993 0.99999809
v 0.74599957 -0.77133876 0.99999809
v 0.74599957 -0.77133876 0.99999809
v 0.74907994 -0.76729846 0.99999809
v 0.74907994 -0.76729846 0.99999809
v 0.74908006 -0.76729816 1.99999785
v 0.74908006 -0.76729816 1.99999785
v 0.75000000 -0.76249963 1.99999785
v 0.75000000 -0.76249963 1.99999785
v 0.73608398 -0.77499974 1.00000000
v 0.73608398 -0.77499974 1.00000000
v 0.73608398 -0.77499998 0.50200063
v 0.73608398 -0.77499998 0.50200063
v 0.74146712 -0.77408469 0.50200063
v 0.74146712 -0.77408469 0.50200063
v 0.74146712 -0.77408445 1.00000000
v 0.74146712 -0.77408445 1.00000000
v 0.49999991 -0.77499980 1.00000000
v 0.49999991 -0.77499980 1.00000000
v 0.49999991 -0.74999976 0.99999994
v 0.49999991 -0.74999976 0.99999994
v 0.74599969 -0.77133858 1.00000000
v 0.74599969 -0.77133858 1.00000000
v 0.74599969 -0.77133858 1.00000000
v 0.71966577 -0.77499980 0.92248970
v 0.71966577 -0.77499980 0.92248970
v 0.71600461 -0.77499974 0.94168389
v 0.71600461 -0.77499974 0.94168389
v 0.70502114 -0.77499974 0.95784503
v 0.70502114 -0.77499974 0.95784503
v 0.70502114 -0.77499974 0.95784503
v 0.68885994 -0.77499974 0.96882856
v 0.68885994 -0.77499974 0.96882856
v 0.66966581 -0.77499974 0.97248971
v 0.66966581 -0.77499974 0.97248971
v 0.49999991 -0.77499980 0.97248971
v 0.49999991 -0.77499980 0.97248971
v 0.66966581 -0.76249975 0.97248966
v 0.49999991 -0.76249981 0.97248971
v 0.26391587 -0.77499980 1.00000000
v 0.26391587 -0.77499980 1.00000000
v 0.33033410 -0.77499980 0.97248971
v 0.33033410 -0.77499980 0.97248971
v 0.33033410 -0.76249981 0.97248971
v 0.31113991 -0.76249981 0.96882856
v 0.31113991 -0.77499980 0.96882856
v 0.31113991 -0.77499980 0.96882856
v 0.33127931 -0.76249981 0.96248966
v 0.33127931 -0.74999982 0.96248966
v 0.31504798 -0.76249981 0.95939368
v 0.49999991 -0.76249981 0.96248966
v 0.66872060 -0.76249975 0.96248966
v 0.66872060 -0.74999976 0.96248966
v 0.49999991 -0.74999982 0.96248966
v 0.49999991 -0.74999976 0.97248966
v 0.66966581 -0.74999976 0.97248966
v 0.33033410 -0.74999982 0.97248966
v 0.31504798 -0.74999982 0.95939362
v 0.31113991 -0.74999982 0.96882850
v 0.26391587 -0.74999982 0.99999994
v 0.26391587 -0.74999982 0.99999994
v 0.25853270 -0.75091511 0.99999994
v 0.25853270 -0.75091511 0.99999994
v 0.26391587 -0.75000006 0.50200063
v 0.26391587 -0.75000006 0.50200063
v 0.28033412 -0.75000000 0.57248962
v 0.28033412 -0.74999982 0.92248964
v 0.28399527 -0.74999982 0.94168383
v 0.29497877 -0.74999982 0.95784497
v 0.30217731 -0.74999982 0.95064646
v 0.29343012 -0.74999982 0.93777579
v 0.29343012 -0.76249981 0.93777585
v 0.29033411 -0.76249981 0.92154449
v 0.29033411 -0.74999982 0.92154443
v 0.29033414 -0.76249999 0.57343489
v 0.29033414 -0.75000000 0.57343489
v 0.29343012 -0.76250005 0.55720353
v 0.29343012 -0.75000000 0.55720353
v 0.30217731 -0.76250005 0.54433286
v 0.30217731 -0.76250005 0.54433286
v 0.30217731 -0.75000000 0.54433286
v 0.28399527 -0.75000000 0.55329543
v 0.29497877 -0.75000000 0.53713435
v 0.31504798 -0.75000000 0.53558564
v 0.31113994 -0.75000000 0.52615082
v 0.33127934 -0.75000000 0.53248960
v 0.33033413 -0.75000000 0.52248961
v 0.49999991 -0.75000000 0.52248961
v 0.49999991 -0.75000000 0.53248960
v 0.66872060 -0.75000000 0.53248960
v 0.66966581 -0.75000000 0.52248961
v 0.49999991 -0.75000000 0.51402831
v 0.73608398 -0.74999994 0.50200063
v 0.73608398 -0.74999994 0.50200063
v 0.73608398 -0.74999976 0.99999994
v 0.73608398 -0.74999976 0.99999994
v 0.74146712 -0.75091505 0.99999994
v 0.74146712 -0.75091505 0.99999994
v 0.74146712 -0.75091529 0.50200063
v 0.74146712 -0.75091529 0.50200063
v 0.49999991 -0.75000000 0.50200063
v 0.49999991 -0.75000000 0.50200063
v 0.49999991 -0.77499998 0.50200063
v 0.49999991 -0.77499998 0.50200063
v 0.74599957 -0.75366116 0.50200063
v 0.74599957 -0.75366116 0.50200063
v 0.74599957 -0.75366116 0.50200063
v 0.68885994 -0.74999994 0.52615082
v 0.70502102 -0.74999994 0.53713435
v 0.71600461 -0.74999994 0.55329543
v 0.71966577 -0.74999994 0.57248962
v 0.71966577 -0.74999976 0.92248964
v 0.70966578 -0.74999994 0.57343489
v 0.70656979 -0.74999994 0.55720353
v 0.70656979 -0.76249993 0.55720353
v 0.69782245 -0.74999994 0.54433286
v 0.69782245 -0.76249999 0.54433286
v 0.69782245 -0.76249999 0.54433286
v 0.68495190 -0.76249999 0.53558570
v 0.70502102 -0.76249999 0.53713441
v 0.70502102 -0.76249999 0.53713441
v 0.68885994 -0.76249999 0.52615082
v 0.68885994 -0.77499998 0.52615082
v 0.68885994 -0.77499998 0.52615082
v 0.66966581 -0.77499998 0.52248973
v 0.66966581 -0.77499998 0.52248973
v 0.66966581 -0.76249999 0.52248973
v 0.49999991 -0.76249999 0.52248973
v 0.49999991 -0.77499998 0.52248973
v 0.49999991 -0.77499998 0.52248973
v 0.66872060 -0.76249999 0.53248972
v 0.68495190 -0.74999994 0.53558564
v 0.49999991 -0.76249999 0.53248972
v 0.33127934 -0.76250005 0.53248972
v 0.31504798 -0.76250005 0.53558570
v 0.33033413 -0.76250005 0.52248973
v 0.33033413 -0.77500004 0.52248973
v 0.33033413 -0.77500004 0.52248973
v 0.31113994 -0.76250005 0.52615082
v 0.31113994 -0.77500004 0.52615082
v 0.31113994 -0.77500004 0.52615082
v 0.29497877 -0.76250005 0.53713441
v 0.29497877 -0.76250005 0.53713441
v 0.29497877 -0.77500004 0.53713441
v 0.29497877 -0.77500004 0.53713441
v 0.29497877 -0.77500004 0.53713441
v 0.28399527 -0.76250005 0.55329549
v 0.28399527 -0.77500004 0.55329549
v 0.28399527 -0.77500004 0.55329549
v 0.28033412 -0.76249999 0.57248968
v 0.28033412 -0.77500004 0.57248968
v 0.28033412 -0.77500004 0.57248968
v 0.28033412 -0.76249981 0.92248970
v 0.28033412 -0.77499986 0.92248970
v 0.28033412 -0.77499986 0.92248970
v 0.28399527 -0.76249981 0.94168389
v 0.28399527 -0.77499986 0.94168389
v 0.28399527 -0.77499986 0.94168389
v 0.29497877 -0.76249981 0.95784503
v 0.29497877 -0.76249981 0.95784503
v 0.30217731 -0.76249981 0.95064646
v 0.30217731 -0.76249981 0.95064646
v 0.29497877 -0.77499980 0.95784503
v 0.29497877 -0.77499980 0.95784503
v 0.29497877 -0.77499980 0.95784503
v 0.26391587 -0.77500004 0.50200063
v 0.26391587 -0.77500004 0.50200063
v 0.25853273 -0.77408475 0.50200063
v 0.25853273 -0.77408475 0.50200063
v 0.49999991 -0.77499998 0.51402831
v 0.25853270 -0.77408451 1.00000000
v 0.25853270 -0.77408451 1.00000000
v 0.25400025 -0.77133888 0.50200063
v 0.25400025 -0.77133888 0.50200063
v 0.25400022 -0.77133864 1.00000000
v 0.25400022 -0.77133864 1.00000000
v 0.25400022 -0.77133864 1.00000000
v 0.25091985 -0.76729858 0.50200063
v 0.25091985 -0.76729858 0.50200063
v 0.24999991 -0.76250005 0.50200063
v 0.24999991 -0.76250005 0.50200063
v 0.25400025 -0.75366122 0.50200063
v 0.25400025 -0.75366122 0.50200063
v 0.25400025 -0.75366122 0.50200063
v 0.25853273 -0.75091535 0.50200063
v 0.25853273 -0.75091535 0.50200063
v 0.25400022 -0.75366098 0.99999994
v 0.25400022 -0.75366098 0.99999994
v 0.25091985 -0.75770128 1.00000000
v 0.25091985 -0.75770128 1.00000000
v 0.25091985 -0.75770152 0.50200063
v 0.25091985 -0.75770152 0.50200063
v 0.24999991 -0.76249981 1.00000000
v 0.24999991 -0.76249981 1.00000000
v 0.25091985 -0.76729834 1.00000000
v 0.25091985 -0.76729834 1.00000000
v 0.70502102 -0.77499998 0.53713441
v 0.70502102 -0.77499998 0.53713441
v 0.70502102 -0.77499998 0.53713441
v 0.71600461 -0.77499998 0.55329549
v 0.71600461 -0.77499998 0.55329549
v 0.71600461 -0.76249993 0.55329549
v 0.71966577 -0.76249993 0.57248968
v 0.70966578 -0.76249993 0.57343489
v 0.70966578 -0.74999976 0.92154443
v 0.70966578 -0.76249975 0.92154449
v 0.70656979 -0.74999976 0.93777579
v 0.70656979 -0.76249975 0.93777579
v 0.71966577 -0.76249975 0.92248970
v 0.71600461 -0.76249975 0.94168389
v 0.71966577 -0.77499998 0.57248968
v 0.71966577 -0.77499998 0.57248968
v 0.70502114 -0.76249975 0.95784497
v 0.70502114 -0.76249975 0.95784497
v 0.69782257 -0.76249975 0.95064646
v 0.69782257 -0.76249975 0.95064646
v 0.69782257 -0.74999976 0.95064646
v 0.68495190 -0.74999976 0.95939362
v 0.68495190 -0.76249975 0.95939368
v 0.68885994 -0.76249975 0.96882850
v 0.68885994 -0.74999976 0.96882850
v 0.70502114 -0.74999976 0.95784497
v 0.71600461 -0.74999976 0.94168383
v 0.74599969 -0.75366092 0.99999994
v 0.74599969 -0.75366092 0.99999994
v 0.74907994 -0.75770140 0.50200063
v 0.74907994 -0.75770140 0.50200063
v 0.74908006 -0.75770122 0.99999994
v 0.74908006 -0.75770122 0.99999994
v 0.74999988 -0.76249999 0.50200063
v 0.74999988 -0.76249999 0.50200063
v 0.74599957 -0.77133882 0.50200063
v 0.74599957 -0.77133882 0.50200063
v 0.74907994 -0.76729852 0.50200063
v 0.74907994 -0.76729852 0.50200063
v 0.74908006 -0.76729828 1.00000000
v 0.74908006 -0.76729828 1.00000000
v 0.74999988 -0.76249975 0.99999994
v 0.74999988 -0.76249975 0.99999994
v -0.26391596 -0.77499992 1.50000000
v -0.26391596 -0.77499992 1.50000000
v -0.26391596 -0.77500021 0.50200063
v -0.26391596 -0.77500021 0.50200063
v -0.25853279 -0.77408493 0.50200063
v -0.25853279 -0.77408493 0.50200063
v -0.25853279 -0.77408463 1.50000000
v -0.25853279 -0.77408463 1.50000000
v -0.50000000 -0.77499992 1.50000000
v -0.50000000 -0.77499992 1.50000000
v -0.50000000 -0.74999988 1.50000000
v -0.50000000 -0.74999988 1.50000000
v -0.25400031 -0.77133876 1.50000000
v -0.25400031 -0.77133876 1.50000000
v -0.25400031 -0.77133876 1.50000000
v -0.28033420 -0.77499998 1.42248964
v -0.28033420 -0.77499998 1.42248964
v -0.28399536 -0.77499998 1.44168389
v -0.28399536 -0.77499998 1.44168389
v -0.29497886 -0.77499998 1.45784497
v -0.29497886 -0.77499998 1.45784497
v -0.29497886 -0.77499998 1.45784497
v -0.31114000 -0.77499992 1.46882856
v -0.31114000 -0.77499992 1.46882856
v -0.33033422 -0.77499992 1.47248971
v -0.33033422 -0.77499992 1.47248971
v -0.50000000 -0.77499992 1.47248971
v -0.50000000 -0.77499992 1.47248971
v -0.33033422 -0.76249993 1.47248971
v -0.50000000 -0.76249993 1.47248971
v -0.73608410 -0.77499986 1.50000000
v -0.73608410 -0.77499986 1.50000000
v -0.66966581 -0.77499992 1.47248960
v -0.66966581 -0.77499992 1.47248960
v -0.66966581 -0.76249987 1.47248971
v -0.68886006 -0.76249987 1.46882856
v -0.68886006 -0.77499992 1.46882844
v -0.68886006 -0.77499992 1.46882844
v -0.66872072 -0.76249987 1.46248972
v -0.66872072 -0.75449991 1.46248960
v -0.68495202 -0.76249987 1.45939362
v -0.50000000 -0.76249993 1.46248972
v -0.33127943 -0.76249993 1.46248972
v -0.33127943 -0.75449991 1.46248960
v -0.50000000 -0.75449991 1.46248960
v -0.50000000 -0.74999994 1.47248960
v -0.33033422 -0.74999994 1.47248960
v -0.66966581 -0.74999988 1.47248960
v -0.68495202 -0.75449991 1.45939362
v -0.68886006 -0.74999988 1.46882844
v -0.73608410 -0.74999988 1.49999988
v -0.73608410 -0.74999988 1.49999988
v -0.74146724 -0.75091517 1.49999988
v -0.74146724 -0.75091517 1.49999988
v -0.73608422 -0.75000018 0.50200063
v -0.73608422 -0.75000018 0.50200063
v -0.71966588 -0.75000012 0.57248962
v -0.71966588 -0.74999988 1.42248964
v -0.71600473 -0.74999988 1.44168377
v -0.70502114 -0.74999988 1.45784497
v -0.69782257 -0.75449991 1.45064640
v -0.70656991 -0.75449991 1.43777573
v -0.70656991 -0.76249993 1.43777585
v -0.70966589 -0.76249993 1.42154443
v -0.70966589 -0.75449991 1.42154443
v -0.70966589 -0.76250017 0.57343489
v -0.70966589 -0.75450015 0.57343489
v -0.70656991 -0.76250017 0.55720353
v -0.70656991 -0.75450015 0.55720353
v -0.69782269 -0.76250017 0.54433286
v -0.69782269 -0.76250017 0.54433286
v -0.69782269 -0.75450015 0.54433286
v -0.71600473 -0.75000018 0.55329543
v -0.70502126 -0.75000012 0.53713435
v -0.68495202 -0.75450015 0.53558564
v -0.68886006 -0.75000018 0.52615082
v -0.66872072 -0.75450015 0.53248960
v -0.66966581 -0.75000018 0.52248961
v -0.50000000 -0.75000018 0.52248961
v -0.50000000 -0.75450015 0.53248960
v -0.33127940 -0.75450021 0.53248960
v -0.33033419 -0.75000024 0.52248961
v -0.50000000 -0.75000018 0.51402831
v -0.26391596 -0.75000024 0.50200063
v -0.26391596 -0.75000024 0.50200063
v -0.26391596 -0.74999994 1.50000000
v -0.26391596 -0.74999994 1.50000000
v -0.25853279 -0.75091523 1.50000000
v -0.25853279 -0.75091523 1.50000000
v -0.25853279 -0.75091553 0.50200063
v -0.25853279 -0.75091553 0.50200063
v -0.50000000 -0.75000018 0.50200063
v -0.50000000 -0.75000018 0.50200063
v -0.50000000 -0.77500021 0.50200063
v -0.50000000 -0.77500021 0.50200063
v -0.25400031 -0.75366139 0.50200063
v -0.25400031 -0.75366139 0.50200063
v -0.25400031 -0.75366139 0.50200063
v -0.31114003 -0.75000024 0.52615082
v -0.29497886 -0.75000024 0.53713435
v -0.28399536 -0.75000024 0.55329543
v -0.28033420 -0.75000018 0.57248962
v -0.28033420 -0.74999994 1.42248964
v -0.29033419 -0.75450021 0.57343489
v -0.29343021 -0.75450021 0.55720353
v -0.29343021 -0.76250023 0.55720353
v -0.30217740 -0.75450021 0.54433286
v -0.30217740 -0.76250023 0.54433286
v -0.30217740 -0.76250023 0.54433286
v -0.31504807 -0.76250023 0.53558570
v -0.29497886 -0.76250023 0.53713441
v -0.29497886 -0.76250023 0.53713441
v -0.31114003 -0.76250023 0.52615082
v -0.31114003 -0.77500021 0.52615082
v -0.31114003 -0.77500021 0.52615082
v -0.33033419 -0.77500021 0.52248973
v -0.33033419 -0.77500021 0.52248973
v -0.33033419 -0.76250023 0.52248973
v -0.50000000 -0.76250017 0.52248973
v -0.50000000 -0.77500015 0.52248973
v -0.50000000 -0.77500015 0.52248973
v -0.33127940 -0.76250023 0.53248972
v -0.31504807 -0.75450021 0.53558564
v -0.50000000 -0.76250017 0.53248972
v -0.66872072 -0.76250017 0.53248972
v -0.68495202 -0.76250017 0.53558570
v -0.66966581 -0.76250017 0.52248973
v -0.66966581 -0.77500015 0.52248973
v -0.66966581 -0.77500015 0.52248973
v -0.68886006 -0.76250017 0.52615082
v -0.68886006 -0.77500015 0.52615082
v -0.68886006 -0.77500015 0.52615082
v -0.70502126 -0.76250017 0.53713441
v -0.70502126 -0.76250017 0.53713441
v -0.70502126 -0.77500015 0.53713441
v -0.70502126 -0.77500015 0.53713441
v -0.70502126 -0.77500015 0.53713441
v -0.71600473 -0.76250017 0.55329549
v -0.71600473 -0.77500015 0.55329549
v -0.71600473 -0.77500015 0.55329549
v -0.71966588 -0.76250017 0.57248968
v -0.71966588 -0.77500015 0.57248968
v -0.71966588 -0.77500015 0.57248968
v -0.71966588 -0.76249987 1.42248964
v -0.71966588 -0.77499992 1.42248964
v -0.71966588 -0.77499992 1.42248964
v -0.71600473 -0.76249987 1.44168389
v -0.71600473 -0.77499992 1.44168389
v -0.71600473 -0.77499992 1.44168389
v -0.70502114 -0.76249987 1.45784497
v -0.70502114 -0.76249987 1.45784497
v -0.69782257 -0.76249987 1.45064640
v -0.69782257 -0.76249987 1.45064640
v -0.70502114 -0.77499992 1.45784497
v -0.70502114 -0.77499992 1.45784497
v -0.70502114 -0.77499992 1.45784497
v -0.73608422 -0.77500015 0.50200063
v -0.73608422 -0.77500015 0.50200063
v -0.74146736 -0.77408487 0.50200063
v -0.74146736 -0.77408487 0.50200063
v -0.50000000 -0.77500021 0.51402831
v -0.74146724 -0.77408457 1.50000000
v -0.74146724 -0.77408457 1.50000000
v -0.74599981 -0.77133900 0.50200063
v -0.74599981 -0.77133900 0.50200063
v -0.74599969 -0.77133870 1.50000000
v -0.74599969 -0.77133870 1.50000000
v -0.74599969 -0.77133870 1.50000000
v -0.74908018 -0.76729870 0.50200063
v -0.74908018 -0.76729870 0.50200063
v -0.75000012 -0.76250017 0.50200063
v -0.75000012 -0.76250017 0.50200063
v -0.74599981 -0.75366133 0.50200063
v -0.74599981 -0.75366133 0.50200063
v -0.74599981 -0.75366133 0.50200063
v -0.74146736 -0.75091547 0.50200063
v -0.74146736 -0.75091547 0.50200063
v -0.74599969 -0.75366104 1.49999988
v -0.74599969 -0.75366104 1.49999988
v -0.74908006 -0.75770134 1.49999988
v -0.74908006 -0.75770134 1.49999988
v -0.74908018 -0.75770164 0.50200063
v -0.74908018 -0.75770164 0.50200063
v -0.75000000 -0.76249987 1.50000000
v -0.75000000 -0.76249987 1.50000000
v -0.74908006 -0.76729840 1.50000000
v -0.74908006 -0.76729840 1.50000000
v -0.29497886 -0.77500021 0.53713441
v -0.29497886 -0.77500021 0.53713441
v -0.29497886 -0.77500021 0.53713441
v -0.28399536 -0.77500021 0.55329549
v -0.28399536 -0.77500021 0.55329549
v -0.28399536 -0.76250023 0.55329549
v -0.28033420 -0.76250023 0.57248968
v -0.29033419 -0.76250017 0.57343489
v -0.29033422 -0.75449997 1.42154443
v -0.29033422 -0.76249999 1.42154443
v -0.29343021 -0.75449997 1.43777573
v -0.29343021 -0.76249999 1.43777585
v -0.28033420 -0.76249999 1.42248964
v -0.28399536 -0.76249993 1.44168389
v -0.28033420 -0.77500021 0.57248968
v -0.28033420 -0.77500021 0.57248968
v -0.29497886 -0.76249993 1.45784497
v -0.29497886 -0.76249993 1.45784497
v -0.30217740 -0.76249993 1.45064640
v -0.30217740 -0.76249993 1.45064640
v -0.30217740 -0.75449997 1.45064640
v -0.31504804 -0.75449997 1.45939362
v -0.31504804 -0.76249993 1.45939362
v -0.31114000 -0.76249993 1.46882856
v -0.31114000 -0.74999994 1.46882844
v -0.29497886 -0.74999994 1.45784497
v -0.28399536 -0.74999994 1.44168389
v -0.25400031 -0.75366110 1.50000000
v -0.25400031 -0.75366110 1.50000000
v -0.25091994 -0.75770169 0.50200063
v -0.25091994 -0.75770169 0.50200063
v -0.25091991 -0.75770140 1.50000000
v -0.25091991 -0.75770140 1.50000000
v -0.25000000 -0.76250023 0.50200063
v -0.25000000 -0.76250023 0.50200063
v -0.25400031 -0.77133906 0.50200063
v -0.25400031 -0.77133906 0.50200063
v -0.25091994 -0.76729876 0.50200063
v -0.25091994 -0.76729876 0.50200063
v -0.25091991 -0.76729846 1.50000000
v -0.25091991 -0.76729846 1.50000000
v -0.24999999 -0.76249993 1.50000000
v -0.24999999 -0.76249993 1.50000000
v -0.26391596 -0.77499968 2.00000000
v -0.26391596 -0.77499968 2.00000000
v -0.26391599 -0.77499992 1.50000000
v -0.26391599 -0.77499992 1.50000000
v -0.25853282 -0.77408463 1.50000000
v -0.25853282 -0.77408463 1.50000000
v -0.25853282 -0.77408439 2.00000000
v -0.25853282 -0.77408439 2.00000000
v -0.50000000 -0.77499974 2.00000000
v -0.50000000 -0.77499974 2.00000000
v -0.50000000 -0.74999976 2.00000000
v -0.50000000 -0.74999976 2.00000000
v -0.25400034 -0.77133852 2.00000000
v -0.25400034 -0.77133852 2.00000000
v -0.25400034 -0.77133852 2.00000000
v -0.28033420 -0.77499974 1.92248964
v -0.28033420 -0.77499974 1.92248964
v -0.28399536 -0.77499974 1.94168389
v -0.28399536 -0.77499974 1.94168389
v -0.29497889 -0.77499974 1.95784497
v -0.29497889 -0.77499974 1.95784497
v -0.29497889 -0.77499974 1.95784497
v -0.31114003 -0.77499974 1.96882856
v -0.31114003 -0.77499974 1.96882856
v -0.33033422 -0.77499974 1.97248971
v -0.33033422 -0.77499974 1.97248971
v -0.50000000 -0.77499974 1.97248971
v -0.50000000 -0.77499974 1.97248971
v -0.33033422 -0.76249975 1.97248960
v -0.50000000 -0.76249975 1.97248971
v -0.73608410 -0.77499980 2.00000000
v -0.73608410 -0.77499980 2.00000000
v -0.66966581 -0.77499980 1.97248960
v -0.66966581 -0.77499980 1.97248960
v -0.66966581 -0.76249975 1.97248960
v -0.68886006 -0.76249981 1.96882844
v -0.68886006 -0.77499980 1.96882844
v -0.68886006 -0.77499980 1.96882844
v -0.66872072 -0.76249981 1.96248960
v -0.66872072 -0.74999976 1.96248960
v -0.68495202 -0.76249981 1.95939362
v -0.50000000 -0.76249975 1.96248960
v -0.33127943 -0.76249975 1.96248960
v -0.33127943 -0.74999976 1.96248960
v -0.50000000 -0.74999976 1.96248960
v -0.50000000 -0.74999976 1.97248960
v -0.33033422 -0.74999970 1.97248960
v -0.66966581 -0.74999976 1.97248960
v -0.68495202 -0.74999982 1.95939362
v -0.68886006 -0.74999976 1.96882844
v -0.73608410 -0.74999976 1.99999988
v -0.73608410 -0.74999976 1.99999988
v -0.74146724 -0.75091505 1.99999988
v -0.74146724 -0.75091505 1.99999988
v -0.73608422 -0.75000000 1.49999988
v -0.73608422 -0.75000000 1.49999988
v -0.71966588 -0.75000000 1.57248962
v -0.71966588 -0.74999982 1.92248964
v -0.71600473 -0.74999982 1.94168377
v -0.70502126 -0.74999976 1.95784497
v -0.69782269 -0.74999976 1.95064640
v -0.70656991 -0.74999982 1.93777573
v -0.70656991 -0.76249981 1.93777585
v -0.70966589 -0.76249981 1.92154443
v -0.70966589 -0.74999982 1.92154443
v -0.70966589 -0.76249999 1.57343483
v -0.70966589 -0.75000000 1.57343483
v -0.70656991 -0.76249999 1.55720353
v -0.70656991 -0.75000000 1.55720353
v -0.69782269 -0.76249999 1.54433286
v -0.69782269 -0.76249999 1.54433286
v -0.69782269 -0.75000000 1.54433286
v -0.71600473 -0.75000000 1.55329549
v -0.70502126 -0.75000000 1.53713429
v -0.68495202 -0.75000000 1.53558564
v -0.68886006 -0.75000000 1.52615082
v -0.66872072 -0.75000000 1.53248966
v -0.66966581 -0.75000000 1.52248967
v -0.50000000 -0.74999994 1.52248967
v -0.50000000 -0.74999994 1.53248966
v -0.33127943 -0.74999994 1.53248966
v -0.33033422 -0.74999994 1.52248967
v -0.50000000 -0.74999994 1.51402831
v -0.26391599 -0.74999994 1.50000000
v -0.26391599 -0.74999994 1.50000000
v -0.26391596 -0.74999970 2.00000000
v -0.26391596 -0.74999970 2.00000000
v -0.25853282 -0.75091499 2.00000000
v -0.25853282 -0.75091499 2.00000000
v -0.25853282 -0.75091523 1.50000000
v -0.25853282 -0.75091523 1.50000000
v -0.50000000 -0.74999994 1.50000000
v -0.50000000 -0.74999994 1.50000000
v -0.50000000 -0.77499998 1.50000000
v -0.50000000 -0.77499998 1.50000000
v -0.25400034 -0.75366110 1.50000000
v -0.25400034 -0.75366110 1.50000000
v -0.25400034 -0.75366110 1.50000000
v -0.31114006 -0.74999994 1.52615082
v -0.29497889 -0.74999994 1.53713429
v -0.28399539 -0.74999994 1.55329549
v -0.28033423 -0.74999994 1.57248962
v -0.28033420 -0.74999976 1.92248964
v -0.29033422 -0.74999994 1.57343483
v -0.29343024 -0.74999994 1.55720353
v -0.29343024 -0.76249993 1.55720353
v -0.30217743 -0.74999994 1.54433286
v -0.30217743 -0.76249993 1.54433286
v -0.30217743 -0.76249993 1.54433286
v -0.31504810 -0.76249993 1.53558564
v -0.29497889 -0.76249993 1.53713429
v -0.29497889 -0.76249993 1.53713429
v -0.31114006 -0.76249993 1.52615082
v -0.31114006 -0.77499992 1.52615082
v -0.31114006 -0.77499992 1.52615082
v -0.33033422 -0.77499992 1.52248967
v -0.33033422 -0.77499992 1.52248967
v -0.33033422 -0.76249993 1.52248967
v -0.50000000 -0.76249999 1.52248967
v -0.50000000 -0.77499998 1.52248967
v -0.50000000 -0.77499998 1.52248967
v -0.33127943 -0.76249993 1.53248966
v -0.31504810 -0.74999994 1.53558564
v -0.50000000 -0.76249993 1.53248966
v -0.66872072 -0.76249999 1.53248966
v -0.68495202 -0.76249999 1.53558564
v -0.66966581 -0.76249999 1.52248967
v -0.66966581 -0.77499998 1.52248967
v -0.66966581 -0.77499998 1.52248967
v -0.68886006 -0.76249999 1.52615082
v -0.68886006 -0.77499998 1.52615082
v -0.68886006 -0.77499998 1.52615082
v -0.70502126 -0.76249999 1.53713429
v -0.70502126 -0.76249999 1.53713429
v -0.70502126 -0.77499998 1.53713429
v -0.70502126 -0.77499998 1.53713429
v -0.70502126 -0.77499998 1.53713429
v -0.71600473 -0.76249999 1.55329549
v -0.71600473 -0.77499998 1.55329549
v -0.71600473 -0.77499998 1.55329549
v -0.71966588 -0.76249999 1.57248962
v -0.71966588 -0.77499998 1.57248962
v -0.71966588 -0.77499998 1.57248962
v -0.71966588 -0.76249981 1.92248964
v -0.71966588 -0.77499980 1.92248964
v -0.71966588 -0.77499980 1.92248964
v -0.71600473 -0.76249981 1.94168377
v -0.71600473 -0.77499980 1.94168377
v -0.71600473 -0.77499980 1.94168377
v -0.70502126 -0.76249981 1.95784497
v -0.70502126 -0.76249981 1.95784497
v -0.69782269 -0.76249981 1.95064640
v -0.69782269 -0.76249981 1.95064640
v -0.70502126 -0.77499980 1.95784497
v -0.70502126 -0.77499980 1.95784497
v -0.70502126 -0.77499980 1.95784497
v -0.73608422 -0.77499998 1.50000000
v -0.73608422 -0.77499998 1.50000000
v -0.74146736 -0.77408469 1.50000000
v -0.74146736 -0.77408469 1.50000000
v -0.50000000 -0.77499998 1.51402831
v -0.74146724 -0.77408451 2.00000000
v -0.74146724 -0.77408451 2.00000000
v -0.74599981 -0.77133882 1.50000000
v -0.74599981 -0.77133882 1.50000000
v -0.74599981 -0.77133864 2.00000000
v -0.74599981 -0.77133864 2.00000000
v -0.74599981 -0.77133864 2.00000000
v -0.74908018 -0.76729852 1.50000000
v -0.74908018 -0.76729852 1.50000000
v -0.75000012 -0.76249999 1.50000000
v -0.75000012 -0.76249999 1.50000000
v -0.74599981 -0.75366116 1.49999988
v -0.74599981 -0.75366116 1.49999988
v -0.74599981 -0.75366116 1.49999988
v -0.74146736 -0.75091529 1.49999988
v -0.74146736 -0.75091529 1.49999988
v -0.74599981 -0.75366092 1.99999988
v -0.74599981 -0.75366092 1.99999988
v -0.74908018 -0.75770122 2.00000000
v -0.74908018 -0.75770122 2.00000000
v -0.74908018 -0.75770146 1.49999988
v -0.74908018 -0.75770146 1.49999988
v -0.75000000 -0.76249981 2.00000000
v -0.75000000 -0.76249981 2.00000000
v -0.74908018 -0.76729834 2.00000000
v -0.74908018 -0.76729834 2.00000000
v -0.29497889 -0.77499992 1.53713429
v -0.29497889 -0.77499992 1.53713429
v -0.29497889 -0.77499992 1.53713429
v -0.28399539 -0.77499992 1.55329549
v -0.28399539 -0.77499992 1.55329549
v -0.28399539 -0.76249993 1.55329549
v -0.28033423 -0.76249993 1.57248962
v -0.29033422 -0.76249993 1.57343483
v -0.29033422 -0.74999976 1.92154443
v -0.29033422 -0.76249975 1.92154443
v -0.29343021 -0.74999976 1.93777573
v -0.29343021 -0.76249975 1.93777573
v -0.28033420 -0.76249975 1.92248964
v -0.28399536 -0.76249975 1.94168389
v -0.28033423 -0.77499992 1.57248962
v -0.28033423 -0.77499992 1.57248962
v -0.29497889 -0.76249975 1.95784497
v -0.29497889 -0.76249975 1.95784497
v -0.30217743 -0.76249975 1.95064640
v -0.30217743 -0.76249975 1.95064640
v -0.30217743 -0.74999970 1.95064640
v -0.31504807 -0.74999976 1.95939362
v -0.31504807 -0.76249975 1.95939362
v -0.31114003 -0.76249975 1.96882844
v -0.31114003 -0.74999970 1.96882844
v -0.29497889 -0.74999970 1.95784497
v -0.28399536 -0.74999970 1.94168377
v -0.25400034 -0.75366086 2.00000000
v -0.25400034 -0.75366086 2.00000000
v -0.25091997 -0.75770140 1.50000000
v -0.25091997 -0.75770140 1.50000000
v -0.25091994 -0.75770116 2.00000000
v -0.25091994 -0.75770116 2.00000000
v -0.25000003 -0.76249993 1.50000000
v -0.25000003 -0.76249993 1.50000000
v -0.25400034 -0.77133876 1.50000000
v -0.25400034 -0.77133876 1.50000000
v -0.25091997 -0.76729846 1.50000000
v -0.25091997 -0.76729846 1.50000000
v -0.25091994 -0.76729822 2.00000000
v -0.25091994 -0.76729822 2.00000000
v -0.25000003 -0.76249969 2.00000000
v -0.25000003 -0.76249969 2.00000000
v 0.77499974 -0.26391611 1.49999988
v 0.77499974 -0.26391611 1.49999988
v 0.77499986 -0.26391616 0.50200051
v 0.77499986 -0.26391616 0.50200051
v 0.77408457 -0.25853306 0.50200051
v 0.77408457 -0.25853306 0.50200051
v 0.77408433 -0.25853294 1.49999988
v 0.77408433 -0.25853294 1.49999988
v 0.77499986 -0.50000018 1.50000000
v 0.77499986 -0.50000018 1.50000000
v 0.74999988 -0.50000018 1.50000000
v 0.74999988 -0.50000018 1.50000000
v 0.77133846 -0.25400043 1.49999988
v 0.77133846 -0.25400043 1.49999988
v 0.77133846 -0.25400043 1.49999988
v 0.77499974 -0.28033432 1.42248964
v 0.77499974 -0.28033432 1.42248964
v 0.77499974 -0.28399551 1.44168377
v 0.77499974 -0.28399551 1.44168377
v 0.77499974 -0.29497901 1.45784497
v 0.77499974 -0.29497901 1.45784497
v 0.77499974 -0.29497901 1.45784497
v 0.77499974 -0.31114018 1.46882844
v 0.77499974 -0.31114018 1.46882844
v 0.77499974 -0.33033437 1.47248960
v 0.77499974 -0.33033437 1.47248960
v 0.77499986 -0.50000018 1.47248960
v 0.77499986 -0.50000018 1.47248960
v 0.76249981 -0.33033440 1.47248960
v 0.76249981 -0.50000018 1.47248960
v 0.77499998 -0.73608422 1.50000000
v 0.77499998 -0.73608422 1.50000000
v 0.77499998 -0.66966599 1.47248971
v 0.77499998 -0.66966599 1.47248971
v 0.76249993 -0.66966605 1.47248971
v 0.76249993 -0.68886018 1.46882856
v 0.77499998 -0.68886018 1.46882856
v 0.77499998 -0.68886018 1.46882856
v 0.76249993 -0.66872084 1.46248972
v 0.75450003 -0.66872078 1.46248972
v 0.76249993 -0.68495214 1.45939362
v 0.76249981 -0.50000024 1.46248960
v 0.76249981 -0.33127961 1.46248960
v 0.75449967 -0.33127961 1.46248960
v 0.75449991 -0.50000024 1.46248960
v 0.74999988 -0.50000024 1.47248960
v 0.74999976 -0.33033440 1.47248960
v 0.74999988 -0.66966605 1.47248971
v 0.75450003 -0.68495214 1.45939362
v 0.74999988 -0.68886018 1.46882856
v 0.75000000 -0.73608428 1.50000000
v 0.75000000 -0.73608428 1.50000000
v 0.75091529 -0.74146742 1.50000000
v 0.75091529 -0.74146742 1.50000000
v 0.75000024 -0.73608434 0.50200063
v 0.75000024 -0.73608434 0.50200063
v 0.75000024 -0.71966606 0.57248968
v 0.75000000 -0.71966600 1.42248964
v 0.75000000 -0.71600485 1.44168389
v 0.75000000 -0.70502138 1.45784497
v 0.75450003 -0.69782281 1.45064640
v 0.75450003 -0.70657003 1.43777585
v 0.76250005 -0.70657003 1.43777585
v 0.76250005 -0.70966601 1.42154443
v 0.75450003 -0.70966601 1.42154443
v 0.76250029 -0.70966607 0.57343489
v 0.75450015 -0.70966607 0.57343489
v 0.76250029 -0.70657009 0.55720359
v 0.75450015 -0.70657009 0.55720359
v 0.76250029 -0.69782287 0.54433286
v 0.76250029 -0.69782287 0.54433286
v 0.75450015 -0.69782287 0.54433286
v 0.75000024 -0.71600491 0.55329549
v 0.75000024 -0.70502144 0.53713429
v 0.75450015 -0.68495220 0.53558570
v 0.75000024 -0.68886024 0.52615082
v 0.75450015 -0.66872090 0.53248972
v 0.75000012 -0.66966605 0.52248973
v 0.75000012 -0.50000024 0.52248961
v 0.75450015 -0.50000024 0.53248966
v 0.75449991 -0.33127964 0.53248960
v 0.75000000 -0.33033442 0.52248961
v 0.75000012 -0.50000024 0.51402825
v 0.74999988 -0.26391616 0.50200051
v 0.74999988 -0.26391616 0.50200051
v 0.74999964 -0.26391611 1.49999988
v 0.74999964 -0.26391611 1.49999988
v 0.75091493 -0.25853294 1.49999988
v 0.75091493 -0.25853294 1.49999988
v 0.75091517 -0.25853306 0.50200051
v 0.75091517 -0.25853306 0.50200051
v 0.75000012 -0.50000024 0.50200051
v 0.75000012 -0.50000024 0.50200051
v 0.77500010 -0.50000024 0.50200051
v 0.77500010 -0.50000024 0.50200051
v 0.75366116 -0.25400060 0.50200051
v 0.75366116 -0.25400060 0.50200051
v 0.75366116 -0.25400060 0.50200051
v 0.75000000 -0.31114024 0.52615082
v 0.74999988 -0.29497910 0.53713429
v 0.74999988 -0.28399557 0.55329543
v 0.74999988 -0.28033441 0.57248962
v 0.74999964 -0.28033438 1.42248964
v 0.75449991 -0.29033440 0.57343483
v 0.75449991 -0.29343042 0.55720353
v 0.76249993 -0.29343042 0.55720353
v 0.75449991 -0.30217764 0.54433292
v 0.76249993 -0.30217764 0.54433292
v 0.76249993 -0.30217764 0.54433292
v 0.76250005 -0.31504828 0.53558558
v 0.76249993 -0.29497910 0.53713429
v 0.76249993 -0.29497910 0.53713429
v 0.76250005 -0.31114024 0.52615082
v 0.77499998 -0.31114021 0.52615082
v 0.77499998 -0.31114021 0.52615082
v 0.77499998 -0.33033440 0.52248961
v 0.77499998 -0.33033440 0.52248961
v 0.76250005 -0.33033442 0.52248961
v 0.76250017 -0.50000024 0.52248961
v 0.77500010 -0.50000024 0.52248961
v 0.77500010 -0.50000024 0.52248961
v 0.76250005 -0.33127967 0.53248960
v 0.75449991 -0.31504828 0.53558558
v 0.76250017 -0.50000024 0.53248966
v 0.76250017 -0.66872090 0.53248972
v 0.76250029 -0.68495220 0.53558570
v 0.76250017 -0.66966605 0.52248973
v 0.77500021 -0.66966605 0.52248973
v 0.77500021 -0.66966605 0.52248973
v 0.76250029 -0.68886024 0.52615082
v 0.77500021 -0.68886024 0.52615082
v 0.77500021 -0.68886024 0.52615082
v 0.76250029 -0.70502144 0.53713429
v 0.76250029 -0.70502144 0.53713429
v 0.77500021 -0.70502138 0.53713429
v 0.77500021 -0.70502138 0.53713429
v 0.77500021 -0.70502138 0.53713429
v 0.76250029 -0.71600491 0.55329549
v 0.77500021 -0.71600491 0.55329549
v 0.77500021 -0.71600491 0.55329549
v 0.76250029 -0.71966606 0.57248968
v 0.77500021 -0.71966606 0.57248968
v 0.77500021 -0.71966606 0.57248968
v 0.76250005 -0.71966600 1.42248964
v 0.77499998 -0.71966600 1.42248964
v 0.77499998 -0.71966600 1.42248964
v 0.76250005 -0.71600485 1.44168389
v 0.77499998 -0.71600485 1.44168389
v 0.77499998 -0.71600485 1.44168389
v 0.76250005 -0.70502138 1.45784497
v 0.76250005 -0.70502138 1.45784497
v 0.76250005 -0.69782281 1.45064640
v 0.76250005 -0.69782281 1.45064640
v 0.77499998 -0.70502138 1.45784497
v 0.77499998 -0.70502138 1.45784497
v 0.77499998 -0.70502138 1.45784497
v 0.77500021 -0.73608434 0.50200063
v 0.77500021 -0.73608434 0.50200063
v 0.77408493 -0.74146748 0.50200063
v 0.77408493 -0.74146748 0.50200063
v 0.77500010 -0.50000024 0.51402825
v 0.77408469 -0.74146742 1.50000000
v 0.77408469 -0.74146742 1.50000000
v 0.77133918 -0.74599993 0.50200063
v 0.77133918 -0.74599993 0.50200063
v 0.77133882 -0.74599987 1.50000000
v 0.77133882 -0.74599987 1.50000000
v 0.77133882 -0.74599987 1.50000000
v 0.76729882 -0.74908036 0.50200063
v 0.76729882 -0.74908036 0.50200063
v 0.76250029 -0.75000030 0.50200063
v 0.76250029 -0.75000030 0.50200063
v 0.75366139 -0.74599999 0.50200063
v 0.75366139 -0.74599999 0.50200063
v 0.75366139 -0.74599999 0.50200063
v 0.75091553 -0.74146748 0.50200063
v 0.75091553 -0.74146748 0.50200063
v 0.75366116 -0.74599987 1.50000000
v 0.75366116 -0.74599987 1.50000000
v 0.75770152 -0.74908030 1.50000000
v 0.75770152 -0.74908030 1.50000000
v 0.75770175 -0.74908036 0.50200063
v 0.75770175 -0.74908036 0.50200063
v 0.76250005 -0.75000024 1.50000000
v 0.76250005 -0.75000024 1.50000000
v 0.76729846 -0.74908024 1.50000000
v 0.76729846 -0.74908024 1.50000000
v 0.77499986 -0.29497910 0.53713429
v 0.77499986 -0.29497910 0.53713429
v 0.77499986 -0.29497910 0.53713429
v 0.77499986 -0.28399557 0.55329543
v 0.77499986 -0.28399557 0.55329543
v 0.76249993 -0.28399557 0.55329543
v 0.76249993 -0.28033441 0.57248962
v 0.76249993 -0.29033440 0.57343483
v 0.75449967 -0.29033437 1.42154443
v 0.76249969 -0.29033437 1.42154443
v 0.75449967 -0.29343036 1.43777573
v 0.76249969 -0.29343036 1.43777573
v 0.76249969 -0.28033438 1.42248964
v 0.76249969 -0.28399557 1.44168377
v 0.77499986 -0.28033441 0.57248962
v 0.77499986 -0.28033441 0.57248962
v 0.76249969 -0.29497904 1.45784497
v 0.76249969 -0.29497904 1.45784497
v 0.76249969 -0.30217755 1.45064640
v 0.76249969 -0.30217755 1.45064640
v 0.75449967 -0.30217755 1.45064640
v 0.75449967 -0.31504825 1.45939362
v 0.76249969 -0.31504825 1.45939362
v 0.76249969 -0.31114021 1.46882844
v 0.74999964 -0.31114021 1.46882844
v 0.74999964 -0.29497904 1.45784497
v 0.74999964 -0.28399557 1.44168377
v 0.75366080 -0.25400048 1.49999988
v 0.75366080 -0.25400048 1.49999988
v 0.75770140 -0.25092018 0.50200051
v 0.75770140 -0.25092018 0.50200051
v 0.75770116 -0.25092006 1.49999988
v 0.75770116 -0.25092006 1.49999988
v 0.76249993 -0.25000024 0.50200051
v 0.76249993 -0.25000024 0.50200051
v 0.77133882 -0.25400054 0.50200051
v 0.77133882 -0.25400054 0.50200051
v 0.76729846 -0.25092012 0.50200051
v 0.76729846 -0.25092012 0.50200051
v 0.76729822 -0.25092000 1.49999988
v 0.76729822 -0.25092000 1.49999988
v 0.76249969 -0.25000012 1.49999988
v 0.76249969 -0.25000012 1.49999988
v -0.75000024 -0.26391625 1.49999988
v -0.75000024 -0.26391625 1.49999988
v -0.75000000 -0.26391628 0.50200063
v -0.75000000 -0.26391628 0.50200063
v -0.75091529 -0.25853318 0.50200063
v -0.75091529 -0.25853318 0.50200063
v -0.75091553 -0.25853306 1.49999988
v -0.75091553 -0.25853306 1.49999988
v -0.75000012 -0.50000030 1.50000000
v -0.75000012 -0.50000030 1.50000000
v -0.77500010 -0.50000036 1.50000000
v -0.77500010 -0.50000036 1.50000000
v -0.75366139 -0.25400054 1.49999988
v -0.75366139 -0.25400054 1.49999988
v -0.75366139 -0.25400054 1.49999988
v -0.75000024 -0.28033444 1.42248964
v -0.75000024 -0.28033444 1.42248964
v -0.75000024 -0.28399563 1.44168377
v -0.75000024 -0.28399563 1.44168377
v -0.75000024 -0.29497913 1.45784497
v -0.75000024 -0.29497913 1.45784497
v -0.75000024 -0.29497913 1.45784497
v -0.75000024 -0.31114030 1.46882856
v -0.75000024 -0.31114030 1.46882856
v -0.75000024 -0.33033448 1.47248960
v -0.75000024 -0.33033448 1.47248960
v -0.75000012 -0.50000030 1.47248971
v -0.75000012 -0.50000030 1.47248971
v -0.76250017 -0.33033451 1.47248960
v -0.76250005 -0.50000030 1.47248971
v -0.74999988 -0.73608434 1.50000000
v -0.74999988 -0.73608434 1.50000000
v -0.75000000 -0.66966611 1.47248971
v -0.75000000 -0.66966611 1.47248971
v -0.76250005 -0.66966617 1.47248971
v -0.76250005 -0.68886030 1.46882856
v -0.75000000 -0.68886030 1.46882856
v -0.75000000 -0.68886030 1.46882856
v -0.76250005 -0.66872096 1.46248972
v -0.77049994 -0.66872096 1.46248972
v -0.76250005 -0.68495232 1.45939362
v -0.76250005 -0.50000036 1.46248960
v -0.76250017 -0.33127972 1.46248960
v -0.77050018 -0.33127972 1.46248960
v -0.77050006 -0.50000036 1.46248960
v -0.77500010 -0.50000036 1.47248971
v -0.77500021 -0.33033451 1.47248960
v -0.77499998 -0.66966617 1.47248971
v -0.77049994 -0.68495232 1.45939362
v -0.77499998 -0.68886030 1.46882856
v -0.77499998 -0.73608440 1.50000000
v -0.77499998 -0.73608440 1.50000000
v -0.77408469 -0.74146754 1.50000000
v -0.77408469 -0.74146754 1.50000000
v -0.77499974 -0.73608446 0.50200063
v -0.77499974 -0.73608446 0.50200063
v -0.77499974 -0.71966618 0.57248968
v -0.77499998 -0.71966618 1.42248964
v -0.77499998 -0.71600503 1.44168389
v -0.77499998 -0.70502150 1.45784497
v -0.77049994 -0.69782293 1.45064640
v -0.77049994 -0.70657015 1.43777585
v -0.76249993 -0.70657015 1.43777585
v -0.76249993 -0.70966613 1.42154443
v -0.77049994 -0.70966613 1.42154443
v -0.76249969 -0.70966619 0.57343495
v -0.77049971 -0.70966619 0.57343495
v -0.76249969 -0.70657021 0.55720359
v -0.77049971 -0.70657021 0.55720359
v -0.76249969 -0.69782299 0.54433292
v -0.76249969 -0.69782299 0.54433292
v -0.77049971 -0.69782299 0.54433292
v -0.77499974 -0.71600503 0.55329549
v -0.77499974 -0.70502156 0.53713441
v -0.77049971 -0.68495238 0.53558570
v -0.77499974 -0.68886036 0.52615088
v -0.77049971 -0.66872102 0.53248972
v -0.77499974 -0.66966617 0.52248973
v -0.77499986 -0.50000036 0.52248973
v -0.77049983 -0.50000036 0.53248972
v -0.77049994 -0.33127975 0.53248966
v -0.77499998 -0.33033454 0.52248967
v -0.77499986 -0.50000036 0.51402825
v -0.77499998 -0.26391628 0.50200063
v -0.77499998 -0.26391628 0.50200063
v -0.77500021 -0.26391625 1.49999988
v -0.77500021 -0.26391625 1.49999988
v -0.77408493 -0.25853306 1.49999988
v -0.77408493 -0.25853306 1.49999988
v -0.77408469 -0.25853318 0.50200063
v -0.77408469 -0.25853318 0.50200063
v -0.77499986 -0.50000036 0.50200051
v -0.77499986 -0.50000036 0.50200051
v -0.74999976 -0.50000036 0.50200051
v -0.74999976 -0.50000036 0.50200051
v -0.77133882 -0.25400072 0.50200063
v -0.77133882 -0.25400072 0.50200063
v -0.77133882 -0.25400072 0.50200063
v -0.77499998 -0.31114036 0.52615082
v -0.77499998 -0.29497921 0.53713435
v -0.77499998 -0.28399569 0.55329543
v -0.77499998 -0.28033453 0.57248962
v -0.77500021 -0.28033450 1.42248964
v -0.77049994 -0.29033455 0.57343495
v -0.77049994 -0.29343057 0.55720353
v -0.76250005 -0.29343057 0.55720353
v -0.77049994 -0.30217776 0.54433292
v -0.76250005 -0.30217776 0.54433292
v -0.76250005 -0.30217776 0.54433292
v -0.76249993 -0.31504840 0.53558564
v -0.76250005 -0.29497921 0.53713435
v -0.76250005 -0.29497921 0.53713435
v -0.76249993 -0.31114036 0.52615082
v -0.75000000 -0.31114033 0.52615082
v -0.75000000 -0.31114033 0.52615082
v -0.75000000 -0.33033451 0.52248967
v -0.75000000 -0.33033451 0.52248967
v -0.76249993 -0.33033454 0.52248967
v -0.76249981 -0.50000036 0.52248973
v -0.74999976 -0.50000036 0.52248973
v -0.74999976 -0.50000036 0.52248973
v -0.76249993 -0.33127978 0.53248966
v -0.77049994 -0.31504840 0.53558564
v -0.76249981 -0.50000036 0.53248972
v -0.76249981 -0.66872102 0.53248972
v -0.76249969 -0.68495238 0.53558570
v -0.76249981 -0.66966617 0.52248973
v -0.74999976 -0.66966617 0.52248973
v -0.74999976 -0.66966617 0.52248973
v -0.76249969 -0.68886036 0.52615088
v -0.74999976 -0.68886036 0.52615088
v -0.74999976 -0.68886036 0.52615088
v -0.76249969 -0.70502156 0.53713441
v -0.76249969 -0.70502156 0.53713441
v -0.74999976 -0.70502156 0.53713441
v -0.74999976 -0.70502156 0.53713441
v -0.74999976 -0.70502156 0.53713441
v -0.76249969 -0.71600503 0.55329549
v -0.74999976 -0.71600503 0.55329549
v -0.74999976 -0.71600503 0.55329549
v -0.76249969 -0.71966618 0.57248968
v -0.74999976 -0.71966618 0.57248968
v -0.74999976 -0.71966618 0.57248968
v -0.76249993 -0.71966618 1.42248964
v -0.74999988 -0.71966612 1.42248964
v -0.74999988 -0.71966612 1.42248964
v -0.76249993 -0.71600503 1.44168389
v -0.74999988 -0.71600497 1.44168389
v -0.74999988 -0.71600497 1.44168389
v -0.76249993 -0.70502150 1.45784497
v -0.76249993 -0.70502150 1.45784497
v -0.76249993 -0.69782293 1.45064640
v -0.76249993 -0.69782293 1.45064640
v -0.74999988 -0.70502150 1.45784497
v -0.74999988 -0.70502150 1.45784497
v -0.74999988 -0.70502150 1.45784497
v -0.74999976 -0.73608446 0.50200063
v -0.74999976 -0.73608446 0.50200063
v -0.75091505 -0.74146760 0.50200063
v -0.75091505 -0.74146760 0.50200063
v -0.74999976 -0.50000036 0.51402825
v -0.75091529 -0.74146754 1.50000000
v -0.75091529 -0.74146754 1.50000000
v -0.75366080 -0.74600005 0.50200063
v -0.75366080 -0.74600005 0.50200063
v -0.75366116 -0.74599999 1.50000000
v -0.75366116 -0.74599999 1.50000000
v -0.75366116 -0.74599999 1.50000000
v -0.75770116 -0.74908048 0.50200063
v -0.75770116 -0.74908048 0.50200063
v -0.76249969 -0.75000042 0.50200063
v -0.76249969 -0.75000042 0.50200063
v -0.77133846 -0.74600011 0.50200063
v -0.77133846 -0.74600011 0.50200063
v -0.77133846 -0.74600011 0.50200063
v -0.77408445 -0.74146760 0.50200063
v -0.77408445 -0.74146760 0.50200063
v -0.77133882 -0.74600005 1.50000000
v -0.77133882 -0.74600005 1.50000000
v -0.76729846 -0.74908042 1.50000000
v -0.76729846 -0.74908042 1.50000000
v -0.76729822 -0.74908048 0.50200063
v -0.76729822 -0.74908048 0.50200063
v -0.76249993 -0.75000036 1.50000000
v -0.76249993 -0.75000036 1.50000000
v -0.75770140 -0.74908042 1.50000000
v -0.75770140 -0.74908042 1.50000000
v -0.75000000 -0.29497921 0.53713435
v -0.75000000 -0.29497921 0.53713435
v -0.75000000 -0.29497921 0.53713435
v -0.75000000 -0.28399569 0.55329543
v -0.75000000 -0.28399569 0.55329543
v -0.76250005 -0.28399569 0.55329543
v -0.76250005 -0.28033453 0.57248962
v -0.76250005 -0.29033455 0.57343495
v -0.77050018 -0.29033449 1.42154443
v -0.76250029 -0.29033449 1.42154443
v -0.77050018 -0.29343051 1.43777573
v -0.76250029 -0.29343051 1.43777573
v -0.76250029 -0.28033450 1.42248964
v -0.76250029 -0.28399569 1.44168377
v -0.75000000 -0.28033453 0.57248962
v -0.75000000 -0.28033453 0.57248962
v -0.76250029 -0.29497916 1.45784497
v -0.76250029 -0.29497916 1.45784497
v -0.76250029 -0.30217767 1.45064640
v -0.76250029 -0.30217767 1.45064640
v -0.77050018 -0.30217767 1.45064640
v -0.77050018 -0.31504837 1.45939362
v -0.76250029 -0.31504837 1.45939362
v -0.76250029 -0.31114033 1.46882856
v -0.77500021 -0.31114033 1.46882856
v -0.77500021 -0.29497916 1.45784497
v -0.77500021 -0.28399569 1.44168377
v -0.77133918 -0.25400060 1.49999988
v -0.77133918 -0.25400060 1.49999988
v -0.76729858 -0.25092030 0.50200063
v -0.76729858 -0.25092030 0.50200063
v -0.76729882 -0.25092018 1.50000000
v -0.76729882 -0.25092018 1.50000000
v -0.76250005 -0.25000042 0.50200063
v -0.76250005 -0.25000042 0.50200063
v -0.75366116 -0.25400066 0.50200063
v -0.75366116 -0.25400066 0.50200063
v -0.75770140 -0.25092024 0.50200063
v -0.75770140 -0.25092024 0.50200063
v -0.75770175 -0.25092018 1.50000000
v -0.75770175 -0.25092018 1.50000000
v -0.76250029 -0.25000030 1.50000000
v -0.76250029 -0.25000030 1.50000000
v 0.77499974 -0.26391593 2.00000000
v 0.77499974 -0.26391593 2.00000000
v 0.77499986 -0.26391590 1.50000000
v 0.77499986 -0.26391590 1.50000000
v 0.77408457 -0.25853270 1.50000000
v 0.77408457 -0.25853270 1.50000000
v 0.77408433 -0.25853276 2.00000000
v 0.77408433 -0.25853276 2.00000000
v 0.77499986 -0.50000000 2.00000000
v 0.77499986 -0.50000000 2.00000000
v 0.74999988 -0.50000000 2.00000000
v 0.74999988 -0.50000000 2.00000000
v 0.77133846 -0.25400031 2.00000000
v 0.77133846 -0.25400031 2.00000000
v 0.77133846 -0.25400031 2.00000000
v 0.77499974 -0.28033414 1.92248964
v 0.77499974 -0.28033414 1.92248964
v 0.77499974 -0.28399530 1.94168377
v 0.77499974 -0.28399530 1.94168377
v 0.77499974 -0.29497880 1.95784497
v 0.77499974 -0.29497880 1.95784497
v 0.77499974 -0.29497880 1.95784497
v 0.77499974 -0.31114000 1.96882844
v 0.77499974 -0.31114000 1.96882844
v 0.77499974 -0.33033413 1.97248960
v 0.77499974 -0.33033413 1.97248960
v 0.77499986 -0.49999997 1.97248960
v 0.77499986 -0.49999997 1.97248960
v 0.76249981 -0.33033416 1.97248960
v 0.76249993 -0.50000000 1.97248960
v 0.77500010 -0.73608404 2.00000000
v 0.77500010 -0.73608404 2.00000000
v 0.77499998 -0.66966581 1.97248960
v 0.77499998 -0.66966581 1.97248960
v 0.76250005 -0.66966581 1.97248960
v 0.76250005 -0.68886000 1.96882844
v 0.77500010 -0.68886000 1.96882844
v 0.77500010 -0.68886000 1.96882844
v 0.76250005 -0.66872060 1.96248960
v 0.75000000 -0.66872060 1.96248960
v 0.76250005 -0.68495196 1.95939374
v 0.76249993 -0.50000000 1.96248960
v 0.76249981 -0.33127940 1.96248960
v 0.74999976 -0.33127940 1.96248960
v 0.74999988 -0.50000000 1.96248960
v 0.74999988 -0.50000000 1.97248960
v 0.74999976 -0.33033416 1.97248960
v 0.75000000 -0.66966581 1.97248960
v 0.75000012 -0.68495196 1.95939374
v 0.75000012 -0.68886000 1.96882844
v 0.75000012 -0.73608404 2.00000000
v 0.75000012 -0.73608404 2.00000000
v 0.75091541 -0.74146724 2.00000000
v 0.75091541 -0.74146724 2.00000000
v 0.75000036 -0.73608404 1.50000000
v 0.75000036 -0.73608404 1.50000000
v 0.75000024 -0.71966583 1.57248962
v 0.75000012 -0.71966583 1.92248964
v 0.75000012 -0.71600467 1.94168389
v 0.75000012 -0.70502114 1.95784497
v 0.75000012 -0.69782263 1.95064640
v 0.75000012 -0.70656979 1.93777585
v 0.76250005 -0.70656979 1.93777585
v 0.76250005 -0.70966583 1.92154443
v 0.75000012 -0.70966583 1.92154443
v 0.76250029 -0.70966583 1.57343483
v 0.75000024 -0.70966583 1.57343483
v 0.76250029 -0.70656979 1.55720353
v 0.75000024 -0.70656979 1.55720353
v 0.76250029 -0.69782263 1.54433286
v 0.76250029 -0.69782263 1.54433286
v 0.75000024 -0.69782263 1.54433286
v 0.75000036 -0.71600467 1.55329549
v 0.75000024 -0.70502114 1.53713429
v 0.75000024 -0.68495196 1.53558564
v 0.75000024 -0.68886000 1.52615082
v 0.75000024 -0.66872060 1.53248966
v 0.75000024 -0.66966581 1.52248967
v 0.75000012 -0.50000000 1.52248967
v 0.75000012 -0.50000000 1.53248966
v 0.74999988 -0.33127934 1.53248966
v 0.74999988 -0.33033419 1.52248967
v 0.75000012 -0.50000000 1.51402831
v 0.74999988 -0.26391593 1.50000000
v 0.74999988 -0.26391593 1.50000000
v 0.74999964 -0.26391593 2.00000000
v 0.74999964 -0.26391593 2.00000000
v 0.75091493 -0.25853276 2.00000000
v 0.75091493 -0.25853276 2.00000000
v 0.75091517 -0.25853276 1.50000000
v 0.75091517 -0.25853276 1.50000000
v 0.75000012 -0.50000000 1.50000000
v 0.75000012 -0.50000000 1.50000000
v 0.77500010 -0.49999997 1.50000000
v 0.77500010 -0.49999997 1.50000000
v 0.75366104 -0.25400025 1.50000000
v 0.75366104 -0.25400025 1.50000000
v 0.75366104 -0.25400025 1.50000000
v 0.74999988 -0.31114000 1.52615082
v 0.74999988 -0.29497886 1.53713429
v 0.74999988 -0.28399533 1.55329549
v 0.74999988 -0.28033417 1.57248962
v 0.74999964 -0.28033414 1.92248964
v 0.74999988 -0.29033417 1.57343483
v 0.74999988 -0.29343018 1.55720353
v 0.76249993 -0.29343018 1.55720353
v 0.74999988 -0.30217737 1.54433286
v 0.76249993 -0.30217737 1.54433286
v 0.76249993 -0.30217737 1.54433286
v 0.76249993 -0.31504804 1.53558564
v 0.76249993 -0.29497886 1.53713429
v 0.76249993 -0.29497886 1.53713429
v 0.76249993 -0.31114000 1.52615082
v 0.77499986 -0.31113997 1.52615082
v 0.77499986 -0.31113997 1.52615082
v 0.77499986 -0.33033416 1.52248967
v 0.77499986 -0.33033416 1.52248967
v 0.76249993 -0.33033419 1.52248967
v 0.76250017 -0.50000000 1.52248967
v 0.77500010 -0.50000000 1.52248967
v 0.77500010 -0.50000000 1.52248967
v 0.76249993 -0.33127934 1.53248966
v 0.74999988 -0.31504804 1.53558564
v 0.76250017 -0.50000000 1.53248966
v 0.76250029 -0.66872060 1.53248966
v 0.76250029 -0.68495196 1.53558564
v 0.76250029 -0.66966581 1.52248967
v 0.77500021 -0.66966581 1.52248967
v 0.77500021 -0.66966581 1.52248967
v 0.76250029 -0.68886000 1.52615082
v 0.77500021 -0.68886000 1.52615082
v 0.77500021 -0.68886000 1.52615082
v 0.76250029 -0.70502114 1.53713429
v 0.76250029 -0.70502114 1.53713429
v 0.77500021 -0.70502114 1.53713429
v 0.77500021 -0.70502114 1.53713429
v 0.77500021 -0.70502114 1.53713429
v 0.76250029 -0.71600467 1.55329549
v 0.77500021 -0.71600467 1.55329549
v 0.77500021 -0.71600467 1.55329549
v 0.76250029 -0.71966583 1.57248962
v 0.77500021 -0.71966583 1.57248962
v 0.77500021 -0.71966583 1.57248962
v 0.76250005 -0.71966583 1.92248964
v 0.77500010 -0.71966583 1.92248964
v 0.77500010 -0.71966583 1.92248964
v 0.76250005 -0.71600467 1.94168389
v 0.77500010 -0.71600467 1.94168389
v 0.77500010 -0.71600467 1.94168389
v 0.76250005 -0.70502114 1.95784497
v 0.76250005 -0.70502114 1.95784497
v 0.76250005 -0.69782263 1.95064640
v 0.76250005 -0.69782263 1.95064640
v 0.77500010 -0.70502114 1.95784497
v 0.77500010 -0.70502114 1.95784497
v 0.77500010 -0.70502114 1.95784497
v 0.77500033 -0.73608404 1.50000000
v 0.77500033 -0.73608404 1.50000000
v 0.77408504 -0.74146718 1.50000000
v 0.77408504 -0.74146718 1.50000000
v 0.77500010 -0.49999997 1.51402831
v 0.77408481 -0.74146718 2.00000000
v 0.77408481 -0.74146718 2.00000000
v 0.77133918 -0.74599969 1.49999988
v 0.77133918 -0.74599969 1.49999988
v 0.77133894 -0.74599969 2.00000000
v 0.77133894 -0.74599969 2.00000000
v 0.77133894 -0.74599969 2.00000000
v 0.76729882 -0.74908006 1.50000000
v 0.76729882 -0.74908006 1.50000000
v 0.76250029 -0.75000000 1.50000000
v 0.76250029 -0.75000000 1.50000000
v 0.75366151 -0.74599969 1.49999988
v 0.75366151 -0.74599969 1.49999988
v 0.75366151 -0.74599969 1.49999988
v 0.75091565 -0.74146724 1.50000000
v 0.75091565 -0.74146724 1.50000000
v 0.75366127 -0.74599969 2.00000000
v 0.75366127 -0.74599969 2.00000000
v 0.75770164 -0.74908012 1.99999988
v 0.75770164 -0.74908012 1.99999988
v 0.75770175 -0.74908012 1.50000000
v 0.75770175 -0.74908012 1.50000000
v 0.76250005 -0.75000006 1.99999988
v 0.76250005 -0.75000006 1.99999988
v 0.76729870 -0.74908006 1.99999988
v 0.76729870 -0.74908006 1.99999988
v 0.77499986 -0.29497880 1.53713429
v 0.77499986 -0.29497880 1.53713429
v 0.77499986 -0.29497880 1.53713429
v 0.77499986 -0.28399530 1.55329549
v 0.77499986 -0.28399530 1.55329549
v 0.76249993 -0.28399533 1.55329549
v 0.76249981 -0.28033417 1.57248962
v 0.76249993 -0.29033417 1.57343483
v 0.74999964 -0.29033417 1.92154443
v 0.76249969 -0.29033417 1.92154443
v 0.74999964 -0.29343015 1.93777585
v 0.76249969 -0.29343018 1.93777585
v 0.76249969 -0.28033414 1.92248964
v 0.76249969 -0.28399533 1.94168377
v 0.77499986 -0.28033414 1.57248962
v 0.77499986 -0.28033414 1.57248962
v 0.76249969 -0.29497880 1.95784497
v 0.76249969 -0.29497880 1.95784497
v 0.76249969 -0.30217737 1.95064640
v 0.76249969 -0.30217737 1.95064640
v 0.74999964 -0.30217737 1.95064640
v 0.74999976 -0.31504801 1.95939362
v 0.76249981 -0.31504801 1.95939362
v 0.76249969 -0.31114003 1.96882844
v 0.74999964 -0.31114003 1.96882844
v 0.74999964 -0.29497880 1.95784497
v 0.74999964 -0.28399533 1.94168377
v 0.75366080 -0.25400031 2.00000000
v 0.75366080 -0.25400031 2.00000000
v 0.75770128 -0.25091988 1.49999988
v 0.75770128 -0.25091988 1.49999988
v 0.75770116 -0.25091994 2.00000000
v 0.75770116 -0.25091994 2.00000000
v 0.76249981 -0.24999994 1.49999988
v 0.76249981 -0.24999994 1.49999988
v 0.77133870 -0.25400025 1.50000000
v 0.77133870 -0.25400025 1.50000000
v 0.76729846 -0.25091988 1.49999988
v 0.76729846 -0.25091988 1.49999988
v 0.76729822 -0.25091988 2.00000000
v 0.76729822 -0.25091988 2.00000000
v 0.76249969 -0.25000000 2.00000000
v 0.76249969 -0.25000000 2.00000000
v -0.75000024 -0.26391608 2.00000000
v -0.75000024 -0.26391608 2.00000000
v -0.75000000 -0.26391602 1.50000000
v -0.75000000 -0.26391602 1.50000000
v -0.75091529 -0.25853282 1.50000000
v -0.75091529 -0.25853282 1.50000000
v -0.75091553 -0.25853294 2.00000000
v -0.75091553 -0.25853294 2.00000000
v -0.75000000 -0.50000012 2.00000000
v -0.75000000 -0.50000012 2.00000000
v -0.77499998 -0.50000012 2.00000000
v -0.77499998 -0.50000012 2.00000000
v -0.75366139 -0.25400043 2.00000000
v -0.75366139 -0.25400043 2.00000000
v -0.75366139 -0.25400043 2.00000000
v -0.75000024 -0.28033426 1.92248964
v -0.75000024 -0.28033426 1.92248964
v -0.75000024 -0.28399542 1.94168377
v -0.75000024 -0.28399542 1.94168377
v -0.75000024 -0.29497892 1.95784497
v -0.75000024 -0.29497892 1.95784497
v -0.75000024 -0.29497892 1.95784497
v -0.75000024 -0.31114012 1.96882844
v -0.75000024 -0.31114012 1.96882844
v -0.75000024 -0.33033425 1.97248960
v -0.75000024 -0.33033425 1.97248960
v -0.75000000 -0.50000012 1.97248960
v -0.75000000 -0.50000012 1.97248960
v -0.76250017 -0.33033431 1.97248960
v -0.76250005 -0.50000012 1.97248960
v -0.74999988 -0.73608416 2.00000000
v -0.74999988 -0.73608416 2.00000000
v -0.74999988 -0.66966593 1.97248960
v -0.74999988 -0.66966593 1.97248960
v -0.76249993 -0.66966593 1.97248960
v -0.76249981 -0.68886012 1.96882844
v -0.74999988 -0.68886012 1.96882844
v -0.74999988 -0.68886012 1.96882844
v -0.76249993 -0.66872072 1.96248960
v -0.77499998 -0.66872072 1.96248960
v -0.76249981 -0.68495208 1.95939362
v -0.76250005 -0.50000012 1.96248960
v -0.76250017 -0.33127952 1.96248960
v -0.77500021 -0.33127952 1.96248960
v -0.77499998 -0.50000012 1.96248960
v -0.77499998 -0.50000012 1.97248960
v -0.77500021 -0.33033431 1.97248960
v -0.77499998 -0.66966593 1.97248960
v -0.77499986 -0.68495208 1.95939362
v -0.77499986 -0.68886012 1.96882844
v -0.77499986 -0.73608422 2.00000000
v -0.77499986 -0.73608422 2.00000000
v -0.77408457 -0.74146736 2.00000000
v -0.77408457 -0.74146736 2.00000000
v -0.77499962 -0.73608422 1.50000000
v -0.77499962 -0.73608422 1.50000000
v -0.77499974 -0.71966594 1.57248962
v -0.77499986 -0.71966594 1.92248964
v -0.77499986 -0.71600479 1.94168377
v -0.77499986 -0.70502126 1.95784497
v -0.77499986 -0.69782275 1.95064640
v -0.77499986 -0.70656991 1.93777573
v -0.76249981 -0.70656991 1.93777573
v -0.76249981 -0.70966595 1.92154443
v -0.77499986 -0.70966595 1.92154443
v -0.76249969 -0.70966595 1.57343483
v -0.77499974 -0.70966595 1.57343483
v -0.76249969 -0.70656991 1.55720353
v -0.77499974 -0.70656991 1.55720353
v -0.76249969 -0.69782275 1.54433286
v -0.76249969 -0.69782275 1.54433286
v -0.77499974 -0.69782275 1.54433286
v -0.77499962 -0.71600479 1.55329549
v -0.77499974 -0.70502126 1.53713429
v -0.77499974 -0.68495208 1.53558564
v -0.77499974 -0.68886012 1.52615082
v -0.77499974 -0.66872072 1.53248966
v -0.77499974 -0.66966593 1.52248967
v -0.77499986 -0.50000012 1.52248967
v -0.77499986 -0.50000012 1.53248966
v -0.77499998 -0.33127949 1.53248966
v -0.77499998 -0.33033431 1.52248967
v -0.77499986 -0.50000012 1.51402831
v -0.77499998 -0.26391605 1.50000000
v -0.77499998 -0.26391605 1.50000000
v -0.77500021 -0.26391608 2.00000000
v -0.77500021 -0.26391608 2.00000000
v -0.77408493 -0.25853294 2.00000000
v -0.77408493 -0.25853294 2.00000000
v -0.77408481 -0.25853288 1.50000000
v -0.77408481 -0.25853288 1.50000000
v -0.77499986 -0.50000012 1.50000000
v -0.77499986 -0.50000012 1.50000000
v -0.74999976 -0.50000012 1.50000000
v -0.74999976 -0.50000012 1.50000000
v -0.77133894 -0.25400037 1.50000000
v -0.77133894 -0.25400037 1.50000000
v -0.77133894 -0.25400037 1.50000000
v -0.77499998 -0.31114012 1.52615082
v -0.77499998 -0.29497898 1.53713429
v -0.77499998 -0.28399545 1.55329549
v -0.77500010 -0.28033429 1.57248962
v -0.77500021 -0.28033426 1.92248964
v -0.77499998 -0.29033431 1.57343483
v -0.77499998 -0.29343030 1.55720353
v -0.76250005 -0.29343030 1.55720353
v -0.77499998 -0.30217749 1.54433286
v -0.76250005 -0.30217749 1.54433286
v -0.76250005 -0.30217749 1.54433286
v -0.76250005 -0.31504816 1.53558564
v -0.76250005 -0.29497898 1.53713429
v -0.76250005 -0.29497898 1.53713429
v -0.76250005 -0.31114012 1.52615082
v -0.75000000 -0.31114009 1.52615082
v -0.75000000 -0.31114009 1.52615082
v -0.75000000 -0.33033428 1.52248967
v -0.75000000 -0.33033428 1.52248967
v -0.76250005 -0.33033431 1.52248967
v -0.76249981 -0.50000012 1.52248967
v -0.74999976 -0.50000012 1.52248967
v -0.74999976 -0.50000012 1.52248967
v -0.76250005 -0.33127949 1.53248966
v -0.77499998 -0.31504816 1.53558564
v -0.76249981 -0.50000012 1.53248966
v -0.76249969 -0.66872072 1.53248966
v -0.76249969 -0.68495208 1.53558564
v -0.76249969 -0.66966593 1.52248967
v -0.74999976 -0.66966593 1.52248967
v -0.74999976 -0.66966593 1.52248967
v -0.76249969 -0.68886012 1.52615082
v -0.74999976 -0.68886012 1.52615082
v -0.74999976 -0.68886012 1.52615082
v -0.76249969 -0.70502126 1.53713429
v -0.76249969 -0.70502126 1.53713429
v -0.74999976 -0.70502126 1.53713429
v -0.74999976 -0.70502126 1.53713429
v -0.74999976 -0.70502126 1.53713429
v -0.76249969 -0.71600479 1.55329549
v -0.74999976 -0.71600479 1.55329549
v -0.74999976 -0.71600479 1.55329549
v -0.76249969 -0.71966594 1.57248962
v -0.74999976 -0.71966594 1.57248962
v -0.74999976 -0.71966594 1.57248962
v -0.76249981 -0.71966594 1.92248964
v -0.74999988 -0.71966594 1.92248964
v -0.74999988 -0.71966594 1.92248964
v -0.76249981 -0.71600479 1.94168377
v -0.74999988 -0.71600479 1.94168389
v -0.74999988 -0.71600479 1.94168389
v -0.76249981 -0.70502126 1.95784497
v -0.76249981 -0.70502126 1.95784497
v -0.76249981 -0.69782275 1.95064640
v -0.76249981 -0.69782275 1.95064640
v -0.74999988 -0.70502126 1.95784497
v -0.74999988 -0.70502126 1.95784497
v -0.74999988 -0.70502126 1.95784497
v -0.74999964 -0.73608416 1.50000000
v -0.74999964 -0.73608416 1.50000000
v -0.75091493 -0.74146736 1.50000000
v -0.75091493 -0.74146736 1.50000000
v -0.74999976 -0.50000012 1.51402831
v -0.75091517 -0.74146736 2.00000000
v -0.75091517 -0.74146736 2.00000000
v -0.75366080 -0.74599981 1.50000000
v -0.75366080 -0.74599981 1.50000000
v -0.75366092 -0.74599981 2.00000000
v -0.75366092 -0.74599981 2.00000000
v -0.75366092 -0.74599981 2.00000000
v -0.75770116 -0.74908018 1.50000000
v -0.75770116 -0.74908018 1.50000000
v -0.76249957 -0.75000018 1.50000000
v -0.76249957 -0.75000018 1.50000000
v -0.77133846 -0.74599981 1.50000000
v -0.77133846 -0.74599981 1.50000000
v -0.77133846 -0.74599981 1.50000000
v -0.77408433 -0.74146736 1.50000000
v -0.77408433 -0.74146736 1.50000000
v -0.77133870 -0.74599981 2.00000000
v -0.77133870 -0.74599981 2.00000000
v -0.76729834 -0.74908024 1.99999988
v -0.76729834 -0.74908024 1.99999988
v -0.76729810 -0.74908024 1.50000000
v -0.76729810 -0.74908024 1.50000000
v -0.76249981 -0.75000018 1.99999988
v -0.76249981 -0.75000018 1.99999988
v -0.75770128 -0.74908018 1.99999988
v -0.75770128 -0.74908018 1.99999988
v -0.75000000 -0.29497895 1.53713429
v -0.75000000 -0.29497895 1.53713429
v -0.75000000 -0.29497895 1.53713429
v -0.75000000 -0.28399542 1.55329549
v -0.75000000 -0.28399542 1.55329549
v -0.76250005 -0.28399545 1.55329549
v -0.76250005 -0.28033429 1.57248962
v -0.76250005 -0.29033431 1.57343483
v -0.77500021 -0.29033428 1.92154443
v -0.76250029 -0.29033428 1.92154443
v -0.77500021 -0.29343030 1.93777573
v -0.76250029 -0.29343033 1.93777573
v -0.76250029 -0.28033426 1.92248964
v -0.76250029 -0.28399545 1.94168377
v -0.75000012 -0.28033426 1.57248962
v -0.75000012 -0.28033426 1.57248962
v -0.76250029 -0.29497892 1.95784497
v -0.76250029 -0.29497892 1.95784497
v -0.76250029 -0.30217749 1.95064640
v -0.76250029 -0.30217749 1.95064640
v -0.77500021 -0.30217749 1.95064640
v -0.77500021 -0.31504813 1.95939362
v -0.76250017 -0.31504813 1.95939362
v -0.76250029 -0.31114015 1.96882844
v -0.77500021 -0.31114015 1.96882844
v -0.77500021 -0.29497892 1.95784497
v -0.77500021 -0.28399545 1.94168377
v -0.77133918 -0.25400043 1.99999988
v -0.77133918 -0.25400043 1.99999988
v -0.76729858 -0.25092000 1.50000000
v -0.76729858 -0.25092000 1.50000000
v -0.76729882 -0.25092006 1.99999988
v -0.76729882 -0.25092006 1.99999988
v -0.76250005 -0.25000006 1.50000000
v -0.76250005 -0.25000006 1.50000000
v -0.75366127 -0.25400037 1.50000000
v -0.75366127 -0.25400037 1.50000000
v -0.75770152 -0.25092000 1.50000000
v -0.75770152 -0.25092000 1.50000000
v -0.75770175 -0.25092000 1.99999988
v -0.75770175 -0.25092000 1.99999988
v -0.76250029 -0.25000012 1.99999988
v -0.76250029 -0.25000012 1.99999988
v 0.77499950 0.23608404 2.00000000
v 0.77499950 0.23608404 2.00000000
v 0.77499962 0.23608410 1.50000000
v 0.77499962 0.23608410 1.50000000
v 0.77408433 0.24146724 1.50000000
v 0.77408433 0.24146724 1.50000000
v 0.77408409 0.24146724 2.00000000
v 0.77408409 0.24146724 2.00000000
v 0.77499962 0.00000000 2.00000000
v 0.77499962 0.00000000 2.00000000
v 0.74999964 0.00000000 2.00000000
v 0.74999964 0.00000000 2.00000000
v 0.77133822 0.24599969 2.00000000
v 0.77133822 0.24599969 2.00000000
v 0.77133822 0.24599969 2.00000000
v 0.77499950 0.21966583 1.92248964
v 0.77499950 0.21966583 1.92248964
v 0.77499950 0.21600467 1.94168377
v 0.77499950 0.21600467 1.94168377
v 0.77499950 0.20502120 1.95784497
v 0.77499950 0.20502120 1.95784497
v 0.77499950 0.20502120 1.95784497
v 0.77499950 0.18886006 1.96882844
v 0.77499950 0.18886006 1.96882844
v 0.77499950 0.16966587 1.97248971
v 0.77499950 0.16966587 1.97248971
v 0.77499962 0.00000006 1.97248971
v 0.77499962 0.00000006 1.97248971
v 0.76249957 0.16966587 1.97248960
v 0.76249969 0.00000000 1.97248971
v 0.77499986 -0.23608404 2.00000000
v 0.77499986 -0.23608404 2.00000000
v 0.77499974 -0.16966575 1.97248960
v 0.77499974 -0.16966575 1.97248960
v 0.76249981 -0.16966581 1.97248960
v 0.76249981 -0.18886006 1.96882844
v 0.77499986 -0.18886000 1.96882844
v 0.77499986 -0.18886000 1.96882844
v 0.76249981 -0.16872066 1.96248960
v 0.74999976 -0.16872066 1.96248960
v 0.76249981 -0.18495196 1.95939362
v 0.76249969 0.00000000 1.96248960
v 0.76249957 0.16872060 1.96248960
v 0.74999952 0.16872060 1.96248960
v 0.74999964 0.00000000 1.96248960
v 0.74999964 0.00000000 1.97248971
v 0.74999952 0.16966587 1.97248960
v 0.74999976 -0.16966581 1.97248960
v 0.74999988 -0.18495196 1.95939362
v 0.74999988 -0.18886006 1.96882844
v 0.74999988 -0.23608410 2.00000000
v 0.74999988 -0.23608410 2.00000000
v 0.75091517 -0.24146724 2.00000000
v 0.75091517 -0.24146724 2.00000000
v 0.75000012 -0.23608404 1.50000000
v 0.75000012 -0.23608404 1.50000000
v 0.75000000 -0.21966588 1.57248962
v 0.74999988 -0.21966577 1.92248964
v 0.74999988 -0.21600467 1.94168377
v 0.74999988 -0.20502114 1.95784497
v 0.74999988 -0.19782269 1.95064640
v 0.74999988 -0.20656985 1.93777585
v 0.76249981 -0.20656985 1.93777585
v 0.76249981 -0.20966583 1.92154443
v 0.74999988 -0.20966578 1.92154443
v 0.76250005 -0.20966589 1.57343483
v 0.75000000 -0.20966589 1.57343483
v 0.76250005 -0.20656979 1.55720353
v 0.75000000 -0.20656979 1.55720353
v 0.76250005 -0.19782263 1.54433286
v 0.76250005 -0.19782263 1.54433286
v 0.75000000 -0.19782263 1.54433286
v 0.75000012 -0.21600467 1.55329549
v 0.75000000 -0.20502120 1.53713429
v 0.75000000 -0.18495196 1.53558564
v 0.75000000 -0.18886006 1.52615082
v 0.75000000 -0.16872060 1.53248966
v 0.75000000 -0.16966587 1.52248967
v 0.74999988 -0.00000006 1.52248967
v 0.74999988 0.00000000 1.53248966
v 0.74999964 0.16872066 1.53248966
v 0.74999964 0.16966587 1.52248967
v 0.74999988 -0.00000006 1.51402831
v 0.74999964 0.23608404 1.50000000
v 0.74999964 0.23608404 1.50000000
v 0.74999940 0.23608404 2.00000000
v 0.74999940 0.23608404 2.00000000
v 0.75091469 0.24146724 2.00000000
v 0.75091469 0.24146724 2.00000000
v 0.75091493 0.24146712 1.50000000
v 0.75091493 0.24146712 1.50000000
v 0.74999988 0.00000000 1.50000000
v 0.74999988 0.00000000 1.50000000
v 0.77499986 0.00000000 1.50000000
v 0.77499986 0.00000000 1.50000000
v 0.75366080 0.24599969 1.50000000
v 0.75366080 0.24599969 1.50000000
v 0.75366080 0.24599969 1.50000000
v 0.74999964 0.18886000 1.52615082
v 0.74999964 0.20502114 1.53713429
v 0.74999964 0.21600467 1.55329549
v 0.74999964 0.21966577 1.57248962
v 0.74999940 0.21966588 1.92248964
v 0.74999964 0.20966578 1.57343483
v 0.74999964 0.20656985 1.55720353
v 0.76249969 0.20656985 1.55720353
v 0.74999964 0.19782257 1.54433286
v 0.76249969 0.19782257 1.54433286
v 0.76249969 0.19782257 1.54433286
v 0.76249969 0.18495196 1.53558564
v 0.76249969 0.20502114 1.53713429
v 0.76249969 0.20502114 1.53713429
v 0.76249969 0.18886000 1.52615082
v 0.77499962 0.18886000 1.52615082
v 0.77499962 0.18886000 1.52615082
v 0.77499962 0.16966587 1.52248967
v 0.77499962 0.16966587 1.52248967
v 0.76249969 0.16966587 1.52248967
v 0.76249993 0.00000000 1.52248967
v 0.77499986 0.00000000 1.52248967
v 0.77499986 0.00000000 1.52248967
v 0.76249969 0.16872066 1.53248966
v 0.74999964 0.18495196 1.53558564
v 0.76249993 0.00000000 1.53248966
v 0.76250005 -0.16872060 1.53248966
v 0.76250005 -0.18495196 1.53558564
v 0.76250005 -0.16966587 1.52248967
v 0.77499998 -0.16966581 1.52248967
v 0.77499998 -0.16966581 1.52248967
v 0.76250005 -0.18886006 1.52615082
v 0.77499998 -0.18886000 1.52615082
v 0.77499998 -0.18886000 1.52615082
v 0.76250005 -0.20502120 1.53713429
v 0.76250005 -0.20502120 1.53713429
v 0.77499998 -0.20502114 1.53713429
v 0.77499998 -0.20502114 1.53713429
v 0.77499998 -0.20502114 1.53713429
v 0.76250005 -0.21600467 1.55329549
v 0.77499998 -0.21600461 1.55329549
v 0.77499998 -0.21600461 1.55329549
v 0.76250005 -0.21966588 1.57248962
v 0.77499998 -0.21966583 1.57248962
v 0.77499998 -0.21966583 1.57248962
v 0.76249981 -0.21966583 1.92248964
v 0.77499986 -0.21966583 1.92248964
v 0.77499986 -0.21966583 1.92248964
v 0.76249981 -0.21600467 1.94168377
v 0.77499986 -0.21600467 1.94168389
v 0.77499986 -0.21600467 1.94168389
v 0.76249981 -0.20502114 1.95784497
v 0.76249981 -0.20502114 1.95784497
v 0.76249981 -0.19782269 1.95064640
v 0.76249981 -0.19782269 1.95064640
v 0.77499986 -0.20502114 1.95784497
v 0.77499986 -0.20502114 1.95784497
v 0.77499986 -0.20502114 1.95784497
v 0.77500010 -0.23608404 1.50000000
v 0.77500010 -0.23608404 1.50000000
v 0.77408481 -0.24146718 1.50000000
v 0.77408481 -0.24146718 1.50000000
v 0.77499986 0.00000000 1.51402831
v 0.77408457 -0.24146718 2.00000000
v 0.77408457 -0.24146718 2.00000000
v 0.77133882 -0.24599969 1.50000000
v 0.77133882 -0.24599969 1.50000000
v 0.77133870 -0.24599969 2.00000000
v 0.77133870 -0.24599969 2.00000000
v 0.77133870 -0.24599969 2.00000000
v 0.76729858 -0.24908006 1.50000000
v 0.76729858 -0.24908006 1.50000000
v 0.76250005 -0.25000000 1.50000000
v 0.76250005 -0.25000000 1.50000000
v 0.75366127 -0.24599969 1.50000000
v 0.75366127 -0.24599969 1.50000000
v 0.75366127 -0.24599969 1.50000000
v 0.75091541 -0.24146718 1.50000000
v 0.75091541 -0.24146718 1.50000000
v 0.75366104 -0.24599975 2.00000000
v 0.75366104 -0.24599975 2.00000000
v 0.75770128 -0.24908012 2.00000000
v 0.75770128 -0.24908012 2.00000000
v 0.75770152 -0.24908006 1.50000000
v 0.75770152 -0.24908006 1.50000000
v 0.76249981 -0.25000006 2.00000000
v 0.76249981 -0.25000006 2.00000000
v 0.76729846 -0.24908012 2.00000000
v 0.76729846 -0.24908012 2.00000000
v 0.77499962 0.20502120 1.53713429
v 0.77499962 0.20502120 1.53713429
v 0.77499962 0.20502120 1.53713429
v 0.77499962 0.21600473 1.55329549
v 0.77499962 0.21600473 1.55329549
v 0.76249969 0.21600467 1.55329549
v 0.76249957 0.21966577 1.57248962
v 0.76249969 0.20966578 1.57343483
v 0.74999940 0.20966589 1.92154443
v 0.76249945 0.20966583 1.92154443
v 0.74999940 0.20656979 1.93777573
v 0.76249945 0.20656979 1.93777573
v 0.76249945 0.21966583 1.92248964
v 0.76249945 0.21600467 1.94168377
v 0.77499962 0.21966577 1.57248962
v 0.77499962 0.21966577 1.57248962
v 0.76249945 0.20502120 1.95784497
v 0.76249945 0.20502120 1.95784497
v 0.76249945 0.19782263 1.95064640
v 0.76249945 0.19782263 1.95064640
v 0.74999940 0.19782263 1.95064640
v 0.74999952 0.18495196 1.95939362
v 0.76249957 0.18495196 1.95939362
v 0.76249945 0.18886000 1.96882844
v 0.74999940 0.18886000 1.96882844
v 0.74999940 0.20502120 1.95784497
v 0.74999940 0.21600467 1.94168377
v 0.75366056 0.24599969 2.00000000
v 0.75366056 0.24599969 2.00000000
v 0.75770104 0.24908006 1.49999988
v 0.75770104 0.24908006 1.49999988
v 0.75770080 0.24908006 2.00000000
v 0.75770080 0.24908006 2.00000000
v 0.76249957 0.25000000 1.50000000
v 0.76249957 0.25000000 1.50000000
v 0.77133846 0.24599969 1.50000000
v 0.77133846 0.24599969 1.50000000
v 0.76729822 0.24908006 1.49999988
v 0.76729822 0.24908006 1.49999988
v 0.76729798 0.24908006 2.00000000
v 0.76729798 0.24908006 2.00000000
v 0.76249945 0.25000000 2.00000000
v 0.76249945 0.25000000 2.00000000
v -0.75000048 0.23608392 2.00000000
v -0.75000048 0.23608392 2.00000000
v -0.75000024 0.23608398 1.50000000
v -0.75000024 0.23608398 1.50000000
v -0.75091553 0.24146712 1.50000000
v -0.75091553 0.24146712 1.50000000
v -0.75091577 0.24146712 2.00000000
v -0.75091577 0.24146712 2.00000000
v -0.75000024 -0.00000012 2.00000000
v -0.75000024 -0.00000012 2.00000000
v -0.77500021 -0.00000012 2.00000000
v -0.77500021 -0.00000012 2.00000000
v -0.75366175 0.24599969 2.00000000
v -0.75366175 0.24599969 2.00000000
v -0.75366175 0.24599969 2.00000000
v -0.75000048 0.21966571 1.92248964
v -0.75000048 0.21966571 1.92248964
v -0.75000048 0.21600455 1.94168377
v -0.75000048 0.21600455 1.94168377
v -0.75000048 0.20502108 1.95784497
v -0.75000048 0.20502108 1.95784497
v -0.75000048 0.20502108 1.95784497
v -0.75000048 0.18885994 1.96882844
v -0.75000048 0.18885994 1.96882844
v -0.75000048 0.16966575 1.97248960
v -0.75000048 0.16966575 1.97248960
v -0.75000024 -0.00000006 1.97248960
v -0.75000024 -0.00000006 1.97248960
v -0.76250041 0.16966575 1.97248960
v -0.76250029 -0.00000012 1.97248960
v -0.75000012 -0.23608416 2.00000000
v -0.75000012 -0.23608416 2.00000000
v -0.75000024 -0.16966587 1.97248960
v -0.75000024 -0.16966587 1.97248960
v -0.76250017 -0.16966593 1.97248960
v -0.76250005 -0.18886018 1.96882844
v -0.75000012 -0.18886012 1.96882844
v -0.75000012 -0.18886012 1.96882844
v -0.76250017 -0.16872078 1.96248960
v -0.77500021 -0.16872078 1.96248960
v -0.76250005 -0.18495208 1.95939362
v -0.76250029 -0.00000012 1.96248960
v -0.76250041 0.16872048 1.96248960
v -0.77500045 0.16872048 1.96248960
v -0.77500021 -0.00000012 1.96248960
v -0.77500021 -0.00000012 1.97248960
v -0.77500045 0.16966575 1.97248960
v -0.77500021 -0.16966593 1.97248960
v -0.77500010 -0.18495208 1.95939362
v -0.77500010 -0.18886018 1.96882844
v -0.77500010 -0.23608422 2.00000000
v -0.77500010 -0.23608422 2.00000000
v -0.77408481 -0.24146736 1.99999988
v -0.77408481 -0.24146736 1.99999988
v -0.77499986 -0.23608416 1.50000000
v -0.77499986 -0.23608416 1.50000000
v -0.77499998 -0.21966600 1.57248962
v -0.77500010 -0.21966588 1.92248964
v -0.77500010 -0.21600479 1.94168377
v -0.77500010 -0.20502126 1.95784497
v -0.77500010 -0.19782281 1.95064640
v -0.77500010 -0.20656997 1.93777585
v -0.76250005 -0.20656997 1.93777585
v -0.76250005 -0.20966595 1.92154443
v -0.77500010 -0.20966589 1.92154443
v -0.76249993 -0.20966601 1.57343483
v -0.77499998 -0.20966601 1.57343483
v -0.76249993 -0.20656991 1.55720353
v -0.77499998 -0.20656991 1.55720353
v -0.76249993 -0.19782275 1.54433286
v -0.76249993 -0.19782275 1.54433286
v -0.77499998 -0.19782275 1.54433286
v -0.77499986 -0.21600479 1.55329549
v -0.77499998 -0.20502132 1.53713429
v -0.77499998 -0.18495214 1.53558564
v -0.77499998 -0.18886018 1.52615082
v -0.77499998 -0.16872072 1.53248966
v -0.77499998 -0.16966599 1.52248967
v -0.77500010 -0.00000018 1.52248967
v -0.77500010 -0.00000012 1.53248966
v -0.77500021 0.16872048 1.53248966
v -0.77500021 0.16966569 1.52248967
v -0.77500010 -0.00000018 1.51402831
v -0.77500021 0.23608392 1.50000000
v -0.77500021 0.23608392 1.50000000
v -0.77500045 0.23608392 2.00000000
v -0.77500045 0.23608392 2.00000000
v -0.77408516 0.24146712 2.00000000
v -0.77408516 0.24146712 2.00000000
v -0.77408504 0.24146712 1.50000000
v -0.77408504 0.24146712 1.50000000
v -0.77500010 -0.00000012 1.50000000
v -0.77500010 -0.00000012 1.50000000
v -0.75000000 -0.00000012 1.50000000
v -0.75000000 -0.00000012 1.50000000
v -0.77133918 0.24599957 1.50000000
v -0.77133918 0.24599957 1.50000000
v -0.77133918 0.24599957 1.50000000
v -0.77500021 0.18885988 1.52615082
v -0.77500021 0.20502102 1.53713429
v -0.77500021 0.21600455 1.55329549
v -0.77500033 0.21966565 1.57248962
v -0.77500045 0.21966577 1.92248964
v -0.77500021 0.20966566 1.57343483
v -0.77500021 0.20656973 1.55720353
v -0.76250029 0.20656973 1.55720353
v -0.77500021 0.19782245 1.54433286
v -0.76250029 0.19782245 1.54433286
v -0.76250029 0.19782245 1.54433286
v -0.76250029 0.18495184 1.53558564
v -0.76250029 0.20502102 1.53713429
v -0.76250029 0.20502102 1.53713429
v -0.76250029 0.18885988 1.52615082
v -0.75000024 0.18885988 1.52615082
v -0.75000024 0.18885988 1.52615082
v -0.75000024 0.16966569 1.52248967
v -0.75000024 0.16966569 1.52248967
v -0.76250029 0.16966569 1.52248967
v -0.76250005 -0.00000012 1.52248967
v -0.75000000 -0.00000012 1.52248967
v -0.75000000 -0.00000012 1.52248967
v -0.76250029 0.16872048 1.53248966
v -0.77500021 0.18495184 1.53558564
v -0.76250005 -0.00000012 1.53248966
v -0.76249993 -0.16872072 1.53248966
v -0.76249993 -0.18495214 1.53558564
v -0.76249993 -0.16966599 1.52248967
v -0.75000000 -0.16966593 1.52248967
v -0.75000000 -0.16966593 1.52248967
v -0.76249993 -0.18886018 1.52615082
v -0.75000000 -0.18886012 1.52615082
v -0.75000000 -0.18886012 1.52615082
v -0.76249993 -0.20502132 1.53713429
v -0.76249993 -0.20502132 1.53713429
v -0.75000000 -0.20502126 1.53713429
v -0.75000000 -0.20502126 1.53713429
v -0.75000000 -0.20502126 1.53713429
v -0.76249993 -0.21600479 1.55329549
v -0.75000000 -0.21600473 1.55329549
v -0.75000000 -0.21600473 1.55329549
v -0.76249993 -0.21966600 1.57248962
v -0.75000000 -0.21966594 1.57248962
v -0.75000000 -0.21966594 1.57248962
v -0.76250005 -0.21966594 1.92248964
v -0.75000012 -0.21966594 1.92248964
v -0.75000012 -0.21966594 1.92248964
v -0.76250005 -0.21600479 1.94168377
v -0.75000012 -0.21600479 1.94168377
v -0.75000012 -0.21600479 1.94168377
v -0.76250005 -0.20502126 1.95784497
v -0.76250005 -0.20502126 1.95784497
v -0.76250005 -0.19782281 1.95064640
v -0.76250005 -0.19782281 1.95064640
v -0.75000012 -0.20502126 1.95784497
v -0.75000012 -0.20502126 1.95784497
v -0.75000012 -0.20502126 1.95784497
v -0.74999988 -0.23608416 1.50000000
v -0.74999988 -0.23608416 1.50000000
v -0.75091517 -0.24146736 1.50000000
v -0.75091517 -0.24146736 1.50000000
v -0.75000000 -0.00000012 1.51402831
v -0.75091541 -0.24146736 1.99999988
v -0.75091541 -0.24146736 1.99999988
v -0.75366104 -0.24599981 1.50000000
v -0.75366104 -0.24599981 1.50000000
v -0.75366127 -0.24599981 1.99999988
v -0.75366127 -0.24599981 1.99999988
v -0.75366127 -0.24599981 1.99999988
v -0.75770140 -0.24908018 1.50000000
v -0.75770140 -0.24908018 1.50000000
v -0.76249993 -0.25000012 1.50000000
v -0.76249993 -0.25000012 1.50000000
v -0.77133870 -0.24599981 1.50000000
v -0.77133870 -0.24599981 1.50000000
v -0.77133870 -0.24599981 1.50000000
v -0.77408457 -0.24146736 1.50000000
v -0.77408457 -0.24146736 1.50000000
v -0.77133894 -0.24599987 1.99999988
v -0.77133894 -0.24599987 1.99999988
v -0.76729858 -0.24908024 1.99999988
v -0.76729858 -0.24908024 1.99999988
v -0.76729834 -0.24908018 1.50000000
v -0.76729834 -0.24908018 1.50000000
v -0.76250005 -0.25000018 1.99999988
v -0.76250005 -0.25000018 1.99999988
v -0.75770152 -0.24908024 1.99999988
v -0.75770152 -0.24908024 1.99999988
v -0.75000024 0.20502108 1.53713429
v -0.75000024 0.20502108 1.53713429
v -0.75000024 0.20502108 1.53713429
v -0.75000024 0.21600461 1.55329549
v -0.75000024 0.21600461 1.55329549
v -0.76250029 0.21600455 1.55329549
v -0.76250041 0.21966565 1.57248962
v -0.76250029 0.20966566 1.57343483
v -0.77500045 0.20966572 1.92154443
v -0.76250052 0.20966566 1.92154443
v -0.77500045 0.20656967 1.93777585
v -0.76250052 0.20656967 1.93777585
v -0.76250052 0.21966571 1.92248964
v -0.76250052 0.21600455 1.94168377
v -0.75000036 0.21966565 1.57248962
v -0.75000036 0.21966565 1.57248962
v -0.76250052 0.20502108 1.95784497
v -0.76250052 0.20502108 1.95784497
v -0.76250052 0.19782251 1.95064640
v -0.76250052 0.19782251 1.95064640
v -0.77500045 0.19782251 1.95064640
v -0.77500045 0.18495184 1.95939362
v -0.76250041 0.18495184 1.95939362
v -0.76250052 0.18885988 1.96882844
v -0.77500045 0.18885988 1.96882844
v -0.77500045 0.20502108 1.95784497
v -0.77500045 0.21600455 1.94168377
v -0.77133942 0.24599957 1.99999988
v -0.77133942 0.24599957 1.99999988
v -0.76729882 0.24907994 1.50000000
v -0.76729882 0.24907994 1.50000000
v -0.76729906 0.24907994 1.99999988
v -0.76729906 0.24907994 1.99999988
v -0.76250041 0.25000000 1.50000000
v -0.76250041 0.25000000 1.50000000
v -0.75366151 0.24599957 1.50000000
v -0.75366151 0.24599957 1.50000000
v -0.75770175 0.24907994 1.50000000
v -0.75770175 0.24907994 1.50000000
v -0.75770199 0.24908006 1.99999988
v -0.75770199 0.24908006 1.99999988
v -0.76250052 0.24999988 1.99999988
v -0.76250052 0.24999988 1.99999988
v 0.77499950 0.73608387 1.49999988
v 0.77499950 0.73608387 1.49999988
v 0.77499974 0.73608387 0.50200063
v 0.77499974 0.73608387 0.50200063
v 0.77408445 0.74146700 0.50200063
v 0.77408445 0.74146700 0.50200063
v 0.77408421 0.74146700 1.49999988
v 0.77408421 0.74146700 1.49999988
v 0.77499962 0.49999976 1.50000000
v 0.77499962 0.49999976 1.50000000
v 0.74999964 0.49999976 1.50000000
v 0.74999964 0.49999976 1.50000000
v 0.77133834 0.74599946 1.49999988
v 0.77133834 0.74599946 1.49999988
v 0.77133834 0.74599946 1.49999988
v 0.77499950 0.71966565 1.42248964
v 0.77499950 0.71966565 1.42248964
v 0.77499950 0.71600449 1.44168377
v 0.77499950 0.71600449 1.44168377
v 0.77499950 0.70502102 1.45784497
v 0.77499950 0.70502102 1.45784497
v 0.77499950 0.70502102 1.45784497
v 0.77499950 0.68885982 1.46882856
v 0.77499950 0.68885982 1.46882856
v 0.77499962 0.66966558 1.47248960
v 0.77499962 0.66966558 1.47248960
v 0.77499962 0.49999976 1.47248971
v 0.77499962 0.49999976 1.47248971
v 0.76249957 0.66966569 1.47248960
v 0.76249969 0.49999976 1.47248971
v 0.77499986 0.26391578 1.50000000
v 0.77499986 0.26391578 1.50000000
v 0.77499974 0.33033383 1.47248971
v 0.77499974 0.33033383 1.47248971
v 0.76249969 0.33033395 1.47248971
v 0.76249969 0.31113982 1.46882856
v 0.77499974 0.31113982 1.46882856
v 0.77499974 0.31113982 1.46882856
v 0.76249969 0.33127916 1.46248972
v 0.75449979 0.33127916 1.46248972
v 0.76249969 0.31504786 1.45939362
v 0.76249969 0.49999976 1.46248960
v 0.76249957 0.66872048 1.46248960
v 0.75449955 0.66872048 1.46248960
v 0.75449967 0.49999976 1.46248960
v 0.74999964 0.49999976 1.47248971
v 0.74999952 0.66966569 1.47248960
v 0.74999976 0.33033395 1.47248971
v 0.75449979 0.31504786 1.45939362
v 0.74999976 0.31113982 1.46882856
v 0.74999988 0.26391578 1.50000000
v 0.74999988 0.26391578 1.50000000
v 0.75091517 0.25853252 1.50000000
v 0.75091517 0.25853252 1.50000000
v 0.75000000 0.26391578 0.50200063
v 0.75000000 0.26391578 0.50200063
v 0.75000000 0.28033388 0.57248962
v 0.74999988 0.28033400 1.42248964
v 0.74999988 0.28399515 1.44168389
v 0.74999988 0.29497862 1.45784497
v 0.75449979 0.30217719 1.45064640
v 0.75449979 0.29342997 1.43777585
v 0.76249981 0.29342997 1.43777585
v 0.76249981 0.29033399 1.42154443
v 0.75449979 0.29033399 1.42154443
v 0.76250005 0.29033387 0.57343489
v 0.75450003 0.29033387 0.57343489
v 0.76250005 0.29342997 0.55720353
v 0.75450003 0.29342997 0.55720353
v 0.76250005 0.30217707 0.54433292
v 0.76250005 0.30217707 0.54433292
v 0.75450003 0.30217707 0.54433292
v 0.75000000 0.28399503 0.55329555
v 0.75000000 0.29497850 0.53713441
v 0.75450003 0.31504774 0.53558564
v 0.75000000 0.31113970 0.52615082
v 0.75450003 0.33127904 0.53248966
v 0.75000000 0.33033383 0.52248961
v 0.75000000 0.49999964 0.52248967
v 0.75449991 0.49999964 0.53248966
v 0.75449979 0.66872025 0.53248966
v 0.74999976 0.66966558 0.52248967
v 0.75000000 0.49999976 0.51402825
v 0.74999976 0.73608387 0.50200063
v 0.74999976 0.73608387 0.50200063
v 0.74999952 0.73608387 1.49999988
v 0.74999952 0.73608387 1.49999988
v 0.75091481 0.74146700 1.49999988
v 0.75091481 0.74146700 1.49999988
v 0.75091505 0.74146700 0.50200063
v 0.75091505 0.74146700 0.50200063
v 0.75000000 0.49999976 0.50200063
v 0.75000000 0.49999976 0.50200063
v 0.77499998 0.49999976 0.50200063
v 0.77499998 0.49999976 0.50200063
v 0.75366092 0.74599946 0.50200063
v 0.75366092 0.74599946 0.50200063
v 0.75366092 0.74599946 0.50200063
v 0.74999976 0.68885970 0.52615082
v 0.74999976 0.70502079 0.53713435
v 0.74999976 0.71600437 0.55329549
v 0.74999976 0.71966553 0.57248968
v 0.74999952 0.71966565 1.42248964
v 0.75449979 0.70966554 0.57343489
v 0.75449979 0.70656955 0.55720347
v 0.76249969 0.70656955 0.55720347
v 0.75449979 0.69782233 0.54433286
v 0.76249969 0.69782233 0.54433286
v 0.76249969 0.69782233 0.54433286
v 0.76249981 0.68495166 0.53558570
v 0.76249969 0.70502079 0.53713435
v 0.76249969 0.70502079 0.53713435
v 0.76249981 0.68885970 0.52615082
v 0.77499986 0.68885970 0.52615082
v 0.77499986 0.68885970 0.52615082
v 0.77499986 0.66966558 0.52248967
v 0.77499986 0.66966558 0.52248967
v 0.76249981 0.66966558 0.52248967
v 0.76249993 0.49999964 0.52248967
v 0.77499998 0.49999964 0.52248967
v 0.77499998 0.49999964 0.52248967
v 0.76249981 0.66872025 0.53248966
v 0.75449979 0.68495166 0.53558570
v 0.76249993 0.49999964 0.53248966
v 0.76249993 0.33127904 0.53248966
v 0.76250005 0.31504774 0.53558564
v 0.76249993 0.33033383 0.52248961
v 0.77499998 0.33033395 0.52248961
v 0.77499998 0.33033395 0.52248961
v 0.76250005 0.31113970 0.52615082
v 0.77500010 0.31113970 0.52615082
v 0.77500010 0.31113970 0.52615082
v 0.76250005 0.29497850 0.53713441
v 0.76250005 0.29497850 0.53713441
v 0.77500010 0.29497850 0.53713441
v 0.77500010 0.29497850 0.53713441
v 0.77500010 0.29497850 0.53713441
v 0.76250005 0.28399503 0.55329555
v 0.77500010 0.28399503 0.55329555
v 0.77500010 0.28399503 0.55329555
v 0.76250005 0.28033388 0.57248962
v 0.77500010 0.28033388 0.57248962
v 0.77500010 0.28033388 0.57248962
v 0.76249981 0.28033400 1.42248964
v 0.77499986 0.28033400 1.42248964
v 0.77499986 0.28033400 1.42248964
v 0.76249981 0.28399515 1.44168389
v 0.77499986 0.28399515 1.44168389
v 0.77499986 0.28399515 1.44168389
v 0.76249981 0.29497862 1.45784497
v 0.76249981 0.29497862 1.45784497
v 0.76249981 0.30217719 1.45064640
v 0.76249981 0.30217719 1.45064640
v 0.77499986 0.29497874 1.45784497
v 0.77499986 0.29497874 1.45784497
v 0.77499986 0.29497874 1.45784497
v 0.77500010 0.26391578 0.50200063
v 0.77500010 0.26391578 0.50200063
v 0.77408481 0.25853252 0.50200063
v 0.77408481 0.25853252 0.50200063
v 0.77499998 0.49999976 0.51402825
v 0.77408457 0.25853252 1.50000000
v 0.77408457 0.25853252 1.50000000
v 0.77133894 0.25400007 0.50200063
v 0.77133894 0.25400007 0.50200063
v 0.77133858 0.25400007 1.50000000
v 0.77133858 0.25400007 1.50000000
v 0.77133858 0.25400007 1.50000000
v 0.76729858 0.25091970 0.50200051
v 0.76729858 0.25091970 0.50200051
v 0.76250005 0.24999976 0.50200051
v 0.76250005 0.24999976 0.50200051
v 0.75366127 0.25400007 0.50200063
v 0.75366127 0.25400007 0.50200063
v 0.75366127 0.25400007 0.50200063
v 0.75091541 0.25853252 0.50200063
v 0.75091541 0.25853252 0.50200063
v 0.75366092 0.25400007 1.50000000
v 0.75366092 0.25400007 1.50000000
v 0.75770128 0.25091970 1.50000000
v 0.75770128 0.25091970 1.50000000
v 0.75770152 0.25091970 0.50200051
v 0.75770152 0.25091970 0.50200051
v 0.76249981 0.24999976 1.50000000
v 0.76249981 0.24999976 1.50000000
v 0.76729834 0.25091970 1.50000000
v 0.76729834 0.25091970 1.50000000
v 0.77499974 0.70502090 0.53713435
v 0.77499974 0.70502090 0.53713435
v 0.77499974 0.70502090 0.53713435
v 0.77499974 0.71600437 0.55329549
v 0.77499974 0.71600437 0.55329549
v 0.76249969 0.71600437 0.55329549
v 0.76249969 0.71966553 0.57248968
v 0.76249969 0.70966554 0.57343489
v 0.75449955 0.70966566 1.42154443
v 0.76249945 0.70966566 1.42154443
v 0.75449955 0.70656967 1.43777573
v 0.76249945 0.70656967 1.43777573
v 0.76249945 0.71966565 1.42248964
v 0.76249945 0.71600449 1.44168377
v 0.77499974 0.71966553 0.57248968
v 0.77499974 0.71966553 0.57248968
v 0.76249945 0.70502102 1.45784497
v 0.76249945 0.70502102 1.45784497
v 0.76249945 0.69782233 1.45064640
v 0.76249945 0.69782233 1.45064640
v 0.75449955 0.69782233 1.45064640
v 0.75449955 0.68495178 1.45939362
v 0.76249945 0.68495178 1.45939362
v 0.76249945 0.68885982 1.46882856
v 0.74999952 0.68885982 1.46882856
v 0.74999952 0.70502102 1.45784497
v 0.74999952 0.71600449 1.44168377
v 0.75366056 0.74599946 1.49999988
v 0.75366056 0.74599946 1.49999988
v 0.75770128 0.74907994 0.50200063
v 0.75770128 0.74907994 0.50200063
v 0.75770092 0.74907994 1.50000000
v 0.75770092 0.74907994 1.50000000
v 0.76249969 0.74999988 0.50200063
v 0.76249969 0.74999988 0.50200063
v 0.77133858 0.74599946 0.50200063
v 0.77133858 0.74599946 0.50200063
v 0.76729834 0.74907994 0.50200063
v 0.76729834 0.74907994 0.50200063
v 0.76729798 0.74907994 1.50000000
v 0.76729798 0.74907994 1.50000000
v 0.76249945 0.74999988 1.50000000
v 0.76249945 0.74999988 1.50000000
v -0.75000048 0.73608375 1.49999988
v -0.75000048 0.73608375 1.49999988
v -0.75000024 0.73608363 0.50200063
v -0.75000024 0.73608363 0.50200063
v -0.75091553 0.74146676 0.50200063
v -0.75091553 0.74146676 0.50200063
v -0.75091577 0.74146688 1.49999988
v -0.75091577 0.74146688 1.49999988
v -0.75000024 0.49999976 1.50000000
v -0.75000024 0.49999976 1.50000000
v -0.77500033 0.49999976 1.50000000
v -0.77500033 0.49999976 1.50000000
v -0.75366163 0.74599934 1.50000000
v -0.75366163 0.74599934 1.50000000
v -0.75366163 0.74599934 1.50000000
v -0.75000048 0.71966541 1.42248964
v -0.75000048 0.71966541 1.42248964
v -0.75000048 0.71600425 1.44168389
v -0.75000048 0.71600425 1.44168389
v -0.75000048 0.70502079 1.45784497
v -0.75000048 0.70502079 1.45784497
v -0.75000048 0.70502079 1.45784497
v -0.75000048 0.68885970 1.46882856
v -0.75000048 0.68885970 1.46882856
v -0.75000036 0.66966546 1.47248960
v -0.75000036 0.66966546 1.47248960
v -0.75000024 0.49999976 1.47248971
v -0.75000024 0.49999976 1.47248971
v -0.76250041 0.66966546 1.47248960
v -0.76250029 0.49999964 1.47248971
v -0.75000012 0.26391566 1.50000000
v -0.75000012 0.26391566 1.50000000
v -0.75000024 0.33033383 1.47248971
v -0.75000024 0.33033383 1.47248971
v -0.76250017 0.33033383 1.47248971
v -0.76250017 0.31113958 1.46882856
v -0.75000024 0.31113958 1.46882856
v -0.75000024 0.31113958 1.46882856
v -0.76250017 0.33127904 1.46248972
v -0.77050018 0.33127904 1.46248972
v -0.76250017 0.31504774 1.45939362
v -0.76250029 0.49999964 1.46248972
v -0.76250041 0.66872036 1.46248960
v -0.77050042 0.66872036 1.46248960
v -0.77050030 0.49999964 1.46248972
v -0.77500033 0.49999964 1.47248971
v -0.77500033 0.66966546 1.47248960
v -0.77500021 0.33033383 1.47248971
v -0.77050018 0.31504774 1.45939362
v -0.77500021 0.31113958 1.46882856
v -0.77500010 0.26391566 1.50000000
v -0.77500010 0.26391566 1.50000000
v -0.77408481 0.25853252 1.50000000
v -0.77408481 0.25853252 1.50000000
v -0.77499986 0.26391554 0.50200075
v -0.77499986 0.26391554 0.50200075
v -0.77499986 0.28033388 0.57248974
v -0.77500010 0.28033376 1.42248964
v -0.77500010 0.28399491 1.44168389
v -0.77500010 0.29497838 1.45784497
v -0.77050018 0.30217695 1.45064640
v -0.77050018 0.29342985 1.43777585
v -0.76250017 0.29342985 1.43777585
v -0.76250017 0.29033375 1.42154443
v -0.77050018 0.29033375 1.42154443
v -0.76249993 0.29033387 0.57343489
v -0.77049994 0.29033387 0.57343489
v -0.76249993 0.29342985 0.55720359
v -0.77049994 0.29342985 0.55720359
v -0.76249993 0.30217707 0.54433292
v -0.76249993 0.30217707 0.54433292
v -0.77049994 0.30217707 0.54433292
v -0.77499986 0.28399491 0.55329561
v -0.77499986 0.29497850 0.53713441
v -0.77049994 0.31504762 0.53558570
v -0.77499986 0.31113958 0.52615082
v -0.77049994 0.33127892 0.53248972
v -0.77499998 0.33033371 0.52248973
v -0.77499998 0.49999964 0.52248967
v -0.77050006 0.49999964 0.53248966
v -0.77050018 0.66872025 0.53248966
v -0.77500010 0.66966546 0.52248967
v -0.77499998 0.49999964 0.51402837
v -0.77500021 0.73608363 0.50200063
v -0.77500021 0.73608363 0.50200063
v -0.77500045 0.73608375 1.49999988
v -0.77500045 0.73608375 1.49999988
v -0.77408516 0.74146688 1.49999988
v -0.77408516 0.74146688 1.49999988
v -0.77408493 0.74146676 0.50200063
v -0.77408493 0.74146676 0.50200063
v -0.77499998 0.49999964 0.50200075
v -0.77499998 0.49999964 0.50200075
v -0.75000000 0.49999964 0.50200075
v -0.75000000 0.49999964 0.50200075
v -0.77133906 0.74599922 0.50200063
v -0.77133906 0.74599922 0.50200063
v -0.77133906 0.74599922 0.50200063
v -0.77500010 0.68885970 0.52615088
v -0.77500021 0.70502067 0.53713435
v -0.77500021 0.71600425 0.55329555
v -0.77500021 0.71966553 0.57248974
v -0.77500045 0.71966541 1.42248964
v -0.77050018 0.70966554 0.57343489
v -0.77050018 0.70656943 0.55720359
v -0.76250017 0.70656943 0.55720359
v -0.77050018 0.69782221 0.54433292
v -0.76250017 0.69782221 0.54433292
v -0.76250017 0.69782221 0.54433292
v -0.76250017 0.68495154 0.53558570
v -0.76250017 0.70502067 0.53713435
v -0.76250017 0.70502067 0.53713435
v -0.76250017 0.68885970 0.52615088
v -0.75000012 0.68885970 0.52615088
v -0.75000012 0.68885970 0.52615088
v -0.75000012 0.66966546 0.52248967
v -0.75000012 0.66966546 0.52248967
v -0.76250017 0.66966546 0.52248967
v -0.76249993 0.49999964 0.52248967
v -0.75000000 0.49999964 0.52248967
v -0.75000000 0.49999964 0.52248967
v -0.76250017 0.66872025 0.53248966
v -0.77050018 0.68495154 0.53558570
v -0.76249993 0.49999964 0.53248966
v -0.76249993 0.33127892 0.53248972
v -0.76249993 0.31504762 0.53558570
v -0.76249993 0.33033371 0.52248973
v -0.75000000 0.33033383 0.52248973
v -0.75000000 0.33033383 0.52248973
v -0.76249993 0.31113958 0.52615082
v -0.74999988 0.31113970 0.52615082
v -0.74999988 0.31113970 0.52615082
v -0.76249993 0.29497850 0.53713441
v -0.76249993 0.29497850 0.53713441
v -0.74999988 0.29497850 0.53713441
v -0.74999988 0.29497850 0.53713441
v -0.74999988 0.29497850 0.53713441
v -0.76249993 0.28399491 0.55329561
v -0.74999988 0.28399491 0.55329561
v -0.74999988 0.28399491 0.55329561
v -0.76249993 0.28033388 0.57248974
v -0.74999988 0.28033388 0.57248974
v -0.74999988 0.28033388 0.57248974
v -0.76250017 0.28033376 1.42248964
v -0.75000012 0.28033376 1.42248964
v -0.75000012 0.28033376 1.42248964
v -0.76250017 0.28399491 1.44168389
v -0.75000012 0.28399503 1.44168389
v -0.75000012 0.28399503 1.44168389
v -0.76250017 0.29497838 1.45784497
v -0.76250017 0.29497838 1.45784497
v -0.76250017 0.30217695 1.45064640
v -0.76250017 0.30217695 1.45064640
v -0.75000012 0.29497850 1.45784497
v -0.75000012 0.29497850 1.45784497
v -0.75000012 0.29497850 1.45784497
v -0.74999988 0.26391554 0.50200075
v -0.74999988 0.26391554 0.50200075
v -0.75091517 0.25853240 0.50200075
v -0.75091517 0.25853240 0.50200075
v -0.75000000 0.49999964 0.51402837
v -0.75091541 0.25853252 1.50000000
v -0.75091541 0.25853252 1.50000000
v -0.75366104 0.25399995 0.50200075
v -0.75366104 0.25399995 0.50200075
v -0.75366127 0.25400007 1.50000000
v -0.75366127 0.25400007 1.50000000
v -0.75366127 0.25400007 1.50000000
v -0.75770128 0.25091946 0.50200063
v -0.75770128 0.25091946 0.50200063
v -0.76249993 0.24999952 0.50200063
v -0.76249993 0.24999952 0.50200063
v -0.77133870 0.25399983 0.50200075
v -0.77133870 0.25399983 0.50200075
v -0.77133870 0.25399983 0.50200075
v -0.77408457 0.25853240 0.50200075
v -0.77408457 0.25853240 0.50200075
v -0.77133906 0.25399995 1.50000000
v -0.77133906 0.25399995 1.50000000
v -0.76729858 0.25091958 1.50000000
v -0.76729858 0.25091958 1.50000000
v -0.76729834 0.25091946 0.50200063
v -0.76729834 0.25091946 0.50200063
v -0.76250017 0.24999964 1.50000000
v -0.76250017 0.24999964 1.50000000
v -0.75770164 0.25091958 1.50000000
v -0.75770164 0.25091958 1.50000000
v -0.75000024 0.70502090 0.53713435
v -0.75000024 0.70502090 0.53713435
v -0.75000024 0.70502090 0.53713435
v -0.75000024 0.71600425 0.55329555
v -0.75000024 0.71600425 0.55329555
v -0.76250017 0.71600425 0.55329555
v -0.76250017 0.71966553 0.57248974
v -0.76250017 0.70966554 0.57343489
v -0.77050042 0.70966542 1.42154443
v -0.76250041 0.70966542 1.42154443
v -0.77050042 0.70656943 1.43777585
v -0.76250041 0.70656943 1.43777585
v -0.76250041 0.71966541 1.42248964
v -0.76250041 0.71600425 1.44168389
v -0.75000024 0.71966553 0.57248974
v -0.75000024 0.71966553 0.57248974
v -0.76250041 0.70502079 1.45784497
v -0.76250041 0.70502079 1.45784497
v -0.76250041 0.69782221 1.45064640
v -0.76250041 0.69782221 1.45064640
v -0.77050042 0.69782221 1.45064640
v -0.77050042 0.68495154 1.45939362
v -0.76250041 0.68495154 1.45939362
v -0.76250041 0.68885970 1.46882856
v -0.77500045 0.68885970 1.46882856
v -0.77500045 0.70502079 1.45784497
v -0.77500045 0.71600425 1.44168389
v -0.77133930 0.74599934 1.50000000
v -0.77133930 0.74599934 1.50000000
v -0.76729870 0.74907970 0.50200063
v -0.76729870 0.74907970 0.50200063
v -0.76729906 0.74907982 1.50000000
v -0.76729906 0.74907982 1.50000000
v -0.76250017 0.74999964 0.50200063
v -0.76250017 0.74999964 0.50200063
v -0.75366127 0.74599922 0.50200063
v -0.75366127 0.74599922 0.50200063
v -0.75770164 0.74907970 0.50200063
v -0.75770164 0.74907970 0.50200063
v -0.75770199 0.74907982 1.50000000
v -0.75770199 0.74907982 1.50000000
v -0.76250041 0.74999976 1.50000000
v -0.76250041 0.74999976 1.50000000
v 0.77499950 0.73608410 2.00000000
v 0.77499950 0.73608410 2.00000000
v 0.77499974 0.73608398 1.50000000
v 0.77499974 0.73608398 1.50000000
v 0.77408445 0.74146712 1.50000000
v 0.77408445 0.74146712 1.50000000
v 0.77408421 0.74146724 2.00000000
v 0.77408421 0.74146724 2.00000000
v 0.77499974 0.50000000 2.00000000
v 0.77499974 0.50000000 2.00000000
v 0.74999976 0.50000000 2.00000000
v 0.74999976 0.50000000 2.00000000
v 0.77133834 0.74599969 2.00000000
v 0.77133834 0.74599969 2.00000000
v 0.77133834 0.74599969 2.00000000
v 0.77499950 0.71966588 1.92248964
v 0.77499950 0.71966588 1.92248964
v 0.77499950 0.71600473 1.94168377
v 0.77499950 0.71600473 1.94168377
v 0.77499950 0.70502102 1.95784497
v 0.77499950 0.70502102 1.95784497
v 0.77499950 0.70502102 1.95784497
v 0.77499950 0.68885994 1.96882856
v 0.77499950 0.68885994 1.96882856
v 0.77499962 0.66966581 1.97248971
v 0.77499962 0.66966581 1.97248971
v 0.77499974 0.50000000 1.97248960
v 0.77499974 0.50000000 1.97248960
v 0.76249957 0.66966581 1.97248971
v 0.76249969 0.49999988 1.97248960
v 0.77499986 0.26391590 2.00000000
v 0.77499986 0.26391590 2.00000000
v 0.77499986 0.33033419 1.97248960
v 0.77499986 0.33033419 1.97248960
v 0.76249981 0.33033419 1.97248960
v 0.76249993 0.31113994 1.96882844
v 0.77499986 0.31113994 1.96882844
v 0.77499986 0.31113994 1.96882844
v 0.76249981 0.33127928 1.96248960
v 0.74999988 0.33127928 1.96248960
v 0.76249993 0.31504798 1.95939362
v 0.76249969 0.49999988 1.96248960
v 0.76249957 0.66872048 1.96248972
v 0.74999952 0.66872048 1.96248960
v 0.74999976 0.49999988 1.96248960
v 0.74999976 0.49999988 1.97248960
v 0.74999952 0.66966581 1.97248960
v 0.74999988 0.33033419 1.97248960
v 0.74999988 0.31504798 1.95939362
v 0.74999988 0.31113994 1.96882844
v 0.74999988 0.26391590 2.00000000
v 0.74999988 0.26391590 2.00000000
v 0.75091517 0.25853276 2.00000000
v 0.75091517 0.25853276 2.00000000
v 0.75000012 0.26391590 1.50000000
v 0.75000012 0.26391590 1.50000000
v 0.75000000 0.28033423 1.57248962
v 0.74999988 0.28033423 1.92248964
v 0.74999988 0.28399527 1.94168389
v 0.74999988 0.29497874 1.95784497
v 0.74999988 0.30217743 1.95064640
v 0.74999988 0.29343021 1.93777585
v 0.76249993 0.29343021 1.93777585
v 0.76249993 0.29033422 1.92154443
v 0.74999988 0.29033422 1.92154443
v 0.76250005 0.29033422 1.57343483
v 0.75000000 0.29033422 1.57343483
v 0.76250005 0.29343021 1.55720353
v 0.75000000 0.29343021 1.55720353
v 0.76250005 0.30217731 1.54433286
v 0.76250005 0.30217731 1.54433286
v 0.75000000 0.30217731 1.54433286
v 0.75000012 0.28399539 1.55329549
v 0.75000000 0.29497886 1.53713429
v 0.75000000 0.31504798 1.53558564
v 0.75000000 0.31113994 1.52615082
v 0.75000000 0.33127940 1.53248966
v 0.75000000 0.33033419 1.52248967
v 0.75000000 0.49999988 1.52248967
v 0.75000000 0.50000000 1.53248966
v 0.74999976 0.66872060 1.53248966
v 0.74999976 0.66966581 1.52248967
v 0.75000000 0.49999988 1.51402831
v 0.74999976 0.73608398 1.50000000
v 0.74999976 0.73608398 1.50000000
v 0.74999952 0.73608398 2.00000000
v 0.74999952 0.73608398 2.00000000
v 0.75091481 0.74146724 2.00000000
v 0.75091481 0.74146724 2.00000000
v 0.75091493 0.74146712 1.50000000
v 0.75091493 0.74146712 1.50000000
v 0.75000000 0.49999988 1.50000000
v 0.75000000 0.49999988 1.50000000
v 0.77499998 0.49999988 1.50000000
v 0.77499998 0.49999988 1.50000000
v 0.75366080 0.74599957 1.50000000
v 0.75366080 0.74599957 1.50000000
v 0.75366080 0.74599957 1.50000000
v 0.74999976 0.68886006 1.52615082
v 0.74999976 0.70502126 1.53713429
v 0.74999976 0.71600461 1.55329549
v 0.74999964 0.71966588 1.57248962
v 0.74999952 0.71966577 1.92248964
v 0.74999976 0.70966578 1.57343483
v 0.74999976 0.70656979 1.55720353
v 0.76249969 0.70656979 1.55720353
v 0.74999976 0.69782257 1.54433286
v 0.76249969 0.69782257 1.54433286
v 0.76249969 0.69782257 1.54433286
v 0.76249969 0.68495190 1.53558564
v 0.76249969 0.70502126 1.53713429
v 0.76249969 0.70502126 1.53713429
v 0.76249969 0.68886006 1.52615082
v 0.77499974 0.68886006 1.52615082
v 0.77499974 0.68886006 1.52615082
v 0.77499974 0.66966581 1.52248967
v 0.77499974 0.66966581 1.52248967
v 0.76249969 0.66966581 1.52248967
v 0.76249993 0.50000000 1.52248967
v 0.77499998 0.50000000 1.52248967
v 0.77499998 0.50000000 1.52248967
v 0.76249969 0.66872060 1.53248966
v 0.74999976 0.68495190 1.53558564
v 0.76249993 0.50000000 1.53248966
v 0.76250005 0.33127940 1.53248966
v 0.76250005 0.31504798 1.53558564
v 0.76250005 0.33033419 1.52248967
v 0.77500010 0.33033419 1.52248967
v 0.77500010 0.33033419 1.52248967
v 0.76250005 0.31113994 1.52615082
v 0.77500010 0.31113994 1.52615082
v 0.77500010 0.31113994 1.52615082
v 0.76250005 0.29497886 1.53713429
v 0.76250005 0.29497886 1.53713429
v 0.77500010 0.29497886 1.53713429
v 0.77500010 0.29497886 1.53713429
v 0.77500010 0.29497886 1.53713429
v 0.76250005 0.28399539 1.55329549
v 0.77500010 0.28399539 1.55329549
v 0.77500010 0.28399539 1.55329549
v 0.76250005 0.28033423 1.57248962
v 0.77500010 0.28033423 1.57248962
v 0.77500010 0.28033423 1.57248962
v 0.76249993 0.28033423 1.92248964
v 0.77499986 0.28033423 1.92248964
v 0.77499986 0.28033423 1.92248964
v 0.76249993 0.28399527 1.94168389
v 0.77499986 0.28399539 1.94168389
v 0.77499986 0.28399539 1.94168389
v 0.76249993 0.29497874 1.95784497
v 0.76249993 0.29497874 1.95784497
v 0.76249993 0.30217743 1.95064640
v 0.76249993 0.30217743 1.95064640
v 0.77499986 0.29497874 1.95784497
v 0.77499986 0.29497874 1.95784497
v 0.77499986 0.29497874 1.95784497
v 0.77500010 0.26391590 1.50000000
v 0.77500010 0.26391590 1.50000000
v 0.77408481 0.25853276 1.50000000
v 0.77408481 0.25853276 1.50000000
v 0.77499998 0.50000000 1.51402831
v 0.77408457 0.25853276 2.00000000
v 0.77408457 0.25853276 2.00000000
v 0.77133894 0.25400031 1.50000000
v 0.77133894 0.25400031 1.50000000
v 0.77133882 0.25400019 2.00000000
v 0.77133882 0.25400019 2.00000000
v 0.77133882 0.25400019 2.00000000
v 0.76729858 0.25091994 1.50000000
v 0.76729858 0.25091994 1.50000000
v 0.76250017 0.24999988 1.50000000
v 0.76250017 0.24999988 1.50000000
v 0.75366127 0.25400031 1.50000000
v 0.75366127 0.25400031 1.50000000
v 0.75366127 0.25400031 1.50000000
v 0.75091541 0.25853276 1.50000000
v 0.75091541 0.25853276 1.50000000
v 0.75366104 0.25400019 2.00000000
v 0.75366104 0.25400019 2.00000000
v 0.75770140 0.25091982 2.00000000
v 0.75770140 0.25091982 2.00000000
v 0.75770164 0.25091982 1.50000000
v 0.75770164 0.25091982 1.50000000
v 0.76249993 0.24999988 2.00000000
v 0.76249993 0.24999988 2.00000000
v 0.76729846 0.25091982 2.00000000
v 0.76729846 0.25091982 2.00000000
v 0.77499974 0.70502126 1.53713429
v 0.77499974 0.70502126 1.53713429
v 0.77499974 0.70502126 1.53713429
v 0.77499974 0.71600461 1.55329549
v 0.77499974 0.71600461 1.55329549
v 0.76249969 0.71600461 1.55329549
v 0.76249969 0.71966588 1.57248962
v 0.76249969 0.70966578 1.57343483
v 0.74999952 0.70966578 1.92154443
v 0.76249945 0.70966578 1.92154443
v 0.74999952 0.70656991 1.93777585
v 0.76249945 0.70656991 1.93777585
v 0.76249945 0.71966577 1.92248964
v 0.76249945 0.71600473 1.94168377
v 0.77499962 0.71966588 1.57248962
v 0.77499962 0.71966588 1.57248962
v 0.76249945 0.70502102 1.95784497
v 0.76249945 0.70502102 1.95784497
v 0.76249945 0.69782269 1.95064640
v 0.76249945 0.69782269 1.95064640
v 0.74999952 0.69782269 1.95064640
v 0.74999952 0.68495190 1.95939362
v 0.76249957 0.68495190 1.95939362
v 0.76249945 0.68885994 1.96882856
v 0.74999952 0.68885994 1.96882856
v 0.74999952 0.70502102 1.95784497
v 0.74999952 0.71600473 1.94168377
v 0.75366056 0.74599969 2.00000000
v 0.75366056 0.74599969 2.00000000
v 0.75770116 0.74908006 1.50000000
v 0.75770116 0.74908006 1.50000000
v 0.75770092 0.74908006 2.00000000
v 0.75770092 0.74908006 2.00000000
v 0.76249969 0.75000000 1.50000000
v 0.76249969 0.75000000 1.50000000
v 0.77133858 0.74599957 1.50000000
v 0.77133858 0.74599957 1.50000000
v 0.76729822 0.74908006 1.50000000
v 0.76729822 0.74908006 1.50000000
v 0.76729798 0.74908006 2.00000000
v 0.76729798 0.74908006 2.00000000
v 0.76249945 0.75000000 2.00000000
v 0.76249945 0.75000000 2.00000000
v -0.75000048 0.73608410 2.00000000
v -0.75000048 0.73608410 2.00000000
v -0.75000024 0.73608387 1.50000000
v -0.75000024 0.73608387 1.50000000
v -0.75091553 0.74146712 1.50000000
v -0.75091553 0.74146712 1.50000000
v -0.75091577 0.74146724 2.00000000
v -0.75091577 0.74146724 2.00000000
v -0.75000024 0.49999988 2.00000000
v -0.75000024 0.49999988 2.00000000
v -0.77500021 0.49999988 2.00000000
v -0.77500021 0.49999988 2.00000000
v -0.75366163 0.74599969 2.00000000
v -0.75366163 0.74599969 2.00000000
v -0.75366163 0.74599969 2.00000000
v -0.75000048 0.71966577 1.92248964
v -0.75000048 0.71966577 1.92248964
v -0.75000048 0.71600461 1.94168377
v -0.75000048 0.71600461 1.94168377
v -0.75000048 0.70502102 1.95784497
v -0.75000048 0.70502102 1.95784497
v -0.75000048 0.70502102 1.95784497
v -0.75000048 0.68885994 1.96882844
v -0.75000048 0.68885994 1.96882844
v -0.75000036 0.66966569 1.97248960
v -0.75000036 0.66966569 1.97248960
v -0.75000024 0.49999988 1.97248960
v -0.75000024 0.49999988 1.97248960
v -0.76250041 0.66966569 1.97248960
v -0.76250017 0.49999988 1.97248960
v -0.75000000 0.26391590 1.99999988
v -0.75000000 0.26391590 1.99999988
v -0.75000012 0.33033407 1.97248960
v -0.75000012 0.33033407 1.97248960
v -0.76250017 0.33033407 1.97248960
v -0.76250005 0.31113982 1.96882844
v -0.75000000 0.31113994 1.96882844
v -0.75000000 0.31113994 1.96882844
v -0.76250017 0.33127928 1.96248960
v -0.77500010 0.33127928 1.96248960
v -0.76250005 0.31504786 1.95939362
v -0.76250017 0.49999988 1.96248960
v -0.76250041 0.66872048 1.96248960
v -0.77500033 0.66872048 1.96248960
v -0.77500021 0.49999988 1.96248960
v -0.77500021 0.49999988 1.97248960
v -0.77500033 0.66966569 1.97248960
v -0.77500010 0.33033407 1.97248960
v -0.77500010 0.31504786 1.95939362
v -0.77500010 0.31113982 1.96882844
v -0.77500010 0.26391578 1.99999988
v -0.77500010 0.26391578 1.99999988
v -0.77408469 0.25853264 1.99999988
v -0.77408469 0.25853264 1.99999988
v -0.77499986 0.26391578 1.50000000
v -0.77499986 0.26391578 1.50000000
v -0.77499986 0.28033400 1.57248974
v -0.77500010 0.28033400 1.92248964
v -0.77500010 0.28399515 1.94168377
v -0.77500010 0.29497874 1.95784497
v -0.77500010 0.30217719 1.95064640
v -0.77500010 0.29342997 1.93777573
v -0.76250005 0.29342997 1.93777573
v -0.76250005 0.29033399 1.92154443
v -0.77500010 0.29033399 1.92154443
v -0.76249993 0.29033399 1.57343483
v -0.77499986 0.29033399 1.57343483
v -0.76249993 0.29342997 1.55720353
v -0.77499986 0.29342997 1.55720353
v -0.76249993 0.30217719 1.54433286
v -0.76249993 0.30217719 1.54433286
v -0.77499986 0.30217719 1.54433286
v -0.77499986 0.28399515 1.55329549
v -0.77499986 0.29497862 1.53713429
v -0.77499986 0.31504786 1.53558564
v -0.77499986 0.31113994 1.52615082
v -0.77499986 0.33127928 1.53248966
v -0.77499986 0.33033407 1.52248967
v -0.77499998 0.49999988 1.52248967
v -0.77499998 0.49999988 1.53248966
v -0.77500021 0.66872048 1.53248966
v -0.77500021 0.66966581 1.52248967
v -0.77499998 0.49999988 1.51402831
v -0.77500021 0.73608387 1.50000000
v -0.77500021 0.73608387 1.50000000
v -0.77500045 0.73608387 2.00000000
v -0.77500045 0.73608387 2.00000000
v -0.77408516 0.74146724 2.00000000
v -0.77408516 0.74146724 2.00000000
v -0.77408504 0.74146712 1.50000000
v -0.77408504 0.74146712 1.50000000
v -0.77499998 0.49999988 1.50000000
v -0.77499998 0.49999988 1.50000000
v -0.75000000 0.49999988 1.50000000
v -0.75000000 0.49999988 1.50000000
v -0.77133906 0.74599957 1.50000000
v -0.77133906 0.74599957 1.50000000
v -0.77133906 0.74599957 1.50000000
v -0.77500021 0.68885994 1.52615082
v -0.77500021 0.70502102 1.53713429
v -0.77500021 0.71600449 1.55329549
v -0.77500033 0.71966565 1.57248962
v -0.77500045 0.71966565 1.92248964
v -0.77500021 0.70966566 1.57343483
v -0.77500021 0.70656967 1.55720353
v -0.76250017 0.70656967 1.55720353
v -0.77500021 0.69782233 1.54433286
v -0.76250017 0.69782233 1.54433286
v -0.76250017 0.69782233 1.54433286
v -0.76250017 0.68495178 1.53558564
v -0.76250017 0.70502102 1.53713429
v -0.76250017 0.70502102 1.53713429
v -0.76250017 0.68885994 1.52615082
v -0.75000024 0.68885994 1.52615082
v -0.75000024 0.68885994 1.52615082
v -0.75000024 0.66966581 1.52248967
v -0.75000024 0.66966581 1.52248967
v -0.76250017 0.66966581 1.52248967
v -0.76249993 0.49999988 1.52248967
v -0.75000000 0.49999988 1.52248967
v -0.75000000 0.49999988 1.52248967
v -0.76250017 0.66872048 1.53248966
v -0.77500021 0.68495178 1.53558564
v -0.76249993 0.49999988 1.53248966
v -0.76249993 0.33127928 1.53248966
v -0.76249993 0.31504786 1.53558564
v -0.76249993 0.33033407 1.52248967
v -0.74999988 0.33033407 1.52248967
v -0.74999988 0.33033407 1.52248967
v -0.76249993 0.31113994 1.52615082
v -0.74999988 0.31113994 1.52615082
v -0.74999988 0.31113994 1.52615082
v -0.76249993 0.29497862 1.53713429
v -0.76249993 0.29497862 1.53713429
v -0.74999988 0.29497862 1.53713429
v -0.74999988 0.29497862 1.53713429
v -0.74999988 0.29497862 1.53713429
v -0.76249993 0.28399515 1.55329549
v -0.74999988 0.28399515 1.55329549
v -0.74999988 0.28399515 1.55329549
v -0.76249993 0.28033400 1.57248974
v -0.74999988 0.28033400 1.57248974
v -0.74999988 0.28033400 1.57248974
v -0.76250005 0.28033400 1.92248964
v -0.75000000 0.28033400 1.92248964
v -0.75000000 0.28033400 1.92248964
v -0.76250005 0.28399515 1.94168377
v -0.75000000 0.28399515 1.94168377
v -0.75000000 0.28399515 1.94168377
v -0.76250005 0.29497874 1.95784497
v -0.76250005 0.29497874 1.95784497
v -0.76250005 0.30217719 1.95064640
v -0.76250005 0.30217719 1.95064640
v -0.75000000 0.29497874 1.95784497
v -0.75000000 0.29497874 1.95784497
v -0.75000000 0.29497874 1.95784497
v -0.74999976 0.26391578 1.50000000
v -0.74999976 0.26391578 1.50000000
v -0.75091517 0.25853264 1.50000000
v -0.75091517 0.25853264 1.50000000
v -0.75000000 0.49999988 1.51402831
v -0.75091529 0.25853276 1.99999988
v -0.75091529 0.25853276 1.99999988
v -0.75366104 0.25400019 1.50000000
v -0.75366104 0.25400019 1.50000000
v -0.75366116 0.25400019 1.99999988
v -0.75366116 0.25400019 1.99999988
v -0.75366116 0.25400019 1.99999988
v -0.75770128 0.25091982 1.50000000
v -0.75770128 0.25091982 1.50000000
v -0.76249981 0.24999988 1.50000000
v -0.76249981 0.24999988 1.50000000
v -0.77133858 0.25400019 1.50000000
v -0.77133858 0.25400019 1.50000000
v -0.77133858 0.25400019 1.50000000
v -0.77408457 0.25853264 1.50000000
v -0.77408457 0.25853264 1.50000000
v -0.77133882 0.25400019 1.99999988
v -0.77133882 0.25400019 1.99999988
v -0.76729858 0.25091982 1.99999988
v -0.76729858 0.25091982 1.99999988
v -0.76729834 0.25091970 1.50000000
v -0.76729834 0.25091970 1.50000000
v -0.76250005 0.24999988 1.99999988
v -0.76250005 0.24999988 1.99999988
v -0.75770152 0.25091982 1.99999988
v -0.75770152 0.25091982 1.99999988
v -0.75000024 0.70502102 1.53713429
v -0.75000024 0.70502102 1.53713429
v -0.75000024 0.70502102 1.53713429
v -0.75000024 0.71600449 1.55329549
v -0.75000024 0.71600449 1.55329549
v -0.76250017 0.71600449 1.55329549
v -0.76250029 0.71966565 1.57248962
v -0.76250017 0.70966566 1.57343483
v -0.77500045 0.70966554 1.92154443
v -0.76250041 0.70966554 1.92154443
v -0.77500045 0.70656979 1.93777573
v -0.76250041 0.70656979 1.93777573
v -0.76250041 0.71966565 1.92248964
v -0.76250041 0.71600461 1.94168377
v -0.75000024 0.71966565 1.57248962
v -0.75000024 0.71966565 1.57248962
v -0.76250041 0.70502102 1.95784497
v -0.76250041 0.70502102 1.95784497
v -0.76250041 0.69782245 1.95064640
v -0.76250041 0.69782245 1.95064640
v -0.77500045 0.69782245 1.95064640
v -0.77500033 0.68495190 1.95939362
v -0.76250041 0.68495190 1.95939362
v -0.76250041 0.68885994 1.96882844
v -0.77500045 0.68885994 1.96882844
v -0.77500045 0.70502102 1.95784497
v -0.77500045 0.71600461 1.94168377
v -0.77133930 0.74599969 2.00000000
v -0.77133930 0.74599969 2.00000000
v -0.76729882 0.74907994 1.50000000
v -0.76729882 0.74907994 1.50000000
v -0.76729906 0.74907994 2.00000000
v -0.76729906 0.74907994 2.00000000
v -0.76250029 0.74999988 1.50000000
v -0.76250029 0.74999988 1.50000000
v -0.75366139 0.74599957 1.50000000
v -0.75366139 0.74599957 1.50000000
v -0.75770175 0.74907994 1.50000000
v -0.75770175 0.74907994 1.50000000
v -0.75770199 0.74907994 2.00000000
v -0.75770199 0.74907994 2.00000000
v -0.76250041 0.74999988 2.00000000
v -0.76250041 0.74999988 2.00000000
v -0.23608424 0.77499938 1.50000000
v -0.23608424 0.77499938 1.50000000
v -0.23608424 0.77499998 0.50200063
v -0.23608424 0.77499998 0.50200063
v -0.24146739 0.77408481 0.50200063
v -0.24146739 0.77408481 0.50200063
v -0.24146739 0.77408409 1.50000000
v -0.24146739 0.77408409 1.50000000
v -0.00000016 0.77499938 1.50000000
v -0.00000016 0.77499938 1.50000000
v -0.00000017 0.74999940 1.49999988
v -0.00000017 0.74999940 1.49999988
v -0.24599987 0.77133811 1.50000000
v -0.24599987 0.77133811 1.50000000
v -0.24599987 0.77133811 1.50000000
v -0.21966600 0.77499950 1.42248964
v -0.21966600 0.77499950 1.42248964
v -0.21600483 0.77499950 1.44168377
v -0.21600483 0.77499950 1.44168377
v -0.20502132 0.77499950 1.45784497
v -0.20502132 0.77499950 1.45784497
v -0.20502132 0.77499950 1.45784497
v -0.18886016 0.77499938 1.46882844
v -0.18886016 0.77499938 1.46882844
v -0.16966599 0.77499938 1.47248960
v -0.16966599 0.77499938 1.47248960
v -0.00000016 0.77499926 1.47248960
v -0.00000016 0.77499926 1.47248960
v -0.16966599 0.76249933 1.47248960
v -0.00000017 0.76249921 1.47248960
v 0.23608391 0.77499926 1.50000000
v 0.23608391 0.77499926 1.50000000
v 0.16966566 0.77499926 1.47248960
v 0.16966566 0.77499926 1.47248960
v 0.16966566 0.76249921 1.47248960
v 0.18885985 0.76249921 1.46882844
v 0.18885985 0.77499926 1.46882844
v 0.18885985 0.77499926 1.46882844
v 0.16872047 0.76249921 1.46248960
v 0.16872047 0.75449920 1.46248960
v 0.18495181 0.76249921 1.45939362
v -0.00000017 0.76249921 1.46248960
v -0.16872078 0.76249945 1.46248960
v -0.16872078 0.75449944 1.46248960
v -0.00000017 0.75449932 1.46248960
v -0.00000017 0.74999917 1.47248960
v -0.16966599 0.74999940 1.47248960
v 0.16966566 0.74999917 1.47248960
v 0.18495181 0.75449920 1.45939362
v 0.18885985 0.74999917 1.46882844
v 0.23608391 0.74999917 1.49999988
v 0.23608391 0.74999917 1.49999988
v 0.24146706 0.75091445 1.49999988
v 0.24146706 0.75091445 1.49999988
v 0.23608391 0.74999964 0.50200063
v 0.23608391 0.74999964 0.50200063
v 0.21966565 0.74999964 0.57248962
v 0.21966565 0.74999917 1.42248964
v 0.21600452 0.74999917 1.44168377
v 0.20502101 0.74999917 1.45784497
v 0.19782247 0.75449920 1.45064640
v 0.20656966 0.75449920 1.43777573
v 0.20656966 0.76249921 1.43777573
v 0.20966566 0.76249921 1.42154443
v 0.20966566 0.75449920 1.42154443
v 0.20966567 0.76249969 0.57343495
v 0.20966567 0.75449967 0.57343489
v 0.20656964 0.76249969 0.55720353
v 0.20656964 0.75449967 0.55720347
v 0.19782244 0.76249969 0.54433292
v 0.19782244 0.76249969 0.54433292
v 0.19782244 0.75449967 0.54433286
v 0.21600449 0.74999964 0.55329543
v 0.20502098 0.74999964 0.53713429
v 0.18495178 0.75449967 0.53558558
v 0.18885984 0.74999964 0.52615076
v 0.16872044 0.75449967 0.53248960
v 0.16966565 0.74999964 0.52248961
v -0.00000017 0.74999964 0.52248961
v -0.00000017 0.75449979 0.53248960
v -0.16872081 0.75449979 0.53248960
v -0.16966601 0.74999988 0.52248961
v -0.00000017 0.74999964 0.51402831
v -0.23608424 0.75000000 0.50200063
v -0.23608424 0.75000000 0.50200063
v -0.23608424 0.74999940 1.49999988
v -0.23608424 0.74999940 1.49999988
v -0.24146739 0.75091469 1.49999988
v -0.24146739 0.75091469 1.49999988
v -0.24146739 0.75091517 0.50200063
v -0.24146739 0.75091517 0.50200063
v -0.00000017 0.74999964 0.50200063
v -0.00000017 0.74999964 0.50200063
v -0.00000016 0.77499974 0.50200063
v -0.00000016 0.77499974 0.50200063
v -0.24599987 0.75366116 0.50200063
v -0.24599987 0.75366116 0.50200063
v -0.24599987 0.75366116 0.50200063
v -0.18886019 0.74999988 0.52615076
v -0.20502135 0.74999988 0.53713429
v -0.21600485 0.74999988 0.55329543
v -0.21966600 0.74999988 0.57248962
v -0.21966600 0.74999952 1.42248964
v -0.20966598 0.75449979 0.57343489
v -0.20657000 0.75449979 0.55720347
v -0.20657000 0.76249981 0.55720353
v -0.19782281 0.75449979 0.54433286
v -0.19782281 0.76249981 0.54433292
v -0.19782281 0.76249981 0.54433292
v -0.18495215 0.76249981 0.53558564
v -0.20502135 0.76249981 0.53713435
v -0.20502135 0.76249981 0.53713435
v -0.18886019 0.76249981 0.52615082
v -0.18886019 0.77499986 0.52615082
v -0.18886019 0.77499986 0.52615082
v -0.16966601 0.77499986 0.52248967
v -0.16966601 0.77499986 0.52248967
v -0.16966601 0.76249981 0.52248967
v -0.00000017 0.76249981 0.52248967
v -0.00000016 0.77499986 0.52248967
v -0.00000016 0.77499986 0.52248967
v -0.16872081 0.76249981 0.53248966
v -0.18495215 0.75449979 0.53558558
v -0.00000017 0.76249981 0.53248966
v 0.16872044 0.76249969 0.53248966
v 0.18495178 0.76249969 0.53558564
v 0.16966565 0.76249969 0.52248967
v 0.16966565 0.77499974 0.52248967
v 0.16966565 0.77499974 0.52248967
v 0.18885984 0.76249969 0.52615082
v 0.18885984 0.77499974 0.52615082
v 0.18885984 0.77499974 0.52615082
v 0.20502098 0.76249969 0.53713435
v 0.20502098 0.76249969 0.53713435
v 0.20502098 0.77499974 0.53713435
v 0.20502098 0.77499974 0.53713435
v 0.20502098 0.77499974 0.53713435
v 0.21600449 0.76249969 0.55329549
v 0.21600449 0.77499974 0.55329549
v 0.21600449 0.77499974 0.55329549
v 0.21966565 0.76249969 0.57248968
v 0.21966565 0.77499974 0.57248968
v 0.21966565 0.77499974 0.57248968
v 0.21966565 0.76249921 1.42248964
v 0.21966565 0.77499926 1.42248964
v 0.21966565 0.77499926 1.42248964
v 0.21600452 0.76249921 1.44168377
v 0.21600452 0.77499926 1.44168389
v 0.21600452 0.77499926 1.44168389
v 0.20502101 0.76249921 1.45784497
v 0.20502101 0.76249921 1.45784497
v 0.19782247 0.76249921 1.45064640
v 0.19782247 0.76249921 1.45064640
v 0.20502101 0.77499926 1.45784497
v 0.20502101 0.77499926 1.45784497
v 0.20502101 0.77499926 1.45784497
v 0.23608391 0.77499974 0.50200063
v 0.23608391 0.77499974 0.50200063
v 0.24146706 0.77408433 0.50200063
v 0.24146706 0.77408433 0.50200063
v -0.00000016 0.77499974 0.51402837
v 0.24146706 0.77408397 1.50000000
v 0.24146706 0.77408397 1.50000000
v 0.24599954 0.77133846 0.50200063
v 0.24599954 0.77133846 0.50200063
v 0.24599956 0.77133799 1.50000000
v 0.24599956 0.77133799 1.50000000
v 0.24599956 0.77133799 1.50000000
v 0.24907993 0.76729834 0.50200063
v 0.24907993 0.76729834 0.50200063
v 0.24999985 0.76249969 0.50200063
v 0.24999985 0.76249969 0.50200063
v 0.24599954 0.75366092 0.50200063
v 0.24599954 0.75366092 0.50200063
v 0.24599954 0.75366092 0.50200063
v 0.24146706 0.75091493 0.50200063
v 0.24146706 0.75091493 0.50200063
v 0.24599956 0.75366044 1.49999988
v 0.24599956 0.75366044 1.49999988
v 0.24907994 0.75770056 1.49999988
v 0.24907994 0.75770056 1.49999988
v 0.24907993 0.75770116 0.50200063
v 0.24907993 0.75770116 0.50200063
v 0.24999988 0.76249921 1.50000000
v 0.24999988 0.76249921 1.50000000
v 0.24907994 0.76729774 1.50000000
v 0.24907994 0.76729774 1.50000000
v -0.20502135 0.77499986 0.53713435
v -0.20502135 0.77499986 0.53713435
v -0.20502135 0.77499986 0.53713435
v -0.21600485 0.77499986 0.55329549
v -0.21600485 0.77499986 0.55329549
v -0.21600485 0.76249981 0.55329549
v -0.21966600 0.76249981 0.57248968
v -0.20966598 0.76249981 0.57343495
v -0.20966600 0.75449944 1.42154443
v -0.20966600 0.76249945 1.42154443
v -0.20656998 0.75449944 1.43777573
v -0.20656998 0.76249945 1.43777573
v -0.21966600 0.76249945 1.42248964
v -0.21600483 0.76249945 1.44168377
v -0.21966600 0.77499986 0.57248968
v -0.21966600 0.77499986 0.57248968
v -0.20502132 0.76249945 1.45784497
v -0.20502132 0.76249945 1.45784497
v -0.19782278 0.76249945 1.45064640
v -0.19782278 0.76249945 1.45064640
v -0.19782278 0.75449944 1.45064640
v -0.18495212 0.75449944 1.45939362
v -0.18495212 0.76249945 1.45939362
v -0.18886016 0.76249933 1.46882844
v -0.18886016 0.74999940 1.46882844
v -0.20502132 0.74999952 1.45784497
v -0.21600483 0.74999952 1.44168377
v -0.24599987 0.75366056 1.49999988
v -0.24599987 0.75366056 1.49999988
v -0.24908027 0.75770140 0.50200063
v -0.24908027 0.75770140 0.50200063
v -0.24908026 0.75770080 1.49999988
v -0.24908026 0.75770080 1.49999988
v -0.25000018 0.76249993 0.50200063
v -0.25000018 0.76249993 0.50200063
v -0.24599987 0.77133882 0.50200063
v -0.24599987 0.77133882 0.50200063
v -0.24908027 0.76729858 0.50200063
v -0.24908027 0.76729858 0.50200063
v -0.24908026 0.76729798 1.49999988
v -0.24908026 0.76729798 1.49999988
v -0.25000018 0.76249933 1.49999988
v -0.25000018 0.76249933 1.49999988
v -0.73608422 0.77499914 1.50000000
v -0.73608422 0.77499914 1.50000000
v -0.73608434 0.77499962 0.50200063
v -0.73608434 0.77499962 0.50200063
v -0.74146748 0.77408445 0.50200063
v -0.74146748 0.77408445 0.50200063
v -0.74146736 0.77408397 1.50000000
v -0.74146736 0.77408397 1.50000000
v -0.50000018 0.77499914 1.50000000
v -0.50000018 0.77499914 1.50000000
v -0.50000018 0.74999917 1.50000000
v -0.50000018 0.74999917 1.50000000
v -0.74599981 0.77133799 1.50000000
v -0.74599981 0.77133799 1.50000000
v -0.74599981 0.77133799 1.50000000
v -0.71966600 0.77499914 1.42248964
v -0.71966600 0.77499914 1.42248964
v -0.71600485 0.77499914 1.44168389
v -0.71600485 0.77499914 1.44168389
v -0.70502126 0.77499914 1.45784497
v -0.70502126 0.77499914 1.45784497
v -0.70502126 0.77499914 1.45784497
v -0.68886018 0.77499914 1.46882856
v -0.68886018 0.77499914 1.46882856
v -0.66966605 0.77499914 1.47248971
v -0.66966605 0.77499914 1.47248971
v -0.50000018 0.77499902 1.47248971
v -0.50000018 0.77499902 1.47248971
v -0.66966605 0.76249921 1.47248971
v -0.50000018 0.76249897 1.47248971
v -0.26391608 0.77499890 1.50000000
v -0.26391608 0.77499890 1.50000000
v -0.33033434 0.77499902 1.47248971
v -0.33033434 0.77499902 1.47248971
v -0.33033434 0.76249897 1.47248971
v -0.31114015 0.76249897 1.46882856
v -0.31114015 0.77499902 1.46882856
v -0.31114015 0.77499902 1.46882856
v -0.33127955 0.76249897 1.46248972
v -0.33127955 0.75449896 1.46248960
v -0.31504819 0.76249897 1.45939362
v -0.50000018 0.76249897 1.46248960
v -0.66872084 0.76249921 1.46248960
v -0.66872084 0.75449920 1.46248960
v -0.50000018 0.75449920 1.46248960
v -0.50000018 0.74999905 1.47248960
v -0.66966605 0.74999917 1.47248960
v -0.33033434 0.74999905 1.47248971
v -0.31504819 0.75449896 1.45939362
v -0.31114015 0.74999905 1.46882856
v -0.26391608 0.74999893 1.50000000
v -0.26391608 0.74999893 1.50000000
v -0.25853291 0.75091410 1.50000000
v -0.25853291 0.75091410 1.50000000
v -0.26391608 0.74999952 0.50200063
v -0.26391608 0.74999952 0.50200063
v -0.28033432 0.74999940 0.57248968
v -0.28033435 0.74999905 1.42248964
v -0.28399548 0.74999905 1.44168389
v -0.29497898 0.74999905 1.45784497
v -0.30217752 0.75449896 1.45064640
v -0.29343033 0.75449896 1.43777585
v -0.29343033 0.76249897 1.43777585
v -0.29033434 0.76249897 1.42154443
v -0.29033434 0.75449896 1.42154443
v -0.29033431 0.76249945 0.57343495
v -0.29033431 0.75449932 0.57343489
v -0.29343033 0.76249945 0.55720353
v -0.29343033 0.75449932 0.55720347
v -0.30217752 0.76249945 0.54433292
v -0.30217752 0.76249945 0.54433292
v -0.30217752 0.75449932 0.54433286
v -0.28399548 0.74999940 0.55329549
v -0.29497898 0.74999940 0.53713435
v -0.31504819 0.75449932 0.53558570
v -0.31114015 0.74999940 0.52615076
v -0.33127952 0.75449932 0.53248966
v -0.33033431 0.74999952 0.52248967
v -0.50000018 0.74999952 0.52248967
v -0.50000012 0.75449967 0.53248966
v -0.66872084 0.75449967 0.53248966
v -0.66966605 0.74999964 0.52248967
v -0.50000018 0.74999952 0.51402831
v -0.73608434 0.74999964 0.50200063
v -0.73608434 0.74999964 0.50200063
v -0.73608422 0.74999917 1.50000000
v -0.73608422 0.74999917 1.50000000
v -0.74146736 0.75091457 1.50000000
v -0.74146736 0.75091457 1.50000000
v -0.74146748 0.75091493 0.50200063
v -0.74146748 0.75091493 0.50200063
v -0.50000018 0.74999952 0.50200063
v -0.50000018 0.74999952 0.50200063
v -0.50000012 0.77499950 0.50200063
v -0.50000012 0.77499950 0.50200063
v -0.74599993 0.75366092 0.50200063
v -0.74599993 0.75366092 0.50200063
v -0.74599993 0.75366092 0.50200063
v -0.68886018 0.74999964 0.52615076
v -0.70502138 0.74999964 0.53713435
v -0.71600485 0.74999964 0.55329549
v -0.71966600 0.74999964 0.57248968
v -0.71966600 0.74999917 1.42248964
v -0.70966601 0.75449967 0.57343489
v -0.70657003 0.75449967 0.55720347
v -0.70657003 0.76249969 0.55720353
v -0.69782281 0.75449967 0.54433286
v -0.69782281 0.76249969 0.54433292
v -0.69782281 0.76249969 0.54433292
v -0.68495214 0.76249969 0.53558576
v -0.70502138 0.76249969 0.53713441
v -0.70502138 0.76249969 0.53713441
v -0.68886018 0.76249969 0.52615082
v -0.68886018 0.77499962 0.52615082
v -0.68886018 0.77499962 0.52615082
v -0.66966605 0.77499962 0.52248973
v -0.66966605 0.77499962 0.52248973
v -0.66966605 0.76249969 0.52248973
v -0.50000012 0.76249969 0.52248973
v -0.50000012 0.77499962 0.52248973
v -0.50000012 0.77499962 0.52248973
v -0.66872084 0.76249969 0.53248972
v -0.68495214 0.75449967 0.53558570
v -0.50000012 0.76249969 0.53248972
v -0.33127952 0.76249945 0.53248972
v -0.31504819 0.76249945 0.53558576
v -0.33033431 0.76249957 0.52248973
v -0.33033431 0.77499950 0.52248973
v -0.33033431 0.77499950 0.52248973
v -0.31114015 0.76249945 0.52615082
v -0.31114015 0.77499938 0.52615082
v -0.31114015 0.77499938 0.52615082
v -0.29497898 0.76249945 0.53713441
v -0.29497898 0.76249945 0.53713441
v -0.29497898 0.77499938 0.53713441
v -0.29497898 0.77499938 0.53713441
v -0.29497898 0.77499938 0.53713441
v -0.28399548 0.76249945 0.55329555
v -0.28399548 0.77499938 0.55329555
v -0.28399548 0.77499938 0.55329555
v -0.28033432 0.76249945 0.57248974
v -0.28033432 0.77499938 0.57248974
v -0.28033432 0.77499938 0.57248974
v -0.28033435 0.76249897 1.42248964
v -0.28033435 0.77499902 1.42248964
v -0.28033435 0.77499902 1.42248964
v -0.28399548 0.76249897 1.44168389
v -0.28399548 0.77499902 1.44168389
v -0.28399548 0.77499902 1.44168389
v -0.29497898 0.76249897 1.45784497
v -0.29497898 0.76249897 1.45784497
v -0.30217752 0.76249897 1.45064640
v -0.30217752 0.76249897 1.45064640
v -0.29497898 0.77499902 1.45784497
v -0.29497898 0.77499902 1.45784497
v -0.29497898 0.77499902 1.45784497
v -0.26391608 0.77499950 0.50200063
v -0.26391608 0.77499950 0.50200063
v -0.25853294 0.77408409 0.50200063
v -0.25853294 0.77408409 0.50200063
v -0.50000012 0.77499950 0.51402837
v -0.25853291 0.77408373 1.50000000
v -0.25853291 0.77408373 1.50000000
v -0.25400046 0.77133834 0.50200063
v -0.25400046 0.77133834 0.50200063
v -0.25400043 0.77133775 1.50000000
v -0.25400043 0.77133775 1.50000000
v -0.25400043 0.77133775 1.50000000
v -0.25092006 0.76729810 0.50200063
v -0.25092006 0.76729810 0.50200063
v -0.25000012 0.76249957 0.50200063
v -0.25000012 0.76249957 0.50200063
v -0.25400046 0.75366068 0.50200063
v -0.25400046 0.75366068 0.50200063
v -0.25400046 0.75366068 0.50200063
v -0.25853294 0.75091469 0.50200063
v -0.25853294 0.75091469 0.50200063
v -0.25400043 0.75366008 1.50000000
v -0.25400043 0.75366008 1.50000000
v -0.25092006 0.75770032 1.50000000
v -0.25092006 0.75770032 1.50000000
v -0.25092006 0.75770092 0.50200063
v -0.25092006 0.75770092 0.50200063
v -0.25000012 0.76249886 1.50000000
v -0.25000012 0.76249886 1.50000000
v -0.25092006 0.76729751 1.50000000
v -0.25092006 0.76729751 1.50000000
v -0.70502138 0.77499962 0.53713441
v -0.70502138 0.77499962 0.53713441
v -0.70502138 0.77499962 0.53713441
v -0.71600485 0.77499962 0.55329555
v -0.71600485 0.77499962 0.55329555
v -0.71600485 0.76249969 0.55329555
v -0.71966600 0.76249969 0.57248974
v -0.70966601 0.76249969 0.57343495
v -0.70966601 0.75449920 1.42154443
v -0.70966601 0.76249921 1.42154443
v -0.70657003 0.75449920 1.43777585
v -0.70657003 0.76249921 1.43777585
v -0.71966600 0.76249921 1.42248964
v -0.71600485 0.76249921 1.44168389
v -0.71966600 0.77499962 0.57248974
v -0.71966600 0.77499962 0.57248974
v -0.70502126 0.76249921 1.45784497
v -0.70502126 0.76249921 1.45784497
v -0.69782269 0.76249921 1.45064640
v -0.69782269 0.76249921 1.45064640
v -0.69782269 0.75449920 1.45064640
v -0.68495214 0.75449920 1.45939362
v -0.68495214 0.76249921 1.45939362
v -0.68886018 0.76249921 1.46882856
v -0.68886018 0.74999917 1.46882844
v -0.70502126 0.74999917 1.45784497
v -0.71600485 0.74999917 1.44168389
v -0.74599981 0.75366032 1.50000000
v -0.74599981 0.75366032 1.50000000
v -0.74908030 0.75770104 0.50200063
v -0.74908030 0.75770104 0.50200063
v -0.74908018 0.75770056 1.50000000
v -0.74908018 0.75770056 1.50000000
v -0.75000024 0.76249969 0.50200063
v -0.75000024 0.76249969 0.50200063
v -0.74599993 0.77133846 0.50200063
v -0.74599993 0.77133846 0.50200063
v -0.74908030 0.76729822 0.50200063
v -0.74908030 0.76729822 0.50200063
v -0.74908018 0.76729774 1.50000000
v -0.74908018 0.76729774 1.50000000
v -0.75000012 0.76249921 1.50000000
v -0.75000012 0.76249921 1.50000000
v 0.26391575 0.77386689 1.50000000
v 0.26391575 0.77386689 1.50000000
v 0.26391575 0.77386725 0.50200063
v 0.26391575 0.77386725 0.50200063
v 0.25853261 0.77295196 0.50200063
v 0.25853261 0.77295196 0.50200063
v 0.25853261 0.77295160 1.50000000
v 0.25853261 0.77295160 1.50000000
v 0.49999979 0.77386689 1.50000000
v 0.49999979 0.77386689 1.50000000
v 0.49999979 0.74886680 1.49999988
v 0.49999979 0.74886680 1.49999988
v 0.25400013 0.77020562 1.50000000
v 0.25400013 0.77020562 1.50000000
v 0.25400013 0.77020562 1.50000000
v 0.28033400 0.77386689 1.42248964
v 0.28033400 0.77386689 1.42248964
v 0.28399515 0.77386689 1.44168389
v 0.28399515 0.77386689 1.44168389
v 0.29497865 0.77386689 1.45784497
v 0.29497865 0.77386689 1.45784497
v 0.29497865 0.77386689 1.45784497
v 0.31113982 0.77386689 1.46882844
v 0.31113982 0.77386689 1.46882844
v 0.33033398 0.77386689 1.47248960
v 0.33033398 0.77386689 1.47248960
v 0.49999979 0.77386689 1.47248971
v 0.49999979 0.77386689 1.47248971
v 0.33033398 0.76136684 1.47248960
v 0.49999979 0.76136684 1.47248960
v 0.73608398 0.77386677 1.50000000
v 0.73608398 0.77386677 1.50000000
v 0.66966569 0.77386689 1.47248971
v 0.66966569 0.77386689 1.47248971
v 0.66966569 0.76136684 1.47248960
v 0.68885982 0.76136684 1.46882844
v 0.68885982 0.77386689 1.46882856
v 0.68885982 0.77386689 1.46882856
v 0.66872048 0.76136684 1.46248960
v 0.66872036 0.75336683 1.46248960
v 0.68495178 0.76136684 1.45939362
v 0.49999979 0.76136684 1.46248960
v 0.33127919 0.76136684 1.46248960
v 0.33127916 0.75336683 1.46248960
v 0.49999979 0.75336683 1.46248960
v 0.49999979 0.74886680 1.47248960
v 0.33033395 0.74886680 1.47248960
v 0.66966569 0.74886680 1.47248960
v 0.68495178 0.75336683 1.45939362
v 0.68885982 0.74886680 1.46882844
v 0.73608387 0.74886668 1.50000000
v 0.73608387 0.74886668 1.50000000
v 0.74146700 0.74978197 1.50000000
v 0.74146700 0.74978197 1.50000000
v 0.73608375 0.74886715 0.50200063
v 0.73608375 0.74886715 0.50200063
v 0.71966553 0.74886703 0.57248962
v 0.71966553 0.74886680 1.42248964
v 0.71600449 0.74886680 1.44168377
v 0.70502090 0.74886680 1.45784497
v 0.69782233 0.75336683 1.45064640
v 0.70656967 0.75336683 1.43777573
v 0.70656967 0.76136684 1.43777585
v 0.70966566 0.76136684 1.42154443
v 0.70966554 0.75336683 1.42154443
v 0.70966566 0.76136708 0.57343495
v 0.70966554 0.75336707 0.57343489
v 0.70656955 0.76136708 0.55720353
v 0.70656955 0.75336707 0.55720347
v 0.69782233 0.76136708 0.54433292
v 0.69782233 0.76136708 0.54433292
v 0.69782233 0.75336707 0.54433286
v 0.71600449 0.74886703 0.55329543
v 0.70502090 0.74886703 0.53713429
v 0.68495178 0.75336707 0.53558558
v 0.68885970 0.74886703 0.52615076
v 0.66872036 0.75336707 0.53248960
v 0.66966558 0.74886715 0.52248961
v 0.49999973 0.74886715 0.52248961
v 0.49999973 0.75336719 0.53248960
v 0.33127913 0.75336719 0.53248960
v 0.33033395 0.74886715 0.52248961
v 0.49999973 0.74886715 0.51402831
v 0.26391569 0.74886715 0.50200063
v 0.26391569 0.74886715 0.50200063
v 0.26391569 0.74886680 1.49999988
v 0.26391569 0.74886680 1.49999988
v 0.25853255 0.74978220 1.49999988
v 0.25853255 0.74978220 1.49999988
v 0.25853255 0.74978244 0.50200063
v 0.25853255 0.74978244 0.50200063
v 0.49999973 0.74886715 0.50200063
v 0.49999973 0.74886715 0.50200063
v 0.49999979 0.77386725 0.50200063
v 0.49999979 0.77386725 0.50200063
v 0.25400004 0.75252843 0.50200063
v 0.25400004 0.75252843 0.50200063
v 0.25400004 0.75252843 0.50200063
v 0.31113976 0.74886715 0.52615076
v 0.29497859 0.74886715 0.53713429
v 0.28399509 0.74886715 0.55329543
v 0.28033394 0.74886715 0.57248962
v 0.28033394 0.74886680 1.42248964
v 0.29033396 0.75336719 0.57343489
v 0.29342994 0.75336719 0.55720347
v 0.29342997 0.76136720 0.55720353
v 0.30217713 0.75336719 0.54433286
v 0.30217716 0.76136720 0.54433292
v 0.30217716 0.76136720 0.54433292
v 0.31504780 0.76136720 0.53558564
v 0.29497862 0.76136720 0.53713435
v 0.29497862 0.76136720 0.53713435
v 0.31113976 0.76136720 0.52615082
v 0.31113982 0.77386725 0.52615082
v 0.31113982 0.77386725 0.52615082
v 0.33033401 0.77386725 0.52248967
v 0.33033401 0.77386725 0.52248967
v 0.33033395 0.76136720 0.52248967
v 0.49999979 0.76136720 0.52248967
v 0.49999979 0.77386725 0.52248967
v 0.49999979 0.77386725 0.52248967
v 0.33127913 0.76136720 0.53248966
v 0.31504780 0.75336719 0.53558558
v 0.49999979 0.76136720 0.53248966
v 0.66872036 0.76136708 0.53248966
v 0.68495178 0.76136708 0.53558564
v 0.66966558 0.76136720 0.52248967
v 0.66966569 0.77386725 0.52248967
v 0.66966569 0.77386725 0.52248967
v 0.68885970 0.76136708 0.52615082
v 0.68885982 0.77386713 0.52615082
v 0.68885982 0.77386713 0.52615082
v 0.70502090 0.76136708 0.53713435
v 0.70502090 0.76136708 0.53713435
v 0.70502090 0.77386713 0.53713435
v 0.70502090 0.77386713 0.53713435
v 0.70502090 0.77386713 0.53713435
v 0.71600449 0.76136708 0.55329549
v 0.71600449 0.77386713 0.55329549
v 0.71600449 0.77386713 0.55329549
v 0.71966553 0.76136708 0.57248968
v 0.71966565 0.77386713 0.57248968
v 0.71966565 0.77386713 0.57248968
v 0.71966565 0.76136684 1.42248964
v 0.71966565 0.77386689 1.42248964
v 0.71966565 0.77386689 1.42248964
v 0.71600449 0.76136684 1.44168389
v 0.71600449 0.77386689 1.44168389
v 0.71600449 0.77386689 1.44168389
v 0.70502090 0.76136684 1.45784497
v 0.70502090 0.76136684 1.45784497
v 0.69782233 0.76136684 1.45064640
v 0.69782233 0.76136684 1.45064640
v 0.70502102 0.77386689 1.45784497
v 0.70502102 0.77386689 1.45784497
v 0.70502102 0.77386689 1.45784497
v 0.73608387 0.77386725 0.50200063
v 0.73608387 0.77386725 0.50200063
v 0.74146700 0.77295184 0.50200063
v 0.74146700 0.77295184 0.50200063
v 0.49999979 0.77386725 0.51402837
v 0.74146712 0.77295148 1.50000000
v 0.74146712 0.77295148 1.50000000
v 0.74599946 0.77020597 0.50200063
v 0.74599946 0.77020597 0.50200063
v 0.74599957 0.77020550 1.50000000
v 0.74599957 0.77020550 1.50000000
v 0.74599957 0.77020550 1.50000000
v 0.74907982 0.76616573 0.50200063
v 0.74907982 0.76616573 0.50200063
v 0.74999976 0.76136720 0.50200063
v 0.74999976 0.76136720 0.50200063
v 0.74599946 0.75252843 0.50200063
v 0.74599946 0.75252843 0.50200063
v 0.74599946 0.75252843 0.50200063
v 0.74146688 0.74978244 0.50200063
v 0.74146688 0.74978244 0.50200063
v 0.74599946 0.75252795 1.50000000
v 0.74599946 0.75252795 1.50000000
v 0.74907982 0.75656819 1.50000000
v 0.74907982 0.75656819 1.50000000
v 0.74907982 0.75656855 0.50200063
v 0.74907982 0.75656855 0.50200063
v 0.74999976 0.76136672 1.50000000
v 0.74999976 0.76136672 1.50000000
v 0.74907994 0.76616526 1.50000000
v 0.74907994 0.76616526 1.50000000
v 0.29497865 0.77386725 0.53713435
v 0.29497865 0.77386725 0.53713435
v 0.29497865 0.77386725 0.53713435
v 0.28399515 0.77386725 0.55329549
v 0.28399515 0.77386725 0.55329549
v 0.28399512 0.76136720 0.55329549
v 0.28033397 0.76136720 0.57248968
v 0.29033399 0.76136720 0.57343495
v 0.29033393 0.75336683 1.42154443
v 0.29033396 0.76136684 1.42154443
v 0.29342994 0.75336683 1.43777573
v 0.29342997 0.76136684 1.43777573
v 0.28033394 0.76136684 1.42248964
v 0.28399512 0.76136684 1.44168377
v 0.28033400 0.77386725 0.57248968
v 0.28033400 0.77386725 0.57248968
v 0.29497862 0.76136684 1.45784497
v 0.29497862 0.76136684 1.45784497
v 0.30217716 0.76136684 1.45064640
v 0.30217716 0.76136684 1.45064640
v 0.30217716 0.75336683 1.45064640
v 0.31504780 0.75336683 1.45939362
v 0.31504783 0.76136684 1.45939362
v 0.31113979 0.76136684 1.46882844
v 0.31113976 0.74886680 1.46882844
v 0.29497862 0.74886680 1.45784497
v 0.28399509 0.74886680 1.44168377
v 0.25400007 0.75252807 1.49999988
v 0.25400007 0.75252807 1.49999988
v 0.25091967 0.75656855 0.50200063
v 0.25091967 0.75656855 0.50200063
v 0.25091970 0.75656831 1.49999988
v 0.25091970 0.75656831 1.49999988
v 0.24999976 0.76136720 0.50200063
v 0.24999976 0.76136720 0.50200063
v 0.25400010 0.77020597 0.50200063
v 0.25400010 0.77020597 0.50200063
v 0.25091970 0.76616573 0.50200063
v 0.25091970 0.76616573 0.50200063
v 0.25091970 0.76616538 1.50000000
v 0.25091970 0.76616538 1.50000000
v 0.24999976 0.76136684 1.50000000
v 0.24999976 0.76136684 1.50000000
v 0.26391575 0.77386665 1.99999988
v 0.26391575 0.77386665 1.99999988
v 0.26391581 0.77386701 1.49999988
v 0.26391581 0.77386701 1.49999988
v 0.25853267 0.77295160 1.49999988
v 0.25853267 0.77295160 1.49999988
v 0.25853258 0.77295148 1.99999988
v 0.25853258 0.77295148 1.99999988
v 0.49999979 0.77386665 2.00000000
v 0.49999979 0.77386665 2.00000000
v 0.49999985 0.74886668 2.00000000
v 0.49999985 0.74886668 2.00000000
v 0.25400010 0.77020550 1.99999988
v 0.25400010 0.77020550 1.99999988
v 0.25400010 0.77020550 1.99999988
v 0.28033400 0.77386665 1.92248964
v 0.28033400 0.77386665 1.92248964
v 0.28399515 0.77386665 1.94168377
v 0.28399515 0.77386665 1.94168377
v 0.29497865 0.77386665 1.95784497
v 0.29497865 0.77386665 1.95784497
v 0.29497865 0.77386665 1.95784497
v 0.31113979 0.77386665 1.96882844
v 0.31113979 0.77386665 1.96882844
v 0.33033398 0.77386677 1.97248960
v 0.33033398 0.77386677 1.97248960
v 0.49999979 0.77386677 1.97248960
v 0.49999979 0.77386677 1.97248960
v 0.33033398 0.76136684 1.97248960
v 0.49999979 0.76136684 1.97248960
v 0.73608387 0.77386701 2.00000000
v 0.73608387 0.77386701 2.00000000
v 0.66966569 0.77386689 1.97248971
v 0.66966569 0.77386689 1.97248971
v 0.66966569 0.76136684 1.97248971
v 0.68885982 0.76136684 1.96882856
v 0.68885982 0.77386689 1.96882856
v 0.68885982 0.77386689 1.96882856
v 0.66872048 0.76136696 1.96248972
v 0.66872048 0.74886703 1.96248972
v 0.68495178 0.76136696 1.95939374
v 0.49999979 0.76136684 1.96248960
v 0.33127919 0.76136672 1.96248960
v 0.33127919 0.74886668 1.96248960
v 0.49999985 0.74886680 1.96248960
v 0.49999985 0.74886680 1.97248960
v 0.33033398 0.74886668 1.97248960
v 0.66966569 0.74886692 1.97248971
v 0.68495178 0.74886703 1.95939374
v 0.68885982 0.74886692 1.96882856
v 0.73608398 0.74886703 2.00000000
v 0.73608398 0.74886703 2.00000000
v 0.74146712 0.74978220 2.00000000
v 0.74146712 0.74978220 2.00000000
v 0.73608398 0.74886715 1.50000000
v 0.73608398 0.74886715 1.50000000
v 0.71966577 0.74886715 1.57248962
v 0.71966565 0.74886703 1.92248964
v 0.71600449 0.74886703 1.94168389
v 0.70502102 0.74886703 1.95784497
v 0.69782245 0.74886703 1.95064640
v 0.70656967 0.74886703 1.93777585
v 0.70656967 0.76136696 1.93777585
v 0.70966566 0.76136696 1.92154455
v 0.70966566 0.74886703 1.92154455
v 0.70966566 0.76136720 1.57343495
v 0.70966566 0.74886715 1.57343483
v 0.70656967 0.76136720 1.55720353
v 0.70656967 0.74886715 1.55720353
v 0.69782257 0.76136720 1.54433286
v 0.69782257 0.76136720 1.54433286
v 0.69782257 0.74886715 1.54433286
v 0.71600461 0.74886715 1.55329549
v 0.70502114 0.74886715 1.53713429
v 0.68495190 0.74886715 1.53558564
v 0.68885994 0.74886715 1.52615082
v 0.66872048 0.74886715 1.53248966
v 0.66966569 0.74886715 1.52248967
v 0.49999991 0.74886703 1.52248967
v 0.49999991 0.74886703 1.53248966
v 0.33127928 0.74886692 1.53248954
v 0.33033407 0.74886703 1.52248955
v 0.49999991 0.74886703 1.51402831
v 0.26391584 0.74886703 1.49999988
v 0.26391584 0.74886703 1.49999988
v 0.26391575 0.74886668 1.99999988
v 0.26391575 0.74886668 1.99999988
v 0.25853261 0.74978209 1.99999988
v 0.25853261 0.74978209 1.99999988
v 0.25853267 0.74978220 1.49999988
v 0.25853267 0.74978220 1.49999988
v 0.49999991 0.74886715 1.49999988
v 0.49999991 0.74886715 1.49999988
v 0.49999991 0.77386713 1.50000000
v 0.49999991 0.77386713 1.50000000
v 0.25400019 0.75252807 1.49999988
v 0.25400019 0.75252807 1.49999988
v 0.25400019 0.75252807 1.49999988
v 0.31113988 0.74886703 1.52615070
v 0.29497874 0.74886692 1.53713429
v 0.28399524 0.74886692 1.55329537
v 0.28033406 0.74886692 1.57248962
v 0.28033403 0.74886668 1.92248964
v 0.29033405 0.74886692 1.57343483
v 0.29343009 0.74886692 1.55720341
v 0.29343009 0.76136684 1.55720341
v 0.30217728 0.74886692 1.54433286
v 0.30217728 0.76136684 1.54433286
v 0.30217728 0.76136684 1.54433286
v 0.31504795 0.76136684 1.53558564
v 0.29497874 0.76136684 1.53713429
v 0.29497874 0.76136684 1.53713429
v 0.31113988 0.76136696 1.52615070
v 0.31113988 0.77386701 1.52615082
v 0.31113988 0.77386701 1.52615082
v 0.33033407 0.77386701 1.52248967
v 0.33033407 0.77386701 1.52248967
v 0.33033407 0.76136696 1.52248955
v 0.49999991 0.76136708 1.52248967
v 0.49999991 0.77386701 1.52248967
v 0.49999991 0.77386701 1.52248967
v 0.33127928 0.76136684 1.53248966
v 0.31504795 0.74886692 1.53558564
v 0.49999991 0.76136708 1.53248966
v 0.66872048 0.76136720 1.53248966
v 0.68495190 0.76136720 1.53558564
v 0.66966569 0.76136720 1.52248967
v 0.66966569 0.77386713 1.52248967
v 0.66966569 0.77386713 1.52248967
v 0.68885994 0.76136720 1.52615082
v 0.68885994 0.77386713 1.52615082
v 0.68885994 0.77386713 1.52615082
v 0.70502114 0.76136720 1.53713441
v 0.70502114 0.76136720 1.53713441
v 0.70502102 0.77386713 1.53713441
v 0.70502102 0.77386713 1.53713441
v 0.70502102 0.77386713 1.53713441
v 0.71600461 0.76136720 1.55329549
v 0.71600461 0.77386713 1.55329549
v 0.71600461 0.77386713 1.55329549
v 0.71966577 0.76136720 1.57248974
v 0.71966577 0.77386713 1.57248974
v 0.71966577 0.77386713 1.57248974
v 0.71966565 0.76136696 1.92248964
v 0.71966565 0.77386701 1.92248964
v 0.71966565 0.77386701 1.92248964
v 0.71600449 0.76136696 1.94168389
v 0.71600449 0.77386701 1.94168389
v 0.71600449 0.77386701 1.94168389
v 0.70502102 0.76136696 1.95784497
v 0.70502102 0.76136696 1.95784497
v 0.69782245 0.76136696 1.95064640
v 0.69782245 0.76136696 1.95064640
v 0.70502102 0.77386701 1.95784497
v 0.70502102 0.77386701 1.95784497
v 0.70502102 0.77386701 1.95784497
v 0.73608398 0.77386713 1.50000000
v 0.73608398 0.77386713 1.50000000
v 0.74146712 0.77295196 1.50000000
v 0.74146712 0.77295196 1.50000000
v 0.49999991 0.77386701 1.51402831
v 0.74146700 0.77295160 2.00000000
v 0.74146700 0.77295160 2.00000000
v 0.74599957 0.77020597 1.50000000
v 0.74599957 0.77020597 1.50000000
v 0.74599957 0.77020586 2.00000000
v 0.74599957 0.77020586 2.00000000
v 0.74599957 0.77020586 2.00000000
v 0.74908006 0.76616573 1.50000000
v 0.74908006 0.76616573 1.50000000
v 0.75000000 0.76136720 1.50000000
v 0.75000000 0.76136720 1.50000000
v 0.74599969 0.75252843 1.50000000
v 0.74599969 0.75252843 1.50000000
v 0.74599969 0.75252843 1.50000000
v 0.74146712 0.74978256 1.50000000
v 0.74146712 0.74978256 1.50000000
v 0.74599957 0.75252819 2.00000000
v 0.74599957 0.75252819 2.00000000
v 0.74907994 0.75656843 2.00000000
v 0.74907994 0.75656843 2.00000000
v 0.74908006 0.75656855 1.50000000
v 0.74908006 0.75656855 1.50000000
v 0.74999988 0.76136696 2.00000000
v 0.74999988 0.76136696 2.00000000
v 0.74907994 0.76616549 2.00000000
v 0.74907994 0.76616549 2.00000000
v 0.29497871 0.77386689 1.53713429
v 0.29497871 0.77386689 1.53713429
v 0.29497871 0.77386689 1.53713429
v 0.28399521 0.77386689 1.55329537
v 0.28399521 0.77386689 1.55329537
v 0.28399524 0.76136684 1.55329537
v 0.28033406 0.76136684 1.57248962
v 0.29033405 0.76136684 1.57343483
v 0.29033402 0.74886668 1.92154431
v 0.29033402 0.76136672 1.92154431
v 0.29343000 0.74886668 1.93777573
v 0.29343000 0.76136672 1.93777573
v 0.28033403 0.76136672 1.92248964
v 0.28399515 0.76136672 1.94168377
v 0.28033406 0.77386689 1.57248962
v 0.28033406 0.77386689 1.57248962
v 0.29497865 0.76136672 1.95784497
v 0.29497865 0.76136672 1.95784497
v 0.30217722 0.76136672 1.95064640
v 0.30217722 0.76136672 1.95064640
v 0.30217722 0.74886668 1.95064640
v 0.31504786 0.74886668 1.95939362
v 0.31504786 0.76136672 1.95939362
v 0.31113982 0.76136672 1.96882844
v 0.31113982 0.74886668 1.96882844
v 0.29497865 0.74886668 1.95784497
v 0.28399515 0.74886668 1.94168377
v 0.25400013 0.75252783 1.99999988
v 0.25400013 0.75252783 1.99999988
v 0.25091982 0.75656843 1.49999988
v 0.25091982 0.75656843 1.49999988
v 0.25091973 0.75656819 1.99999988
v 0.25091973 0.75656819 1.99999988
v 0.24999988 0.76136696 1.49999988
v 0.24999988 0.76136696 1.49999988
v 0.25400019 0.77020586 1.49999988
v 0.25400019 0.77020586 1.49999988
v 0.25091979 0.76616538 1.49999988
v 0.25091979 0.76616538 1.49999988
v 0.25091970 0.76616526 1.99999988
v 0.25091970 0.76616526 1.99999988
v 0.24999979 0.76136672 1.99999988
v 0.24999979 0.76136672 1.99999988
v -0.23608427 0.77499890 1.99999988
v -0.23608427 0.77499890 1.99999988
v -0.23608418 0.77499926 1.49999988
v -0.23608418 0.77499926 1.49999988
v -0.24146733 0.77408397 1.49999988
v -0.24146733 0.77408397 1.49999988
v -0.24146742 0.77408361 1.99999988
v -0.24146742 0.77408361 1.99999988
v -0.00000018 0.77499902 2.00000000
v -0.00000018 0.77499902 2.00000000
v -0.00000017 0.74999905 2.00000000
v -0.00000017 0.74999905 2.00000000
v -0.24599990 0.77133763 1.99999988
v -0.24599990 0.77133763 1.99999988
v -0.24599990 0.77133763 1.99999988
v -0.21966600 0.77499902 1.92248964
v -0.21966600 0.77499902 1.92248964
v -0.21600486 0.77499902 1.94168377
v -0.21600486 0.77499902 1.94168377
v -0.20502137 0.77499890 1.95784497
v -0.20502137 0.77499890 1.95784497
v -0.20502137 0.77499890 1.95784497
v -0.18886021 0.77499890 1.96882844
v -0.18886021 0.77499890 1.96882844
v -0.16966602 0.77499902 1.97248960
v -0.16966602 0.77499902 1.97248960
v -0.00000018 0.77499902 1.97248960
v -0.00000018 0.77499902 1.97248960
v -0.16966601 0.76249897 1.97248960
v -0.00000017 0.76249897 1.97248960
v 0.23608388 0.77499938 2.00000000
v 0.23608388 0.77499938 2.00000000
v 0.16966563 0.77499914 1.97248960
v 0.16966563 0.77499914 1.97248960
v 0.16966565 0.76249921 1.97248960
v 0.18885984 0.76249921 1.96882844
v 0.18885982 0.77499914 1.96882844
v 0.18885982 0.77499914 1.96882844
v 0.16872045 0.76249921 1.96248960
v 0.16872045 0.74999917 1.96248960
v 0.18495180 0.76249921 1.95939362
v -0.00000017 0.76249897 1.96248960
v -0.16872080 0.76249886 1.96248960
v -0.16872080 0.74999905 1.96248960
v -0.00000016 0.74999905 1.96248960
v -0.00000016 0.74999905 1.97248960
v -0.16966601 0.74999905 1.97248960
v 0.16966565 0.74999917 1.97248960
v 0.18495180 0.74999917 1.95939362
v 0.18885984 0.74999917 1.96882844
v 0.23608389 0.74999928 2.00000000
v 0.23608389 0.74999928 2.00000000
v 0.24146704 0.75091457 2.00000000
v 0.24146704 0.75091457 2.00000000
v 0.23608400 0.74999964 1.50000000
v 0.23608400 0.74999964 1.50000000
v 0.21966572 0.74999952 1.57248962
v 0.21966568 0.74999917 1.92248964
v 0.21600451 0.74999917 1.94168389
v 0.20502099 0.74999917 1.95784497
v 0.19782245 0.74999917 1.95064640
v 0.20656964 0.74999917 1.93777585
v 0.20656964 0.76249921 1.93777585
v 0.20966567 0.76249921 1.92154443
v 0.20966567 0.74999917 1.92154443
v 0.20966573 0.76249957 1.57343483
v 0.20966573 0.74999952 1.57343483
v 0.20656973 0.76249957 1.55720353
v 0.20656973 0.74999952 1.55720353
v 0.19782254 0.76249957 1.54433286
v 0.19782254 0.76249957 1.54433286
v 0.19782254 0.74999952 1.54433286
v 0.21600460 0.74999952 1.55329549
v 0.20502108 0.74999964 1.53713429
v 0.18495189 0.74999964 1.53558564
v 0.18885992 0.74999952 1.52615082
v 0.16872054 0.74999952 1.53248966
v 0.16966575 0.74999952 1.52248967
v -0.00000008 0.74999940 1.52248967
v -0.00000009 0.74999952 1.53248966
v -0.16872071 0.74999940 1.53248954
v -0.16966592 0.74999940 1.52248955
v -0.00000008 0.74999940 1.51402819
v -0.23608416 0.74999917 1.49999988
v -0.23608416 0.74999917 1.49999988
v -0.23608425 0.74999893 1.99999988
v -0.23608425 0.74999893 1.99999988
v -0.24146740 0.75091422 1.99999988
v -0.24146740 0.75091422 1.99999988
v -0.24146731 0.75091457 1.49999988
v -0.24146731 0.75091457 1.49999988
v -0.00000008 0.74999940 1.49999988
v -0.00000008 0.74999940 1.49999988
v -0.00000010 0.77499938 1.50000000
v -0.00000010 0.77499938 1.50000000
v -0.24599980 0.75366044 1.49999988
v -0.24599980 0.75366044 1.49999988
v -0.24599980 0.75366044 1.49999988
v -0.18886009 0.74999940 1.52615070
v -0.20502125 0.74999940 1.53713429
v -0.21600476 0.74999940 1.55329537
v -0.21966593 0.74999940 1.57248962
v -0.21966599 0.74999905 1.92248964
v -0.20966592 0.74999940 1.57343483
v -0.20656990 0.74999940 1.55720341
v -0.20656990 0.76249933 1.55720341
v -0.19782270 0.74999940 1.54433286
v -0.19782270 0.76249933 1.54433286
v -0.19782270 0.76249933 1.54433286
v -0.18495205 0.76249933 1.53558564
v -0.20502125 0.76249933 1.53713429
v -0.20502125 0.76249933 1.53713429
v -0.18886009 0.76249933 1.52615070
v -0.18886012 0.77499938 1.52615082
v -0.18886012 0.77499938 1.52615082
v -0.16966593 0.77499938 1.52248967
v -0.16966593 0.77499938 1.52248967
v -0.16966592 0.76249933 1.52248955
v -0.00000009 0.76249945 1.52248967
v -0.00000010 0.77499950 1.52248967
v -0.00000010 0.77499950 1.52248967
v -0.16872071 0.76249933 1.53248954
v -0.18495205 0.74999940 1.53558564
v -0.00000009 0.76249945 1.53248966
v 0.16872054 0.76249945 1.53248966
v 0.18495189 0.76249945 1.53558564
v 0.16966575 0.76249945 1.52248967
v 0.16966572 0.77499950 1.52248967
v 0.16966572 0.77499950 1.52248967
v 0.18885992 0.76249945 1.52615082
v 0.18885991 0.77499962 1.52615082
v 0.18885991 0.77499962 1.52615082
v 0.20502108 0.76249969 1.53713429
v 0.20502108 0.76249969 1.53713429
v 0.20502107 0.77499962 1.53713441
v 0.20502107 0.77499962 1.53713441
v 0.20502107 0.77499962 1.53713441
v 0.21600460 0.76249957 1.55329549
v 0.21600457 0.77499950 1.55329549
v 0.21600457 0.77499950 1.55329549
v 0.21966572 0.76249957 1.57248974
v 0.21966571 0.77499950 1.57248974
v 0.21966571 0.77499950 1.57248974
v 0.21966568 0.76249921 1.92248964
v 0.21966566 0.77499914 1.92248964
v 0.21966566 0.77499914 1.92248964
v 0.21600451 0.76249921 1.94168389
v 0.21600448 0.77499914 1.94168389
v 0.21600448 0.77499914 1.94168389
v 0.20502099 0.76249921 1.95784497
v 0.20502099 0.76249921 1.95784497
v 0.19782245 0.76249921 1.95064640
v 0.19782245 0.76249921 1.95064640
v 0.20502098 0.77499914 1.95784497
v 0.20502098 0.77499914 1.95784497
v 0.20502098 0.77499914 1.95784497
v 0.23608397 0.77499962 1.50000000
v 0.23608397 0.77499962 1.50000000
v 0.24146712 0.77408433 1.50000000
v 0.24146712 0.77408433 1.50000000
v -0.00000010 0.77499938 1.51402831
v 0.24146703 0.77408397 2.00000000
v 0.24146703 0.77408397 2.00000000
v 0.24599960 0.77133846 1.50000000
v 0.24599960 0.77133846 1.50000000
v 0.24599952 0.77133811 2.00000000
v 0.24599952 0.77133811 2.00000000
v 0.24599952 0.77133811 2.00000000
v 0.24908000 0.76729810 1.50000000
v 0.24908000 0.76729810 1.50000000
v 0.24999994 0.76249969 1.50000000
v 0.24999994 0.76249969 1.50000000
v 0.24599963 0.75366080 1.50000000
v 0.24599963 0.75366080 1.50000000
v 0.24599963 0.75366080 1.50000000
v 0.24146713 0.75091493 1.50000000
v 0.24146713 0.75091493 1.50000000
v 0.24599954 0.75366056 2.00000000
v 0.24599954 0.75366056 2.00000000
v 0.24907993 0.75770080 2.00000000
v 0.24907993 0.75770080 2.00000000
v 0.24908002 0.75770104 1.50000000
v 0.24908002 0.75770104 1.50000000
v 0.24999988 0.76249933 2.00000000
v 0.24999988 0.76249933 2.00000000
v 0.24907991 0.76729774 2.00000000
v 0.24907991 0.76729774 2.00000000
v -0.20502126 0.77499938 1.53713429
v -0.20502126 0.77499938 1.53713429
v -0.20502126 0.77499938 1.53713429
v -0.21600477 0.77499938 1.55329537
v -0.21600477 0.77499938 1.55329537
v -0.21600476 0.76249933 1.55329537
v -0.21966593 0.76249933 1.57248962
v -0.20966592 0.76249933 1.57343483
v -0.20966598 0.74999905 1.92154431
v -0.20966598 0.76249897 1.92154431
v -0.20657000 0.74999905 1.93777573
v -0.20657000 0.76249897 1.93777573
v -0.21966599 0.76249897 1.92248964
v -0.21600485 0.76249897 1.94168377
v -0.21966594 0.77499938 1.57248962
v -0.21966594 0.77499938 1.57248962
v -0.20502134 0.76249886 1.95784497
v -0.20502134 0.76249886 1.95784497
v -0.19782279 0.76249886 1.95064640
v -0.19782279 0.76249886 1.95064640
v -0.19782279 0.74999893 1.95064640
v -0.18495214 0.74999893 1.95939362
v -0.18495214 0.76249886 1.95939362
v -0.18886018 0.76249886 1.96882844
v -0.18886018 0.74999893 1.96882844
v -0.20502134 0.74999893 1.95784497
v -0.21600485 0.74999905 1.94168377
v -0.24599989 0.75366008 1.99999988
v -0.24599989 0.75366008 1.99999988
v -0.24908018 0.75770056 1.49999988
v -0.24908018 0.75770056 1.49999988
v -0.24908027 0.75770044 1.99999988
v -0.24908027 0.75770044 1.99999988
v -0.25000012 0.76249921 1.49999988
v -0.25000012 0.76249921 1.49999988
v -0.24599981 0.77133799 1.49999988
v -0.24599981 0.77133799 1.49999988
v -0.24908020 0.76729774 1.49999988
v -0.24908020 0.76729774 1.49999988
v -0.24908029 0.76729751 1.99999988
v -0.24908029 0.76729751 1.99999988
v -0.25000021 0.76249886 1.99999988
v -0.25000021 0.76249886 1.99999988
v -0.73608422 0.77499843 1.99999988
v -0.73608422 0.77499843 1.99999988
v -0.73608410 0.77499866 1.49999988
v -0.73608410 0.77499866 1.49999988
v -0.74146724 0.77408350 1.49999988
v -0.74146724 0.77408350 1.49999988
v -0.74146736 0.77408314 1.99999988
v -0.74146736 0.77408314 1.99999988
v -0.50000018 0.77499843 2.00000000
v -0.50000018 0.77499843 2.00000000
v -0.50000012 0.74999845 2.00000000
v -0.50000012 0.74999845 2.00000000
v -0.74599993 0.77133715 1.99999988
v -0.74599993 0.77133715 1.99999988
v -0.74599993 0.77133715 1.99999988
v -0.71966600 0.77499843 1.92248964
v -0.71966600 0.77499843 1.92248964
v -0.71600485 0.77499843 1.94168377
v -0.71600485 0.77499843 1.94168377
v -0.70502138 0.77499843 1.95784497
v -0.70502138 0.77499843 1.95784497
v -0.70502138 0.77499843 1.95784497
v -0.68886018 0.77499843 1.96882844
v -0.68886018 0.77499843 1.96882844
v -0.66966605 0.77499855 1.97248960
v -0.66966605 0.77499855 1.97248960
v -0.50000018 0.77499855 1.97248960
v -0.50000018 0.77499855 1.97248960
v -0.66966605 0.76249850 1.97248960
v -0.50000018 0.76249850 1.97248960
v -0.26391611 0.77499878 2.00000000
v -0.26391611 0.77499878 2.00000000
v -0.33033434 0.77499855 1.97248971
v -0.33033434 0.77499855 1.97248971
v -0.33033434 0.76249862 1.97248971
v -0.31114015 0.76249862 1.96882856
v -0.31114015 0.77499855 1.96882856
v -0.31114015 0.77499855 1.96882856
v -0.33127955 0.76249874 1.96248972
v -0.33127955 0.74999869 1.96248972
v -0.31504819 0.76249874 1.95939374
v -0.50000018 0.76249850 1.96248960
v -0.66872084 0.76249838 1.96248960
v -0.66872084 0.74999857 1.96248960
v -0.50000012 0.74999857 1.96248960
v -0.50000012 0.74999857 1.97248960
v -0.66966605 0.74999857 1.97248960
v -0.33033434 0.74999857 1.97248971
v -0.31504819 0.74999869 1.95939374
v -0.31114015 0.74999857 1.96882856
v -0.26391608 0.74999869 2.00000000
v -0.26391608 0.74999869 2.00000000
v -0.25853291 0.75091398 2.00000000
v -0.25853291 0.75091398 2.00000000
v -0.26391599 0.74999905 1.50000000
v -0.26391599 0.74999905 1.50000000
v -0.28033426 0.74999905 1.57248974
v -0.28033429 0.74999869 1.92248964
v -0.28399548 0.74999869 1.94168389
v -0.29497898 0.74999869 1.95784497
v -0.30217752 0.74999869 1.95064652
v -0.29343033 0.74999869 1.93777585
v -0.29343033 0.76249874 1.93777585
v -0.29033431 0.76249874 1.92154455
v -0.29033431 0.74999869 1.92154455
v -0.29033425 0.76249909 1.57343495
v -0.29033425 0.74999905 1.57343495
v -0.29343024 0.76249909 1.55720353
v -0.29343024 0.74999905 1.55720353
v -0.30217746 0.76249909 1.54433298
v -0.30217746 0.76249909 1.54433298
v -0.30217746 0.74999905 1.54433286
v -0.28399539 0.74999905 1.55329549
v -0.29497892 0.74999905 1.53713441
v -0.31504810 0.74999905 1.53558576
v -0.31114006 0.74999893 1.52615082
v -0.33127946 0.74999893 1.53248966
v -0.33033428 0.74999893 1.52248967
v -0.50000012 0.74999869 1.52248967
v -0.50000012 0.74999893 1.53248966
v -0.66872072 0.74999869 1.53248966
v -0.66966593 0.74999881 1.52248967
v -0.50000012 0.74999869 1.51402831
v -0.73608410 0.74999869 1.49999988
v -0.73608410 0.74999869 1.49999988
v -0.73608422 0.74999833 1.99999988
v -0.73608422 0.74999833 1.99999988
v -0.74146736 0.75091374 1.99999988
v -0.74146736 0.75091374 1.99999988
v -0.74146724 0.75091410 1.49999988
v -0.74146724 0.75091410 1.49999988
v -0.50000006 0.74999881 1.50000000
v -0.50000006 0.74999881 1.50000000
v -0.50000012 0.77499890 1.50000000
v -0.50000012 0.77499890 1.50000000
v -0.74599981 0.75365996 1.49999988
v -0.74599981 0.75365996 1.49999988
v -0.74599981 0.75365996 1.49999988
v -0.68886006 0.74999881 1.52615082
v -0.70502126 0.74999869 1.53713429
v -0.71600473 0.74999869 1.55329537
v -0.71966588 0.74999869 1.57248962
v -0.71966600 0.74999833 1.92248964
v -0.70966589 0.74999869 1.57343483
v -0.70656991 0.74999869 1.55720341
v -0.70656991 0.76249874 1.55720353
v -0.69782269 0.74999869 1.54433286
v -0.69782269 0.76249874 1.54433286
v -0.69782269 0.76249874 1.54433286
v -0.68495202 0.76249874 1.53558564
v -0.70502126 0.76249874 1.53713429
v -0.70502126 0.76249874 1.53713429
v -0.68886006 0.76249886 1.52615082
v -0.68886006 0.77499890 1.52615082
v -0.68886006 0.77499890 1.52615082
v -0.66966593 0.77499890 1.52248967
v -0.66966593 0.77499890 1.52248967
v -0.66966593 0.76249886 1.52248967
v -0.50000012 0.76249886 1.52248967
v -0.50000012 0.77499890 1.52248967
v -0.50000012 0.77499890 1.52248967
v -0.66872072 0.76249874 1.53248966
v -0.68495202 0.74999869 1.53558564
v -0.50000012 0.76249886 1.53248966
v -0.33127946 0.76249886 1.53248966
v -0.31504810 0.76249886 1.53558576
v -0.33033428 0.76249886 1.52248967
v -0.33033428 0.77499890 1.52248967
v -0.33033428 0.77499890 1.52248967
v -0.31114006 0.76249886 1.52615082
v -0.31114009 0.77499902 1.52615082
v -0.31114009 0.77499902 1.52615082
v -0.29497892 0.76249909 1.53713441
v -0.29497892 0.76249909 1.53713441
v -0.29497892 0.77499902 1.53713441
v -0.29497892 0.77499902 1.53713441
v -0.29497892 0.77499902 1.53713441
v -0.28399539 0.76249909 1.55329549
v -0.28399542 0.77499902 1.55329549
v -0.28399542 0.77499902 1.55329549
v -0.28033426 0.76249909 1.57248974
v -0.28033429 0.77499902 1.57248974
v -0.28033429 0.77499902 1.57248974
v -0.28033429 0.76249874 1.92248964
v -0.28033432 0.77499866 1.92248964
v -0.28033432 0.77499866 1.92248964
v -0.28399548 0.76249874 1.94168389
v -0.28399551 0.77499866 1.94168389
v -0.28399551 0.77499866 1.94168389
v -0.29497898 0.76249874 1.95784497
v -0.29497898 0.76249874 1.95784497
v -0.30217752 0.76249874 1.95064652
v -0.30217752 0.76249874 1.95064652
v -0.29497901 0.77499866 1.95784497
v -0.29497901 0.77499866 1.95784497
v -0.29497901 0.77499866 1.95784497
v -0.26391602 0.77499902 1.50000000
v -0.26391602 0.77499902 1.50000000
v -0.25853288 0.77408373 1.50000000
v -0.25853288 0.77408373 1.50000000
v -0.50000012 0.77499878 1.51402831
v -0.25853294 0.77408338 2.00000000
v -0.25853294 0.77408338 2.00000000
v -0.25400037 0.77133787 1.50000000
v -0.25400037 0.77133787 1.50000000
v -0.25400046 0.77133751 2.00000000
v -0.25400046 0.77133751 2.00000000
v -0.25400046 0.77133751 2.00000000
v -0.25092000 0.76729751 1.50000000
v -0.25092000 0.76729751 1.50000000
v -0.25000006 0.76249909 1.50000000
v -0.25000006 0.76249909 1.50000000
v -0.25400037 0.75366020 1.50000000
v -0.25400037 0.75366020 1.50000000
v -0.25400037 0.75366020 1.50000000
v -0.25853285 0.75091422 1.50000000
v -0.25853285 0.75091422 1.50000000
v -0.25400043 0.75365996 2.00000000
v -0.25400043 0.75365996 2.00000000
v -0.25092006 0.75770009 2.00000000
v -0.25092006 0.75770009 2.00000000
v -0.25091997 0.75770044 1.50000000
v -0.25091997 0.75770044 1.50000000
v -0.25000012 0.76249874 2.00000000
v -0.25000012 0.76249874 2.00000000
v -0.25092006 0.76729715 2.00000000
v -0.25092006 0.76729715 2.00000000
v -0.70502126 0.77499878 1.53713429
v -0.70502126 0.77499878 1.53713429
v -0.70502126 0.77499878 1.53713429
v -0.71600485 0.77499878 1.55329549
v -0.71600485 0.77499878 1.55329549
v -0.71600473 0.76249874 1.55329549
v -0.71966588 0.76249874 1.57248962
v -0.70966589 0.76249874 1.57343483
v -0.70966601 0.74999833 1.92154443
v -0.70966601 0.76249838 1.92154443
v -0.70657003 0.74999833 1.93777573
v -0.70657003 0.76249838 1.93777573
v -0.71966600 0.76249838 1.92248964
v -0.71600485 0.76249838 1.94168377
v -0.71966588 0.77499878 1.57248962
v -0.71966588 0.77499878 1.57248962
v -0.70502126 0.76249838 1.95784497
v -0.70502126 0.76249838 1.95784497
v -0.69782269 0.76249838 1.95064640
v -0.69782269 0.76249838 1.95064640
v -0.69782269 0.74999833 1.95064640
v -0.68495214 0.74999833 1.95939362
v -0.68495214 0.76249838 1.95939362
v -0.68886018 0.76249838 1.96882844
v -0.68886018 0.74999833 1.96882844
v -0.70502126 0.74999833 1.95784497
v -0.71600485 0.74999833 1.94168377
v -0.74599981 0.75365961 1.99999988
v -0.74599981 0.75365961 1.99999988
v -0.74908018 0.75770009 1.49999988
v -0.74908018 0.75770009 1.49999988
v -0.74908018 0.75769997 1.99999988
v -0.74908018 0.75769997 1.99999988
v -0.75000012 0.76249874 1.49999988
v -0.75000012 0.76249874 1.49999988
v -0.74599981 0.77133751 1.49999988
v -0.74599981 0.77133751 1.49999988
v -0.74908018 0.76729727 1.49999988
v -0.74908018 0.76729727 1.49999988
v -0.74908030 0.76729703 1.99999988
v -0.74908030 0.76729703 1.99999988
v -0.75000012 0.76249838 1.99999988
v -0.75000012 0.76249838 1.99999988
v 0.77505910 -0.26391602 0.49992144
v 0.77505910 -0.26391602 0.49992144
v 0.77505934 -0.26391596 -0.00007856
v 0.77505934 -0.26391596 -0.00007856
v 0.77414405 -0.25853282 -0.00007856
v 0.77414405 -0.25853282 -0.00007856
v 0.77414382 -0.25853288 0.49992144
v 0.77414382 -0.25853288 0.49992144
v 0.77505916 -0.50000012 0.49992144
v 0.77505916 -0.50000012 0.49992144
v 0.75005913 -0.50000012 0.49992144
v 0.75005913 -0.50000012 0.49992144
v 0.77139795 -0.25400037 0.49992144
v 0.77139795 -0.25400037 0.49992144
v 0.77139795 -0.25400037 0.49992144
v 0.77505916 -0.28033429 0.42241120
v 0.77505916 -0.28033429 0.42241120
v 0.77505916 -0.28399545 0.44160533
v 0.77505916 -0.28399545 0.44160533
v 0.77505916 -0.29497892 0.45776641
v 0.77505916 -0.29497892 0.45776641
v 0.77505916 -0.29497892 0.45776641
v 0.77505916 -0.31114006 0.46875000
v 0.77505916 -0.31114006 0.46875000
v 0.77505916 -0.33033425 0.47241116
v 0.77505916 -0.33033425 0.47241116
v 0.77505916 -0.50000012 0.47241116
v 0.77505916 -0.50000012 0.47241116
v 0.76255918 -0.33033425 0.47241116
v 0.76255918 -0.50000012 0.47241116
v 0.77505916 -0.73608410 0.49992144
v 0.77505916 -0.73608410 0.49992144
v 0.77505916 -0.66966593 0.47241116
v 0.77505916 -0.66966593 0.47241116
v 0.76255918 -0.66966593 0.47241116
v 0.76255918 -0.68886006 0.46875000
v 0.77505916 -0.68886006 0.46875000
v 0.77505916 -0.68886006 0.46875000
v 0.76255918 -0.66872072 0.46241117
v 0.75005919 -0.66872072 0.46241117
v 0.76255918 -0.68495202 0.45931518
v 0.76255918 -0.50000012 0.46241117
v 0.76255918 -0.33127946 0.46241117
v 0.75005913 -0.33127946 0.46241117
v 0.75005919 -0.50000012 0.46241117
v 0.75005919 -0.50000012 0.47241116
v 0.75005913 -0.33033425 0.47241116
v 0.75005919 -0.66966593 0.47241116
v 0.75005919 -0.68495202 0.45931518
v 0.75005919 -0.68886006 0.46875000
v 0.75005919 -0.73608410 0.49992144
v 0.75005919 -0.73608410 0.49992144
v 0.75097448 -0.74146730 0.49992144
v 0.75097448 -0.74146730 0.49992144
v 0.75005937 -0.73608416 -0.00007856
v 0.75005937 -0.73608416 -0.00007856
v 0.75005937 -0.71966588 0.07241106
v 0.75005919 -0.71966588 0.42241120
v 0.75005919 -0.71600473 0.44160533
v 0.75005919 -0.70502126 0.45776641
v 0.75005919 -0.69782269 0.45056784
v 0.75005919 -0.70656991 0.43769729
v 0.76255918 -0.70656991 0.43769729
v 0.76255918 -0.70966589 0.42146599
v 0.75005919 -0.70966589 0.42146599
v 0.76255935 -0.70966589 0.07335639
v 0.75005937 -0.70966589 0.07335639
v 0.76255935 -0.70656991 0.05712497
v 0.75005937 -0.70656991 0.05712497
v 0.76255935 -0.69782269 0.04425430
v 0.76255935 -0.69782269 0.04425430
v 0.75005937 -0.69782269 0.04425430
v 0.75005937 -0.71600473 0.05321693
v 0.75005937 -0.70502126 0.03705585
v 0.75005937 -0.68495202 0.03550708
v 0.75005937 -0.68886006 0.02607226
v 0.75005937 -0.66872072 0.03241110
v 0.75005937 -0.66966593 0.02241111
v 0.75005937 -0.50000006 0.02241111
v 0.75005937 -0.50000006 0.03241110
v 0.75005937 -0.33127940 0.03241110
v 0.75005937 -0.33033419 0.02241111
v 0.75005937 -0.50000006 0.01394975
v 0.75005937 -0.26391596 -0.00007856
v 0.75005937 -0.26391596 -0.00007856
v 0.75005913 -0.26391602 0.49992144
v 0.75005913 -0.26391602 0.49992144
v 0.75097442 -0.25853288 0.49992144
v 0.75097442 -0.25853288 0.49992144
v 0.75097466 -0.25853282 -0.00007856
v 0.75097466 -0.25853282 -0.00007856
v 0.75005937 -0.50000006 -0.00007856
v 0.75005937 -0.50000006 -0.00007856
v 0.77505940 -0.50000006 -0.00007856
v 0.77505940 -0.50000006 -0.00007856
v 0.75372052 -0.25400037 -0.00007856
v 0.75372052 -0.25400037 -0.00007856
v 0.75372052 -0.25400037 -0.00007856
v 0.75005937 -0.31114000 0.02607226
v 0.75005937 -0.29497892 0.03705585
v 0.75005937 -0.28399539 0.05321693
v 0.75005937 -0.28033423 0.07241106
v 0.75005913 -0.28033429 0.42241108
v 0.75005937 -0.29033422 0.07335639
v 0.75005937 -0.29343021 0.05712497
v 0.76255935 -0.29343021 0.05712497
v 0.75005937 -0.30217749 0.04425430
v 0.76255935 -0.30217749 0.04425430
v 0.76255935 -0.30217749 0.04425430
v 0.76255935 -0.31504810 0.03550708
v 0.76255935 -0.29497892 0.03705585
v 0.76255935 -0.29497892 0.03705585
v 0.76255935 -0.31114000 0.02607226
v 0.77505934 -0.31114000 0.02607226
v 0.77505934 -0.31114000 0.02607226
v 0.77505934 -0.33033419 0.02241111
v 0.77505934 -0.33033419 0.02241111
v 0.76255935 -0.33033419 0.02241111
v 0.76255935 -0.50000006 0.02241111
v 0.77505934 -0.50000006 0.02241111
v 0.77505934 -0.50000006 0.02241111
v 0.76255935 -0.33127940 0.03241110
v 0.75005937 -0.31504810 0.03550708
v 0.76255935 -0.50000006 0.03241110
v 0.76255935 -0.66872072 0.03241110
v 0.76255935 -0.68495202 0.03550708
v 0.76255935 -0.66966593 0.02241111
v 0.77505940 -0.66966593 0.02241111
v 0.77505940 -0.66966593 0.02241111
v 0.76255935 -0.68886006 0.02607226
v 0.77505940 -0.68886006 0.02607226
v 0.77505940 -0.68886006 0.02607226
v 0.76255935 -0.70502126 0.03705585
v 0.76255935 -0.70502126 0.03705585
v 0.77505940 -0.70502126 0.03705585
v 0.77505940 -0.70502126 0.03705585
v 0.77505940 -0.70502126 0.03705585
v 0.76255935 -0.71600473 0.05321705
v 0.77505940 -0.71600473 0.05321705
v 0.77505940 -0.71600473 0.05321705
v 0.76255935 -0.71966588 0.07241106
v 0.77505934 -0.71966588 0.07241106
v 0.77505934 -0.71966588 0.07241106
v 0.76255918 -0.71966588 0.42241120
v 0.77505916 -0.71966588 0.42241120
v 0.77505916 -0.71966588 0.42241120
v 0.76255918 -0.71600473 0.44160533
v 0.77505916 -0.71600473 0.44160533
v 0.77505916 -0.71600473 0.44160533
v 0.76255918 -0.70502126 0.45776641
v 0.76255918 -0.70502126 0.45776641
v 0.76255918 -0.69782269 0.45056784
v 0.76255918 -0.69782269 0.45056784
v 0.77505916 -0.70502126 0.45776653
v 0.77505916 -0.70502126 0.45776653
v 0.77505916 -0.70502126 0.45776653
v 0.77505940 -0.73608416 -0.00007856
v 0.77505940 -0.73608416 -0.00007856
v 0.77414411 -0.74146730 -0.00007856
v 0.77414411 -0.74146730 -0.00007856
v 0.77505934 -0.50000006 0.01394975
v 0.77414387 -0.74146730 0.49992144
v 0.77414387 -0.74146730 0.49992144
v 0.77139825 -0.74599981 -0.00007856
v 0.77139825 -0.74599981 -0.00007856
v 0.77139801 -0.74599981 0.49992144
v 0.77139801 -0.74599981 0.49992144
v 0.77139801 -0.74599981 0.49992144
v 0.76735795 -0.74908018 -0.00007856
v 0.76735795 -0.74908018 -0.00007856
v 0.76255941 -0.75000012 -0.00007856
v 0.76255941 -0.75000012 -0.00007856
v 0.75372058 -0.74599981 -0.00007856
v 0.75372058 -0.74599981 -0.00007856
v 0.75372058 -0.74599981 -0.00007856
v 0.75097471 -0.74146730 -0.00007856
v 0.75097471 -0.74146730 -0.00007856
v 0.75372034 -0.74599981 0.49992144
v 0.75372034 -0.74599981 0.49992144
v 0.75776064 -0.74908018 0.49992144
v 0.75776064 -0.74908018 0.49992144
v 0.75776088 -0.74908018 -0.00007856
v 0.75776088 -0.74908018 -0.00007856
v 0.76255918 -0.75000012 0.49992144
v 0.76255918 -0.75000012 0.49992144
v 0.76735771 -0.74908018 0.49992144
v 0.76735771 -0.74908018 0.49992144
v 0.77505934 -0.29497892 0.03705585
v 0.77505934 -0.29497892 0.03705585
v 0.77505934 -0.29497892 0.03705585
v 0.77505934 -0.28399539 0.05321705
v 0.77505934 -0.28399539 0.05321705
v 0.76255935 -0.28399539 0.05321705
v 0.76255935 -0.28033423 0.07241106
v 0.76255935 -0.29033422 0.07335639
v 0.75005913 -0.29033428 0.42146599
v 0.76255918 -0.29033428 0.42146599
v 0.75005913 -0.29343027 0.43769729
v 0.76255918 -0.29343027 0.43769729
v 0.76255918 -0.28033429 0.42241120
v 0.76255918 -0.28399545 0.44160533
v 0.77505934 -0.28033423 0.07241106
v 0.77505934 -0.28033423 0.07241106
v 0.76255918 -0.29497892 0.45776641
v 0.76255918 -0.29497892 0.45776641
v 0.76255918 -0.30217743 0.45056784
v 0.76255918 -0.30217743 0.45056784
v 0.75005913 -0.30217743 0.45056784
v 0.75005919 -0.31504816 0.45931506
v 0.76255918 -0.31504816 0.45931518
v 0.76255918 -0.31114006 0.46875000
v 0.75005913 -0.31114006 0.46875000
v 0.75005913 -0.29497892 0.45776641
v 0.75005913 -0.28399545 0.44160521
v 0.75372028 -0.25400037 0.49992144
v 0.75372028 -0.25400037 0.49992144
v 0.75776082 -0.25092000 -0.00007856
v 0.75776082 -0.25092000 -0.00007856
v 0.75776058 -0.25092000 0.49992144
v 0.75776058 -0.25092000 0.49992144
v 0.76255935 -0.25000006 -0.00007856
v 0.76255935 -0.25000006 -0.00007856
v 0.77139819 -0.25400037 -0.00007856
v 0.77139819 -0.25400037 -0.00007856
v 0.76735789 -0.25092000 -0.00007856
v 0.76735789 -0.25092000 -0.00007856
v 0.76735765 -0.25092000 0.49992144
v 0.76735765 -0.25092000 0.49992144
v 0.76255912 -0.25000012 0.49992144
v 0.76255912 -0.25000012 0.49992144
v 0.73608398 -0.77505910 0.49992144
v 0.73608398 -0.77505910 0.49992144
v 0.73608404 -0.77505934 -0.00007856
v 0.73608404 -0.77505934 -0.00007856
v 0.74146718 -0.77414405 -0.00007856
v 0.74146718 -0.77414405 -0.00007856
v 0.74146712 -0.77414382 0.49992144
v 0.74146712 -0.77414382 0.49992144
v 0.49999988 -0.77505916 0.49992144
v 0.49999988 -0.77505916 0.49992144
v 0.49999988 -0.75005913 0.49992144
v 0.49999988 -0.75005913 0.49992144
v 0.74599963 -0.77139795 0.49992144
v 0.74599963 -0.77139795 0.49992144
v 0.74599963 -0.77139795 0.49992144
v 0.71966571 -0.77505916 0.42241120
v 0.71966571 -0.77505916 0.42241120
v 0.71600455 -0.77505916 0.44160533
v 0.71600455 -0.77505916 0.44160533
v 0.70502108 -0.77505916 0.45776641
v 0.70502108 -0.77505916 0.45776641
v 0.70502108 -0.77505916 0.45776641
v 0.68885994 -0.77505910 0.46875000
v 0.68885994 -0.77505910 0.46875000
v 0.66966575 -0.77505916 0.47241116
v 0.66966575 -0.77505916 0.47241116
v 0.49999988 -0.77505916 0.47241116
v 0.49999988 -0.77505916 0.47241116
v 0.66966575 -0.76255912 0.47241116
v 0.49999988 -0.76255918 0.47241116
v 0.26391587 -0.77505916 0.49992144
v 0.26391587 -0.77505916 0.49992144
v 0.33033410 -0.77505916 0.47241116
v 0.33033410 -0.77505916 0.47241116
v 0.33033410 -0.76255918 0.47241116
v 0.31113991 -0.76255918 0.46875000
v 0.31113991 -0.77505916 0.46875000
v 0.31113991 -0.77505916 0.46875000
v 0.33127931 -0.76255918 0.46241117
v 0.33127931 -0.75005919 0.46241117
v 0.31504798 -0.76255918 0.45931518
v 0.49999988 -0.76255918 0.46241117
v 0.66872054 -0.76255912 0.46241117
v 0.66872054 -0.75005913 0.46241117
v 0.49999988 -0.75005919 0.46241117
v 0.49999988 -0.75005919 0.47241116
v 0.66966575 -0.75005913 0.47241116
v 0.33033410 -0.75005919 0.47241116
v 0.31504798 -0.75005919 0.45931518
v 0.31113991 -0.75005919 0.46875000
v 0.26391587 -0.75005919 0.49992144
v 0.26391587 -0.75005919 0.49992144
v 0.25853270 -0.75097448 0.49992144
v 0.25853270 -0.75097448 0.49992144
v 0.26391584 -0.75005943 -0.00007856
v 0.26391584 -0.75005943 -0.00007856
v 0.28033409 -0.75005937 0.07241106
v 0.28033412 -0.75005919 0.42241120
v 0.28399527 -0.75005919 0.44160533
v 0.29497877 -0.75005919 0.45776641
v 0.30217731 -0.75005919 0.45056784
v 0.29343012 -0.75005919 0.43769729
v 0.29343012 -0.76255918 0.43769729
v 0.29033411 -0.76255924 0.42146599
v 0.29033411 -0.75005919 0.42146599
v 0.29033411 -0.76255935 0.07335639
v 0.29033411 -0.75005937 0.07335639
v 0.29343009 -0.76255941 0.05712497
v 0.29343009 -0.75005943 0.05712497
v 0.30217728 -0.76255941 0.04425430
v 0.30217728 -0.76255941 0.04425430
v 0.30217728 -0.75005937 0.04425430
v 0.28399524 -0.75005943 0.05321693
v 0.29497874 -0.75005937 0.03705585
v 0.31504795 -0.75005937 0.03550708
v 0.31113991 -0.75005937 0.02607226
v 0.33127931 -0.75005937 0.03241110
v 0.33033410 -0.75005937 0.02241111
v 0.49999994 -0.75005937 0.02241111
v 0.49999994 -0.75005937 0.03241110
v 0.66872060 -0.75005937 0.03241110
v 0.66966581 -0.75005937 0.02241111
v 0.49999994 -0.75005937 0.01394975
v 0.73608404 -0.75005937 -0.00007856
v 0.73608404 -0.75005937 -0.00007856
v 0.73608398 -0.75005913 0.49992144
v 0.73608398 -0.75005913 0.49992144
v 0.74146712 -0.75097442 0.49992144
v 0.74146712 -0.75097442 0.49992144
v 0.74146718 -0.75097466 -0.00007856
v 0.74146718 -0.75097466 -0.00007856
v 0.49999994 -0.75005937 -0.00007856
v 0.49999994 -0.75005937 -0.00007856
v 0.49999994 -0.77505940 -0.00007856
v 0.49999994 -0.77505940 -0.00007856
v 0.74599963 -0.75372052 -0.00007856
v 0.74599963 -0.75372052 -0.00007856
v 0.74599963 -0.75372052 -0.00007856
v 0.68886000 -0.75005937 0.02607226
v 0.70502108 -0.75005931 0.03705585
v 0.71600461 -0.75005931 0.05321693
v 0.71966577 -0.75005931 0.07241106
v 0.71966571 -0.75005913 0.42241108
v 0.70966578 -0.75005931 0.07335639
v 0.70656979 -0.75005931 0.05712497
v 0.70656979 -0.76255935 0.05712497
v 0.69782251 -0.75005931 0.04425430
v 0.69782251 -0.76255935 0.04425430
v 0.69782251 -0.76255935 0.04425430
v 0.68495190 -0.76255935 0.03550708
v 0.70502108 -0.76255935 0.03705585
v 0.70502108 -0.76255935 0.03705585
v 0.68886000 -0.76255935 0.02607226
v 0.68886000 -0.77505934 0.02607226
v 0.68886000 -0.77505934 0.02607226
v 0.66966581 -0.77505934 0.02241111
v 0.66966581 -0.77505934 0.02241111
v 0.66966581 -0.76255935 0.02241111
v 0.49999994 -0.76255935 0.02241111
v 0.49999994 -0.77505934 0.02241111
v 0.49999994 -0.77505934 0.02241111
v 0.66872060 -0.76255935 0.03241110
v 0.68495190 -0.75005937 0.03550708
v 0.49999994 -0.76255935 0.03241110
v 0.33127931 -0.76255941 0.03241110
v 0.31504795 -0.76255941 0.03550708
v 0.33033410 -0.76255941 0.02241111
v 0.33033410 -0.77505940 0.02241111
v 0.33033410 -0.77505940 0.02241111
v 0.31113991 -0.76255941 0.02607226
v 0.31113991 -0.77505940 0.02607226
v 0.31113991 -0.77505940 0.02607226
v 0.29497874 -0.76255941 0.03705585
v 0.29497874 -0.76255941 0.03705585
v 0.29497874 -0.77505940 0.03705585
v 0.29497874 -0.77505940 0.03705585
v 0.29497874 -0.77505940 0.03705585
v 0.28399524 -0.76255941 0.05321705
v 0.28399524 -0.77505940 0.05321705
v 0.28399524 -0.77505940 0.05321705
v 0.28033409 -0.76255941 0.07241106
v 0.28033409 -0.77505940 0.07241106
v 0.28033409 -0.77505940 0.07241106
v 0.28033412 -0.76255924 0.42241120
v 0.28033412 -0.77505922 0.42241120
v 0.28033412 -0.77505922 0.42241120
v 0.28399527 -0.76255924 0.44160533
v 0.28399527 -0.77505922 0.44160533
v 0.28399527 -0.77505922 0.44160533
v 0.29497877 -0.76255918 0.45776641
v 0.29497877 -0.76255918 0.45776641
v 0.30217731 -0.76255918 0.45056784
v 0.30217731 -0.76255918 0.45056784
v 0.29497877 -0.77505922 0.45776653
v 0.29497877 -0.77505922 0.45776653
v 0.29497877 -0.77505922 0.45776653
v 0.26391584 -0.77505940 -0.00007856
v 0.26391584 -0.77505940 -0.00007856
v 0.25853270 -0.77414411 -0.00007856
v 0.25853270 -0.77414411 -0.00007856
v 0.49999994 -0.77505934 0.01394975
v 0.25853270 -0.77414387 0.49992144
v 0.25853270 -0.77414387 0.49992144
v 0.25400022 -0.77139825 -0.00007856
v 0.25400022 -0.77139825 -0.00007856
v 0.25400022 -0.77139801 0.49992144
v 0.25400022 -0.77139801 0.49992144
v 0.25400022 -0.77139801 0.49992144
v 0.25091982 -0.76735795 -0.00007856
v 0.25091982 -0.76735795 -0.00007856
v 0.24999988 -0.76255941 -0.00007856
v 0.24999988 -0.76255941 -0.00007856
v 0.25400022 -0.75372058 -0.00007856
v 0.25400022 -0.75372058 -0.00007856
v 0.25400022 -0.75372058 -0.00007856
v 0.25853270 -0.75097471 -0.00007856
v 0.25853270 -0.75097471 -0.00007856
v 0.25400022 -0.75372034 0.49992144
v 0.25400022 -0.75372034 0.49992144
v 0.25091985 -0.75776064 0.49992144
v 0.25091985 -0.75776064 0.49992144
v 0.25091982 -0.75776088 -0.00007856
v 0.25091982 -0.75776088 -0.00007856
v 0.24999991 -0.76255918 0.49992144
v 0.24999991 -0.76255918 0.49992144
v 0.25091985 -0.76735771 0.49992144
v 0.25091985 -0.76735771 0.49992144
v 0.70502108 -0.77505934 0.03705585
v 0.70502108 -0.77505934 0.03705585
v 0.70502108 -0.77505934 0.03705585
v 0.71600461 -0.77505934 0.05321705
v 0.71600461 -0.77505934 0.05321705
v 0.71600461 -0.76255935 0.05321705
v 0.71966577 -0.76255929 0.07241106
v 0.70966578 -0.76255929 0.07335639
v 0.70966572 -0.75005913 0.42146599
v 0.70966572 -0.76255912 0.42146599
v 0.70656973 -0.75005913 0.43769729
v 0.70656973 -0.76255912 0.43769729
v 0.71966571 -0.76255912 0.42241120
v 0.71600455 -0.76255912 0.44160533
v 0.71966577 -0.77505934 0.07241106
v 0.71966577 -0.77505934 0.07241106
v 0.70502108 -0.76255912 0.45776641
v 0.70502108 -0.76255912 0.45776641
v 0.69782257 -0.76255912 0.45056784
v 0.69782257 -0.76255912 0.45056784
v 0.69782257 -0.75005913 0.45056784
v 0.68495184 -0.75005913 0.45931506
v 0.68495184 -0.76255912 0.45931518
v 0.68885994 -0.76255912 0.46875000
v 0.68885994 -0.75005913 0.46875000
v 0.70502108 -0.75005913 0.45776641
v 0.71600455 -0.75005913 0.44160521
v 0.74599963 -0.75372028 0.49992144
v 0.74599963 -0.75372028 0.49992144
v 0.74908000 -0.75776082 -0.00007856
v 0.74908000 -0.75776082 -0.00007856
v 0.74908000 -0.75776058 0.49992144
v 0.74908000 -0.75776058 0.49992144
v 0.74999994 -0.76255935 -0.00007856
v 0.74999994 -0.76255935 -0.00007856
v 0.74599963 -0.77139819 -0.00007856
v 0.74599963 -0.77139819 -0.00007856
v 0.74908000 -0.76735789 -0.00007856
v 0.74908000 -0.76735789 -0.00007856
v 0.74908000 -0.76735765 0.49992144
v 0.74908000 -0.76735765 0.49992144
v 0.74999988 -0.76255912 0.49992144
v 0.74999988 -0.76255912 0.49992144
v -0.26391602 -0.77505910 0.49992144
v -0.26391602 -0.77505910 0.49992144
v -0.26391596 -0.77505934 -0.00007856
v -0.26391596 -0.77505934 -0.00007856
v -0.25853282 -0.77414405 -0.00007856
v -0.25853282 -0.77414405 -0.00007856
v -0.25853288 -0.77414382 0.49992144
v -0.25853288 -0.77414382 0.49992144
v -0.50000012 -0.77505916 0.49992144
v -0.50000012 -0.77505916 0.49992144
v -0.50000012 -0.75005913 0.49992144
v -0.50000012 -0.75005913 0.49992144
v -0.25400037 -0.77139795 0.49992144
v -0.25400037 -0.77139795 0.49992144
v -0.25400037 -0.77139795 0.49992144
v -0.28033429 -0.77505916 0.42241120
v -0.28033429 -0.77505916 0.42241120
v -0.28399545 -0.77505916 0.44160533
v -0.28399545 -0.77505916 0.44160533
v -0.29497892 -0.77505916 0.45776641
v -0.29497892 -0.77505916 0.45776641
v -0.29497892 -0.77505916 0.45776641
v -0.31114006 -0.77505910 0.46875000
v -0.31114006 -0.77505910 0.46875000
v -0.33033425 -0.77505916 0.47241116
v -0.33033425 -0.77505916 0.47241116
v -0.50000012 -0.77505916 0.47241116
v -0.50000012 -0.77505916 0.47241116
v -0.33033425 -0.76255912 0.47241116
v -0.50000012 -0.76255918 0.47241116
v -0.73608410 -0.77505916 0.49992144
v -0.73608410 -0.77505916 0.49992144
v -0.66966593 -0.77505916 0.47241116
v -0.66966593 -0.77505916 0.47241116
v -0.66966593 -0.76255918 0.47241116
v -0.68886006 -0.76255918 0.46875000
v -0.68886006 -0.77505916 0.46875000
v -0.68886006 -0.77505916 0.46875000
v -0.66872072 -0.76255918 0.46241117
v -0.66872072 -0.75005919 0.46241117
v -0.68495202 -0.76255918 0.45931518
v -0.50000012 -0.76255918 0.46241117
v -0.33127946 -0.76255912 0.46241117
v -0.33127946 -0.75005913 0.46241117
v -0.50000012 -0.75005919 0.46241117
v -0.50000012 -0.75005919 0.47241116
v -0.33033425 -0.75005913 0.47241116
v -0.66966593 -0.75005919 0.47241116
v -0.68495202 -0.75005919 0.45931518
v -0.68886006 -0.75005919 0.46875000
v -0.73608410 -0.75005919 0.49992144
v -0.73608410 -0.75005919 0.49992144
v -0.74146730 -0.75097448 0.49992144
v -0.74146730 -0.75097448 0.49992144
v -0.73608416 -0.75005943 -0.00007856
v -0.73608416 -0.75005943 -0.00007856
v -0.71966588 -0.75005937 0.07241106
v -0.71966588 -0.75005919 0.42241120
v -0.71600473 -0.75005919 0.44160533
v -0.70502126 -0.75005919 0.45776641
v -0.69782269 -0.75005919 0.45056784
v -0.70656991 -0.75005919 0.43769729
v -0.70656991 -0.76255918 0.43769729
v -0.70966589 -0.76255924 0.42146599
v -0.70966589 -0.75005919 0.42146599
v -0.70966589 -0.76255935 0.07335639
v -0.70966589 -0.75005937 0.07335639
v -0.70656991 -0.76255941 0.05712497
v -0.70656991 -0.75005943 0.05712497
v -0.69782269 -0.76255941 0.04425430
v -0.69782269 -0.76255941 0.04425430
v -0.69782269 -0.75005937 0.04425430
v -0.71600473 -0.75005943 0.05321693
v -0.70502126 -0.75005937 0.03705585
v -0.68495202 -0.75005937 0.03550708
v -0.68886006 -0.75005937 0.02607226
v -0.66872072 -0.75005937 0.03241110
v -0.66966593 -0.75005937 0.02241111
v -0.50000006 -0.75005937 0.02241111
v -0.50000006 -0.75005937 0.03241110
v -0.33127940 -0.75005937 0.03241110
v -0.33033419 -0.75005937 0.02241111
v -0.50000006 -0.75005937 0.01394975
v -0.26391596 -0.75005937 -0.00007856
v -0.26391596 -0.75005937 -0.00007856
v -0.26391602 -0.75005913 0.49992144
v -0.26391602 -0.75005913 0.49992144
v -0.25853288 -0.75097442 0.49992144
v -0.25853288 -0.75097442 0.49992144
v -0.25853282 -0.75097466 -0.00007856
v -0.25853282 -0.75097466 -0.00007856
v -0.50000006 -0.75005937 -0.00007856
v -0.50000006 -0.75005937 -0.00007856
v -0.50000006 -0.77505940 -0.00007856
v -0.50000006 -0.77505940 -0.00007856
v -0.25400037 -0.75372052 -0.00007856
v -0.25400037 -0.75372052 -0.00007856
v -0.25400037 -0.75372052 -0.00007856
v -0.31114000 -0.75005937 0.02607226
v -0.29497892 -0.75005931 0.03705585
v -0.28399539 -0.75005931 0.05321693
v -0.28033423 -0.75005931 0.07241106
v -0.28033429 -0.75005913 0.42241108
v -0.29033422 -0.75005931 0.07335639
v -0.29343021 -0.75005931 0.05712497
v -0.29343021 -0.76255935 0.05712497
v -0.30217749 -0.75005931 0.04425430
v -0.30217749 -0.76255935 0.04425430
v -0.30217749 -0.76255935 0.04425430
v -0.31504810 -0.76255935 0.03550708
v -0.29497892 -0.76255935 0.03705585
v -0.29497892 -0.76255935 0.03705585
v -0.31114000 -0.76255935 0.02607226
v -0.31114000 -0.77505934 0.02607226
v -0.31114000 -0.77505934 0.02607226
v -0.33033419 -0.77505934 0.02241111
v -0.33033419 -0.77505934 0.02241111
v -0.33033419 -0.76255935 0.02241111
v -0.50000006 -0.76255935 0.02241111
v -0.50000006 -0.77505934 0.02241111
v -0.50000006 -0.77505934 0.02241111
v -0.33127940 -0.76255935 0.03241110
v -0.31504810 -0.75005937 0.03550708
v -0.50000006 -0.76255935 0.03241110
v -0.66872072 -0.76255941 0.03241110
v -0.68495202 -0.76255941 0.03550708
v -0.66966593 -0.76255941 0.02241111
v -0.66966593 -0.77505940 0.02241111
v -0.66966593 -0.77505940 0.02241111
v -0.68886006 -0.76255941 0.02607226
v -0.68886006 -0.77505940 0.02607226
v -0.68886006 -0.77505940 0.02607226
v -0.70502126 -0.76255941 0.03705585
v -0.70502126 -0.76255941 0.03705585
v -0.70502126 -0.77505940 0.03705585
v -0.70502126 -0.77505940 0.03705585
v -0.70502126 -0.77505940 0.03705585
v -0.71600473 -0.76255941 0.05321705
v -0.71600473 -0.77505940 0.05321705
v -0.71600473 -0.77505940 0.05321705
v -0.71966588 -0.76255941 0.07241106
v -0.71966588 -0.77505940 0.07241106
v -0.71966588 -0.77505940 0.07241106
v -0.71966588 -0.76255924 0.42241120
v -0.71966588 -0.77505922 0.42241120
v -0.71966588 -0.77505922 0.42241120
v -0.71600473 -0.76255924 0.44160533
v -0.71600473 -0.77505922 0.44160533
v -0.71600473 -0.77505922 0.44160533
v -0.70502126 -0.76255918 0.45776641
v -0.70502126 -0.76255918 0.45776641
v -0.69782269 -0.76255918 0.45056784
v -0.69782269 -0.76255918 0.45056784
v -0.70502126 -0.77505922 0.45776653
v -0.70502126 -0.77505922 0.45776653
v -0.70502126 -0.77505922 0.45776653
v -0.73608416 -0.77505940 -0.00007856
v -0.73608416 -0.77505940 -0.00007856
v -0.74146730 -0.77414411 -0.00007856
v -0.74146730 -0.77414411 -0.00007856
v -0.50000006 -0.77505934 0.01394975
v -0.74146730 -0.77414387 0.49992144
v -0.74146730 -0.77414387 0.49992144
v -0.74599981 -0.77139825 -0.00007856
v -0.74599981 -0.77139825 -0.00007856
v -0.74599981 -0.77139801 0.49992144
v -0.74599981 -0.77139801 0.49992144
v -0.74599981 -0.77139801 0.49992144
v -0.74908018 -0.76735795 -0.00007856
v -0.74908018 -0.76735795 -0.00007856
v -0.75000012 -0.76255941 -0.00007856
v -0.75000012 -0.76255941 -0.00007856
v -0.74599981 -0.75372058 -0.00007856
v -0.74599981 -0.75372058 -0.00007856
v -0.74599981 -0.75372058 -0.00007856
v -0.74146730 -0.75097471 -0.00007856
v -0.74146730 -0.75097471 -0.00007856
v -0.74599981 -0.75372034 0.49992144
v -0.74599981 -0.75372034 0.49992144
v -0.74908018 -0.75776064 0.49992144
v -0.74908018 -0.75776064 0.49992144
v -0.74908018 -0.75776088 -0.00007856
v -0.74908018 -0.75776088 -0.00007856
v -0.75000012 -0.76255918 0.49992144
v -0.75000012 -0.76255918 0.49992144
v -0.74908018 -0.76735771 0.49992144
v -0.74908018 -0.76735771 0.49992144
v -0.29497892 -0.77505934 0.03705585
v -0.29497892 -0.77505934 0.03705585
v -0.29497892 -0.77505934 0.03705585
v -0.28399539 -0.77505934 0.05321705
v -0.28399539 -0.77505934 0.05321705
v -0.28399539 -0.76255935 0.05321705
v -0.28033423 -0.76255929 0.07241106
v -0.29033422 -0.76255929 0.07335639
v -0.29033428 -0.75005913 0.42146599
v -0.29033428 -0.76255912 0.42146599
v -0.29343027 -0.75005913 0.43769729
v -0.29343027 -0.76255912 0.43769729
v -0.28033429 -0.76255912 0.42241120
v -0.28399545 -0.76255912 0.44160533
v -0.28033423 -0.77505934 0.07241106
v -0.28033423 -0.77505934 0.07241106
v -0.29497892 -0.76255912 0.45776641
v -0.29497892 -0.76255912 0.45776641
v -0.30217743 -0.76255912 0.45056784
v -0.30217743 -0.76255912 0.45056784
v -0.30217743 -0.75005913 0.45056784
v -0.31504816 -0.75005913 0.45931506
v -0.31504816 -0.76255912 0.45931518
v -0.31114006 -0.76255912 0.46875000
v -0.31114006 -0.75005913 0.46875000
v -0.29497892 -0.75005913 0.45776641
v -0.28399545 -0.75005913 0.44160521
v -0.25400037 -0.75372028 0.49992144
v -0.25400037 -0.75372028 0.49992144
v -0.25092000 -0.75776082 -0.00007856
v -0.25092000 -0.75776082 -0.00007856
v -0.25092000 -0.75776058 0.49992144
v -0.25092000 -0.75776058 0.49992144
v -0.25000006 -0.76255935 -0.00007856
v -0.25000006 -0.76255935 -0.00007856
v -0.25400037 -0.77139819 -0.00007856
v -0.25400037 -0.77139819 -0.00007856
v -0.25092000 -0.76735789 -0.00007856
v -0.25092000 -0.76735789 -0.00007856
v -0.25092000 -0.76735765 0.49992144
v -0.25092000 -0.76735765 0.49992144
v -0.25000012 -0.76255912 0.49992144
v -0.25000012 -0.76255912 0.49992144
v 0.77505916 0.73608398 0.49992144
v 0.77505916 0.73608398 0.49992144
v 0.77505940 0.73608404 -0.00007856
v 0.77505940 0.73608404 -0.00007856
v 0.77414411 0.74146718 -0.00007856
v 0.77414411 0.74146718 -0.00007856
v 0.77414387 0.74146712 0.49992144
v 0.77414387 0.74146712 0.49992144
v 0.77505922 0.49999988 0.49992144
v 0.77505922 0.49999988 0.49992144
v 0.75005919 0.49999988 0.49992144
v 0.75005919 0.49999988 0.49992144
v 0.77139801 0.74599963 0.49992144
v 0.77139801 0.74599963 0.49992144
v 0.77139801 0.74599963 0.49992144
v 0.77505922 0.71966571 0.42241120
v 0.77505922 0.71966571 0.42241120
v 0.77505922 0.71600455 0.44160533
v 0.77505922 0.71600455 0.44160533
v 0.77505922 0.70502108 0.45776641
v 0.77505922 0.70502108 0.45776641
v 0.77505922 0.70502108 0.45776641
v 0.77505922 0.68885994 0.46875000
v 0.77505922 0.68885994 0.46875000
v 0.77505922 0.66966575 0.47241116
v 0.77505922 0.66966575 0.47241116
v 0.77505922 0.49999988 0.47241116
v 0.77505922 0.49999988 0.47241116
v 0.76255924 0.66966575 0.47241116
v 0.76255924 0.49999988 0.47241116
v 0.77505922 0.26391587 0.49992144
v 0.77505922 0.26391587 0.49992144
v 0.77505922 0.33033410 0.47241116
v 0.77505922 0.33033410 0.47241116
v 0.76255924 0.33033410 0.47241116
v 0.76255924 0.31113991 0.46875000
v 0.77505922 0.31113991 0.46875000
v 0.77505922 0.31113991 0.46875000
v 0.76255924 0.33127931 0.46241117
v 0.75005925 0.33127931 0.46241117
v 0.76255924 0.31504798 0.45931518
v 0.76255924 0.49999988 0.46241117
v 0.76255924 0.66872054 0.46241117
v 0.75005919 0.66872054 0.46241117
v 0.75005925 0.49999988 0.46241117
v 0.75005925 0.49999988 0.47241116
v 0.75005919 0.66966575 0.47241116
v 0.75005925 0.33033410 0.47241116
v 0.75005925 0.31504798 0.45931518
v 0.75005925 0.31113991 0.46875000
v 0.75005925 0.26391587 0.49992144
v 0.75005925 0.26391587 0.49992144
v 0.75097454 0.25853270 0.49992144
v 0.75097454 0.25853270 0.49992144
v 0.75005943 0.26391584 -0.00007856
v 0.75005943 0.26391584 -0.00007856
v 0.75005943 0.28033409 0.07241106
v 0.75005925 0.28033412 0.42241120
v 0.75005925 0.28399527 0.44160533
v 0.75005925 0.29497877 0.45776641
v 0.75005925 0.30217731 0.45056784
v 0.75005925 0.29343012 0.43769729
v 0.76255924 0.29343012 0.43769729
v 0.76255924 0.29033411 0.42146599
v 0.75005925 0.29033411 0.42146599
v 0.76255941 0.29033411 0.07335639
v 0.75005943 0.29033411 0.07335639
v 0.76255941 0.29343009 0.05712497
v 0.75005943 0.29343009 0.05712497
v 0.76255941 0.30217728 0.04425430
v 0.76255941 0.30217728 0.04425430
v 0.75005943 0.30217728 0.04425430
v 0.75005943 0.28399524 0.05321693
v 0.75005943 0.29497874 0.03705585
v 0.75005943 0.31504795 0.03550708
v 0.75005943 0.31113991 0.02607226
v 0.75005943 0.33127931 0.03241110
v 0.75005943 0.33033410 0.02241111
v 0.75005943 0.49999994 0.02241111
v 0.75005943 0.49999994 0.03241110
v 0.75005943 0.66872060 0.03241110
v 0.75005943 0.66966581 0.02241111
v 0.75005943 0.49999994 0.01394975
v 0.75005943 0.73608404 -0.00007856
v 0.75005943 0.73608404 -0.00007856
v 0.75005919 0.73608398 0.49992144
v 0.75005919 0.73608398 0.49992144
v 0.75097448 0.74146712 0.49992144
v 0.75097448 0.74146712 0.49992144
v 0.75097471 0.74146718 -0.00007856
v 0.75097471 0.74146718 -0.00007856
v 0.75005943 0.49999994 -0.00007856
v 0.75005943 0.49999994 -0.00007856
v 0.77505946 0.49999994 -0.00007856
v 0.77505946 0.49999994 -0.00007856
v 0.75372058 0.74599963 -0.00007856
v 0.75372058 0.74599963 -0.00007856
v 0.75372058 0.74599963 -0.00007856
v 0.75005943 0.68886000 0.02607226
v 0.75005943 0.70502108 0.03705585
v 0.75005943 0.71600461 0.05321693
v 0.75005943 0.71966577 0.07241106
v 0.75005925 0.71966571 0.42241108
v 0.75005943 0.70966578 0.07335639
v 0.75005943 0.70656979 0.05712497
v 0.76255941 0.70656979 0.05712497
v 0.75005943 0.69782251 0.04425430
v 0.76255941 0.69782251 0.04425430
v 0.76255941 0.69782251 0.04425430
v 0.76255941 0.68495190 0.03550708
v 0.76255941 0.70502108 0.03705585
v 0.76255941 0.70502108 0.03705585
v 0.76255941 0.68886000 0.02607226
v 0.77505940 0.68886000 0.02607226
v 0.77505940 0.68886000 0.02607226
v 0.77505940 0.66966581 0.02241111
v 0.77505940 0.66966581 0.02241111
v 0.76255941 0.66966581 0.02241111
v 0.76255941 0.49999994 0.02241111
v 0.77505940 0.49999994 0.02241111
v 0.77505940 0.49999994 0.02241111
v 0.76255941 0.66872060 0.03241110
v 0.75005943 0.68495190 0.03550708
v 0.76255941 0.49999994 0.03241110
v 0.76255941 0.33127931 0.03241110
v 0.76255941 0.31504795 0.03550708
v 0.76255941 0.33033410 0.02241111
v 0.77505946 0.33033410 0.02241111
v 0.77505946 0.33033410 0.02241111
v 0.76255941 0.31113991 0.02607226
v 0.77505946 0.31113991 0.02607226
v 0.77505946 0.31113991 0.02607226
v 0.76255941 0.29497874 0.03705585
v 0.76255941 0.29497874 0.03705585
v 0.77505946 0.29497874 0.03705585
v 0.77505946 0.29497874 0.03705585
v 0.77505946 0.29497874 0.03705585
v 0.76255941 0.28399524 0.05321705
v 0.77505946 0.28399524 0.05321705
v 0.77505946 0.28399524 0.05321705
v 0.76255941 0.28033409 0.07241106
v 0.77505940 0.28033409 0.07241106
v 0.77505940 0.28033409 0.07241106
v 0.76255924 0.28033412 0.42241120
v 0.77505922 0.28033412 0.42241120
v 0.77505922 0.28033412 0.42241120
v 0.76255924 0.28399527 0.44160533
v 0.77505922 0.28399527 0.44160533
v 0.77505922 0.28399527 0.44160533
v 0.76255924 0.29497877 0.45776641
v 0.76255924 0.29497877 0.45776641
v 0.76255924 0.30217731 0.45056784
v 0.76255924 0.30217731 0.45056784
v 0.77505922 0.29497877 0.45776653
v 0.77505922 0.29497877 0.45776653
v 0.77505922 0.29497877 0.45776653
v 0.77505946 0.26391584 -0.00007856
v 0.77505946 0.26391584 -0.00007856
v 0.77414417 0.25853270 -0.00007856
v 0.77414417 0.25853270 -0.00007856
v 0.77505940 0.49999994 0.01394975
v 0.77414393 0.25853270 0.49992144
v 0.77414393 0.25853270 0.49992144
v 0.77139831 0.25400022 -0.00007856
v 0.77139831 0.25400022 -0.00007856
v 0.77139807 0.25400022 0.49992144
v 0.77139807 0.25400022 0.49992144
v 0.77139807 0.25400022 0.49992144
v 0.76735801 0.25091982 -0.00007856
v 0.76735801 0.25091982 -0.00007856
v 0.76255947 0.24999988 -0.00007856
v 0.76255947 0.24999988 -0.00007856
v 0.75372064 0.25400022 -0.00007856
v 0.75372064 0.25400022 -0.00007856
v 0.75372064 0.25400022 -0.00007856
v 0.75097477 0.25853270 -0.00007856
v 0.75097477 0.25853270 -0.00007856
v 0.75372040 0.25400022 0.49992144
v 0.75372040 0.25400022 0.49992144
v 0.75776070 0.25091985 0.49992144
v 0.75776070 0.25091985 0.49992144
v 0.75776094 0.25091982 -0.00007856
v 0.75776094 0.25091982 -0.00007856
v 0.76255924 0.24999991 0.49992144
v 0.76255924 0.24999991 0.49992144
v 0.76735777 0.25091985 0.49992144
v 0.76735777 0.25091985 0.49992144
v 0.77505940 0.70502108 0.03705585
v 0.77505940 0.70502108 0.03705585
v 0.77505940 0.70502108 0.03705585
v 0.77505940 0.71600461 0.05321705
v 0.77505940 0.71600461 0.05321705
v 0.76255941 0.71600461 0.05321705
v 0.76255941 0.71966577 0.07241106
v 0.76255941 0.70966578 0.07335639
v 0.75005925 0.70966572 0.42146599
v 0.76255924 0.70966572 0.42146599
v 0.75005919 0.70656973 0.43769729
v 0.76255924 0.70656973 0.43769729
v 0.76255924 0.71966571 0.42241120
v 0.76255924 0.71600455 0.44160533
v 0.77505940 0.71966577 0.07241106
v 0.77505940 0.71966577 0.07241106
v 0.76255924 0.70502108 0.45776641
v 0.76255924 0.70502108 0.45776641
v 0.76255924 0.69782257 0.45056784
v 0.76255924 0.69782257 0.45056784
v 0.75005919 0.69782257 0.45056784
v 0.75005925 0.68495184 0.45931506
v 0.76255924 0.68495184 0.45931518
v 0.76255924 0.68885994 0.46875000
v 0.75005919 0.68885994 0.46875000
v 0.75005919 0.70502108 0.45776641
v 0.75005919 0.71600455 0.44160521
v 0.75372034 0.74599963 0.49992144
v 0.75372034 0.74599963 0.49992144
v 0.75776088 0.74908000 -0.00007856
v 0.75776088 0.74908000 -0.00007856
v 0.75776064 0.74908000 0.49992144
v 0.75776064 0.74908000 0.49992144
v 0.76255941 0.74999994 -0.00007856
v 0.76255941 0.74999994 -0.00007856
v 0.77139825 0.74599963 -0.00007856
v 0.77139825 0.74599963 -0.00007856
v 0.76735795 0.74908000 -0.00007856
v 0.76735795 0.74908000 -0.00007856
v 0.76735771 0.74908000 0.49992144
v 0.76735771 0.74908000 0.49992144
v 0.76255918 0.74999988 0.49992144
v 0.76255918 0.74999988 0.49992144
v 0.73608398 0.74994099 0.49992144
v 0.73608398 0.74994099 0.49992144
v 0.73608404 0.74994075 -0.00007856
v 0.73608404 0.74994075 -0.00007856
v 0.74146718 0.75085604 -0.00007856
v 0.74146718 0.75085604 -0.00007856
v 0.74146712 0.75085628 0.49992144
v 0.74146712 0.75085628 0.49992144
v 0.49999988 0.74994093 0.49992144
v 0.49999988 0.74994093 0.49992144
v 0.49999988 0.77494097 0.49992144
v 0.49999988 0.77494097 0.49992144
v 0.74599963 0.75360215 0.49992144
v 0.74599963 0.75360215 0.49992144
v 0.74599963 0.75360215 0.49992144
v 0.71966571 0.74994093 0.42241120
v 0.71966571 0.74994093 0.42241120
v 0.71600455 0.74994093 0.44160533
v 0.71600455 0.74994093 0.44160533
v 0.70502108 0.74994093 0.45776641
v 0.70502108 0.74994093 0.45776641
v 0.70502108 0.74994093 0.45776641
v 0.68885994 0.74994099 0.46875000
v 0.68885994 0.74994099 0.46875000
v 0.66966575 0.74994093 0.47241116
v 0.66966575 0.74994093 0.47241116
v 0.49999988 0.74994093 0.47241116
v 0.49999988 0.74994093 0.47241116
v 0.66966575 0.76244098 0.47241116
v 0.49999988 0.76244092 0.47241116
v 0.26391587 0.74994093 0.49992144
v 0.26391587 0.74994093 0.49992144
v 0.33033410 0.74994093 0.47241116
v 0.33033410 0.74994093 0.47241116
v 0.33033410 0.76244092 0.47241116
v 0.31113991 0.76244092 0.46875000
v 0.31113991 0.74994093 0.46875000
v 0.31113991 0.74994093 0.46875000
v 0.33127931 0.76244092 0.46241117
v 0.33127931 0.77494091 0.46241117
v 0.31504798 0.76244092 0.45931518
v 0.49999988 0.76244092 0.46241117
v 0.66872054 0.76244098 0.46241117
v 0.66872054 0.77494097 0.46241117
v 0.49999988 0.77494091 0.46241117
v 0.49999988 0.77494091 0.47241116
v 0.66966575 0.77494097 0.47241116
v 0.33033410 0.77494091 0.47241116
v 0.31504798 0.77494091 0.45931518
v 0.31113991 0.77494091 0.46875000
v 0.26391587 0.77494091 0.49992144
v 0.26391587 0.77494091 0.49992144
v 0.25853270 0.77402562 0.49992144
v 0.25853270 0.77402562 0.49992144
v 0.26391584 0.77494067 -0.00007856
v 0.26391584 0.77494067 -0.00007856
v 0.28033409 0.77494073 0.07241106
v 0.28033412 0.77494091 0.42241120
v 0.28399527 0.77494091 0.44160533
v 0.29497877 0.77494091 0.45776641
v 0.30217731 0.77494091 0.45056784
v 0.29343012 0.77494091 0.43769729
v 0.29343012 0.76244092 0.43769729
v 0.29033411 0.76244086 0.42146599
v 0.29033411 0.77494091 0.42146599
v 0.29033411 0.76244074 0.07335639
v 0.29033411 0.77494073 0.07335639
v 0.29343009 0.76244068 0.05712497
v 0.29343009 0.77494067 0.05712497
v 0.30217728 0.76244068 0.04425430
v 0.30217728 0.76244068 0.04425430
v 0.30217728 0.77494073 0.04425430
v 0.28399524 0.77494067 0.05321693
v 0.29497874 0.77494073 0.03705585
v 0.31504795 0.77494073 0.03550708
v 0.31113991 0.77494073 0.02607226
v 0.33127931 0.77494073 0.03241110
v 0.33033410 0.77494073 0.02241111
v 0.49999994 0.77494073 0.02241111
v 0.49999994 0.77494073 0.03241110
v 0.66872060 0.77494073 0.03241110
v 0.66966581 0.77494073 0.02241111
v 0.49999994 0.77494073 0.01394975
v 0.73608404 0.77494073 -0.00007856
v 0.73608404 0.77494073 -0.00007856
v 0.73608398 0.77494097 0.49992144
v 0.73608398 0.77494097 0.49992144
v 0.74146712 0.77402568 0.49992144
v 0.74146712 0.77402568 0.49992144
v 0.74146718 0.77402544 -0.00007856
v 0.74146718 0.77402544 -0.00007856
v 0.49999994 0.77494073 -0.00007856
v 0.49999994 0.77494073 -0.00007856
v 0.49999994 0.74994069 -0.00007856
v 0.49999994 0.74994069 -0.00007856
v 0.74599963 0.77127957 -0.00007856
v 0.74599963 0.77127957 -0.00007856
v 0.74599963 0.77127957 -0.00007856
v 0.68886000 0.77494073 0.02607226
v 0.70502108 0.77494079 0.03705585
v 0.71600461 0.77494079 0.05321693
v 0.71966577 0.77494079 0.07241106
v 0.71966571 0.77494097 0.42241108
v 0.70966578 0.77494079 0.07335639
v 0.70656979 0.77494079 0.05712497
v 0.70656979 0.76244074 0.05712497
v 0.69782251 0.77494079 0.04425430
v 0.69782251 0.76244074 0.04425430
v 0.69782251 0.76244074 0.04425430
v 0.68495190 0.76244074 0.03550708
v 0.70502108 0.76244074 0.03705585
v 0.70502108 0.76244074 0.03705585
v 0.68886000 0.76244074 0.02607226
v 0.68886000 0.74994075 0.02607226
v 0.68886000 0.74994075 0.02607226
v 0.66966581 0.74994075 0.02241111
v 0.66966581 0.74994075 0.02241111
v 0.66966581 0.76244074 0.02241111
v 0.49999994 0.76244074 0.02241111
v 0.49999994 0.74994075 0.02241111
v 0.49999994 0.74994075 0.02241111
v 0.66872060 0.76244074 0.03241110
v 0.68495190 0.77494073 0.03550708
v 0.49999994 0.76244074 0.03241110
v 0.33127931 0.76244068 0.03241110
v 0.31504795 0.76244068 0.03550708
v 0.33033410 0.76244068 0.02241111
v 0.33033410 0.74994069 0.02241111
v 0.33033410 0.74994069 0.02241111
v 0.31113991 0.76244068 0.02607226
v 0.31113991 0.74994069 0.02607226
v 0.31113991 0.74994069 0.02607226
v 0.29497874 0.76244068 0.03705585
v 0.29497874 0.76244068 0.03705585
v 0.29497874 0.74994069 0.03705585
v 0.29497874 0.74994069 0.03705585
v 0.29497874 0.74994069 0.03705585
v 0.28399524 0.76244068 0.05321705
v 0.28399524 0.74994069 0.05321705
v 0.28399524 0.74994069 0.05321705
v 0.28033409 0.76244068 0.07241106
v 0.28033409 0.74994069 0.07241106
v 0.28033409 0.74994069 0.07241106
v 0.28033412 0.76244086 0.42241120
v 0.28033412 0.74994087 0.42241120
v 0.28033412 0.74994087 0.42241120
v 0.28399527 0.76244086 0.44160533
v 0.28399527 0.74994087 0.44160533
v 0.28399527 0.74994087 0.44160533
v 0.29497877 0.76244092 0.45776641
v 0.29497877 0.76244092 0.45776641
v 0.30217731 0.76244092 0.45056784
v 0.30217731 0.76244092 0.45056784
v 0.29497877 0.74994087 0.45776653
v 0.29497877 0.74994087 0.45776653
v 0.29497877 0.74994087 0.45776653
v 0.26391584 0.74994069 -0.00007856
v 0.26391584 0.74994069 -0.00007856
v 0.25853270 0.75085598 -0.00007856
v 0.25853270 0.75085598 -0.00007856
v 0.49999994 0.74994075 0.01394975
v 0.25853270 0.75085622 0.49992144
v 0.25853270 0.75085622 0.49992144
v 0.25400022 0.75360185 -0.00007856
v 0.25400022 0.75360185 -0.00007856
v 0.25400022 0.75360209 0.49992144
v 0.25400022 0.75360209 0.49992144
v 0.25400022 0.75360209 0.49992144
v 0.25091982 0.75764215 -0.00007856
v 0.25091982 0.75764215 -0.00007856
v 0.24999988 0.76244068 -0.00007856
v 0.24999988 0.76244068 -0.00007856
v 0.25400022 0.77127951 -0.00007856
v 0.25400022 0.77127951 -0.00007856
v 0.25400022 0.77127951 -0.00007856
v 0.25853270 0.77402538 -0.00007856
v 0.25853270 0.77402538 -0.00007856
v 0.25400022 0.77127975 0.49992144
v 0.25400022 0.77127975 0.49992144
v 0.25091985 0.76723945 0.49992144
v 0.25091985 0.76723945 0.49992144
v 0.25091982 0.76723921 -0.00007856
v 0.25091982 0.76723921 -0.00007856
v 0.24999991 0.76244092 0.49992144
v 0.24999991 0.76244092 0.49992144
v 0.25091985 0.75764239 0.49992144
v 0.25091985 0.75764239 0.49992144
v 0.70502108 0.74994075 0.03705585
v 0.70502108 0.74994075 0.03705585
v 0.70502108 0.74994075 0.03705585
v 0.71600461 0.74994075 0.05321705
v 0.71600461 0.74994075 0.05321705
v 0.71600461 0.76244074 0.05321705
v 0.71966577 0.76244080 0.07241106
v 0.70966578 0.76244080 0.07335639
v 0.70966572 0.77494097 0.42146599
v 0.70966572 0.76244098 0.42146599
v 0.70656973 0.77494097 0.43769729
v 0.70656973 0.76244098 0.43769729
v 0.71966571 0.76244098 0.42241120
v 0.71600455 0.76244098 0.44160533
v 0.71966577 0.74994075 0.07241106
v 0.71966577 0.74994075 0.07241106
v 0.70502108 0.76244098 0.45776641
v 0.70502108 0.76244098 0.45776641
v 0.69782257 0.76244098 0.45056784
v 0.69782257 0.76244098 0.45056784
v 0.69782257 0.77494097 0.45056784
v 0.68495184 0.77494097 0.45931506
v 0.68495184 0.76244098 0.45931518
v 0.68885994 0.76244098 0.46875000
v 0.68885994 0.77494097 0.46875000
v 0.70502108 0.77494097 0.45776641
v 0.71600455 0.77494097 0.44160521
v 0.74599963 0.77127981 0.49992144
v 0.74599963 0.77127981 0.49992144
v 0.74908000 0.76723927 -0.00007856
v 0.74908000 0.76723927 -0.00007856
v 0.74908000 0.76723951 0.49992144
v 0.74908000 0.76723951 0.49992144
v 0.74999994 0.76244074 -0.00007856
v 0.74999994 0.76244074 -0.00007856
v 0.74599963 0.75360191 -0.00007856
v 0.74599963 0.75360191 -0.00007856
v 0.74908000 0.75764221 -0.00007856
v 0.74908000 0.75764221 -0.00007856
v 0.74908000 0.75764245 0.49992144
v 0.74908000 0.75764245 0.49992144
v 0.74999988 0.76244098 0.49992144
v 0.74999988 0.76244098 0.49992144
v 0.23608398 0.74994099 0.49992144
v 0.23608398 0.74994099 0.49992144
v 0.23608404 0.74994075 -0.00007856
v 0.23608404 0.74994075 -0.00007856
v 0.24146718 0.75085604 -0.00007856
v 0.24146718 0.75085604 -0.00007856
v 0.24146712 0.75085628 0.49992144
v 0.24146712 0.75085628 0.49992144
v -0.00000012 0.74994093 0.49992144
v -0.00000012 0.74994093 0.49992144
v -0.00000012 0.77494097 0.49992144
v -0.00000012 0.77494097 0.49992144
v 0.24599963 0.75360215 0.49992144
v 0.24599963 0.75360215 0.49992144
v 0.24599963 0.75360215 0.49992144
v 0.21966571 0.74994093 0.42241120
v 0.21966571 0.74994093 0.42241120
v 0.21600455 0.74994093 0.44160533
v 0.21600455 0.74994093 0.44160533
v 0.20502108 0.74994093 0.45776641
v 0.20502108 0.74994093 0.45776641
v 0.20502108 0.74994093 0.45776641
v 0.18885994 0.74994099 0.46875000
v 0.18885994 0.74994099 0.46875000
v 0.16966575 0.74994093 0.47241116
v 0.16966575 0.74994093 0.47241116
v -0.00000012 0.74994093 0.47241116
v -0.00000012 0.74994093 0.47241116
v 0.16966575 0.76244098 0.47241116
v -0.00000012 0.76244092 0.47241116
v -0.23608413 0.74994093 0.49992144
v -0.23608413 0.74994093 0.49992144
v -0.16966590 0.74994093 0.47241116
v -0.16966590 0.74994093 0.47241116
v -0.16966590 0.76244092 0.47241116
v -0.18886009 0.76244092 0.46875000
v -0.18886009 0.74994093 0.46875000
v -0.18886009 0.74994093 0.46875000
v -0.16872069 0.76244092 0.46241117
v -0.16872069 0.77494091 0.46241117
v -0.18495202 0.76244092 0.45931518
v -0.00000012 0.76244092 0.46241117
v 0.16872054 0.76244098 0.46241117
v 0.16872054 0.77494097 0.46241117
v -0.00000012 0.77494091 0.46241117
v -0.00000012 0.77494091 0.47241116
v 0.16966575 0.77494097 0.47241116
v -0.16966590 0.77494091 0.47241116
v -0.18495202 0.77494091 0.45931518
v -0.18886009 0.77494091 0.46875000
v -0.23608413 0.77494091 0.49992144
v -0.23608413 0.77494091 0.49992144
v -0.24146730 0.77402562 0.49992144
v -0.24146730 0.77402562 0.49992144
v -0.23608416 0.77494067 -0.00007856
v -0.23608416 0.77494067 -0.00007856
v -0.21966591 0.77494073 0.07241106
v -0.21966588 0.77494091 0.42241120
v -0.21600473 0.77494091 0.44160533
v -0.20502123 0.77494091 0.45776641
v -0.19782269 0.77494091 0.45056784
v -0.20656988 0.77494091 0.43769729
v -0.20656988 0.76244092 0.43769729
v -0.20966589 0.76244086 0.42146599
v -0.20966589 0.77494091 0.42146599
v -0.20966589 0.76244074 0.07335639
v -0.20966589 0.77494073 0.07335639
v -0.20656991 0.76244068 0.05712497
v -0.20656991 0.77494067 0.05712497
v -0.19782272 0.76244068 0.04425430
v -0.19782272 0.76244068 0.04425430
v -0.19782272 0.77494073 0.04425430
v -0.21600476 0.77494067 0.05321693
v -0.20502126 0.77494073 0.03705585
v -0.18495205 0.77494073 0.03550708
v -0.18886009 0.77494073 0.02607226
v -0.16872069 0.77494073 0.03241110
v -0.16966590 0.77494073 0.02241111
v -0.00000006 0.77494073 0.02241111
v -0.00000006 0.77494073 0.03241110
v 0.16872060 0.77494073 0.03241110
v 0.16966581 0.77494073 0.02241111
v -0.00000006 0.77494073 0.01394975
v 0.23608404 0.77494073 -0.00007856
v 0.23608404 0.77494073 -0.00007856
v 0.23608398 0.77494097 0.49992144
v 0.23608398 0.77494097 0.49992144
v 0.24146712 0.77402568 0.49992144
v 0.24146712 0.77402568 0.49992144
v 0.24146718 0.77402544 -0.00007856
v 0.24146718 0.77402544 -0.00007856
v -0.00000006 0.77494073 -0.00007856
v -0.00000006 0.77494073 -0.00007856
v -0.00000006 0.74994069 -0.00007856
v -0.00000006 0.74994069 -0.00007856
v 0.24599963 0.77127957 -0.00007856
v 0.24599963 0.77127957 -0.00007856
v 0.24599963 0.77127957 -0.00007856
v 0.18886000 0.77494073 0.02607226
v 0.20502108 0.77494079 0.03705585
v 0.21600461 0.77494079 0.05321693
v 0.21966577 0.77494079 0.07241106
v 0.21966571 0.77494097 0.42241108
v 0.20966578 0.77494079 0.07335639
v 0.20656979 0.77494079 0.05712497
v 0.20656979 0.76244074 0.05712497
v 0.19782251 0.77494079 0.04425430
v 0.19782251 0.76244074 0.04425430
v 0.19782251 0.76244074 0.04425430
v 0.18495190 0.76244074 0.03550708
v 0.20502108 0.76244074 0.03705585
v 0.20502108 0.76244074 0.03705585
v 0.18886000 0.76244074 0.02607226
v 0.18886000 0.74994075 0.02607226
v 0.18886000 0.74994075 0.02607226
v 0.16966581 0.74994075 0.02241111
v 0.16966581 0.74994075 0.02241111
v 0.16966581 0.76244074 0.02241111
v -0.00000006 0.76244074 0.02241111
v -0.00000006 0.74994075 0.02241111
v -0.00000006 0.74994075 0.02241111
v 0.16872060 0.76244074 0.03241110
v 0.18495190 0.77494073 0.03550708
v -0.00000006 0.76244074 0.03241110
v -0.16872069 0.76244068 0.03241110
v -0.18495205 0.76244068 0.03550708
v -0.16966590 0.76244068 0.02241111
v -0.16966590 0.74994069 0.02241111
v -0.16966590 0.74994069 0.02241111
v -0.18886009 0.76244068 0.02607226
v -0.18886009 0.74994069 0.02607226
v -0.18886009 0.74994069 0.02607226
v -0.20502126 0.76244068 0.03705585
v -0.20502126 0.76244068 0.03705585
v -0.20502126 0.74994069 0.03705585
v -0.20502126 0.74994069 0.03705585
v -0.20502126 0.74994069 0.03705585
v -0.21600476 0.76244068 0.05321705
v -0.21600476 0.74994069 0.05321705
v -0.21600476 0.74994069 0.05321705
v -0.21966591 0.76244068 0.07241106
v -0.21966591 0.74994069 0.07241106
v -0.21966591 0.74994069 0.07241106
v -0.21966588 0.76244086 0.42241120
v -0.21966588 0.74994087 0.42241120
v -0.21966588 0.74994087 0.42241120
v -0.21600473 0.76244086 0.44160533
v -0.21600473 0.74994087 0.44160533
v -0.21600473 0.74994087 0.44160533
v -0.20502123 0.76244092 0.45776641
v -0.20502123 0.76244092 0.45776641
v -0.19782269 0.76244092 0.45056784
v -0.19782269 0.76244092 0.45056784
v -0.20502123 0.74994087 0.45776653
v -0.20502123 0.74994087 0.45776653
v -0.20502123 0.74994087 0.45776653
v -0.23608416 0.74994069 -0.00007856
v -0.23608416 0.74994069 -0.00007856
v -0.24146730 0.75085598 -0.00007856
v -0.24146730 0.75085598 -0.00007856
v -0.00000006 0.74994075 0.01394975
v -0.24146730 0.75085622 0.49992144
v -0.24146730 0.75085622 0.49992144
v -0.24599978 0.75360185 -0.00007856
v -0.24599978 0.75360185 -0.00007856
v -0.24599978 0.75360209 0.49992144
v -0.24599978 0.75360209 0.49992144
v -0.24599978 0.75360209 0.49992144
v -0.24908018 0.75764215 -0.00007856
v -0.24908018 0.75764215 -0.00007856
v -0.25000012 0.76244068 -0.00007856
v -0.25000012 0.76244068 -0.00007856
v -0.24599978 0.77127951 -0.00007856
v -0.24599978 0.77127951 -0.00007856
v -0.24599978 0.77127951 -0.00007856
v -0.24146730 0.77402538 -0.00007856
v -0.24146730 0.77402538 -0.00007856
v -0.24599978 0.77127975 0.49992144
v -0.24599978 0.77127975 0.49992144
v -0.24908015 0.76723945 0.49992144
v -0.24908015 0.76723945 0.49992144
v -0.24908018 0.76723921 -0.00007856
v -0.24908018 0.76723921 -0.00007856
v -0.25000009 0.76244092 0.49992144
v -0.25000009 0.76244092 0.49992144
v -0.24908015 0.75764239 0.49992144
v -0.24908015 0.75764239 0.49992144
v 0.20502108 0.74994075 0.03705585
v 0.20502108 0.74994075 0.03705585
v 0.20502108 0.74994075 0.03705585
v 0.21600461 0.74994075 0.05321705
v 0.21600461 0.74994075 0.05321705
v 0.21600461 0.76244074 0.05321705
v 0.21966577 0.76244080 0.07241106
v 0.20966578 0.76244080 0.07335639
v 0.20966572 0.77494097 0.42146599
v 0.20966572 0.76244098 0.42146599
v 0.20656973 0.77494097 0.43769729
v 0.20656973 0.76244098 0.43769729
v 0.21966571 0.76244098 0.42241120
v 0.21600455 0.76244098 0.44160533
v 0.21966577 0.74994075 0.07241106
v 0.21966577 0.74994075 0.07241106
v 0.20502108 0.76244098 0.45776641
v 0.20502108 0.76244098 0.45776641
v 0.19782257 0.76244098 0.45056784
v 0.19782257 0.76244098 0.45056784
v 0.19782257 0.77494097 0.45056784
v 0.18495184 0.77494097 0.45931506
v 0.18495184 0.76244098 0.45931518
v 0.18885994 0.76244098 0.46875000
v 0.18885994 0.77494097 0.46875000
v 0.20502108 0.77494097 0.45776641
v 0.21600455 0.77494097 0.44160521
v 0.24599963 0.77127981 0.49992144
v 0.24599963 0.77127981 0.49992144
v 0.24908000 0.76723927 -0.00007856
v 0.24908000 0.76723927 -0.00007856
v 0.24908000 0.76723951 0.49992144
v 0.24908000 0.76723951 0.49992144
v 0.24999994 0.76244074 -0.00007856
v 0.24999994 0.76244074 -0.00007856
v 0.24599963 0.75360191 -0.00007856
v 0.24599963 0.75360191 -0.00007856
v 0.24908000 0.75764221 -0.00007856
v 0.24908000 0.75764221 -0.00007856
v 0.24908000 0.75764245 0.49992144
v 0.24908000 0.75764245 0.49992144
v 0.24999988 0.76244098 0.49992144
v 0.24999988 0.76244098 0.49992144
v -0.26391602 0.74994099 0.49992144
v -0.26391602 0.74994099 0.49992144
v -0.26391596 0.74994075 -0.00007856
v -0.26391596 0.74994075 -0.00007856
v -0.25853282 0.75085604 -0.00007856
v -0.25853282 0.75085604 -0.00007856
v -0.25853288 0.75085628 0.49992144
v -0.25853288 0.75085628 0.49992144
v -0.50000012 0.74994093 0.49992144
v -0.50000012 0.74994093 0.49992144
v -0.50000012 0.77494097 0.49992144
v -0.50000012 0.77494097 0.49992144
v -0.25400037 0.75360215 0.49992144
v -0.25400037 0.75360215 0.49992144
v -0.25400037 0.75360215 0.49992144
v -0.28033429 0.74994093 0.42241120
v -0.28033429 0.74994093 0.42241120
v -0.28399545 0.74994093 0.44160533
v -0.28399545 0.74994093 0.44160533
v -0.29497892 0.74994093 0.45776641
v -0.29497892 0.74994093 0.45776641
v -0.29497892 0.74994093 0.45776641
v -0.31114006 0.74994099 0.46875000
v -0.31114006 0.74994099 0.46875000
v -0.33033425 0.74994093 0.47241116
v -0.33033425 0.74994093 0.47241116
v -0.50000012 0.74994093 0.47241116
v -0.50000012 0.74994093 0.47241116
v -0.33033425 0.76244098 0.47241116
v -0.50000012 0.76244092 0.47241116
v -0.73608410 0.74994093 0.49992144
v -0.73608410 0.74994093 0.49992144
v -0.66966593 0.74994093 0.47241116
v -0.66966593 0.74994093 0.47241116
v -0.66966593 0.76244092 0.47241116
v -0.68886006 0.76244092 0.46875000
v -0.68886006 0.74994093 0.46875000
v -0.68886006 0.74994093 0.46875000
v -0.66872072 0.76244092 0.46241117
v -0.66872072 0.77494091 0.46241117
v -0.68495202 0.76244092 0.45931518
v -0.50000012 0.76244092 0.46241117
v -0.33127946 0.76244098 0.46241117
v -0.33127946 0.77494097 0.46241117
v -0.50000012 0.77494091 0.46241117
v -0.50000012 0.77494091 0.47241116
v -0.33033425 0.77494097 0.47241116
v -0.66966593 0.77494091 0.47241116
v -0.68495202 0.77494091 0.45931518
v -0.68886006 0.77494091 0.46875000
v -0.73608410 0.77494091 0.49992144
v -0.73608410 0.77494091 0.49992144
v -0.74146730 0.77402562 0.49992144
v -0.74146730 0.77402562 0.49992144
v -0.73608416 0.77494067 -0.00007856
v -0.73608416 0.77494067 -0.00007856
v -0.71966588 0.77494073 0.07241106
v -0.71966588 0.77494091 0.42241120
v -0.71600473 0.77494091 0.44160533
v -0.70502126 0.77494091 0.45776641
v -0.69782269 0.77494091 0.45056784
v -0.70656991 0.77494091 0.43769729
v -0.70656991 0.76244092 0.43769729
v -0.70966589 0.76244086 0.42146599
v -0.70966589 0.77494091 0.42146599
v -0.70966589 0.76244074 0.07335639
v -0.70966589 0.77494073 0.07335639
v -0.70656991 0.76244068 0.05712497
v -0.70656991 0.77494067 0.05712497
v -0.69782269 0.76244068 0.04425430
v -0.69782269 0.76244068 0.04425430
v -0.69782269 0.77494073 0.04425430
v -0.71600473 0.77494067 0.05321693
v -0.70502126 0.77494073 0.03705585
v -0.68495202 0.77494073 0.03550708
v -0.68886006 0.77494073 0.02607226
v -0.66872072 0.77494073 0.03241110
v -0.66966593 0.77494073 0.02241111
v -0.50000006 0.77494073 0.02241111
v -0.50000006 0.77494073 0.03241110
v -0.33127940 0.77494073 0.03241110
v -0.33033419 0.77494073 0.02241111
v -0.50000006 0.77494073 0.01394975
v -0.26391596 0.77494073 -0.00007856
v -0.26391596 0.77494073 -0.00007856
v -0.26391602 0.77494097 0.49992144
v -0.26391602 0.77494097 0.49992144
v -0.25853288 0.77402568 0.49992144
v -0.25853288 0.77402568 0.49992144
v -0.25853282 0.77402544 -0.00007856
v -0.25853282 0.77402544 -0.00007856
v -0.50000006 0.77494073 -0.00007856
v -0.50000006 0.77494073 -0.00007856
v -0.50000006 0.74994069 -0.00007856
v -0.50000006 0.74994069 -0.00007856
v -0.25400037 0.77127957 -0.00007856
v -0.25400037 0.77127957 -0.00007856
v -0.25400037 0.77127957 -0.00007856
v -0.31114000 0.77494073 0.02607226
v -0.29497892 0.77494079 0.03705585
v -0.28399539 0.77494079 0.05321693
v -0.28033423 0.77494079 0.07241106
v -0.28033429 0.77494097 0.42241108
v -0.29033422 0.77494079 0.07335639
v -0.29343021 0.77494079 0.05712497
v -0.29343021 0.76244074 0.05712497
v -0.30217749 0.77494079 0.04425430
v -0.30217749 0.76244074 0.04425430
v -0.30217749 0.76244074 0.04425430
v -0.31504810 0.76244074 0.03550708
v -0.29497892 0.76244074 0.03705585
v -0.29497892 0.76244074 0.03705585
v -0.31114000 0.76244074 0.02607226
v -0.31114000 0.74994075 0.02607226
v -0.31114000 0.74994075 0.02607226
v -0.33033419 0.74994075 0.02241111
v -0.33033419 0.74994075 0.02241111
v -0.33033419 0.76244074 0.02241111
v -0.50000006 0.76244074 0.02241111
v -0.50000006 0.74994075 0.02241111
v -0.50000006 0.74994075 0.02241111
v -0.33127940 0.76244074 0.03241110
v -0.31504810 0.77494073 0.03550708
v -0.50000006 0.76244074 0.03241110
v -0.66872072 0.76244068 0.03241110
v -0.68495202 0.76244068 0.03550708
v -0.66966593 0.76244068 0.02241111
v -0.66966593 0.74994069 0.02241111
v -0.66966593 0.74994069 0.02241111
v -0.68886006 0.76244068 0.02607226
v -0.68886006 0.74994069 0.02607226
v -0.68886006 0.74994069 0.02607226
v -0.70502126 0.76244068 0.03705585
v -0.70502126 0.76244068 0.03705585
v -0.70502126 0.74994069 0.03705585
v -0.70502126 0.74994069 0.03705585
v -0.70502126 0.74994069 0.03705585
v -0.71600473 0.76244068 0.05321705
v -0.71600473 0.74994069 0.05321705
v -0.71600473 0.74994069 0.05321705
v -0.71966588 0.76244068 0.07241106
v -0.71966588 0.74994069 0.07241106
v -0.71966588 0.74994069 0.07241106
v -0.71966588 0.76244086 0.42241120
v -0.71966588 0.74994087 0.42241120
v -0.71966588 0.74994087 0.42241120
v -0.71600473 0.76244086 0.44160533
v -0.71600473 0.74994087 0.44160533
v -0.71600473 0.74994087 0.44160533
v -0.70502126 0.76244092 0.45776641
v -0.70502126 0.76244092 0.45776641
v -0.69782269 0.76244092 0.45056784
v -0.69782269 0.76244092 0.45056784
v -0.70502126 0.74994087 0.45776653
v -0.70502126 0.74994087 0.45776653
v -0.70502126 0.74994087 0.45776653
v -0.73608416 0.74994069 -0.00007856
v -0.73608416 0.74994069 -0.00007856
v -0.74146730 0.75085598 -0.00007856
v -0.74146730 0.75085598 -0.00007856
v -0.50000006 0.74994075 0.01394975
v -0.74146730 0.75085622 0.49992144
v -0.74146730 0.75085622 0.49992144
v -0.74599981 0.75360185 -0.00007856
v -0.74599981 0.75360185 -0.00007856
v -0.74599981 0.75360209 0.49992144
v -0.74599981 0.75360209 0.49992144
v -0.74599981 0.75360209 0.49992144
v -0.74908018 0.75764215 -0.00007856
v -0.74908018 0.75764215 -0.00007856
v -0.75000012 0.76244068 -0.00007856
v -0.75000012 0.76244068 -0.00007856
v -0.74599981 0.77127951 -0.00007856
v -0.74599981 0.77127951 -0.00007856
v -0.74599981 0.77127951 -0.00007856
v -0.74146730 0.77402538 -0.00007856
v -0.74146730 0.77402538 -0.00007856
v -0.74599981 0.77127975 0.49992144
v -0.74599981 0.77127975 0.49992144
v -0.74908018 0.76723945 0.49992144
v -0.74908018 0.76723945 0.49992144
v -0.74908018 0.76723921 -0.00007856
v -0.74908018 0.76723921 -0.00007856
v -0.75000012 0.76244092 0.49992144
v -0.75000012 0.76244092 0.49992144
v -0.74908018 0.75764239 0.49992144
v -0.74908018 0.75764239 0.49992144
v -0.29497892 0.74994075 0.03705585
v -0.29497892 0.74994075 0.03705585
v -0.29497892 0.74994075 0.03705585
v -0.28399539 0.74994075 0.05321705
v -0.28399539 0.74994075 0.05321705
v -0.28399539 0.76244074 0.05321705
v -0.28033423 0.76244080 0.07241106
v -0.29033422 0.76244080 0.07335639
v -0.29033428 0.77494097 0.42146599
v -0.29033428 0.76244098 0.42146599
v -0.29343027 0.77494097 0.43769729
v -0.29343027 0.76244098 0.43769729
v -0.28033429 0.76244098 0.42241120
v -0.28399545 0.76244098 0.44160533
v -0.28033423 0.74994075 0.07241106
v -0.28033423 0.74994075 0.07241106
v -0.29497892 0.76244098 0.45776641
v -0.29497892 0.76244098 0.45776641
v -0.30217743 0.76244098 0.45056784
v -0.30217743 0.76244098 0.45056784
v -0.30217743 0.77494097 0.45056784
v -0.31504816 0.77494097 0.45931506
v -0.31504816 0.76244098 0.45931518
v -0.31114006 0.76244098 0.46875000
v -0.31114006 0.77494097 0.46875000
v -0.29497892 0.77494097 0.45776641
v -0.28399545 0.77494097 0.44160521
v -0.25400037 0.77127981 0.49992144
v -0.25400037 0.77127981 0.49992144
v -0.25092000 0.76723927 -0.00007856
v -0.25092000 0.76723927 -0.00007856
v -0.25092000 0.76723951 0.49992144
v -0.25092000 0.76723951 0.49992144
v -0.25000006 0.76244074 -0.00007856
v -0.25000006 0.76244074 -0.00007856
v -0.25400037 0.75360191 -0.00007856
v -0.25400037 0.75360191 -0.00007856
v -0.25092000 0.75764221 -0.00007856
v -0.25092000 0.75764221 -0.00007856
v -0.25092000 0.75764245 0.49992144
v -0.25092000 0.75764245 0.49992144
v -0.25000012 0.76244098 0.49992144
v -0.25000012 0.76244098 0.49992144
v -0.74994099 -0.26391590 0.49992144
v -0.74994099 -0.26391590 0.49992144
v -0.74994075 -0.26391584 -0.00007856
v -0.74994075 -0.26391584 -0.00007856
v -0.75085604 -0.25853270 -0.00007856
v -0.75085604 -0.25853270 -0.00007856
v -0.75085628 -0.25853276 0.49992144
v -0.75085628 -0.25853276 0.49992144
v -0.74994093 -0.50000000 0.49992144
v -0.74994093 -0.50000000 0.49992144
v -0.77494097 -0.50000000 0.49992144
v -0.77494097 -0.50000000 0.49992144
v -0.75360215 -0.25400025 0.49992144
v -0.75360215 -0.25400025 0.49992144
v -0.75360215 -0.25400025 0.49992144
v -0.74994093 -0.28033417 0.42241120
v -0.74994093 -0.28033417 0.42241120
v -0.74994093 -0.28399533 0.44160533
v -0.74994093 -0.28399533 0.44160533
v -0.74994093 -0.29497880 0.45776641
v -0.74994093 -0.29497880 0.45776641
v -0.74994093 -0.29497880 0.45776641
v -0.74994093 -0.31113994 0.46875000
v -0.74994093 -0.31113994 0.46875000
v -0.74994093 -0.33033413 0.47241116
v -0.74994093 -0.33033413 0.47241116
v -0.74994093 -0.50000000 0.47241116
v -0.74994093 -0.50000000 0.47241116
v -0.76244092 -0.33033413 0.47241116
v -0.76244092 -0.50000000 0.47241116
v -0.74994093 -0.73608398 0.49992144
v -0.74994093 -0.73608398 0.49992144
v -0.74994093 -0.66966581 0.47241116
v -0.74994093 -0.66966581 0.47241116
v -0.76244092 -0.66966581 0.47241116
v -0.76244092 -0.68885994 0.46875000
v -0.74994093 -0.68885994 0.46875000
v -0.74994093 -0.68885994 0.46875000
v -0.76244092 -0.66872060 0.46241117
v -0.77494091 -0.66872060 0.46241117
v -0.76244092 -0.68495190 0.45931518
v -0.76244092 -0.50000000 0.46241117
v -0.76244092 -0.33127934 0.46241117
v -0.77494097 -0.33127934 0.46241117
v -0.77494091 -0.50000000 0.46241117
v -0.77494091 -0.50000000 0.47241116
v -0.77494097 -0.33033413 0.47241116
v -0.77494091 -0.66966581 0.47241116
v -0.77494091 -0.68495190 0.45931518
v -0.77494091 -0.68885994 0.46875000
v -0.77494091 -0.73608398 0.49992144
v -0.77494091 -0.73608398 0.49992144
v -0.77402562 -0.74146718 0.49992144
v -0.77402562 -0.74146718 0.49992144
v -0.77494073 -0.73608404 -0.00007856
v -0.77494073 -0.73608404 -0.00007856
v -0.77494073 -0.71966577 0.07241106
v -0.77494091 -0.71966577 0.42241120
v -0.77494091 -0.71600461 0.44160533
v -0.77494091 -0.70502114 0.45776641
v -0.77494091 -0.69782257 0.45056784
v -0.77494091 -0.70656979 0.43769729
v -0.76244092 -0.70656979 0.43769729
v -0.76244092 -0.70966578 0.42146599
v -0.77494091 -0.70966578 0.42146599
v -0.76244074 -0.70966578 0.07335639
v -0.77494073 -0.70966578 0.07335639
v -0.76244074 -0.70656979 0.05712497
v -0.77494073 -0.70656979 0.05712497
v -0.76244074 -0.69782257 0.04425430
v -0.76244074 -0.69782257 0.04425430
v -0.77494073 -0.69782257 0.04425430
v -0.77494073 -0.71600461 0.05321693
v -0.77494073 -0.70502114 0.03705585
v -0.77494073 -0.68495190 0.03550708
v -0.77494073 -0.68885994 0.02607226
v -0.77494073 -0.66872060 0.03241110
v -0.77494073 -0.66966581 0.02241111
v -0.77494073 -0.49999994 0.02241111
v -0.77494073 -0.49999994 0.03241110
v -0.77494073 -0.33127928 0.03241110
v -0.77494073 -0.33033407 0.02241111
v -0.77494073 -0.49999994 0.01394975
v -0.77494073 -0.26391584 -0.00007856
v -0.77494073 -0.26391584 -0.00007856
v -0.77494097 -0.26391590 0.49992144
v -0.77494097 -0.26391590 0.49992144
v -0.77402568 -0.25853276 0.49992144
v -0.77402568 -0.25853276 0.49992144
v -0.77402544 -0.25853270 -0.00007856
v -0.77402544 -0.25853270 -0.00007856
v -0.77494073 -0.49999994 -0.00007856
v -0.77494073 -0.49999994 -0.00007856
v -0.74994069 -0.49999994 -0.00007856
v -0.74994069 -0.49999994 -0.00007856
v -0.77127957 -0.25400025 -0.00007856
v -0.77127957 -0.25400025 -0.00007856
v -0.77127957 -0.25400025 -0.00007856
v -0.77494073 -0.31113988 0.02607226
v -0.77494073 -0.29497880 0.03705585
v -0.77494073 -0.28399527 0.05321693
v -0.77494073 -0.28033412 0.07241106
v -0.77494097 -0.28033417 0.42241108
v -0.77494073 -0.29033411 0.07335639
v -0.77494073 -0.29343009 0.05712497
v -0.76244074 -0.29343009 0.05712497
v -0.77494073 -0.30217737 0.04425430
v -0.76244074 -0.30217737 0.04425430
v -0.76244074 -0.30217737 0.04425430
v -0.76244074 -0.31504798 0.03550708
v -0.76244074 -0.29497880 0.03705585
v -0.76244074 -0.29497880 0.03705585
v -0.76244074 -0.31113988 0.02607226
v -0.74994075 -0.31113988 0.02607226
v -0.74994075 -0.31113988 0.02607226
v -0.74994075 -0.33033407 0.02241111
v -0.74994075 -0.33033407 0.02241111
v -0.76244074 -0.33033407 0.02241111
v -0.76244074 -0.49999994 0.02241111
v -0.74994075 -0.49999994 0.02241111
v -0.74994075 -0.49999994 0.02241111
v -0.76244074 -0.33127928 0.03241110
v -0.77494073 -0.31504798 0.03550708
v -0.76244074 -0.49999994 0.03241110
v -0.76244074 -0.66872060 0.03241110
v -0.76244074 -0.68495190 0.03550708
v -0.76244074 -0.66966581 0.02241111
v -0.74994069 -0.66966581 0.02241111
v -0.74994069 -0.66966581 0.02241111
v -0.76244074 -0.68885994 0.02607226
v -0.74994069 -0.68885994 0.02607226
v -0.74994069 -0.68885994 0.02607226
v -0.76244074 -0.70502114 0.03705585
v -0.76244074 -0.70502114 0.03705585
v -0.74994069 -0.70502114 0.03705585
v -0.74994069 -0.70502114 0.03705585
v -0.74994069 -0.70502114 0.03705585
v -0.76244074 -0.71600461 0.05321705
v -0.74994069 -0.71600461 0.05321705
v -0.74994069 -0.71600461 0.05321705
v -0.76244074 -0.71966577 0.07241106
v -0.74994075 -0.71966577 0.07241106
v -0.74994075 -0.71966577 0.07241106
v -0.76244092 -0.71966577 0.42241120
v -0.74994093 -0.71966577 0.42241120
v -0.74994093 -0.71966577 0.42241120
v -0.76244092 -0.71600461 0.44160533
v -0.74994093 -0.71600461 0.44160533
v -0.74994093 -0.71600461 0.44160533
v -0.76244092 -0.70502114 0.45776641
v -0.76244092 -0.70502114 0.45776641
v -0.76244092 -0.69782257 0.45056784
v -0.76244092 -0.69782257 0.45056784
v -0.74994093 -0.70502114 0.45776653
v -0.74994093 -0.70502114 0.45776653
v -0.74994093 -0.70502114 0.45776653
v -0.74994069 -0.73608404 -0.00007856
v -0.74994069 -0.73608404 -0.00007856
v -0.75085598 -0.74146718 -0.00007856
v -0.75085598 -0.74146718 -0.00007856
v -0.74994075 -0.49999994 0.01394975
v -0.75085622 -0.74146718 0.49992144
v -0.75085622 -0.74146718 0.49992144
v -0.75360185 -0.74599969 -0.00007856
v -0.75360185 -0.74599969 -0.00007856
v -0.75360209 -0.74599969 0.49992144
v -0.75360209 -0.74599969 0.49992144
v -0.75360209 -0.74599969 0.49992144
v -0.75764215 -0.74908006 -0.00007856
v -0.75764215 -0.74908006 -0.00007856
v -0.76244068 -0.75000000 -0.00007856
v -0.76244068 -0.75000000 -0.00007856
v -0.77127951 -0.74599969 -0.00007856
v -0.77127951 -0.74599969 -0.00007856
v -0.77127951 -0.74599969 -0.00007856
v -0.77402538 -0.74146718 -0.00007856
v -0.77402538 -0.74146718 -0.00007856
v -0.77127975 -0.74599969 0.49992144
v -0.77127975 -0.74599969 0.49992144
v -0.76723945 -0.74908006 0.49992144
v -0.76723945 -0.74908006 0.49992144
v -0.76723921 -0.74908006 -0.00007856
v -0.76723921 -0.74908006 -0.00007856
v -0.76244092 -0.75000000 0.49992144
v -0.76244092 -0.75000000 0.49992144
v -0.75764239 -0.74908006 0.49992144
v -0.75764239 -0.74908006 0.49992144
v -0.74994075 -0.29497880 0.03705585
v -0.74994075 -0.29497880 0.03705585
v -0.74994075 -0.29497880 0.03705585
v -0.74994075 -0.28399527 0.05321705
v -0.74994075 -0.28399527 0.05321705
v -0.76244074 -0.28399527 0.05321705
v -0.76244074 -0.28033412 0.07241106
v -0.76244074 -0.29033411 0.07335639
v -0.77494097 -0.29033417 0.42146599
v -0.76244092 -0.29033417 0.42146599
v -0.77494097 -0.29343015 0.43769729
v -0.76244092 -0.29343015 0.43769729
v -0.76244092 -0.28033417 0.42241120
v -0.76244092 -0.28399533 0.44160533
v -0.74994075 -0.28033412 0.07241106
v -0.74994075 -0.28033412 0.07241106
v -0.76244092 -0.29497880 0.45776641
v -0.76244092 -0.29497880 0.45776641
v -0.76244092 -0.30217731 0.45056784
v -0.76244092 -0.30217731 0.45056784
v -0.77494097 -0.30217731 0.45056784
v -0.77494091 -0.31504804 0.45931506
v -0.76244092 -0.31504804 0.45931518
v -0.76244092 -0.31113994 0.46875000
v -0.77494097 -0.31113994 0.46875000
v -0.77494097 -0.29497880 0.45776641
v -0.77494097 -0.28399533 0.44160521
v -0.77127981 -0.25400025 0.49992144
v -0.77127981 -0.25400025 0.49992144
v -0.76723927 -0.25091988 -0.00007856
v -0.76723927 -0.25091988 -0.00007856
v -0.76723951 -0.25091988 0.49992144
v -0.76723951 -0.25091988 0.49992144
v -0.76244074 -0.24999994 -0.00007856
v -0.76244074 -0.24999994 -0.00007856
v -0.75360191 -0.25400025 -0.00007856
v -0.75360191 -0.25400025 -0.00007856
v -0.75764221 -0.25091988 -0.00007856
v -0.75764221 -0.25091988 -0.00007856
v -0.75764245 -0.25091988 0.49992144
v -0.75764245 -0.25091988 0.49992144
v -0.76244098 -0.25000000 0.49992144
v -0.76244098 -0.25000000 0.49992144
v -0.74994093 0.73608410 0.49992144
v -0.74994093 0.73608410 0.49992144
v -0.74994069 0.73608416 -0.00007856
v -0.74994069 0.73608416 -0.00007856
v -0.75085598 0.74146730 -0.00007856
v -0.75085598 0.74146730 -0.00007856
v -0.75085622 0.74146724 0.49992144
v -0.75085622 0.74146724 0.49992144
v -0.74994087 0.50000000 0.49992144
v -0.74994087 0.50000000 0.49992144
v -0.77494091 0.50000000 0.49992144
v -0.77494091 0.50000000 0.49992144
v -0.75360209 0.74599975 0.49992144
v -0.75360209 0.74599975 0.49992144
v -0.75360209 0.74599975 0.49992144
v -0.74994087 0.71966583 0.42241120
v -0.74994087 0.71966583 0.42241120
v -0.74994087 0.71600467 0.44160533
v -0.74994087 0.71600467 0.44160533
v -0.74994087 0.70502120 0.45776641
v -0.74994087 0.70502120 0.45776641
v -0.74994087 0.70502120 0.45776641
v -0.74994087 0.68886006 0.46875000
v -0.74994087 0.68886006 0.46875000
v -0.74994087 0.66966587 0.47241116
v -0.74994087 0.66966587 0.47241116
v -0.74994087 0.50000000 0.47241116
v -0.74994087 0.50000000 0.47241116
v -0.76244086 0.66966587 0.47241116
v -0.76244086 0.50000000 0.47241116
v -0.74994087 0.26391599 0.49992144
v -0.74994087 0.26391599 0.49992144
v -0.74994087 0.33033422 0.47241116
v -0.74994087 0.33033422 0.47241116
v -0.76244086 0.33033422 0.47241116
v -0.76244086 0.31114003 0.46875000
v -0.74994087 0.31114003 0.46875000
v -0.74994087 0.31114003 0.46875000
v -0.76244086 0.33127943 0.46241117
v -0.77494085 0.33127943 0.46241117
v -0.76244086 0.31504810 0.45931518
v -0.76244086 0.50000000 0.46241117
v -0.76244086 0.66872066 0.46241117
v -0.77494091 0.66872066 0.46241117
v -0.77494085 0.50000000 0.46241117
v -0.77494085 0.50000000 0.47241116
v -0.77494091 0.66966587 0.47241116
v -0.77494085 0.33033422 0.47241116
v -0.77494085 0.31504810 0.45931518
v -0.77494085 0.31114003 0.46875000
v -0.77494085 0.26391599 0.49992144
v -0.77494085 0.26391599 0.49992144
v -0.77402556 0.25853282 0.49992144
v -0.77402556 0.25853282 0.49992144
v -0.77494067 0.26391596 -0.00007856
v -0.77494067 0.26391596 -0.00007856
v -0.77494067 0.28033420 0.07241106
v -0.77494085 0.28033423 0.42241120
v -0.77494085 0.28399539 0.44160533
v -0.77494085 0.29497889 0.45776641
v -0.77494085 0.30217743 0.45056784
v -0.77494085 0.29343024 0.43769729
v -0.76244086 0.29343024 0.43769729
v -0.76244086 0.29033422 0.42146599
v -0.77494085 0.29033422 0.42146599
v -0.76244068 0.29033422 0.07335639
v -0.77494067 0.29033422 0.07335639
v -0.76244068 0.29343021 0.05712497
v -0.77494067 0.29343021 0.05712497
v -0.76244068 0.30217740 0.04425430
v -0.76244068 0.30217740 0.04425430
v -0.77494067 0.30217740 0.04425430
v -0.77494067 0.28399536 0.05321693
v -0.77494067 0.29497886 0.03705585
v -0.77494067 0.31504807 0.03550708
v -0.77494067 0.31114003 0.02607226
v -0.77494067 0.33127943 0.03241110
v -0.77494067 0.33033422 0.02241111
v -0.77494067 0.50000006 0.02241111
v -0.77494067 0.50000006 0.03241110
v -0.77494067 0.66872072 0.03241110
v -0.77494067 0.66966593 0.02241111
v -0.77494067 0.50000006 0.01394975
v -0.77494067 0.73608416 -0.00007856
v -0.77494067 0.73608416 -0.00007856
v -0.77494091 0.73608410 0.49992144
v -0.77494091 0.73608410 0.49992144
v -0.77402562 0.74146724 0.49992144
v -0.77402562 0.74146724 0.49992144
v -0.77402538 0.74146730 -0.00007856
v -0.77402538 0.74146730 -0.00007856
v -0.77494067 0.50000006 -0.00007856
v -0.77494067 0.50000006 -0.00007856
v -0.74994063 0.50000006 -0.00007856
v -0.74994063 0.50000006 -0.00007856
v -0.77127951 0.74599975 -0.00007856
v -0.77127951 0.74599975 -0.00007856
v -0.77127951 0.74599975 -0.00007856
v -0.77494067 0.68886012 0.02607226
v -0.77494067 0.70502120 0.03705585
v -0.77494067 0.71600473 0.05321693
v -0.77494067 0.71966588 0.07241106
v -0.77494085 0.71966583 0.42241108
v -0.77494067 0.70966589 0.07335639
v -0.77494067 0.70656991 0.05712497
v -0.76244068 0.70656991 0.05712497
v -0.77494067 0.69782263 0.04425430
v -0.76244068 0.69782263 0.04425430
v -0.76244068 0.69782263 0.04425430
v -0.76244068 0.68495202 0.03550708
v -0.76244068 0.70502120 0.03705585
v -0.76244068 0.70502120 0.03705585
v -0.76244068 0.68886012 0.02607226
v -0.74994069 0.68886012 0.02607226
v -0.74994069 0.68886012 0.02607226
v -0.74994069 0.66966593 0.02241111
v -0.74994069 0.66966593 0.02241111
v -0.76244068 0.66966593 0.02241111
v -0.76244068 0.50000006 0.02241111
v -0.74994069 0.50000006 0.02241111
v -0.74994069 0.50000006 0.02241111
v -0.76244068 0.66872072 0.03241110
v -0.77494067 0.68495202 0.03550708
v -0.76244068 0.50000006 0.03241110
v -0.76244068 0.33127943 0.03241110
v -0.76244068 0.31504807 0.03550708
v -0.76244068 0.33033422 0.02241111
v -0.74994063 0.33033422 0.02241111
v -0.74994063 0.33033422 0.02241111
v -0.76244068 0.31114003 0.02607226
v -0.74994063 0.31114003 0.02607226
v -0.74994063 0.31114003 0.02607226
v -0.76244068 0.29497886 0.03705585
v -0.76244068 0.29497886 0.03705585
v -0.74994063 0.29497886 0.03705585
v -0.74994063 0.29497886 0.03705585
v -0.74994063 0.29497886 0.03705585
v -0.76244068 0.28399536 0.05321705
v -0.74994063 0.28399536 0.05321705
v -0.74994063 0.28399536 0.05321705
v -0.76244068 0.28033420 0.07241106
v -0.74994069 0.28033420 0.07241106
v -0.74994069 0.28033420 0.07241106
v -0.76244086 0.28033423 0.42241120
v -0.74994087 0.28033423 0.42241120
v -0.74994087 0.28033423 0.42241120
v -0.76244086 0.28399539 0.44160533
v -0.74994087 0.28399539 0.44160533
v -0.74994087 0.28399539 0.44160533
v -0.76244086 0.29497889 0.45776641
v -0.76244086 0.29497889 0.45776641
v -0.76244086 0.30217743 0.45056784
v -0.76244086 0.30217743 0.45056784
v -0.74994087 0.29497889 0.45776653
v -0.74994087 0.29497889 0.45776653
v -0.74994087 0.29497889 0.45776653
v -0.74994063 0.26391596 -0.00007856
v -0.74994063 0.26391596 -0.00007856
v -0.75085592 0.25853282 -0.00007856
v -0.75085592 0.25853282 -0.00007856
v -0.74994069 0.50000006 0.01394975
v -0.75085616 0.25853282 0.49992144
v -0.75085616 0.25853282 0.49992144
v -0.75360179 0.25400034 -0.00007856
v -0.75360179 0.25400034 -0.00007856
v -0.75360203 0.25400034 0.49992144
v -0.75360203 0.25400034 0.49992144
v -0.75360203 0.25400034 0.49992144
v -0.75764209 0.25091994 -0.00007856
v -0.75764209 0.25091994 -0.00007856
v -0.76244062 0.25000000 -0.00007856
v -0.76244062 0.25000000 -0.00007856
v -0.77127945 0.25400034 -0.00007856
v -0.77127945 0.25400034 -0.00007856
v -0.77127945 0.25400034 -0.00007856
v -0.77402532 0.25853282 -0.00007856
v -0.77402532 0.25853282 -0.00007856
v -0.77127969 0.25400034 0.49992144
v -0.77127969 0.25400034 0.49992144
v -0.76723939 0.25091997 0.49992144
v -0.76723939 0.25091997 0.49992144
v -0.76723915 0.25091994 -0.00007856
v -0.76723915 0.25091994 -0.00007856
v -0.76244086 0.25000003 0.49992144
v -0.76244086 0.25000003 0.49992144
v -0.75764233 0.25091997 0.49992144
v -0.75764233 0.25091997 0.49992144
v -0.74994069 0.70502120 0.03705585
v -0.74994069 0.70502120 0.03705585
v -0.74994069 0.70502120 0.03705585
v -0.74994069 0.71600473 0.05321705
v -0.74994069 0.71600473 0.05321705
v -0.76244068 0.71600473 0.05321705
v -0.76244068 0.71966588 0.07241106
v -0.76244068 0.70966589 0.07335639
v -0.77494085 0.70966583 0.42146599
v -0.76244086 0.70966583 0.42146599
v -0.77494091 0.70656985 0.43769729
v -0.76244086 0.70656985 0.43769729
v -0.76244086 0.71966583 0.42241120
v -0.76244086 0.71600467 0.44160533
v -0.74994069 0.71966588 0.07241106
v -0.74994069 0.71966588 0.07241106
v -0.76244086 0.70502120 0.45776641
v -0.76244086 0.70502120 0.45776641
v -0.76244086 0.69782269 0.45056784
v -0.76244086 0.69782269 0.45056784
v -0.77494091 0.69782269 0.45056784
v -0.77494085 0.68495196 0.45931506
v -0.76244086 0.68495196 0.45931518
v -0.76244086 0.68886006 0.46875000
v -0.77494091 0.68886006 0.46875000
v -0.77494091 0.70502120 0.45776641
v -0.77494091 0.71600467 0.44160521
v -0.77127975 0.74599975 0.49992144
v -0.77127975 0.74599975 0.49992144
v -0.76723921 0.74908012 -0.00007856
v -0.76723921 0.74908012 -0.00007856
v -0.76723945 0.74908012 0.49992144
v -0.76723945 0.74908012 0.49992144
v -0.76244068 0.75000006 -0.00007856
v -0.76244068 0.75000006 -0.00007856
v -0.75360185 0.74599975 -0.00007856
v -0.75360185 0.74599975 -0.00007856
v -0.75764215 0.74908012 -0.00007856
v -0.75764215 0.74908012 -0.00007856
v -0.75764239 0.74908012 0.49992144
v -0.75764239 0.74908012 0.49992144
v -0.76244092 0.75000000 0.49992144
v -0.76244092 0.75000000 0.49992144
vn -0.70710678 0.00000017 -0.70710678
vn 0.00000002 -1.00000000 0.00000008
vn -0.00000000 -0.00000024 -1.00000000
vn -1.00000000 0.00000012 -0.00000012
vn -0.00000143 -0.00000180 1.00000000
vn 0.00000006 -1.00000000 0.00000006
vn -1.00000000 0.00000024 -0.00000012
vn 0.00000000 -0.00000024 -1.00000000
vn -0.00000001 -0.70710681 -0.70710675
vn 0.00000000 0.00000004 1.00000000
vn -0.00000001 -1.00000000 0.00000008
vn -0.14925376 0.36033227 0.92080615
vn -0.36033360 -0.14925741 0.92080504
vn 0.00000000 0.00000002 1.00000000
vn 0.36033906 0.14925820 0.92080278
vn 0.00000030 0.00000002 1.00000000
vn -0.00000004 -1.00000000 0.00000008
vn 1.00000000 0.00000012 -0.00000012
vn -0.14925793 0.36033948 0.92080265
vn 0.14925420 0.36033030 0.92080685
vn 0.22049603 0.53232699 0.81731847
vn -0.22049510 0.53232448 0.81732036
vn 0.05084388 -0.12274777 0.99113465
vn 0.12276100 -0.05084923 0.99113273
vn -0.53232545 0.22049766 0.81731903
vn -0.53232363 -0.22049243 0.81732162
vn 0.12274842 0.05084375 0.99113457
vn -0.36034149 0.14925763 0.92080192
vn -0.36033343 -0.14925744 0.92080510
vn 0.00000098 0.00000003 1.00000000
vn 1.00000000 0.00000004 -0.00000008
vn -0.14925275 -0.36032641 0.92080861
vn -0.22049033 -0.53230925 0.81733156
vn 0.22049094 -0.53231374 0.81732847
vn 0.05084381 0.12274757 0.99113467
vn -0.05084379 0.12274756 0.99113468
vn -0.12274828 0.05084389 0.99113458
vn -0.08341298 0.20137719 0.97595569
vn -0.20137744 0.08341409 0.97595554
vn 0.08341298 0.20137731 0.97595566
vn -0.08341282 -0.20137742 0.97595565
vn -0.20139664 -0.08342220 0.97595088
vn -0.12276062 -0.05084954 0.99113276
vn -0.05083422 -0.12272234 0.99113829
vn 0.53232493 0.22049692 0.81731957
vn 0.53232314 -0.22049098 0.81732233
vn 0.36033148 -0.14925787 0.92080580
vn 0.14925452 -0.36033008 0.92080689
vn 0.08341227 -0.20137869 0.97595544
vn 0.20139822 -0.08342149 0.97595062
vn 0.20137832 0.08341478 0.97595530
vn -0.14925641 0.36033333 0.92080531
vn -0.36033405 -0.14925757 0.92080484
vn 0.70710715 0.00000131 0.70710642
vn 0.00000024 1.00000000 -0.00000000
vn -0.00000000 -0.00000024 -1.00000000
vn 1.00000000 -0.00000000 -0.00000006
vn 0.70710674 0.00000002 -0.70710682
vn 0.00000000 -1.00000000 0.00000006
vn 0.00000000 -0.00000048 -1.00000000
vn -0.00000010 1.00000000 -0.00000017
vn 1.00000000 -0.00000000 -0.00000006
vn -0.00000005 0.70710755 0.70710602
vn 0.00000000 -0.00000048 -1.00000000
vn -0.00000007 1.00000000 -0.00000015
vn -0.00000000 -0.00000048 -1.00000000
vn 0.00000024 1.00000000 0.00000000
vn -1.00000000 -0.00000000 -0.00000012
vn -0.70710717 0.00000131 0.70710639
vn -0.00000010 1.00000000 -0.00000017
vn -0.00000098 0.00000004 1.00000000
vn -1.00000000 0.00000012 -0.00000012
vn 0.14925414 -0.36033206 0.92080617
vn 0.36032707 0.14925329 0.92080826
vn 0.36033603 -0.14925713 0.92080414
vn 0.53231527 0.22049260 0.81732702
vn 0.53232555 -0.22049724 0.81731908
vn -0.12273387 -0.05083892 0.99113662
vn -0.12274733 0.05084406 0.99113469
vn 0.22049323 -0.53231476 0.81732719
vn -0.05084381 0.12274710 0.99113473
vn -0.22049362 -0.53231471 0.81732712
vn -0.14925425 -0.36033183 0.92080624
vn -0.36033585 -0.14925743 0.92080416
vn -0.36032500 0.14925368 0.92080901
vn -0.53232533 -0.22049786 0.81731905
vn 0.05084379 0.12274699 0.99113475
vn 0.12274744 0.05084422 0.99113467
vn -0.53231425 0.22049042 0.81732828
vn 0.12273391 -0.05083901 0.99113661
vn -0.22049510 0.53231875 0.81732409
vn -0.14925618 0.36033510 0.92080465
vn 0.14925794 0.36033859 0.92080300
vn 0.22049584 0.53232330 0.81732092
vn -0.05083662 -0.12273282 0.99113687
vn 0.05083710 -0.12273514 0.99113656
vn 0.08340451 -0.20135773 0.97596043
vn 0.20135537 -0.08340496 0.97596087
vn 0.20137693 0.08341321 0.97595572
vn 0.08341185 0.20137667 0.97595589
vn -0.08340190 -0.20135386 0.97596145
vn -0.20135448 -0.08340443 0.97596110
vn -0.20137705 0.08341283 0.97595573
vn -0.08341182 0.20137668 0.97595589
vn 0.36033377 0.14925788 0.92080490
vn 0.14925416 -0.36033211 0.92080615
vn -0.14925253 -0.36032818 0.92080795
vn 0.22049322 -0.53231472 0.81732722
vn 0.36033504 -0.14925709 0.92080453
vn 0.53232414 -0.22049377 0.81732093
vn 0.53233742 0.22050251 0.81730992
vn -0.12273565 -0.05083786 0.99113645
vn -0.12274856 0.05084389 0.99113455
vn -0.20139664 -0.08342220 0.97595088
vn -0.20137767 0.08341461 0.97595545
vn -0.05084351 0.12274650 0.99113482
vn -0.08341161 0.20137575 0.97595610
vn -0.22049306 -0.53231017 0.81733022
vn 0.05084376 0.12274816 0.99113460
vn -0.53232363 -0.22049222 0.81732169
vn 0.12274816 0.05084377 0.99113460
vn 0.08341392 0.20137779 0.97595548
vn -0.08340385 -0.20135552 0.97596094
vn 0.20137807 0.08341426 0.97595539
vn 0.20139827 -0.08342061 0.97595068
vn 0.12276144 -0.05084814 0.99113273
vn 0.08340449 -0.20135775 0.97596042
vn 0.05083901 -0.12273502 0.99113647
vn -0.22049289 0.53231517 0.81732701
vn 0.22049356 0.53231472 0.81732713
vn -0.05083841 -0.12273315 0.99113674
vn 0.14925423 0.36033187 0.92080623
vn -0.53232461 0.22049663 0.81731985
vn -0.36034052 0.14925773 0.92080228
vn 0.36032699 0.14925333 0.92080829
vn 0.14925418 -0.36033198 0.92080620
vn -0.14925425 -0.36033183 0.92080624
vn 0.22049336 -0.53231474 0.81732717
vn 0.36033610 -0.14925709 0.92080411
vn 0.53232557 -0.22049712 0.81731910
vn 0.53231525 0.22049273 0.81732700
vn -0.12273390 -0.05083891 0.99113662
vn -0.12274736 0.05084405 0.99113469
vn -0.20135449 -0.08340436 0.97596111
vn -0.20137705 0.08341277 0.97595573
vn -0.05084380 0.12274760 0.99113467
vn -0.08341295 0.20137716 0.97595570
vn -0.22049362 -0.53231471 0.81732712
vn 0.05084377 0.12274759 0.99113467
vn -0.53232448 -0.22049503 0.81732037
vn 0.12274742 0.05084419 0.99113467
vn 0.08341284 0.20137711 0.97595571
vn -0.08340333 -0.20135627 0.97596083
vn 0.20137697 0.08341316 0.97595572
vn 0.20135532 -0.08340501 0.97596088
vn 0.12273392 -0.05083904 0.99113661
vn 0.08340340 -0.20135729 0.97596061
vn 0.05083709 -0.12273459 0.99113663
vn -0.22049237 0.53231782 0.81732543
vn 0.22049248 0.53231782 0.81732540
vn -0.05083715 -0.12273452 0.99113663
vn 0.14925644 0.36033326 0.92080533
vn -0.53231609 0.22049547 0.81732572
vn -0.36032886 0.14925316 0.92080758
vn -0.70710678 0.00000017 -0.70710678
vn 0.00000000 -1.00000000 0.00000006
vn -0.00000000 -0.00000024 -1.00000000
vn -1.00000000 0.00000012 -0.00000012
vn -0.00000143 -0.00000180 1.00000000
vn 0.00000000 -1.00000000 0.00000006
vn -1.00000000 0.00000024 -0.00000012
vn 0.00000000 -0.00000024 -1.00000000
vn 0.00000000 -0.70710680 -0.70710676
vn 0.00000000 0.00000004 1.00000000
vn 0.00000000 -1.00000000 0.00000006
vn -0.14925374 0.36033231 0.92080614
vn -0.36033360 -0.14925741 0.92080504
vn 0.00000000 0.00000002 1.00000000
vn 0.36033998 0.14925807 0.92080244
vn 0.00000030 0.00000002 1.00000000
vn 0.00000000 -1.00000000 0.00000006
vn 1.00000000 0.00000012 -0.00000012
vn -0.14925795 0.36033945 0.92080267
vn 0.14925422 0.36033026 0.92080686
vn 0.22049609 0.53232698 0.81731846
vn -0.22049516 0.53232447 0.81732034
vn 0.05084388 -0.12274777 0.99113465
vn 0.12276100 -0.05084923 0.99113273
vn -0.53232545 0.22049760 0.81731904
vn -0.53232363 -0.22049243 0.81732162
vn 0.12274869 0.05084375 0.99113454
vn -0.36034153 0.14925761 0.92080190
vn -0.36033343 -0.14925744 0.92080510
vn 0.00000098 0.00000003 1.00000000
vn 0.00000004 0.62792948 -0.77827024
vn -0.14925275 -0.36032641 0.92080861
vn -0.22049033 -0.53230925 0.81733156
vn 0.22049094 -0.53231374 0.81732847
vn 0.05084382 0.12274757 0.99113467
vn -0.05084379 0.12274756 0.99113468
vn -0.12274828 0.05084389 0.99113458
vn -0.08341297 0.20137720 0.97595569
vn -0.20137744 0.08341409 0.97595554
vn 0.08341299 0.20137730 0.97595566
vn -0.08341282 -0.20137742 0.97595565
vn -0.20139664 -0.08342220 0.97595088
vn -0.12276062 -0.05084954 0.99113276
vn -0.05083422 -0.12272234 0.99113829
vn 0.53232540 0.22049822 0.81731891
vn 0.53232362 -0.22049222 0.81732169
vn 0.36033244 -0.14925772 0.92080544
vn 0.14925452 -0.36033008 0.92080689
vn 0.08341227 -0.20137869 0.97595544
vn 0.20139822 -0.08342149 0.97595062
vn 0.20137855 0.08341532 0.97595520
vn -0.14925456 0.36032990 0.92080695
vn -0.36033583 -0.14925734 0.92080418
vn 0.57735034 0.57735077 0.57734970
vn -0.57735025 0.57735079 0.57734976
vn -0.00000000 -0.00000024 -1.00000000
vn 1.00000000 -0.00000000 -0.00000006
vn 0.70710674 0.00000002 -0.70710682
vn 0.00000000 -1.00000000 0.00000006
vn 0.00000000 -0.00000048 -1.00000000
vn -0.00000010 1.00000000 -0.00000017
vn 1.00000000 -0.00000000 -0.00000006
vn -0.00000005 0.70710755 0.70710602
vn 0.00000000 -0.00000048 -1.00000000
vn -0.00000007 1.00000000 -0.00000015
vn -0.00000000 -0.00000048 -1.00000000
vn 0.00000024 1.00000000 0.00000000
vn -1.00000000 -0.00000000 -0.00000012
vn -0.57735025 0.57735079 0.57734976
vn 0.57735034 0.57735077 0.57734970
vn -0.00000098 0.00000004 1.00000000
vn 0.00000004 0.62792948 -0.77827024
vn 0.14925410 -0.36033214 0.92080615
vn 0.36032707 0.14925329 0.92080826
vn 0.36033595 -0.14925717 0.92080416
vn 0.53231527 0.22049260 0.81732702
vn 0.53232553 -0.22049737 0.81731905
vn -0.12273441 -0.05083892 0.99113655
vn -0.12274680 0.05084407 0.99113476
vn 0.22049310 -0.53231477 0.81732722
vn -0.05084265 0.12274486 0.99113507
vn -0.22049349 -0.53231473 0.81732714
vn -0.14925422 -0.36033191 0.92080622
vn -0.36033578 -0.14925747 0.92080418
vn -0.36032692 0.14925338 0.92080831
vn -0.53232531 -0.22049799 0.81731903
vn 0.05084488 0.12274923 0.99113441
vn 0.12274693 0.05084421 0.99113473
vn -0.53231521 0.22049289 0.81732698
vn 0.12273453 -0.05083897 0.99113654
vn -0.22049402 0.53231428 0.81732729
vn -0.14925430 0.36033175 0.92080627
vn 0.14925790 0.36033858 0.92080301
vn 0.22049579 0.53232334 0.81732091
vn -0.05083606 -0.12273167 0.99113704
vn 0.05083594 -0.12273293 0.99113689
vn 0.08340350 -0.20135386 0.97596131
vn 0.20135583 -0.08340587 0.97596070
vn 0.20137647 0.08341205 0.97595591
vn 0.08341267 0.20138061 0.97595501
vn -0.08340150 -0.20135191 0.97596188
vn -0.20135494 -0.08340551 0.97596091
vn -0.20137659 0.08341175 0.97595592
vn -0.08341085 0.20137283 0.97595677
vn 0.36033470 0.14925775 0.92080456
vn 0.14925418 -0.36033208 0.92080616
vn -0.14925253 -0.36032818 0.92080795
vn 0.22049328 -0.53231471 0.81732720
vn 0.36033411 -0.14925722 0.92080487
vn 0.53232367 -0.22049248 0.81732159
vn 0.53233789 0.22050381 0.81730927
vn -0.12273565 -0.05083786 0.99113645
vn -0.12274828 0.05084389 0.99113458
vn -0.20139664 -0.08342220 0.97595088
vn -0.20137744 0.08341409 0.97595554
vn -0.05084323 0.12274594 0.99113490
vn -0.08341138 0.20137477 0.97595632
vn -0.22049306 -0.53231017 0.81733022
vn 0.05084376 0.12274815 0.99113460
vn -0.53232363 -0.22049222 0.81732169
vn 0.12274816 0.05084377 0.99113460
vn 0.08341390 0.20137781 0.97595548
vn -0.08340385 -0.20135552 0.97596094
vn 0.20137807 0.08341426 0.97595539
vn 0.20139827 -0.08342061 0.97595068
vn 0.12276144 -0.05084814 0.99113273
vn 0.08340449 -0.20135775 0.97596042
vn 0.05083901 -0.12273502 0.99113647
vn -0.22049282 0.53231518 0.81732702
vn 0.22049362 0.53231471 0.81732712
vn -0.05083841 -0.12273315 0.99113674
vn 0.14925425 0.36033183 0.92080624
vn -0.53232508 0.22049793 0.81731920
vn -0.36034144 0.14925760 0.92080194
vn 0.36032692 0.14925336 0.92080831
vn 0.14925414 -0.36033206 0.92080617
vn -0.14925425 -0.36033183 0.92080624
vn 0.22049323 -0.53231476 0.81732719
vn 0.36033603 -0.14925713 0.92080414
vn 0.53232555 -0.22049724 0.81731908
vn 0.53231524 0.22049286 0.81732698
vn -0.12273444 -0.05083891 0.99113655
vn -0.12274680 0.05084407 0.99113476
vn -0.20135495 -0.08340545 0.97596092
vn -0.20137659 0.08341174 0.97595592
vn -0.05084380 0.12274757 0.99113467
vn -0.08341299 0.20137718 0.97595569
vn -0.22049362 -0.53231471 0.81732712
vn 0.05084489 0.12274981 0.99113434
vn -0.53232541 -0.22049776 0.81731903
vn 0.12274802 0.05084416 0.99113460
vn 0.08341374 0.20138103 0.97595483
vn -0.08340252 -0.20135237 0.97596170
vn 0.20137744 0.08341412 0.97595554
vn 0.20135579 -0.08340598 0.97596070
vn 0.12273451 -0.05083901 0.99113654
vn 0.08340235 -0.20135340 0.97596150
vn 0.05083594 -0.12273243 0.99113695
vn -0.22049143 0.53231333 0.81732860
vn 0.22049154 0.53231334 0.81732857
vn -0.05083605 -0.12273224 0.99113697
vn 0.14925460 0.36032984 0.92080697
vn -0.53231514 0.22049287 0.81732703
vn -0.36032702 0.14925342 0.92080826
vn -0.70710668 0.00000000 -0.70710688
vn 0.00000000 -1.00000000 0.00000006
vn -0.00000000 -0.00000024 -1.00000000
vn -1.00000000 0.00000007 -0.00000008
vn -0.00000143 -0.00000180 1.00000000
vn 0.00000000 -1.00000000 0.00000006
vn -1.00000000 0.00000034 -0.00000007
vn 0.00000000 -0.00000024 -1.00000000
vn 0.00000000 -0.70710680 -0.70710676
vn 0.00000000 0.00000004 1.00000000
vn 0.00000000 -1.00000000 0.00000006
vn -0.14925367 0.36033246 0.92080609
vn -0.36034030 -0.14926117 0.92080181
vn 0.00000000 0.00000002 1.00000000
vn 0.36033998 0.14925807 0.92080244
vn 0.00000030 0.00000002 1.00000000
vn 0.00000000 -1.00000000 0.00000006
vn 1.00000000 0.00000012 -0.00000012
vn -0.14925795 0.36033945 0.92080267
vn 0.14925422 0.36033026 0.92080686
vn 0.22049609 0.53232698 0.81731846
vn -0.22049516 0.53232447 0.81732034
vn 0.05084388 -0.12274777 0.99113465
vn 0.12276100 -0.05084923 0.99113273
vn -0.53232545 0.22049760 0.81731904
vn -0.53232363 -0.22049243 0.81732162
vn 0.12274869 0.05084375 0.99113454
vn -0.36034153 0.14925761 0.92080190
vn -0.36033343 -0.14925744 0.92080510
vn 0.00000098 0.00000003 1.00000000
vn -0.14925275 -0.36032641 0.92080861
vn -0.22049033 -0.53230925 0.81733156
vn 0.22049094 -0.53231374 0.81732847
vn 0.05084382 0.12274757 0.99113467
vn -0.05084379 0.12274756 0.99113468
vn -0.12274828 0.05084389 0.99113458
vn -0.08341297 0.20137720 0.97595569
vn -0.20137744 0.08341409 0.97595554
vn 0.08341299 0.20137730 0.97595566
vn -0.08341282 -0.20137742 0.97595565
vn -0.20139664 -0.08342220 0.97595088
vn -0.12276062 -0.05084954 0.99113276
vn -0.05083422 -0.12272234 0.99113829
vn 0.53232540 0.22049822 0.81731891
vn 0.53232362 -0.22049222 0.81732169
vn 0.36033244 -0.14925772 0.92080544
vn 0.14925452 -0.36033008 0.92080689
vn 0.08341227 -0.20137869 0.97595544
vn 0.20139822 -0.08342149 0.97595062
vn 0.20137855 0.08341532 0.97595520
vn -0.14925456 0.36032990 0.92080695
vn -0.36033583 -0.14925734 0.92080418
vn -0.00000000 -0.00000024 -1.00000000
vn 1.00000000 -0.00000000 -0.00000006
vn 0.70710674 0.00000002 -0.70710682
vn 0.00000000 -1.00000000 0.00000006
vn 0.00000000 -0.00000048 -1.00000000
vn -0.00000010 1.00000000 -0.00000017
vn 1.00000000 -0.00000000 -0.00000006
vn -0.00000005 0.70710755 0.70710602
vn 0.00000000 -0.00000048 -1.00000000
vn -0.00000007 1.00000000 -0.00000015
vn -0.00000000 -0.00000048 -1.00000000
vn 0.00000024 1.00000000 0.00000000
vn -1.00000000 0.00000000 0.00000000
vn -0.70710713 0.00000131 0.70710644
vn -0.00000010 1.00000000 -0.00000017
vn -0.00000098 0.00000004 1.00000000
vn -1.00000000 0.00000024 -0.00000000
vn 0.14925410 -0.36033213 0.92080615
vn 0.36033392 0.14925698 0.92080499
vn 0.36034295 -0.14926078 0.92080084
vn 0.53232424 0.22049449 0.81732067
vn 0.53233453 -0.22049901 0.81731275
vn -0.12273658 -0.05084007 0.99113623
vn -0.12274902 0.05084519 0.99113442
vn 0.22049310 -0.53231477 0.81732722
vn -0.05084263 0.12274492 0.99113506
vn -0.22049374 -0.53231470 0.81732709
vn -0.14925429 -0.36033176 0.92080627
vn -0.36034266 -0.14926124 0.92080088
vn -0.36031994 0.14924985 0.92081161
vn -0.53233420 -0.22049999 0.81731271
vn 0.05084488 0.12274923 0.99113441
vn 0.12274911 0.05084539 0.99113440
vn -0.53230613 0.22049136 0.81733331
vn 0.12273226 -0.05083789 0.99113687
vn -0.22049402 0.53231428 0.81732729
vn -0.14925429 0.36033175 0.92080627
vn 0.14925798 0.36033843 0.92080306
vn 0.22049604 0.53232331 0.81732086
vn -0.05083606 -0.12273167 0.99113704
vn 0.05083593 -0.12273401 0.99113676
vn 0.08340567 -0.20135478 0.97596094
vn 0.20135189 -0.08340511 0.97596158
vn 0.20138032 0.08341315 0.97595503
vn 0.08341267 0.20138061 0.97595501
vn -0.08340150 -0.20135191 0.97596188
vn -0.20135883 -0.08340656 0.97596002
vn -0.20138048 0.08341267 0.97595503
vn -0.08341072 0.20137284 0.97595678
vn 0.36032785 0.14925406 0.92080783
vn 0.14925425 -0.36033193 0.92080621
vn -0.14925253 -0.36032818 0.92080795
vn 0.22049354 -0.53231468 0.81732716
vn 0.36032726 -0.14925353 0.92080815
vn 0.53231470 -0.22049058 0.81732794
vn 0.53232893 0.22050192 0.81731562
vn -0.12273349 -0.05083671 0.99113678
vn -0.12274605 0.05084277 0.99113491
vn -0.20139275 -0.08342115 0.97595178
vn -0.20137354 0.08341317 0.97595642
vn -0.05084325 0.12274589 0.99113491
vn -0.08341150 0.20137477 0.97595631
vn -0.22049305 -0.53231018 0.81733022
vn 0.05084381 0.12274697 0.99113475
vn -0.53233256 -0.22049437 0.81731529
vn 0.12275033 0.05084492 0.99113427
vn 0.08341198 0.20137688 0.97595584
vn -0.08340385 -0.20135552 0.97596094
vn 0.20138196 0.08341531 0.97595450
vn 0.20140217 -0.08342154 0.97594980
vn 0.12276366 -0.05084927 0.99113240
vn 0.08340654 -0.20135868 0.97596006
vn 0.05083898 -0.12273615 0.99113634
vn -0.22049256 0.53231522 0.81732707
vn 0.22049337 0.53231474 0.81732716
vn -0.05083841 -0.12273315 0.99113674
vn 0.14925418 0.36033198 0.92080620
vn -0.53233405 0.22049983 0.81731285
vn -0.36034829 0.14926129 0.92079866
vn 0.36032692 0.14925336 0.92080831
vn 0.14925414 -0.36033206 0.92080617
vn -0.14925425 -0.36033183 0.92080624
vn 0.22049323 -0.53231476 0.81732719
vn 0.36033603 -0.14925713 0.92080414
vn 0.53232555 -0.22049724 0.81731908
vn 0.53231524 0.22049286 0.81732698
vn -0.12273444 -0.05083891 0.99113655
vn -0.12274680 0.05084407 0.99113476
vn -0.20135495 -0.08340545 0.97596092
vn -0.20137659 0.08341174 0.97595592
vn -0.05084380 0.12274757 0.99113467
vn -0.08341299 0.20137718 0.97595569
vn -0.22049362 -0.53231471 0.81732712
vn 0.05084489 0.12274981 0.99113434
vn -0.53232541 -0.22049776 0.81731903
vn 0.12274802 0.05084416 0.99113460
vn 0.08341374 0.20138103 0.97595483
vn -0.08340252 -0.20135237 0.97596170
vn 0.20137744 0.08341412 0.97595554
vn 0.20135579 -0.08340598 0.97596070
vn 0.12273451 -0.05083901 0.99113654
vn 0.08340235 -0.20135340 0.97596150
vn 0.05083594 -0.12273243 0.99113695
vn -0.22049143 0.53231333 0.81732860
vn 0.22049154 0.53231334 0.81732857
vn -0.05083605 -0.12273224 0.99113697
vn 0.14925460 0.36032984 0.92080697
vn -0.53231514 0.22049287 0.81732703
vn -0.36032702 0.14925342 0.92080826
vn -0.70710678 0.00000017 -0.70710678
vn 0.00000000 -1.00000000 0.00000006
vn -0.00000000 -0.00000024 -1.00000000
vn -1.00000000 0.00000012 -0.00000012
vn -0.00000143 -0.00000180 1.00000000
vn 0.00000000 -1.00000000 0.00000006
vn -1.00000000 0.00000024 -0.00000012
vn 0.00000000 -0.00000024 -1.00000000
vn 0.00000000 -0.70710680 -0.70710676
vn 0.00000000 0.00000004 1.00000000
vn 0.00000000 -1.00000000 0.00000006
vn -0.14925374 0.36033231 0.92080614
vn -0.36033360 -0.14925741 0.92080504
vn 0.00000000 0.00000002 1.00000000
vn 0.36034683 0.14926175 0.92079916
vn 0.00000030 0.00000002 1.00000000
vn 0.00000000 -1.00000000 0.00000006
vn 1.00000000 -0.00000000 -0.00000012
vn -0.14925817 0.36033767 0.92080332
vn 0.14925400 0.36033203 0.92080621
vn 0.22049881 0.53232791 0.81731712
vn -0.22049244 0.53232354 0.81732168
vn 0.05084388 -0.12274831 0.99113458
vn 0.12276099 -0.05084922 0.99113273
vn -0.53232549 0.22049755 0.81731903
vn -0.53231471 -0.22049048 0.81732796
vn 0.12274652 0.05084258 0.99113487
vn -0.36034152 0.14925756 0.92080192
vn -0.36032657 -0.14925371 0.92080839
vn 0.00000098 0.00000003 1.00000000
vn 1.00000000 -0.00000000 -0.00000012
vn -0.14925298 -0.36032464 0.92080926
vn -0.22048761 -0.53230832 0.81733290
vn 0.22049354 -0.53231468 0.81732716
vn 0.05084379 0.12274817 0.99113460
vn -0.05084376 0.12274815 0.99113460
vn -0.12275050 0.05084502 0.99113425
vn -0.08341393 0.20137767 0.97595551
vn -0.20138133 0.08341502 0.97595466
vn 0.08341395 0.20137776 0.97595549
vn -0.08341186 -0.20137696 0.97595583
vn -0.20140053 -0.08342326 0.97594999
vn -0.12276279 -0.05085069 0.99113244
vn -0.05083425 -0.12272175 0.99113836
vn 0.53233437 0.22050011 0.81731256
vn 0.53233261 -0.22049398 0.81731536
vn 0.36033936 -0.14926137 0.92080214
vn 0.14925426 -0.36033192 0.92080621
vn 0.08341335 -0.20137915 0.97595525
vn 0.20139824 -0.08342147 0.97595062
vn 0.20137469 0.08341425 0.97595610
vn -0.14925483 0.36032806 0.92080763
vn -0.36032905 -0.14925362 0.92080744
vn 0.70710717 0.00000131 0.70710639
vn 0.00000024 1.00000000 -0.00000000
vn -0.00000000 -0.00000024 -1.00000000
vn 1.00000000 -0.00000000 -0.00000012
vn 0.70710673 -0.00000000 -0.70710684
vn 0.00000000 -1.00000000 0.00000006
vn 0.00000000 -0.00000048 -1.00000000
vn -0.00000010 1.00000000 -0.00000017
vn 1.00000000 -0.00000000 -0.00000012
vn -0.00000005 0.70710755 0.70710602
vn 0.00000000 -0.00000048 -1.00000000
vn -0.00000007 1.00000000 -0.00000015
vn -0.00000000 -0.00000048 -1.00000000
vn 0.00000024 1.00000000 0.00000000
vn -1.00000000 -0.00000000 -0.00000012
vn -0.00000098 0.00000004 1.00000000
vn 0.14925410 -0.36033214 0.92080615
vn 0.36032707 0.14925329 0.92080826
vn 0.36033595 -0.14925717 0.92080416
vn 0.53231527 0.22049260 0.81732702
vn 0.53232553 -0.22049737 0.81731905
vn -0.12273441 -0.05083892 0.99113655
vn -0.12274680 0.05084407 0.99113476
vn 0.22049310 -0.53231477 0.81732722
vn -0.05084265 0.12274486 0.99113507
vn -0.22049349 -0.53231473 0.81732714
vn -0.14925422 -0.36033191 0.92080622
vn -0.36033578 -0.14925747 0.92080418
vn -0.36032692 0.14925338 0.92080831
vn -0.53232531 -0.22049799 0.81731903
vn 0.05084488 0.12274923 0.99113441
vn 0.12274693 0.05084421 0.99113473
vn -0.53231521 0.22049289 0.81732698
vn 0.12273453 -0.05083897 0.99113654
vn -0.22049402 0.53231428 0.81732729
vn -0.14925430 0.36033175 0.92080627
vn 0.14925790 0.36033858 0.92080301
vn 0.22049579 0.53232334 0.81732091
vn -0.05083606 -0.12273167 0.99113704
vn 0.05083594 -0.12273293 0.99113689
vn 0.08340350 -0.20135386 0.97596131
vn 0.20135583 -0.08340587 0.97596070
vn 0.20137647 0.08341205 0.97595591
vn 0.08341267 0.20138061 0.97595501
vn -0.08340150 -0.20135191 0.97596188
vn -0.20135494 -0.08340551 0.97596091
vn -0.20137659 0.08341175 0.97595592
vn -0.08341085 0.20137283 0.97595677
vn 0.36033470 0.14925775 0.92080456
vn 0.14925418 -0.36033208 0.92080616
vn -0.14925253 -0.36032818 0.92080795
vn 0.22049328 -0.53231471 0.81732720
vn 0.36033411 -0.14925722 0.92080487
vn 0.53232367 -0.22049248 0.81732159
vn 0.53233789 0.22050381 0.81730927
vn -0.12273565 -0.05083786 0.99113645
vn -0.12274828 0.05084389 0.99113458
vn -0.20139664 -0.08342220 0.97595088
vn -0.20137744 0.08341409 0.97595554
vn -0.05084323 0.12274594 0.99113490
vn -0.08341138 0.20137477 0.97595632
vn -0.22049306 -0.53231017 0.81733022
vn 0.05084376 0.12274815 0.99113460
vn -0.53232363 -0.22049222 0.81732169
vn 0.12274816 0.05084377 0.99113460
vn 0.08341390 0.20137781 0.97595548
vn -0.08340385 -0.20135552 0.97596094
vn 0.20137807 0.08341426 0.97595539
vn 0.20139827 -0.08342061 0.97595068
vn 0.12276144 -0.05084814 0.99113273
vn 0.08340449 -0.20135775 0.97596042
vn 0.05083901 -0.12273502 0.99113647
vn -0.22049282 0.53231518 0.81732702
vn 0.22049362 0.53231471 0.81732712
vn -0.05083841 -0.12273315 0.99113674
vn 0.14925425 0.36033183 0.92080624
vn -0.53232508 0.22049793 0.81731920
vn -0.36034144 0.14925760 0.92080194
vn 0.36033377 0.14925705 0.92080503
vn 0.14925410 -0.36033213 0.92080615
vn -0.14925422 -0.36033191 0.92080622
vn 0.22049310 -0.53231477 0.81732722
vn 0.36034295 -0.14926078 0.92080084
vn 0.53233453 -0.22049901 0.81731275
vn 0.53232420 0.22049475 0.81732063
vn -0.12273663 -0.05084005 0.99113622
vn -0.12274902 0.05084519 0.99113442
vn -0.20135884 -0.08340644 0.97596003
vn -0.20138049 0.08341267 0.97595503
vn -0.05084377 0.12274816 0.99113460
vn -0.08341395 0.20137765 0.97595551
vn -0.22049350 -0.53231472 0.81732714
vn 0.05084491 0.12274924 0.99113441
vn -0.53231646 -0.22049574 0.81732540
vn 0.12274582 0.05084302 0.99113493
vn 0.08341272 0.20138057 0.97595501
vn -0.08340355 -0.20135284 0.97596152
vn 0.20137354 0.08341313 0.97595643
vn 0.20135189 -0.08340511 0.97596158
vn 0.12273226 -0.05083789 0.99113687
vn 0.08340350 -0.20135386 0.97596131
vn 0.05083594 -0.12273293 0.99113689
vn -0.22048883 0.53231239 0.81732992
vn 0.22049426 0.53231426 0.81732723
vn -0.05083603 -0.12273280 0.99113690
vn 0.14925437 0.36033161 0.92080631
vn -0.53230616 0.22049111 0.81733336
vn -0.36032009 0.14924977 0.92081156
vn -0.70710670 0.00000000 -0.70710687
vn 0.00000000 -1.00000000 0.00000000
vn 0.00000000 -0.00000024 -1.00000000
vn -1.00000000 0.00000007 -0.00000008
vn -0.00000143 -0.00000180 1.00000000
vn 0.00000000 -1.00000000 0.00000000
vn -1.00000000 0.00000034 -0.00000007
vn 0.00000000 -0.00000024 -1.00000000
vn 0.00000000 -0.70710678 -0.70710678
vn 0.00000000 0.00000004 1.00000000
vn 0.00000000 -1.00000000 0.00000000
vn -0.14924994 0.36032568 0.92080935
vn -0.36034037 -0.14926114 0.92080179
vn 0.00000000 0.00000002 1.00000000
vn 0.36033998 0.14925807 0.92080244
vn 0.00000030 0.00000002 1.00000000
vn 0.00000000 -1.00000000 0.00000000
vn 1.00000000 0.00000012 -0.00000012
vn -0.14925795 0.36033945 0.92080267
vn 0.14925422 0.36033026 0.92080686
vn 0.22049609 0.53232698 0.81731846
vn -0.22049516 0.53232447 0.81732034
vn 0.05084274 -0.12274557 0.99113498
vn 0.12276044 -0.05084925 0.99113280
vn -0.53232545 0.22049760 0.81731904
vn -0.53232365 -0.22049230 0.81732165
vn 0.12274815 0.05084376 0.99113460
vn -0.36034153 0.14925761 0.92080190
vn -0.36033351 -0.14925740 0.92080508
vn 0.00000098 0.00000003 1.00000000
vn 1.00000000 0.00000004 -0.00000008
vn -0.14925460 -0.36032984 0.92080697
vn -0.22049128 -0.53231373 0.81732838
vn 0.22049302 -0.53232265 0.81732211
vn 0.05084491 0.12274985 0.99113434
vn -0.05084377 0.12274755 0.99113468
vn -0.12274828 0.05084389 0.99113458
vn -0.08341294 0.20137722 0.97595568
vn -0.20137744 0.08341409 0.97595554
vn 0.08341377 0.20138122 0.97595479
vn -0.08341189 -0.20137352 0.97595654
vn -0.20139617 -0.08342124 0.97595106
vn -0.12276003 -0.05084956 0.99113284
vn -0.05083309 -0.12272011 0.99113862
vn 0.53232540 0.22049822 0.81731891
vn 0.53232361 -0.22049234 0.81732166
vn 0.36033237 -0.14925775 0.92080547
vn 0.14925829 -0.36033687 0.92080362
vn 0.08341128 -0.20137480 0.97595633
vn 0.20139775 -0.08342047 0.97595080
vn 0.20137810 0.08341424 0.97595539
vn -0.14925641 0.36033333 0.92080531
vn -0.36033405 -0.14925757 0.92080484
vn 0.70710715 0.00000131 0.70710642
vn 0.00000024 1.00000000 -0.00000000
vn -0.00000000 -0.00000024 -1.00000000
vn 1.00000000 -0.00000000 -0.00000006
vn 0.70710675 0.00000002 -0.70710681
vn 0.00000000 -1.00000000 0.00000000
vn 0.00000000 -0.00000048 -1.00000000
vn -0.00000010 1.00000000 -0.00000017
vn 1.00000000 -0.00000000 -0.00000006
vn -0.00000005 0.70710755 0.70710602
vn 0.00000000 -0.00000048 -1.00000000
vn -0.00000007 1.00000000 -0.00000015
vn -0.00000000 -0.00000048 -1.00000000
vn 0.00000024 1.00000000 0.00000000
vn -1.00000000 0.00000000 0.00000000
vn -0.70710713 0.00000131 0.70710644
vn -0.00000010 1.00000000 -0.00000017
vn -0.00000098 0.00000004 1.00000000
vn -1.00000000 0.00000024 -0.00000000
vn 0.14925414 -0.36033206 0.92080617
vn 0.36033392 0.14925698 0.92080499
vn 0.36034302 -0.14926074 0.92080081
vn 0.53232424 0.22049449 0.81732067
vn 0.53233455 -0.22049888 0.81731277
vn -0.12273604 -0.05084008 0.99113629
vn -0.12274956 0.05084519 0.99113436
vn 0.22049323 -0.53231476 0.81732719
vn -0.05084379 0.12274716 0.99113473
vn -0.22049387 -0.53231468 0.81732707
vn -0.14925433 -0.36033168 0.92080629
vn -0.36034273 -0.14926120 0.92080085
vn -0.36031802 0.14925015 0.92081231
vn -0.53233421 -0.22049986 0.81731273
vn 0.05084379 0.12274699 0.99113475
vn 0.12274962 0.05084540 0.99113434
vn -0.53230517 0.22048889 0.81733460
vn 0.12273164 -0.05083793 0.99113695
vn -0.22049510 0.53231875 0.81732409
vn -0.14925617 0.36033511 0.92080465
vn 0.14925802 0.36033844 0.92080305
vn 0.22049609 0.53232327 0.81732087
vn -0.05083662 -0.12273282 0.99113687
vn 0.05083708 -0.12273621 0.99113643
vn 0.08340669 -0.20135865 0.97596005
vn 0.20135142 -0.08340421 0.97596175
vn 0.20138078 0.08341430 0.97595483
vn 0.08341185 0.20137667 0.97595589
vn -0.08340190 -0.20135386 0.97596145
vn -0.20135838 -0.08340548 0.97596021
vn -0.20138094 0.08341376 0.97595485
vn -0.08341170 0.20137669 0.97595590
vn 0.36032777 0.14925410 0.92080786
vn 0.14925802 -0.36033872 0.92080294
vn -0.14925437 -0.36033161 0.92080631
vn 0.22049561 -0.53232359 0.81732079
vn 0.36032719 -0.14925357 0.92080817
vn 0.53231469 -0.22049071 0.81732791
vn 0.53232891 0.22050205 0.81731559
vn -0.12273289 -0.05083673 0.99113685
vn -0.12274605 0.05084277 0.99113491
vn -0.20139228 -0.08342019 0.97595196
vn -0.20137354 0.08341317 0.97595642
vn -0.05084383 0.12274697 0.99113475
vn -0.08341203 0.20137671 0.97595587
vn -0.22049400 -0.53231466 0.81732705
vn 0.05084383 0.12274697 0.99113475
vn -0.53233258 -0.22049424 0.81731531
vn 0.12275033 0.05084492 0.99113427
vn 0.08341200 0.20137686 0.97595584
vn -0.08340292 -0.20135162 0.97596182
vn 0.20138196 0.08341531 0.97595450
vn 0.20140171 -0.08342052 0.97594998
vn 0.12276310 -0.05084928 0.99113247
vn 0.08340555 -0.20135478 0.97596094
vn 0.05083784 -0.12273395 0.99113667
vn -0.22049054 0.53230626 0.81733345
vn 0.22049160 0.53230576 0.81733349
vn -0.05083728 -0.12273093 0.99113707
vn 0.14925053 0.36032506 0.92080950
vn -0.53233406 0.22049970 0.81731287
vn -0.36034837 0.14926125 0.92079864
vn 0.36032699 0.14925333 0.92080829
vn 0.14925418 -0.36033198 0.92080620
vn -0.14925425 -0.36033183 0.92080624
vn 0.22049336 -0.53231474 0.81732717
vn 0.36033610 -0.14925709 0.92080411
vn 0.53232557 -0.22049712 0.81731910
vn 0.53231525 0.22049273 0.81732700
vn -0.12273390 -0.05083891 0.99113662
vn -0.12274736 0.05084405 0.99113469
vn -0.20135449 -0.08340436 0.97596111
vn -0.20137705 0.08341277 0.97595573
vn -0.05084380 0.12274760 0.99113467
vn -0.08341295 0.20137716 0.97595570
vn -0.22049362 -0.53231471 0.81732712
vn 0.05084377 0.12274759 0.99113467
vn -0.53232448 -0.22049503 0.81732037
vn 0.12274742 0.05084419 0.99113467
vn 0.08341284 0.20137711 0.97595571
vn -0.08340333 -0.20135627 0.97596083
vn 0.20137697 0.08341316 0.97595572
vn 0.20135532 -0.08340501 0.97596088
vn 0.12273392 -0.05083904 0.99113661
vn 0.08340340 -0.20135729 0.97596061
vn 0.05083709 -0.12273459 0.99113663
vn -0.22049237 0.53231782 0.81732543
vn 0.22049248 0.53231782 0.81732540
vn -0.05083715 -0.12273452 0.99113663
vn 0.14925644 0.36033326 0.92080533
vn -0.53231609 0.22049547 0.81732572
vn -0.36032886 0.14925316 0.92080758
vn -0.70710679 0.00000017 -0.70710677
vn 0.00000000 -1.00000000 0.00000000
vn 0.00000000 -0.00000024 -1.00000000
vn -1.00000000 0.00000012 -0.00000012
vn -0.00000143 -0.00000180 1.00000000
vn 0.00000000 -1.00000000 0.00000000
vn -1.00000000 0.00000024 -0.00000012
vn 0.00000000 -0.00000024 -1.00000000
vn 0.00000000 -0.70710678 -0.70710678
vn 0.00000000 0.00000004 1.00000000
vn 0.00000000 -1.00000000 0.00000000
vn -0.14925002 0.36032553 0.92080940
vn -0.36033367 -0.14925737 0.92080502
vn 0.00000000 0.00000002 1.00000000
vn 0.36034683 0.14926175 0.92079916
vn 0.00000030 0.00000002 1.00000000
vn 0.00000000 -1.00000000 0.00000000
vn 1.00000000 -0.00000000 -0.00000012
vn -0.14925817 0.36033767 0.92080332
vn 0.14925400 0.36033203 0.92080621
vn 0.22049881 0.53232791 0.81731712
vn -0.22049244 0.53232354 0.81732168
vn 0.05084273 -0.12274611 0.99113491
vn 0.12276043 -0.05084924 0.99113280
vn -0.53232549 0.22049755 0.81731903
vn -0.53231472 -0.22049035 0.81732799
vn 0.12274598 0.05084259 0.99113493
vn -0.36034152 0.14925756 0.92080192
vn -0.36032664 -0.14925367 0.92080837
vn 0.00000098 0.00000003 1.00000000
vn 1.00000000 -0.00000000 -0.00000012
vn -0.14925482 -0.36032807 0.92080763
vn -0.22048856 -0.53231280 0.81732972
vn 0.22049561 -0.53232359 0.81732079
vn 0.05084488 0.12275044 0.99113426
vn -0.05084374 0.12274815 0.99113461
vn -0.12275050 0.05084502 0.99113425
vn -0.08341390 0.20137769 0.97595550
vn -0.20138133 0.08341502 0.97595466
vn 0.08341474 0.20138168 0.97595461
vn -0.08341093 -0.20137306 0.97595671
vn -0.20140006 -0.08342230 0.97595017
vn -0.12276219 -0.05085072 0.99113251
vn -0.05083312 -0.12271952 0.99113870
vn 0.53233437 0.22050011 0.81731256
vn 0.53233259 -0.22049411 0.81731534
vn 0.36033929 -0.14926141 0.92080217
vn 0.14925803 -0.36033871 0.92080294
vn 0.08341236 -0.20137526 0.97595614
vn 0.20139778 -0.08342044 0.97595080
vn 0.20137423 0.08341316 0.97595628
vn -0.14925667 0.36033149 0.92080599
vn -0.36032728 -0.14925384 0.92080809
vn 0.70710717 0.00000131 0.70710639
vn 0.00000024 1.00000000 -0.00000000
vn -0.00000000 -0.00000024 -1.00000000
vn 1.00000000 -0.00000000 -0.00000012
vn 0.70710674 -0.00000000 -0.70710682
vn 0.00000000 -1.00000000 0.00000000
vn 0.00000000 -0.00000048 -1.00000000
vn -0.00000010 1.00000000 -0.00000017
vn 1.00000000 -0.00000000 -0.00000012
vn -0.00000005 0.70710755 0.70710602
vn 0.00000000 -0.00000048 -1.00000000
vn -0.00000007 1.00000000 -0.00000015
vn -0.00000000 -0.00000048 -1.00000000
vn 0.00000024 1.00000000 0.00000000
vn -1.00000000 -0.00000000 -0.00000012
vn -0.70710717 0.00000131 0.70710639
vn -0.00000010 1.00000000 -0.00000017
vn -0.00000098 0.00000004 1.00000000
vn -1.00000000 0.00000012 -0.00000012
vn 0.14925414 -0.36033206 0.92080617
vn 0.36032707 0.14925329 0.92080826
vn 0.36033603 -0.14925713 0.92080414
vn 0.53231527 0.22049260 0.81732702
vn 0.53232555 -0.22049724 0.81731908
vn -0.12273387 -0.05083892 0.99113662
vn -0.12274733 0.05084406 0.99113469
vn 0.22049323 -0.53231476 0.81732719
vn -0.05084381 0.12274710 0.99113473
vn -0.22049362 -0.53231471 0.81732712
vn -0.14925425 -0.36033183 0.92080624
vn -0.36033585 -0.14925743 0.92080416
vn -0.36032500 0.14925368 0.92080901
vn -0.53232533 -0.22049786 0.81731905
vn 0.05084379 0.12274699 0.99113475
vn 0.12274744 0.05084422 0.99113467
vn -0.53231425 0.22049042 0.81732828
vn 0.12273391 -0.05083901 0.99113661
vn -0.22049510 0.53231875 0.81732409
vn -0.14925618 0.36033510 0.92080465
vn 0.14925794 0.36033859 0.92080300
vn 0.22049584 0.53232330 0.81732092
vn -0.05083662 -0.12273282 0.99113687
vn 0.05083710 -0.12273514 0.99113656
vn 0.08340451 -0.20135773 0.97596043
vn 0.20135537 -0.08340496 0.97596087
vn 0.20137693 0.08341321 0.97595572
vn 0.08341185 0.20137667 0.97595589
vn -0.08340190 -0.20135386 0.97596145
vn -0.20135448 -0.08340443 0.97596110
vn -0.20137705 0.08341283 0.97595573
vn -0.08341182 0.20137668 0.97595589
vn 0.36033462 0.14925779 0.92080458
vn 0.14925795 -0.36033887 0.92080289
vn -0.14925437 -0.36033161 0.92080631
vn 0.22049535 -0.53232362 0.81732084
vn 0.36033404 -0.14925726 0.92080489
vn 0.53232365 -0.22049260 0.81732156
vn 0.53233788 0.22050394 0.81730924
vn -0.12273506 -0.05083789 0.99113653
vn -0.12274828 0.05084389 0.99113458
vn -0.20139617 -0.08342124 0.97595106
vn -0.20137744 0.08341409 0.97595554
vn -0.05084381 0.12274703 0.99113474
vn -0.08341190 0.20137672 0.97595588
vn -0.22049400 -0.53231466 0.81732705
vn 0.05084377 0.12274816 0.99113460
vn -0.53232364 -0.22049209 0.81732171
vn 0.12274816 0.05084377 0.99113460
vn 0.08341393 0.20137778 0.97595548
vn -0.08340292 -0.20135163 0.97596182
vn 0.20137807 0.08341426 0.97595539
vn 0.20139781 -0.08341959 0.97595087
vn 0.12276087 -0.05084815 0.99113280
vn 0.08340350 -0.20135386 0.97596131
vn 0.05083787 -0.12273282 0.99113680
vn -0.22049080 0.53230623 0.81733340
vn 0.22049185 0.53230573 0.81733344
vn -0.05083728 -0.12273093 0.99113707
vn 0.14925060 0.36032491 0.92080955
vn -0.53232510 0.22049781 0.81731922
vn -0.36034152 0.14925756 0.92080192
vn 0.36033385 0.14925701 0.92080501
vn 0.14925414 -0.36033206 0.92080617
vn -0.14925422 -0.36033191 0.92080622
vn 0.22049323 -0.53231476 0.81732719
vn 0.36034302 -0.14926074 0.92080081
vn 0.53233455 -0.22049888 0.81731277
vn 0.53232422 0.22049462 0.81732065
vn -0.12273610 -0.05084005 0.99113629
vn -0.12274958 0.05084518 0.99113435
vn -0.20135838 -0.08340535 0.97596022
vn -0.20138095 0.08341369 0.97595485
vn -0.05084378 0.12274819 0.99113460
vn -0.08341391 0.20137763 0.97595552
vn -0.22049350 -0.53231472 0.81732714
vn 0.05084379 0.12274702 0.99113474
vn -0.53231553 -0.22049301 0.81732674
vn 0.12274523 0.05084305 0.99113500
vn 0.08341182 0.20137665 0.97595590
vn -0.08340435 -0.20135674 0.97596064
vn 0.20137308 0.08341217 0.97595660
vn 0.20135142 -0.08340415 0.97596176
vn 0.12273167 -0.05083792 0.99113694
vn 0.08340455 -0.20135775 0.97596042
vn 0.05083709 -0.12273510 0.99113656
vn -0.22048978 0.53231687 0.81732674
vn 0.22049520 0.53231875 0.81732406
vn -0.05083714 -0.12273509 0.99113656
vn 0.14925622 0.36033503 0.92080467
vn -0.53230711 0.22049370 0.81733205
vn -0.36032194 0.14924951 0.92081088
vn 0.00000000 0.00000000 1.00000000
vn 0.08410923 -0.99645654 0.00000016
vn 0.00000000 0.00000000 -1.00000000
vn 0.08410953 -0.99645652 0.00000014
vn 0.00000000 0.00000000 -1.00000000
vn 0.34904503 -0.93710595 0.00000022
vn 0.00000000 0.00000000 1.00000000
vn 0.34905022 -0.93710402 0.00000025
vn 0.00000000 0.00000000 1.00000000
vn -0.00000025 -1.00000000 0.00000000
vn 0.00000000 0.00000000 1.00000000
vn 0.00000017 1.00000000 0.00000003
vn 0.00000000 0.00000000 1.00000000
vn 0.79523636 -0.60629954 0.00000018
vn 0.51815888 -0.85528438 0.00000025
vn -0.00000098 -1.00000000 0.00000021
vn -0.99556276 0.00000000 -0.09409993
vn 0.00000000 -1.00000000 0.00000000
vn -0.92387976 0.00000000 -0.38268288
vn 0.00000000 -1.00000000 0.00000000
vn -0.82707179 0.00000000 -0.56209631
vn -0.56209616 0.00000000 -0.82707189
vn -0.00000161 -1.00000000 0.00000244
vn -0.38268307 0.00000000 -0.92387968
vn -0.00000042 -1.00000000 -0.00000115
vn -0.09410012 0.00000000 -0.99556274
vn 0.00000000 0.00000000 -1.00000000
vn -0.00000023 -1.00000000 0.00000000
vn -0.06842048 -0.68652764 -0.72387737
vn -0.00000000 -0.70710678 -0.70710678
vn 0.00000000 0.00000000 1.00000000
vn -0.08410988 -0.99645649 0.00000064
vn -0.00000005 -1.00000000 0.00000205
vn 0.09410003 0.00000000 -0.99556275
vn 0.06842018 -0.68652971 -0.72387543
vn 0.28608196 -0.66418343 -0.69066453
vn -0.00000040 -1.00000000 0.00000130
vn 0.38268269 0.00000000 -0.92387984
vn 0.06442053 -0.72891513 -0.68156638
vn 0.07802175 0.55906028 -0.82544788
vn 0.25061119 -0.75573602 -0.60502652
vn 0.00000000 -0.70710678 -0.70710678
vn -0.06442087 -0.72891301 -0.68156862
vn -0.07802162 0.55906026 -0.82544791
vn 0.00000010 0.54297202 -0.83975079
vn 0.00000017 0.97773264 -0.20985444
vn -0.01853715 0.98040536 -0.19611657
vn 0.01853733 0.98040540 -0.19611634
vn 0.31143472 0.58112379 -0.75186672
vn 0.06893250 0.98364277 -0.16641875
vn 0.00000000 0.00000000 1.00000000
vn -0.08410952 0.99645652 -0.00000009
vn 0.00000000 0.00000000 1.00000000
vn -0.34904571 0.93710570 -0.00000027
vn 0.00000000 0.00000000 -1.00000000
vn -0.08410939 0.99645653 -0.00000026
vn 0.19611548 0.98040560 0.01853600
vn 0.19611595 0.98040548 -0.01853712
vn 0.16641969 0.98364257 -0.06893317
vn 0.12915288 0.98317803 -0.12915297
vn 0.57715231 0.57774410 -0.57715420
vn 0.75186439 0.58112815 -0.31143218
vn 0.60503379 -0.75572951 -0.25061330
vn 0.68156778 -0.72891369 -0.06442204
vn 0.82544794 0.55906037 -0.07802050
vn 0.68156850 -0.72891309 0.06442115
vn 0.82544749 0.55906111 0.07801991
vn 0.60503593 -0.75572825 0.25061193
vn 0.75186145 0.58113291 0.31143042
vn 0.37436964 -0.74593207 0.55084727
vn 0.55084977 -0.74592991 0.37437027
vn 0.57714970 0.57774826 0.57715264
vn 0.16642005 0.98364266 0.06893094
vn 0.12915230 0.98317816 0.12915259
vn 0.31143111 0.58113159 0.75186218
vn 0.06893238 0.98364323 0.16641613
vn 0.07802195 0.55906975 0.82544145
vn 0.01853666 0.98040576 0.19611461
vn 0.00000015 0.97773216 0.20985667
vn 0.00000010 0.54297611 0.83974815
vn -0.07802187 0.55906968 0.82544150
vn -0.01853641 0.98040566 0.19611510
vn 0.00000013 1.00000000 -0.00000000
vn 0.00000000 0.00000000 -1.00000000
vn 0.08410940 0.99645653 -0.00000009
vn 0.00000000 0.00000000 1.00000000
vn 0.08410955 0.99645651 -0.00000017
vn 0.00000000 0.00000000 1.00000000
vn 0.34904571 0.93710570 -0.00000028
vn 0.00000000 0.00000000 -1.00000000
vn 0.34904505 0.93710594 -0.00000028
vn 0.00000000 0.00000000 -1.00000000
vn 0.00000013 1.00000000 -0.00000000
vn 0.00000000 0.00000000 -1.00000000
vn -0.00000013 -1.00000000 0.00000000
vn 0.00000000 0.00000000 -1.00000000
vn 0.51814940 0.85529012 -0.00000025
vn 0.79523636 0.60629954 -0.00000018
vn -0.06893237 0.98364321 0.16641626
vn -0.12915229 0.98317817 0.12915253
vn -0.16641759 0.98364298 0.06893238
vn -0.19611547 0.98040559 0.01853645
vn -0.19611595 0.98040548 -0.01853697
vn -0.82544627 0.55906278 0.07802087
vn -0.75186104 0.58113282 0.31143157
vn -0.60503616 -0.75572782 0.25061268
vn -0.57714989 0.57774834 0.57715237
vn -0.37436964 -0.74593207 0.55084727
vn -0.55084993 -0.74593006 0.37436974
vn -0.25061166 -0.75572949 0.60503449
vn -0.42197064 -0.66063250 0.62089087
vn -0.62088958 -0.66063230 0.42197285
vn -0.28608261 -0.66418150 0.69066611
vn 0.00000000 -1.00000000 0.00000000
vn -0.38268269 0.00000000 0.92387984
vn 0.00000000 -1.00000000 0.00000000
vn -0.09410003 0.00000000 0.99556275
vn -0.06842060 -0.68652760 0.72387740
vn -0.00000012 -0.70710682 0.70710674
vn 0.00000000 0.00000000 1.00000000
vn -0.00000018 -1.00000000 0.00000000
vn -0.06442321 -0.72890874 0.68157296
vn -0.31143114 0.58113152 0.75186223
vn -0.00000012 -0.70710147 0.70711209
vn 0.06442308 -0.72890870 0.68157301
vn 0.25061166 -0.75572949 0.60503449
vn 0.06842048 -0.68652764 0.72387737
vn -0.00000026 -1.00000000 0.00000075
vn 0.09410002 0.00000000 0.99556275
vn 0.28608278 -0.66418146 0.69066608
vn 0.00000000 -1.00000000 0.00000000
vn 0.38268288 0.00000000 0.92387976
vn 0.42197085 -0.66063262 0.62089061
vn 0.62088919 -0.66063247 0.42197316
vn 0.00000000 -1.00000000 0.00000000
vn 0.56209616 0.00000000 0.82707189
vn 0.82706986 0.00000000 0.56209914
vn 0.69066598 -0.66418105 0.28608396
vn 0.00000000 -1.00000000 0.00000000
vn 0.92387918 0.00000000 0.38268429
vn 0.72387735 -0.68652767 0.06842037
vn -0.00000109 -1.00000000 0.00000025
vn 0.99556277 0.00000000 0.09409976
vn 0.72387748 -0.68652745 -0.06842115
vn -0.00000218 -1.00000000 0.00000031
vn 0.99556265 0.00000000 -0.09410104
vn 0.69066584 -0.66418163 -0.28608294
vn -0.00000167 -1.00000000 0.00000045
vn 0.92387945 0.00000000 -0.38268363
vn 0.62089103 -0.66063386 -0.42196829
vn 0.42196968 -0.66063445 -0.62088945
vn 0.55084483 -0.74593654 -0.37436433
vn 0.37436394 -0.74593726 -0.55084412
vn -0.00000083 -1.00000000 0.00000080
vn 0.82707214 0.00000000 -0.56209579
vn 0.56209581 0.00000000 -0.82707213
vn 0.00000000 0.00000000 -1.00000000
vn -0.08410958 -0.99645651 0.00000025
vn 0.00000000 0.00000000 -1.00000000
vn -0.34904571 -0.93710570 0.00000028
vn -0.00000015 -1.00000000 0.00000002
vn 0.00000000 0.00000000 1.00000000
vn -0.34904573 -0.93710569 0.00000028
vn 0.00000000 0.00000000 -1.00000000
vn -0.66839010 -0.74381092 0.00000023
vn 0.00000000 0.00000000 1.00000000
vn -0.79523495 -0.60630138 0.00000018
vn -0.51815065 -0.85528937 0.00000026
vn 0.00000000 0.00000000 -1.00000000
vn -0.91292306 -0.40813170 0.00000014
vn 0.00000000 0.00000000 -1.00000000
vn -1.00000000 -0.00000005 0.00000001
vn 0.00000000 0.00000000 -1.00000000
vn -0.51815065 0.85528937 -0.00000025
vn -0.79523636 0.60629954 -0.00000018
vn 0.00000000 0.00000000 -1.00000000
vn -0.34904574 0.93710569 -0.00000027
vn 0.00000000 0.00000000 1.00000000
vn -0.66838923 0.74381170 -0.00000021
vn 0.00000000 0.00000000 1.00000000
vn -0.91292380 0.40813004 -0.00000010
vn 0.00000000 0.00000000 -1.00000000
vn -0.91292309 0.40813164 -0.00000012
vn 0.00000000 0.00000000 1.00000000
vn -1.00000000 0.00000003 0.00000001
vn 0.00000000 0.00000000 1.00000000
vn -0.91292384 -0.40812997 0.00000012
vn 0.00000000 -1.00000000 0.00000000
vn -0.56209581 0.00000000 0.82707213
vn -0.82707021 0.00000000 0.56209862
vn 0.00000000 -1.00000000 0.00000000
vn -0.92387930 0.00000000 0.38268399
vn -0.69066602 -0.66418111 0.28608372
vn -0.72387735 -0.68652766 0.06842036
vn -0.68156807 -0.72891342 0.06442200
vn -0.82544821 0.55906012 -0.07801947
vn -0.68156820 -0.72891337 -0.06442119
vn -0.75186449 0.58112847 -0.31143135
vn -0.60503377 -0.75573034 -0.25061085
vn -0.72387733 -0.68652769 -0.06842032
vn -0.69066685 -0.66418099 -0.28608200
vn 0.00000109 -1.00000000 0.00000025
vn -0.99556277 0.00000000 0.09409975
vn -0.62089206 -0.66063208 -0.42196956
vn -0.42197085 -0.66063262 -0.62089061
vn -0.55084726 -0.74593411 -0.37436560
vn -0.37436533 -0.74593505 -0.55084617
vn -0.57715212 0.57774405 -0.57715444
vn -0.31143465 0.58112388 -0.75186667
vn -0.25061216 -0.75573384 -0.60502885
vn -0.28608278 -0.66418146 -0.69066608
vn -0.06893250 0.98364279 -0.16641865
vn -0.12915292 0.98317802 -0.12915304
vn -0.16641955 0.98364261 -0.06893296
vn 0.00000000 0.00000000 1.00000000
vn 0.66839009 0.74381092 -0.00000023
vn 0.91292370 0.40813027 -0.00000012
vn 0.00000000 0.00000000 -1.00000000
vn 0.00000000 0.00000000 1.00000000
vn 0.91292245 0.40813307 -0.00000014
vn 0.00000000 0.00000000 -1.00000000
vn 1.00000000 -0.00000003 -0.00000001
vn 0.00000000 0.00000000 -1.00000000
vn 0.66838957 -0.74381139 0.00000019
vn 0.91292366 -0.40813035 0.00000011
vn 0.00000000 0.00000000 -1.00000000
vn 0.00000000 0.00000000 1.00000000
vn 0.91292248 -0.40813300 0.00000012
vn 0.00000000 0.00000000 1.00000000
vn 1.00000000 0.00000005 -0.00000001
vn 0.00000000 0.00000000 1.00000000
vn 0.08410947 -0.99645652 0.00000015
vn 0.00000050 -0.00000297 -1.00000000
vn 0.08410974 -0.99645650 0.00000013
vn 0.00000050 -0.00000095 -1.00000000
vn 0.34904728 -0.93710511 0.00000018
vn 0.00000000 0.00000000 1.00000000
vn 0.34905182 -0.93710343 0.00000021
vn 0.00000000 0.00000000 1.00000000
vn -0.00000025 -1.00000000 0.00000000
vn 0.00000000 0.00000000 1.00000000
vn 0.00000017 1.00000000 0.00000003
vn 0.00000000 0.00000000 1.00000000
vn 0.79523778 -0.60629768 0.00000009
vn 0.51816137 -0.85528288 0.00000019
vn -0.00000098 -1.00000000 0.00000021
vn -0.99556272 0.00000000 -0.09410031
vn 0.00000000 -1.00000000 0.00000000
vn -0.92387998 0.00000000 -0.38268236
vn 0.00000000 -1.00000000 0.00000000
vn -0.82707285 0.00000000 -0.56209474
vn -0.56209474 0.00000000 -0.82707285
vn -0.00000161 -1.00000000 0.00000244
vn -0.38268254 0.00000000 -0.92387990
vn -0.00000042 -1.00000000 -0.00000115
vn -0.09410041 0.00000000 -0.99556271
vn 0.00000000 0.00000000 -1.00000000
vn -0.00000023 -1.00000000 0.00000000
vn -0.06842069 -0.68652758 -0.72387740
vn -0.00000000 -0.70710678 -0.70710678
vn 0.00000000 0.00000000 1.00000000
vn -0.08410965 -0.99645651 0.00000064
vn -0.00000005 -1.00000000 0.00000205
vn 0.09410017 0.00000000 -0.99556273
vn 0.06842029 -0.68652968 -0.72387545
vn 0.28608221 -0.66418341 -0.69066444
vn -0.00000040 -1.00000000 0.00000130
vn 0.38268302 0.00000000 -0.92387970
vn 0.06442058 -0.72891515 -0.68156636
vn 0.07802179 0.55906032 -0.82544785
vn 0.25061139 -0.75573607 -0.60502639
vn 0.00000000 -0.70710678 -0.70710678
vn -0.06442104 -0.72891307 -0.68156854
vn -0.07802029 0.55906061 -0.82544780
vn 0.00000010 0.54297202 -0.83975079
vn 0.00000017 0.97773264 -0.20985444
vn -0.01853683 0.98040529 -0.19611696
vn 0.01853736 0.98040541 -0.19611630
vn 0.31143500 0.58112383 -0.75186657
vn 0.06893256 0.98364278 -0.16641871
vn 0.00000000 0.00000000 1.00000000
vn -0.08410929 0.99645654 -0.00000008
vn 0.00000000 0.00000000 1.00000000
vn -0.34904550 0.93710578 -0.00000027
vn 0.00000000 0.00000000 -1.00000000
vn -0.08410962 0.99645651 -0.00000026
vn 0.19611548 0.98040560 0.01853600
vn 0.19611631 0.98040541 -0.01853702
vn 0.16641921 0.98364266 -0.06893306
vn 0.12915291 0.98317802 -0.12915301
vn 0.57715249 0.57774404 -0.57715408
vn 0.75186398 0.58112846 -0.31143261
vn 0.60503379 -0.75572940 -0.25061362
vn 0.68156764 -0.72891379 -0.06442234
vn 0.82544795 0.55906033 -0.07802067
vn 0.68156849 -0.72891310 0.06442114
vn 0.82544749 0.55906111 0.07801989
vn 0.60503614 -0.75572815 0.25061173
vn 0.75186163 0.58113284 0.31143012
vn 0.37436928 -0.74593218 0.55084738
vn 0.55084993 -0.74593006 0.37436974
vn 0.57714970 0.57774839 0.57715251
vn 0.16642012 0.98364266 0.06893091
vn 0.12915224 0.98317817 0.12915254
vn 0.31143088 0.58113148 0.75186236
vn 0.06893234 0.98364320 0.16641630
vn 0.07802190 0.55906972 0.82544147
vn 0.01853666 0.98040576 0.19611461
vn 0.00000008 0.97773217 0.20985662
vn 0.00000000 0.54297607 0.83974817
vn -0.07802034 0.55906447 0.82544518
vn -0.01853627 0.98040609 0.19611301
vn 0.00000013 1.00000000 0.00000000
vn 0.00000000 0.00000000 -1.00000000
vn 0.08410964 0.99645651 -0.00000019
vn 0.00000000 0.00000000 1.00000000
vn 0.08410979 0.99645649 -0.00000018
vn 0.00000000 0.00000000 1.00000000
vn 0.34904730 0.93710511 -0.00000032
vn 0.00000000 0.00000000 -1.00000000
vn 0.34904730 0.93710511 -0.00000032
vn 0.00000000 0.00000000 -1.00000000
vn 0.00000013 1.00000000 0.00000000
vn 0.00000002 -0.00000016 -1.00000000
vn -0.00000013 -1.00000000 0.00000000
vn -0.00000096 -0.00000737 -1.00000000
vn 0.51815314 0.85528786 -0.00000032
vn 0.79523778 0.60629768 -0.00000028
vn -0.06893208 0.98364329 0.16641588
vn -0.12915176 0.98317833 0.12915181
vn -0.16641917 0.98364279 0.06893128
vn -0.19611591 0.98040551 0.01853612
vn -0.19611623 0.98040543 -0.01853712
vn -0.82544783 0.55906058 0.07802022
vn -0.75186169 0.58113136 0.31143272
vn -0.60503172 -0.75573083 0.25061431
vn -0.57715239 0.57774480 0.57715342
vn -0.37437073 -0.74593363 0.55084442
vn -0.55084401 -0.74593325 0.37437209
vn -0.25061381 -0.75573058 0.60503224
vn -0.42197196 -0.66063252 0.62088996
vn -0.62088896 -0.66063295 0.42197275
vn -0.28608360 -0.66418135 0.69066584
vn 0.00000000 -1.00000000 0.00000000
vn -0.38268394 0.00000000 0.92387932
vn 0.00000000 -1.00000000 0.00000000
vn -0.09410031 0.00000000 0.99556272
vn -0.06842081 -0.68652753 0.72387743
vn -0.00000012 -0.70710682 0.70710674
vn 0.00000000 0.00000000 1.00000000
vn -0.00000018 -1.00000000 0.00000000
vn -0.06442141 -0.72891302 0.68156855
vn -0.31143278 0.58113254 0.75186076
vn -0.00000012 -0.70710147 0.70711209
vn 0.06442302 -0.72890868 0.68157304
vn 0.25061146 -0.75572944 0.60503463
vn 0.06842048 -0.68652764 0.72387737
vn -0.00000026 -1.00000000 0.00000075
vn 0.09410002 0.00000000 0.99556275
vn 0.28608245 -0.66418154 0.69066613
vn 0.00000000 -1.00000000 0.00000000
vn 0.38268249 0.00000000 0.92387992
vn 0.42197043 -0.66063238 0.62089114
vn 0.62088958 -0.66063230 0.42197285
vn 0.00000000 -1.00000000 0.00000000
vn 0.56209545 0.00000000 0.82707237
vn 0.82707021 0.00000000 0.56209862
vn 0.69066602 -0.66418111 0.28608372
vn 0.00000000 -1.00000000 0.00000000
vn 0.92387930 0.00000000 0.38268399
vn 0.72387736 -0.68652766 0.06842035
vn -0.00000109 -1.00000000 0.00000025
vn 0.99556278 0.00000000 0.09409974
vn 0.72387738 -0.68652761 -0.06842061
vn -0.00000218 -1.00000000 0.00000031
vn 0.99556272 0.00000000 -0.09410032
vn 0.69066610 -0.66418137 -0.28608295
vn -0.00000167 -1.00000000 0.00000045
vn 0.92387950 0.00000000 -0.38268352
vn 0.62089025 -0.66063420 -0.42196890
vn 0.42196988 -0.66063457 -0.62088919
vn 0.55084483 -0.74593654 -0.37436433
vn 0.37436430 -0.74593716 -0.55084401
vn -0.00000083 -1.00000000 0.00000080
vn 0.82707143 0.00000000 -0.56209683
vn 0.56209616 0.00000000 -0.82707189
vn 0.00000000 0.00000000 -1.00000000
vn -0.08410981 -0.99645649 0.00000025
vn 0.00000000 0.00000000 -1.00000000
vn -0.34904593 -0.93710562 0.00000029
vn -0.00000015 -1.00000000 0.00000002
vn 0.00000000 0.00000000 1.00000000
vn -0.34904552 -0.93710577 0.00000029
vn 0.00000000 0.00000000 -1.00000000
vn -0.66838923 -0.74381169 0.00000024
vn 0.00000000 0.00000000 1.00000000
vn -0.79523495 -0.60630139 0.00000020
vn -0.51815065 -0.85528937 0.00000027
vn 0.00000000 0.00000000 -1.00000000
vn -0.91292258 -0.40813277 0.00000015
vn 0.00000000 0.00000000 -1.00000000
vn -1.00000000 -0.00000004 0.00000003
vn 0.00000000 0.00000000 -1.00000000
vn -0.51815065 0.85528937 -0.00000024
vn -0.79523495 0.60630139 -0.00000016
vn 0.00000000 0.00000000 -1.00000000
vn -0.34904595 0.93710561 -0.00000027
vn 0.00000000 0.00000000 1.00000000
vn -0.66838923 0.74381170 -0.00000020
vn 0.00000000 0.00000000 1.00000000
vn -0.91292258 0.40813278 -0.00000009
vn 0.00000000 0.00000000 -1.00000000
vn -0.91292261 0.40813270 -0.00000009
vn 0.00000000 0.00000000 1.00000000
vn -1.00000000 0.00000004 0.00000003
vn 0.00000000 0.00000000 1.00000000
vn -0.91292261 -0.40813270 0.00000015
vn 0.00000000 -1.00000000 0.00000000
vn -0.56209758 0.00000000 0.82707092
vn -0.82707001 0.00000000 0.56209892
vn 0.00000000 -1.00000000 0.00000000
vn -0.92387901 0.00000000 0.38268469
vn -0.69066574 -0.66418119 0.28608422
vn -0.72387743 -0.68652754 0.06842079
vn -0.68156849 -0.72891310 0.06442114
vn -0.82544782 0.55906055 -0.07802055
vn -0.68156858 -0.72891304 -0.06442093
vn -0.75186449 0.58112829 -0.31143170
vn -0.60503356 -0.75573043 -0.25061105
vn -0.72387738 -0.68652761 -0.06842060
vn -0.69066681 -0.66418125 -0.28608151
vn 0.00000109 -1.00000000 0.00000025
vn -0.99556272 0.00000000 0.09410032
vn -0.62089282 -0.66063213 -0.42196836
vn -0.42197029 -0.66063160 -0.62089208
vn -0.55084746 -0.74593357 -0.37436638
vn -0.37436785 -0.74593444 -0.55084528
vn -0.57715336 0.57774340 -0.57715385
vn -0.31143222 0.58112820 -0.75186434
vn -0.25061274 -0.75573004 -0.60503336
vn -0.28608231 -0.66418168 -0.69066606
vn -0.06893339 0.98364250 -0.16641999
vn -0.12915256 0.98317810 -0.12915279
vn -0.16642015 0.98364249 -0.06893320
vn 0.00000000 0.00000000 1.00000000
vn 0.66839206 0.74380916 -0.00000030
vn -0.00004353 -0.00003319 -1.00000000
vn 0.91292282 0.40813225 -0.00000023
vn 0.00000000 0.00000000 1.00000000
vn 0.91292354 0.40813064 -0.00000023
vn 0.00000865 -0.00000842 -1.00000000
vn 1.00000000 0.00000145 -0.00000012
vn 0.00000272 -0.00000506 -1.00000000
vn 0.66839205 -0.74380916 0.00000012
vn 0.91292353 -0.40813065 0.00000001
vn 0.00000000 0.00000000 -1.00000000
vn 0.00000000 0.00000000 1.00000000
vn 0.91292357 -0.40813057 0.00000001
vn 0.00000000 0.00000000 1.00000000
vn 1.00000000 0.00000004 -0.00000012
vn -0.00000018 0.00000056 1.00000000
vn 0.08410959 -0.99645651 0.00000027
vn 0.00000000 0.00000000 -1.00000000
vn 0.08410983 -0.99645649 0.00000027
vn 0.00000000 0.00000000 -1.00000000
vn 0.34904728 -0.93710511 0.00000045
vn 0.00000000 0.00000000 1.00000000
vn 0.34904190 -0.93710712 0.00000039
vn -0.00000000 0.00000238 1.00000000
vn 0.00000013 -1.00000000 0.00000000
vn -0.00000000 0.00000238 1.00000000
vn -0.00000017 1.00000000 -0.00000003
vn -0.00000064 0.00000377 1.00000000
vn 0.79523778 -0.60629768 0.00000010
vn 0.51814317 -0.85529390 0.00000029
vn 0.00000052 -1.00000000 0.00000066
vn -0.99556276 0.00000000 -0.09409992
vn -0.00000429 -1.00000000 0.00000148
vn -0.92387963 -0.00000050 -0.38268320
vn 0.00000000 -1.00000000 0.00000000
vn -0.82707189 -0.00000268 -0.56209616
vn -0.56209683 -0.00000394 -0.82707143
vn 0.00000000 -1.00000000 0.00000000
vn -0.38268330 -0.00000441 -0.92387959
vn 0.00000029 -1.00000000 -0.00000070
vn -0.09410028 -0.00000475 -0.99556272
vn -0.00000017 -0.00000011 -1.00000000
vn 0.00000013 -1.00000000 -0.00000003
vn -0.06842045 -0.68652934 -0.72387576
vn 0.00000000 -0.70710670 -0.70710686
vn 0.00000018 0.00000056 1.00000000
vn -0.08410915 -0.99645655 0.00000046
vn 0.00000000 -1.00000000 0.00000000
vn 0.09410003 0.00000000 -0.99556275
vn 0.06842048 -0.68652764 -0.72387737
vn 0.28608373 -0.66418121 -0.69066592
vn 0.00000000 -1.00000000 0.00000000
vn 0.38268405 0.00000000 -0.92387928
vn 0.06442093 -0.72891303 -0.68156859
vn 0.06442129 0.72891306 -0.68156852
vn 0.25061263 -0.75573116 -0.60503201
vn 0.00000012 -0.70710682 -0.70710674
vn -0.06442091 -0.72891303 -0.68156859
vn -0.06442153 0.72891314 -0.68156841
vn -0.00000012 0.70710463 -0.70710893
vn -0.00000018 1.00000000 -0.00000287
vn 0.00000000 1.00000000 0.00000000
vn -0.00000020 1.00000000 -0.00000026
vn 0.25061429 0.75572813 -0.60503511
vn 0.00000000 1.00000000 0.00000000
vn 0.00000000 0.00000000 1.00000000
vn -0.08410941 0.99645653 -0.00000035
vn 0.00000000 0.00000000 1.00000000
vn -0.34904550 0.93710578 -0.00000046
vn 0.00000000 0.00000000 -1.00000000
vn -0.08411012 0.99645647 -0.00000080
vn -0.00000086 1.00000000 -0.00000037
vn -0.00000114 1.00000000 -0.00000036
vn 0.00000000 1.00000000 0.00000000
vn 0.00000000 1.00000000 0.00000000
vn 0.46625011 0.75181145 -0.46625142
vn 0.60503454 0.75572912 -0.25061266
vn 0.60503282 -0.75573036 -0.25061308
vn 0.68156825 -0.72891331 -0.06442135
vn 0.68156846 0.72891311 -0.06442138
vn 0.68156881 -0.72891270 0.06442231
vn 0.68156873 0.72891292 0.06442065
vn 0.60503277 -0.75573030 0.25061337
vn 0.60503376 0.75572993 0.25061211
vn 0.37436500 -0.74593620 0.55084483
vn 0.55084668 -0.74593357 0.37436753
vn 0.46625062 0.75181156 0.46625072
vn -0.00000099 1.00000000 -0.00000027
vn -0.00000051 1.00000000 -0.00000050
vn 0.25061221 0.75573145 0.60503181
vn -0.00000026 1.00000000 -0.00000089
vn 0.06442162 0.72891665 0.68156465
vn -0.00000003 1.00000000 -0.00000146
vn -0.00000012 1.00000000 -0.00000000
vn -0.00000000 0.70711015 0.70710341
vn -0.06442311 0.72891639 0.68156478
vn -0.00000089 1.00000000 0.00000090
vn -0.00000025 1.00000000 0.00000000
vn 0.00000000 0.00000000 -1.00000000
vn 0.08411477 0.99645607 -0.00000031
vn 0.00000000 0.00000000 1.00000000
vn 0.08410980 0.99645649 -0.00000021
vn 0.00000000 0.00000000 1.00000000
vn 0.34904186 0.93710713 -0.00000039
vn 0.00000000 0.00000000 -1.00000000
vn 0.34905233 0.93710324 -0.00000051
vn 0.00000000 0.00000000 -1.00000000
vn -0.00000025 1.00000000 0.00000000
vn 0.00000000 0.00000000 -1.00000000
vn 0.00000013 -1.00000000 0.00000000
vn 0.00000000 0.00000000 -1.00000000
vn 0.51815314 0.85528786 -0.00000053
vn 0.79523349 0.60630330 -0.00000041
vn -0.00000161 1.00000000 -0.00000196
vn 0.00000000 1.00000000 0.00000000
vn 0.00000000 1.00000000 0.00000000
vn -0.00000070 1.00000000 -0.00000029
vn 0.00000114 1.00000000 -0.00000036
vn -0.68156872 0.72891293 0.06442062
vn -0.60503171 0.75573091 0.25061407
vn -0.60503151 -0.75573060 0.25061550
vn -0.46625100 0.75181005 0.46625279
vn -0.37436763 -0.74593578 0.55084361
vn -0.55084285 -0.74593277 0.37437476
vn -0.25061421 -0.75572906 0.60503397
vn -0.42197553 -0.66063165 0.62088846
vn -0.62088438 -0.66063546 0.42197557
vn -0.28608458 -0.66418057 0.69066619
vn 0.00000000 -1.00000000 0.00000000
vn -0.38268489 0.00000000 0.92387893
vn 0.00000000 -1.00000000 0.00000000
vn -0.09409882 0.00000000 0.99556286
vn -0.06841958 -0.68652789 0.72387721
vn 0.00000012 -0.70710682 0.70710674
vn 0.00000000 0.00000000 1.00000000
vn 0.00000018 -1.00000000 0.00000000
vn -0.06442207 -0.72891017 0.68157154
vn -0.25061479 0.75573227 0.60502972
vn 0.00000012 -0.70710337 0.70711019
vn 0.06442198 -0.72891013 0.68157159
vn 0.25061290 -0.75572861 0.60503508
vn 0.06841948 -0.68652791 0.72387720
vn 0.00000026 -1.00000000 -0.00000082
vn 0.09409855 0.00000000 0.99556289
vn 0.28608343 -0.66418076 0.69066648
vn 0.00000000 -1.00000000 0.00000000
vn 0.38268343 0.00000000 0.92387953
vn 0.42197400 -0.66063151 0.62088964
vn 0.62088796 -0.66063453 0.42197175
vn 0.00000000 -1.00000000 0.00000000
vn 0.56209962 0.00000000 0.82706953
vn 0.82707021 0.00000000 0.56209862
vn 0.69066586 -0.66418076 0.28608495
vn 0.00000000 -1.00000000 0.00000000
vn 0.92387919 0.00000000 0.38268426
vn 0.72387698 -0.68652793 0.06842160
vn -0.00000192 -1.00000000 0.00000045
vn 0.99556275 0.00000000 0.09410004
vn 0.72387733 -0.68652769 -0.06842031
vn -0.00000144 -1.00000000 0.00000047
vn 0.99556275 0.00000000 -0.09410001
vn 0.69066600 -0.66418134 -0.28608325
vn -0.00000073 -1.00000000 0.00000077
vn 0.92387960 0.00000000 -0.38268328
vn 0.62089064 -0.66063184 -0.42197202
vn 0.42197208 -0.66063329 -0.62088905
vn 0.55084480 -0.74593472 -0.37436799
vn 0.37436679 -0.74593455 -0.55084585
vn 0.00000141 -1.00000000 0.00000104
vn 0.82707118 0.00000000 -0.56209720
vn 0.56209825 0.00000000 -0.82707047
vn 0.00000000 0.00000000 -1.00000000
vn -0.08410981 -0.99645649 0.00000020
vn 0.00000000 0.00000000 -1.00000000
vn -0.34904591 -0.93710563 0.00000043
vn 0.00000015 -1.00000000 -0.00000002
vn 0.00000000 0.00000000 1.00000000
vn -0.34904553 -0.93710577 0.00000043
vn 0.00000000 0.00000000 -1.00000000
vn -0.66838921 -0.74381171 0.00000032
vn 0.00000115 0.00000241 1.00000000
vn -0.79523776 -0.60629771 0.00000029
vn -0.51815065 -0.85528937 0.00000038
vn 0.00000000 0.00000000 -1.00000000
vn -0.91292258 -0.40813278 0.00000017
vn 0.00000000 0.00000000 -1.00000000
vn -1.00000000 -0.00000006 0.00000000
vn 0.00000000 0.00000000 -1.00000000
vn -0.51815065 0.85528937 -0.00000044
vn -0.79523497 0.60630137 -0.00000029
vn 0.00000000 0.00000000 -1.00000000
vn -0.34904595 0.93710561 -0.00000047
vn 0.00000323 0.00000204 1.00000000
vn -0.66839148 0.74380967 -0.00000040
vn 0.00002585 -0.00000496 1.00000000
vn -0.91292388 0.40812988 -0.00000022
vn 0.00000000 0.00000000 -1.00000000
vn -0.91292262 0.40813268 -0.00000020
vn 0.00000838 0.00000237 1.00000000
vn -1.00000000 0.00000006 -0.00000000
vn 0.00000000 0.00000000 1.00000000
vn -0.91292357 -0.40813055 0.00000020
vn 0.00000000 -1.00000000 0.00000000
vn -0.56210175 0.00000000 0.82706809
vn -0.82706809 0.00000000 0.56210175
vn 0.00000000 -1.00000000 0.00000000
vn -0.92387847 0.00000000 0.38268601
vn -0.69066502 -0.66418116 0.28608603
vn -0.72387741 -0.68652758 0.06842065
vn -0.68156857 -0.72891304 0.06442101
vn -0.68156875 0.72891289 -0.06442083
vn -0.68156852 -0.72891310 -0.06442090
vn -0.60503337 0.75573006 -0.25061265
vn -0.60503336 -0.75573004 -0.25061274
vn -0.72387733 -0.68652769 -0.06842031
vn -0.69066597 -0.66418129 -0.28608343
vn 0.00000192 -1.00000000 0.00000045
vn -0.99556275 0.00000000 0.09410004
vn -0.62088976 -0.66063342 -0.42197084
vn -0.42197093 -0.66063346 -0.62088965
vn -0.55084600 -0.74593366 -0.37436834
vn -0.37436605 -0.74593572 -0.55084477
vn -0.46625002 0.75181146 -0.46625149
vn -0.25061441 0.75572808 -0.60503511
vn -0.25061275 -0.75573111 -0.60503201
vn -0.28608287 -0.66418307 -0.69066450
vn 0.00000000 1.00000000 0.00000000
vn 0.00000000 1.00000000 0.00000000
vn 0.00000000 1.00000000 0.00000000
vn 0.00000117 0.00000245 1.00000000
vn 0.66838775 0.74381303 -0.00000045
vn 0.00000000 0.00000000 -1.00000000
vn 0.91292258 0.40813278 -0.00000037
vn 0.00000000 0.00000000 1.00000000
vn 0.91292839 0.40811978 -0.00000029
vn 0.00000000 0.00000000 -1.00000000
vn 1.00000000 -0.00000127 -0.00000011
vn 0.00000000 0.00000000 -1.00000000
vn 0.66839199 -0.74380921 0.00000026
vn 0.00000000 0.00000000 -1.00000000
vn 0.91292355 -0.40813061 0.00000010
vn -0.00002176 0.00001659 1.00000000
vn 0.91292810 -0.40812043 -0.00000002
vn 0.00000432 0.00000421 1.00000000
vn 1.00000000 -0.00000076 -0.00000012
vn 0.00000000 0.00000000 1.00000000
vn 0.08410935 -0.99645653 0.00000056
vn 0.00000000 0.00000000 -1.00000000
vn 0.08410932 -0.99645653 0.00000017
vn 0.00000000 0.00000000 -1.00000000
vn 0.34904550 -0.93710578 0.00000028
vn 0.00000000 0.00000000 1.00000000
vn 0.34904552 -0.93710577 0.00000028
vn 0.00000000 0.00000000 1.00000000
vn -0.00000013 -1.00000000 0.00000000
vn -0.00000002 0.00000016 1.00000000
vn 0.00000017 1.00000000 -0.00000198
vn 0.00000000 0.00000000 1.00000000
vn 0.79523496 -0.60630138 0.00000016
vn 0.51815065 -0.85528937 0.00000026
vn 0.00000218 -1.00000000 0.00000031
vn -0.99556278 0.00000000 -0.09409974
vn 0.00000167 -1.00000000 0.00000045
vn -0.92387930 0.00000000 -0.38268399
vn -0.00000029 -1.00000000 0.00000163
vn -0.82707021 0.00000000 -0.56209862
vn -0.56210033 0.00000000 -0.82706905
vn -0.00000060 -1.00000000 0.00000092
vn -0.38268527 0.00000000 -0.92387877
vn 0.00000000 -1.00000000 0.00000000
vn -0.09409989 0.00000000 -0.99556276
vn 0.00000002 0.00000022 -1.00000000
vn -0.00000012 -1.00000000 0.00000008
vn -0.06842037 -0.68652767 -0.72387735
vn -0.00000012 -0.70710674 -0.70710682
vn 0.00000000 0.00000000 1.00000000
vn -0.08411010 -0.99645647 0.00000065
vn -0.00000005 -1.00000000 0.00000205
vn 0.09410015 0.00000949 -0.99556274
vn 0.06842065 -0.68652437 -0.72388045
vn 0.28608466 -0.66417797 -0.69066865
vn -0.00000040 -1.00000000 0.00000130
vn 0.38268385 0.00000881 -0.92387936
vn 0.06442267 -0.72891893 -0.68156211
vn 0.07802242 0.55905523 -0.82545124
vn 0.25061447 -0.75573046 -0.60503211
vn -0.00000012 -0.70711209 -0.70710147
vn -0.06442247 -0.72891885 -0.68156221
vn -0.07802049 0.55905790 -0.82544962
vn 0.00000000 0.54296572 -0.83975486
vn 0.00000009 0.97773242 -0.20985545
vn -0.01853601 0.98040559 -0.19611552
vn 0.01853678 0.98040524 -0.19611722
vn 0.31143371 0.58112853 -0.75186346
vn 0.06893347 0.98364257 -0.16641959
vn -0.00000050 0.00000297 1.00000000
vn -0.08410976 0.99645650 -0.00000016
vn -0.00000050 0.00000095 1.00000000
vn -0.34904728 0.93710512 -0.00000024
vn 0.00000000 0.00000000 -1.00000000
vn -0.08410982 0.99645649 -0.00000047
vn 0.19611582 0.98040553 0.01853615
vn 0.19611623 0.98040543 -0.01853712
vn 0.16641970 0.98364255 -0.06893345
vn 0.12915286 0.98317799 -0.12915336
vn 0.57715288 0.57774183 -0.57715590
vn 0.75186497 0.58112681 -0.31143330
vn 0.60502694 -0.75573549 -0.25061179
vn 0.68156633 -0.72891517 -0.06442056
vn 0.82544782 0.55906055 -0.07802055
vn 0.68156860 -0.72891302 0.06442092
vn 0.82544784 0.55906061 0.07801984
vn 0.60503335 -0.75573012 0.25061250
vn 0.75186325 0.58113053 0.31143049
vn 0.37436475 -0.74593659 0.55084447
vn 0.55084672 -0.74593288 0.37436883
vn 0.57715244 0.57774366 0.57715450
vn 0.16641971 0.98364266 0.06893177
vn 0.12915227 0.98317813 0.12915280
vn 0.31143187 0.58113295 0.75186081
vn 0.06893370 0.98364293 0.16641733
vn 0.07802139 0.55906902 0.82544200
vn 0.01853677 0.98040575 0.19611464
vn 0.00000015 0.97773266 0.20985434
vn 0.00000010 0.54297827 0.83974674
vn -0.07802108 0.55906907 0.82544199
vn -0.01853670 0.98040570 0.19611489
vn 0.00000013 1.00000000 0.00000000
vn 0.00000000 0.00000000 -1.00000000
vn 0.08410919 0.99645654 -0.00000019
vn 0.00000000 0.00000000 1.00000000
vn 0.08410936 0.99645653 -0.00000024
vn 0.00000000 0.00000000 1.00000000
vn 0.34904550 0.93710578 -0.00000028
vn 0.00000000 0.00000000 -1.00000000
vn 0.34904552 0.93710577 -0.00000028
vn 0.00000000 0.00000000 -1.00000000
vn 0.00000013 1.00000000 0.00000000
vn 0.00000000 0.00000000 -1.00000000
vn -0.00000013 -1.00000000 0.00000000
vn 0.00000000 0.00000000 -1.00000000
vn 0.51815065 0.85528937 -0.00000026
vn 0.79523777 0.60629769 -0.00000020
vn -0.06893286 0.98364288 0.16641799
vn -0.12915207 0.98317824 0.12915217
vn -0.16641970 0.98364273 0.06893091
vn -0.19611571 0.98040555 0.01853624
vn -0.19611581 0.98040551 -0.01853698
vn -0.82544767 0.55906076 0.07802057
vn -0.75186324 0.58113059 0.31143042
vn -0.60503278 -0.75573008 0.25061401
vn -0.57715234 0.57774548 0.57715278
vn -0.37436500 -0.74593620 0.55084483
vn -0.55084668 -0.74593357 0.37436753
vn -0.25061356 -0.75572781 0.60503581
vn -0.42197400 -0.66063151 0.62088964
vn -0.62088796 -0.66063453 0.42197175
vn -0.28608352 -0.66418079 0.69066642
vn 0.00000000 -1.00000000 0.00000000
vn -0.38268357 0.00000000 0.92387948
vn -0.00000001 -1.00000000 0.00000011
vn -0.09409869 0.00000000 0.99556287
vn -0.06841959 -0.68652788 0.72387722
vn -0.00000012 -0.70710682 0.70710674
vn 0.00000000 0.00000000 1.00000000
vn -0.00000018 -1.00000000 0.00000704
vn -0.06442244 -0.72890838 0.68157342
vn -0.31143107 0.58113331 0.75186087
vn -0.00000012 -0.70710147 0.70711209
vn 0.06442242 -0.72890838 0.68157342
vn 0.25061368 -0.75572776 0.60503581
vn 0.06841916 -0.68652801 0.72387713
vn -0.00000025 -1.00000000 0.00000093
vn 0.09409825 0.00000000 0.99556292
vn 0.28608292 -0.66418079 0.69066666
vn 0.00000000 -1.00000000 0.00000000
vn 0.38268277 0.00000000 0.92387980
vn 0.42197385 -0.66063072 0.62089058
vn 0.62088833 -0.66063475 0.42197086
vn 0.00000000 -1.00000000 0.00000000
vn 0.56209892 0.00000000 0.82707001
vn 0.82707092 0.00000000 0.56209758
vn 0.69066597 -0.66418129 0.28608343
vn 0.00000000 -1.00000000 0.00000000
vn 0.92387943 0.00000000 0.38268368
vn 0.72387739 -0.68652760 0.06842057
vn -0.00000105 -1.00000000 0.00000025
vn 0.99556275 0.00000000 0.09410004
vn 0.72387539 -0.68652977 -0.06841997
vn -0.00000218 -1.00000000 0.00000031
vn 0.99556278 0.00000000 -0.09409974
vn 0.69066475 -0.66418231 -0.28608402
vn -0.00000167 -1.00000000 0.00000045
vn 0.92387858 0.00000000 -0.38268574
vn 0.62088684 -0.66063388 -0.42197442
vn 0.42197442 -0.66063388 -0.62088684
vn 0.55084369 -0.74593237 -0.37437433
vn 0.37437073 -0.74593363 -0.55084442
vn -0.00000083 -1.00000000 0.00000080
vn 0.82706809 0.00000000 -0.56210175
vn 0.56210024 0.00000286 -0.82706911
vn 0.00000000 0.00000000 -1.00000000
vn -0.08410981 -0.99645649 0.00000026
vn 0.00000000 0.00000000 -1.00000000
vn -0.34904730 -0.93710511 0.00000032
vn -0.00000015 -1.00000000 0.00000343
vn 0.00000000 0.00000000 1.00000000
vn -0.34904730 -0.93710511 0.00000032
vn 0.00000000 0.00000000 -1.00000000
vn -0.66839206 -0.74380916 0.00000030
vn 0.00000197 0.00000465 1.00000000
vn -0.79523778 -0.60629768 0.00000028
vn -0.51815314 -0.85528786 0.00000032
vn 0.00000000 0.00000000 -1.00000000
vn -0.91292354 -0.40813064 0.00000023
vn 0.00000000 0.00000000 -1.00000000
vn -1.00000000 -0.00000004 0.00000012
vn 0.00000000 0.00000000 -1.00000000
vn -0.51815314 0.85528786 -0.00000019
vn -0.79523778 0.60629768 -0.00000009
vn 0.00000000 0.00000000 -1.00000000
vn -0.34904733 0.93710510 -0.00000024
vn -0.00000170 0.00000777 1.00000000
vn -0.66839204 0.74380917 -0.00000014
vn -0.00004353 0.00003319 1.00000000
vn -0.91292428 0.40812898 -0.00000001
vn 0.00000000 0.00000000 -1.00000000
vn -0.91292357 0.40813057 -0.00000001
vn 0.00000865 0.00000842 1.00000000
vn -1.00000000 -0.00000145 0.00000012
vn 0.00000000 0.00000000 1.00000000
vn -0.91292356 -0.40813058 0.00000023
vn 0.00000000 -1.00000000 0.00000000
vn -0.56209962 0.00000000 0.82706953
vn -0.82707021 0.00000000 0.56209862
vn 0.00000000 -1.00000000 0.00000000
vn -0.92387919 0.00000000 0.38268426
vn -0.69066593 -0.66418082 0.28608461
vn -0.72387930 -0.68652558 0.06842073
vn -0.68157059 -0.72891105 0.06442207
vn -0.82544746 0.55906109 -0.07802043
vn -0.68156861 -0.72891302 -0.06442081
vn -0.75186603 0.58112690 -0.31143057
vn -0.60502970 -0.75573418 -0.25060908
vn -0.72387739 -0.68652768 -0.06841982
vn -0.69066503 -0.66418304 -0.28608165
vn 0.00000105 -1.00000000 0.00000025
vn -0.99556275 0.00000000 0.09410004
vn -0.62088958 -0.66063230 -0.42197285
vn -0.42197331 -0.66063397 -0.62088749
vn -0.55084491 -0.74593425 -0.37436878
vn -0.37436882 -0.74593385 -0.55084542
vn -0.57715407 0.57774257 -0.57715397
vn -0.31143190 0.58112839 -0.75186433
vn -0.25061331 -0.75573019 -0.60503294
vn -0.28608460 -0.66418094 -0.69066582
vn -0.06893338 0.98364253 -0.16641985
vn -0.12915288 0.98317802 -0.12915308
vn -0.16641861 0.98364276 -0.06893312
vn 0.00000000 0.00000000 1.00000000
vn 0.66838923 0.74381170 -0.00000022
vn 0.00000000 0.00000000 -1.00000000
vn 0.91292356 0.40813057 -0.00000015
vn 0.00000000 0.00000000 1.00000000
vn 0.91292319 0.40813140 -0.00000013
vn 0.00000000 0.00000000 -1.00000000
vn 1.00000000 -0.00000004 -0.00000002
vn 0.00000000 0.00000000 -1.00000000
vn 0.66839096 -0.74381014 0.00000022
vn 0.00000000 0.00000000 -1.00000000
vn 0.91292353 -0.40813065 0.00000011
vn 0.00000000 0.00000000 1.00000000
vn 0.91292323 -0.40813133 0.00000009
vn 0.00000000 0.00000000 1.00000000
vn 1.00000000 0.00000003 -0.00000002
vn 0.00000000 0.00000000 1.00000000
vn 0.08411005 -0.99645647 0.00000074
vn 0.00000000 0.00000000 -1.00000000
vn 0.08410941 -0.99645653 0.00000034
vn 0.00000000 0.00000000 -1.00000000
vn 0.34904549 -0.93710578 0.00000044
vn 0.00000000 0.00000000 1.00000000
vn 0.34904596 -0.93710561 0.00000045
vn 0.00000000 0.00000000 1.00000000
vn 0.00000025 -1.00000000 0.00000000
vn -0.00000002 0.00000016 1.00000000
vn -0.00000017 1.00000000 0.00000003
vn 0.00000000 0.00000000 1.00000000
vn 0.79523497 -0.60630137 0.00000024
vn 0.51815065 -0.85528937 0.00000041
vn 0.00000145 -1.00000000 0.00000046
vn -0.99556278 0.00000000 -0.09409969
vn 0.00000167 -1.00000000 0.00000045
vn -0.92387906 0.00000000 -0.38268458
vn 0.00000083 -1.00000000 0.00000080
vn -0.82706951 0.00000000 -0.56209966
vn -0.56209767 -0.00000286 -0.82707086
vn 0.00000040 -1.00000000 0.00000130
vn -0.38268478 -0.00000881 -0.92387897
vn 0.00000005 -1.00000000 0.00000205
vn -0.09409998 -0.00000949 -0.99556275
vn 0.00000002 -0.00000022 -1.00000000
vn 0.00000025 -1.00000000 0.00000011
vn -0.06842023 -0.68653108 -0.72387413
vn 0.00000012 -0.70710666 -0.70710690
vn 0.00000000 0.00000000 1.00000000
vn -0.08410952 -0.99645652 0.00000030
vn 0.00000029 -1.00000000 0.00000070
vn 0.09410011 0.00000000 -0.99556274
vn 0.06842128 -0.68653016 -0.72387490
vn 0.28608229 -0.66418150 -0.69066624
vn 0.00000000 -1.00000000 0.00000000
vn 0.38268183 0.00000000 -0.92388020
vn 0.06442170 -0.72891491 -0.68156651
vn 0.06441961 0.72891346 -0.68156825
vn 0.25061274 -0.75573004 -0.60503336
vn 0.00000012 -0.70710674 -0.70710682
vn -0.06442081 -0.72891299 -0.68156864
vn -0.06442116 0.72891087 -0.68157088
vn 0.00000000 0.70710678 -0.70710678
vn -0.00000009 1.00000000 -0.00000006
vn -0.00000046 1.00000000 -0.00000252
vn -0.00000046 1.00000000 -0.00000054
vn 0.25061502 0.75572747 -0.60503562
vn 0.00000119 1.00000000 -0.00000174
vn -0.00000050 0.00000297 1.00000000
vn -0.08410974 0.99645650 -0.00000045
vn -0.00000050 0.00000095 1.00000000
vn -0.34904180 0.93710716 -0.00000036
vn 0.00000037 -0.00000096 -1.00000000
vn -0.08410960 0.99645651 -0.00000017
vn 0.00000098 1.00000000 -0.00000034
vn 0.00000068 1.00000000 -0.00000038
vn 0.00000015 1.00000000 -0.00000106
vn -0.00000127 1.00000000 -0.00000120
vn 0.46624967 0.75181104 -0.46625250
vn 0.60503466 0.75572868 -0.25061370
vn 0.60503144 -0.75573151 -0.25061293
vn 0.68156866 -0.72891298 -0.06442066
vn 0.68156846 0.72891312 -0.06442123
vn 0.68156846 -0.72891312 0.06442123
vn 0.68156861 0.72891301 0.06442085
vn 0.60503336 -0.75573004 0.25061274
vn 0.60503336 0.75573004 0.25061274
vn 0.37436785 -0.74593444 0.55084528
vn 0.55084528 -0.74593444 0.37436785
vn 0.46625107 0.75181106 0.46625107
vn 0.00000000 1.00000000 0.00000000
vn 0.00000000 1.00000000 0.00000000
vn 0.25061274 0.75573004 0.60503336
vn 0.00000000 1.00000000 0.00000000
vn 0.06442091 0.72891303 0.68156859
vn -0.00000024 1.00000000 0.00000047
vn -0.00000015 1.00000000 0.00000002
vn -0.00000012 0.70710682 0.70710674
vn -0.06442093 0.72891303 0.68156859
vn 0.00000000 1.00000000 0.00000000
vn -0.00000013 1.00000000 0.00000000
vn 0.00000000 0.00000000 -1.00000000
vn 0.08410909 0.99645655 -0.00000027
vn 0.00000000 0.00000000 1.00000000
vn 0.08410979 0.99645649 -0.00000028
vn 0.00000000 0.00000000 1.00000000
vn 0.34904592 0.93710562 -0.00000045
vn 0.00000000 0.00000000 -1.00000000
vn 0.34904553 0.93710577 -0.00000045
vn 0.00000025 0.00000000 -1.00000000
vn -0.00000013 1.00000000 0.00000000
vn 0.00000024 -0.00000016 -1.00000000
vn 0.00000013 -1.00000000 0.00000000
vn 0.00000000 0.00000000 -1.00000000
vn 0.51815065 0.85528937 -0.00000041
vn 0.79523776 0.60629771 -0.00000034
vn 0.00000000 1.00000000 0.00000000
vn 0.00000000 1.00000000 0.00000000
vn 0.00000000 1.00000000 0.00000000
vn -0.00000098 1.00000000 -0.00000034
vn -0.00000012 1.00000000 -0.00000120
vn -0.68156833 0.72891322 0.06442143
vn -0.60503378 0.75572962 0.25061298
vn -0.60503378 -0.75572962 0.25061298
vn -0.46625128 0.75181126 0.46625055
vn -0.37436810 -0.74593405 0.55084564
vn -0.55084523 -0.74593513 0.37436655
vn -0.25061262 -0.75573008 0.60503335
vn -0.42197043 -0.66063238 0.62089114
vn -0.62089170 -0.66063138 0.42197118
vn -0.28608254 -0.66418157 0.69066607
vn 0.00000000 -1.00000000 0.00000000
vn -0.38268262 0.00000000 0.92387987
vn 0.00000026 -1.00000000 0.00000075
vn -0.09410016 0.00000000 0.99556274
vn -0.06842047 -0.68652765 0.72387736
vn 0.00000012 -0.70710471 0.70710885
vn 0.00000000 0.00000000 1.00000000
vn 0.00000018 -1.00000000 0.00000000
vn -0.06442080 -0.72891299 0.68156864
vn -0.25061262 0.75573008 0.60503335
vn 0.00000012 -0.70710463 0.70710893
vn 0.06442104 -0.72891307 0.68156854
vn 0.25061274 -0.75573004 0.60503336
vn 0.06842027 -0.68652770 0.72387733
vn 0.00000000 -1.00000000 0.00000000
vn 0.09409974 0.00000000 0.99556277
vn 0.28608195 -0.66418157 0.69066631
vn 0.00000000 -1.00000000 0.00000000
vn 0.38268183 0.00000000 0.92388020
vn 0.42197029 -0.66063160 0.62089208
vn 0.62089208 -0.66063160 0.42197029
vn 0.00000000 -1.00000000 0.00000000
vn 0.56209474 0.00000000 0.82707285
vn 0.82707285 0.00000000 0.56209474
vn 0.69066606 -0.66418168 0.28608231
vn 0.00000000 -1.00000000 0.00000000
vn 0.92387998 0.00000000 0.38268236
vn 0.72387745 -0.68652752 0.06842086
vn -0.00000198 -1.00000000 0.00000045
vn 0.99556272 0.00000000 0.09410033
vn 0.72387736 -0.68652763 -0.06842052
vn 0.00000144 -1.00000000 0.00000032
vn 0.99556272 0.00000000 -0.09410030
vn 0.69066606 -0.66418168 -0.28608231
vn 0.00000000 -1.00000000 0.00000000
vn 0.92387998 0.00000000 -0.38268236
vn 0.62089208 -0.66063160 -0.42197029
vn 0.42197029 -0.66063160 -0.62089208
vn 0.55084442 -0.74593363 -0.37437073
vn 0.37436785 -0.74593444 -0.55084528
vn 0.00000000 -1.00000000 0.00000000
vn 0.82707285 0.00000000 -0.56209474
vn 0.56209474 0.00000000 -0.82707285
vn 0.00000000 0.00000000 -1.00000000
vn -0.08410981 -0.99645649 0.00000023
vn 0.00000000 0.00000000 -1.00000000
vn -0.34904731 -0.93710510 0.00000042
vn 0.00000015 -1.00000000 0.00000002
vn 0.00000000 0.00000000 1.00000000
vn -0.34904187 -0.93710713 0.00000036
vn -0.00000235 -0.00000490 -1.00000000
vn -0.66839201 -0.74380919 0.00000033
vn 0.00000197 0.00000465 1.00000000
vn -0.79523778 -0.60629768 0.00000022
vn -0.51814317 -0.85529390 0.00000031
vn 0.00000000 0.00000000 -1.00000000
vn -0.91292356 -0.40813058 0.00000027
vn -0.00000865 -0.00000842 -1.00000000
vn -1.00000000 0.00000136 0.00000011
vn 0.00000128 -0.00000754 -1.00000000
vn -0.51815314 0.85528786 -0.00000041
vn -0.79523778 0.60629768 -0.00000029
vn 0.00000000 0.00000000 -1.00000000
vn -0.34904731 0.93710510 -0.00000043
vn 0.00000609 0.00000425 1.00000000
vn -0.66838878 0.74381209 -0.00000029
vn 0.00005170 -0.00000991 1.00000000
vn -0.91292957 0.40811715 -0.00000006
vn 0.00004353 -0.00003319 -1.00000000
vn -0.91292283 0.40813222 -0.00000019
vn 0.00001677 0.00000475 1.00000000
vn -1.00000000 -0.00000118 0.00000012
vn 0.00000000 0.00000000 1.00000000
vn -0.91292846 -0.40811963 0.00000015
vn 0.00000000 -1.00000000 0.00000000
vn -0.56209545 0.00000000 0.82707237
vn -0.82707214 0.00000000 0.56209579
vn 0.00000000 -1.00000000 0.00000000
vn -0.92387974 0.00000000 0.38268294
vn -0.69066598 -0.66418156 0.28608278
vn -0.72387743 -0.68652752 0.06842089
vn -0.68156818 -0.72891333 0.06442181
vn -0.68156872 0.72891280 -0.06442210
vn -0.68156861 -0.72891301 -0.06442085
vn -0.60503551 0.75572786 -0.25061410
vn -0.60503336 -0.75573004 -0.25061274
vn -0.72387730 -0.68652775 -0.06842007
vn -0.69066594 -0.66418099 -0.28608420
vn 0.00000198 -1.00000000 0.00000045
vn -0.99556272 0.00000000 0.09410037
vn -0.62088880 -0.66063264 -0.42197347
vn -0.42197085 -0.66063262 -0.62089061
vn -0.55084492 -0.74593483 -0.37436761
vn -0.37436882 -0.74593385 -0.55084542
vn -0.46625027 0.75181132 -0.46625145
vn -0.25061542 0.75572768 -0.60503519
vn -0.25061277 -0.75573026 -0.60503307
vn -0.28608327 -0.66418423 -0.69066321
vn -0.00000119 1.00000000 -0.00000174
vn -0.00000003 1.00000000 -0.00000066
vn 0.00000056 1.00000000 -0.00000196
vn 0.00000000 0.00000000 1.00000000
vn 0.66838922 0.74381171 -0.00000035
vn 0.00000000 0.00000000 -1.00000000
vn 0.91292357 0.40813055 -0.00000025
vn 0.00000000 0.00000000 1.00000000
vn 0.91292379 0.40813006 -0.00000019
vn 0.00000000 0.00000000 -1.00000000
vn 1.00000000 -0.00000008 -0.00000003
vn 0.00000000 0.00000000 -1.00000000
vn 0.66839095 -0.74381015 0.00000035
vn 0.00000000 0.00000000 -1.00000000
vn 0.91292352 -0.40813067 0.00000019
vn 0.00000000 0.00000000 1.00000000
vn 0.91292385 -0.40812994 0.00000014
vn 0.00000000 0.00000000 1.00000000
vn 1.00000000 0.00000004 -0.00000003
vn 0.00000096 0.00000037 1.00000000
vn 0.99645564 0.08411995 -0.00000003
vn 0.00000000 0.00000000 -1.00000000
vn 0.99645640 0.08411084 0.00000011
vn 0.00000000 0.00000000 -1.00000000
vn 0.93710932 0.34903600 0.00000013
vn 0.00000000 0.00000000 1.00000000
vn 0.93710253 0.34905422 0.00000023
vn 0.00000000 0.00000025 1.00000000
vn 1.00000000 0.00000050 0.00000000
vn -0.00000000 0.00000025 1.00000000
vn -1.00000000 -0.00000039 0.00000006
vn 0.00000017 0.00000032 1.00000000
vn 0.60631072 0.79522784 0.00000005
vn 0.85529088 0.51814816 0.00000024
vn 0.00000475 -0.99556266 -0.09410098
vn 1.00000000 -0.00000049 0.00000011
vn 0.00000404 -0.92387969 -0.38268304
vn 1.00000000 0.00000000 0.00000000
vn 0.00000197 -0.82707214 -0.56209579
vn 0.00000134 -0.56209545 -0.82707237
vn 1.00000000 0.00000000 0.00000000
vn 0.00000091 -0.38268275 -0.92387981
vn 1.00000000 0.00000000 0.00000000
vn 0.00000022 -0.09410015 -0.99556274
vn 1.00000000 0.00000058 -0.00000140
vn 0.00000000 -0.00000035 -1.00000000
vn 1.00000000 0.00000052 -0.00000000
vn 0.68652701 -0.06841847 -0.72387815
vn 0.70710694 0.00000000 -0.70710662
vn 0.00000000 0.00000000 1.00000000
vn 0.99645659 -0.08410862 0.00000029
vn -0.00000045 0.09409942 -0.99556281
vn 1.00000000 0.00000058 0.00000140
vn 0.68652731 0.06842076 -0.72387765
vn 0.66418191 0.28608560 -0.69066447
vn -0.00000017 0.38268459 -0.92387905
vn 1.00000000 0.00000000 0.00000000
vn 0.72891431 0.06442366 -0.68156696
vn -0.55905676 0.07802273 -0.82545017
vn 0.75572860 0.25061796 -0.60503299
vn 0.70710662 0.00000000 -0.70710694
vn 0.72891365 -0.06441828 -0.68156817
vn -0.55906497 -0.07801995 -0.82544488
vn -0.54296975 -0.00000087 -0.83975225
vn -0.97773213 -0.00000073 -0.20985681
vn -0.98040600 -0.01853806 -0.19611327
vn -0.98040478 0.01853731 -0.19611947
vn -0.58112460 0.31143526 -0.75186587
vn -0.98364235 0.06893236 -0.16642135
vn 0.00000000 0.00000000 1.00000000
vn -0.99645644 -0.08411040 0.00000003
vn 0.00000000 0.00000000 1.00000000
vn -0.93710511 -0.34904729 -0.00000020
vn -0.00000096 -0.00000037 -1.00000000
vn -0.99645649 -0.08410987 -0.00000004
vn -0.98040612 0.19611287 0.01853619
vn -0.98040541 0.19611630 -0.01853700
vn -0.98364255 0.16641980 -0.06893324
vn -0.98317802 0.12915089 -0.12915506
vn -0.57774255 0.57715188 -0.57715618
vn -0.58112885 0.75186367 -0.31143262
vn 0.75573075 0.60503223 -0.25061332
vn 0.72891287 0.68156880 -0.06442051
vn -0.55906040 0.82544797 -0.07802000
vn 0.72891311 0.68156849 0.06442112
vn -0.55906491 0.82544492 0.07801991
vn 0.75572977 0.60503391 0.25061221
vn -0.58113286 0.75186171 0.31142986
vn 0.74593504 0.37436573 0.55084591
vn 0.74593485 0.55084571 0.37436641
vn -0.57774848 0.57715085 0.57715128
vn -0.98364333 0.16641584 0.06893163
vn -0.98317892 0.12914955 0.12914953
vn -0.58113325 0.31142948 0.75186157
vn -0.98364283 0.06892893 0.16641990
vn -0.55906130 0.07801914 0.82544744
vn -0.98040564 0.01853492 0.19611539
vn -0.97773240 -0.00000062 0.20985554
vn -0.54297066 -0.00000009 0.83975167
vn -0.55906491 -0.07802043 0.82544487
vn -0.98040588 -0.01853723 0.19611393
vn -1.00000000 -0.00000076 0.00000000
vn 0.00000000 0.00000000 -1.00000000
vn -0.99645653 0.08410940 -0.00000019
vn -0.00000297 0.00000050 1.00000000
vn -0.99645657 0.08410888 0.00000007
vn -0.00000095 0.00000050 1.00000000
vn -0.93710526 0.34904688 -0.00000026
vn 0.00000000 0.00000000 -1.00000000
vn -0.93710160 0.34905671 -0.00000032
vn 0.00000000 -0.00000025 -1.00000000
vn -1.00000000 -0.00000076 0.00000000
vn 0.00000000 -0.00000025 -1.00000000
vn 1.00000000 0.00000076 0.00000000
vn 0.00000000 0.00000000 -1.00000000
vn -0.85527789 0.51816960 -0.00000037
vn -0.60631072 0.79522784 -0.00000024
vn -0.98364292 -0.06893437 0.16641712
vn -0.98317816 -0.12915419 0.12915070
vn -0.98364268 -0.16641897 0.06893327
vn -0.98040521 -0.19611733 0.01853673
vn -0.98040545 -0.19611612 -0.01853725
vn -0.55906072 -0.82544766 0.07802097
vn -0.58112895 -0.75186336 0.31143319
vn 0.75573009 -0.60503281 0.25061391
vn -0.57774300 -0.57715562 0.57715199
vn 0.74593013 -0.37437060 0.55084924
vn 0.74593520 -0.55084377 0.37436856
vn 0.75573188 -0.25061083 0.60503185
vn 0.66063500 -0.42196668 0.62089091
vn 0.66063106 -0.62089067 0.42197318
vn 0.66418122 -0.28608182 0.69066671
vn 0.00000066 -0.38268430 0.92387917
vn 1.00000000 0.00000187 -0.00000128
vn 0.00000022 -0.09410164 0.99556260
vn 1.00000000 0.00000083 -0.00000308
vn 0.68652748 -0.06842125 0.72387744
vn 0.70710662 0.00000050 0.70710694
vn 0.00000000 0.00000035 1.00000000
vn 1.00000000 0.00000070 0.00000000
vn 0.72891283 -0.06442026 0.68156887
vn -0.58113223 -0.31143388 0.75186054
vn 0.70710686 0.00000050 0.70710670
vn 0.72891224 0.06442402 0.68156914
vn 0.75573027 0.25061422 0.60503246
vn 0.68652884 0.06842173 0.72387611
vn 0.00000000 0.09409891 0.99556285
vn 1.00000000 0.00000052 -0.00000164
vn 0.66418061 0.28608307 0.69066677
vn -0.00000050 0.38268099 0.92388054
vn 1.00000000 0.00000000 0.00000000
vn 0.66063181 0.42197086 0.62089146
vn 0.66062929 0.62089375 0.42197143
vn -0.00000268 0.56209616 0.82707189
vn -0.00000251 0.82707234 0.56209550
vn 1.00000000 0.00000000 0.00000000
vn 0.66418138 0.69066616 0.28608277
vn 0.00000000 0.92387960 0.38268326
vn 1.00000000 0.00000000 0.00000000
vn 0.68652760 0.72387740 0.06842055
vn 0.00000000 0.99556275 0.09410000
vn 1.00000000 -0.00000105 0.00000025
vn 0.68652774 0.72387730 -0.06842020
vn 0.00000000 0.99556277 -0.09409977
vn 1.00000000 0.00000098 0.00000021
vn 0.66418124 0.69066610 -0.28608325
vn 0.00000000 0.92387954 -0.38268341
vn 1.00000000 0.00000000 0.00000000
vn 0.66063252 0.62088996 -0.42197196
vn 0.66063165 0.42197726 -0.62088728
vn 0.74593363 0.55084442 -0.37437073
vn 0.74593660 0.37437122 -0.55084007
vn 0.00000000 0.82707092 -0.56209758
vn 0.00000000 0.56209892 -0.82707001
vn 1.00000000 0.00000000 0.00000000
vn 0.99645650 -0.08410970 -0.00000001
vn 0.00000297 -0.00000050 -1.00000000
vn 0.00000095 -0.00000050 -1.00000000
vn 0.93710847 -0.34903828 0.00000025
vn 1.00000000 0.00000073 -0.00000008
vn 0.00000000 0.00000000 1.00000000
vn 0.93710544 -0.34904642 0.00000030
vn 0.00000016 -0.00000037 -1.00000000
vn 0.74381631 -0.66838409 0.00000025
vn 0.00000000 0.00000000 1.00000000
vn 0.60629205 -0.79524207 0.00000031
vn 0.85528786 -0.51815314 0.00000034
vn 0.00000000 0.00000000 -1.00000000
vn 0.40813167 -0.91292308 0.00000019
vn 0.00000000 0.00000000 -1.00000000
vn 0.00000003 -1.00000000 0.00000006
vn -0.00000017 -0.00000032 -1.00000000
vn -0.85529088 -0.51814816 -0.00000014
vn -0.60629205 -0.79524207 -0.00000010
vn 0.00000000 0.00000000 -1.00000000
vn -0.93710611 -0.34904460 -0.00000019
vn 0.00000000 0.00000000 1.00000000
vn -0.74380991 -0.66839121 -0.00000011
vn 0.00000000 0.00000000 1.00000000
vn -0.40813164 -0.91292309 -0.00000002
vn 0.00000000 0.00000000 -1.00000000
vn -0.40812733 -0.91292501 -0.00000004
vn 0.00000000 0.00000000 1.00000000
vn 0.00000823 -1.00000000 0.00000010
vn 0.00000000 0.00000000 1.00000000
vn 0.40813489 -0.91292163 0.00000026
vn 0.00000000 -0.56209687 0.82707141
vn 0.00000000 -0.82707047 0.56209825
vn 1.00000000 0.00000222 0.00000197
vn 0.00000000 -0.92387928 0.38268405
vn 1.00000000 0.00000000 0.00000000
vn 0.66418121 -0.69066592 0.28608373
vn 0.68652761 -0.72387738 0.06842059
vn 0.72891330 -0.68156822 0.06442174
vn -0.55906047 -0.82544785 -0.07802068
vn 0.72891304 -0.68156858 -0.06442092
vn -0.58112760 -0.75186516 -0.31143138
vn 0.75572984 -0.60503377 -0.25061235
vn 0.68652916 -0.72387587 -0.06842099
vn 0.66418346 -0.69066432 -0.28608238
vn 0.00000002 -0.99556275 0.09410005
vn 1.00000000 0.00000053 0.00000012
vn 0.66063193 -0.62089149 -0.42197062
vn 0.66063304 -0.42197011 -0.62089066
vn 0.74593552 -0.55084487 -0.37436630
vn 0.74593387 -0.37436762 -0.55084621
vn -0.57774304 -0.57715393 -0.57715364
vn -0.58112891 -0.31143265 -0.75186361
vn 0.75572924 -0.25060970 -0.60503561
vn 0.66418271 -0.28608004 -0.69066601
vn -0.98364285 -0.06893638 -0.16641671
vn -0.98317798 -0.12915307 -0.12915319
vn -0.98364241 -0.16642054 -0.06893344
vn -0.00000016 0.00000037 1.00000000
vn -0.74380988 0.66839125 -0.00000029
vn 0.00000000 0.00000000 -1.00000000
vn -0.40813809 0.91292020 -0.00000021
vn 0.00000000 0.00000000 1.00000000
vn -0.40813166 0.91292308 -0.00000024
vn 0.00000000 0.00000000 -1.00000000
vn -0.00000596 1.00000000 -0.00000012
vn 0.00000000 0.00000000 -1.00000000
vn 0.74381827 0.66838191 0.00000013
vn 0.00000000 0.00000000 -1.00000000
vn 0.40812621 0.91292552 0.00000003
vn 0.00000000 0.00000000 1.00000000
vn 0.40813261 0.91292265 -0.00000001
vn 0.00000000 0.00000000 1.00000000
vn -0.00000602 1.00000000 -0.00000012
vn 0.00000096 0.00000037 1.00000000
vn 0.99645658 0.08410878 -0.00000003
vn 0.99645645 0.08411031 0.00000045
vn 0.00000297 0.00000050 -1.00000000
vn 0.00000095 0.00000050 -1.00000000
vn 0.93710597 0.34904497 0.00000019
vn 0.00000000 0.00000000 1.00000000
vn 0.93710643 0.34904374 0.00000018
vn -0.00000000 0.00000025 1.00000000
vn 1.00000000 0.00000076 0.00000000
vn -0.00000000 0.00000025 1.00000000
vn -1.00000000 -0.00000068 -0.00000000
vn -0.00000064 -0.00000849 1.00000000
vn 0.60629209 0.79524204 0.00000017
vn 0.85529088 0.51814816 0.00000014
vn 0.00000475 -0.99556266 -0.09410097
vn 1.00000000 -0.00000098 0.00000021
vn 0.00000404 -0.92387969 -0.38268304
vn 1.00000000 0.00000000 0.00000000
vn 0.00000197 -0.82707214 -0.56209579
vn 0.00000134 -0.56209962 -0.82706953
vn 1.00000000 0.00000000 0.00000000
vn 0.00000091 -0.38268231 -0.92388000
vn 1.00000000 0.00000000 0.00000000
vn 0.00000022 -0.09409752 -0.99556299
vn 1.00000000 0.00000058 -0.00000140
vn 0.00000000 -0.00000035 -1.00000000
vn 1.00000000 0.00000075 -0.00000016
vn 0.68652780 -0.06841626 -0.72387761
vn 0.70710662 0.00000000 -0.70710694
vn 0.00000000 0.00000000 1.00000000
vn 0.99645574 -0.08411874 0.00000012
vn -0.00000045 0.09409977 -0.99556277
vn 1.00000000 0.00000068 -0.00000269
vn 0.68652747 0.06842078 -0.72387750
vn 0.66418191 0.28608560 -0.69066447
vn -0.00000017 0.38268496 -0.92387890
vn 1.00000000 0.00000201 -0.00000078
vn 0.72891391 0.06442290 -0.68156746
vn -0.55906116 0.07802254 -0.82544721
vn 0.75572888 0.25061842 -0.60503245
vn 0.70710678 -0.00000000 -0.70710678
vn 0.72891358 -0.06441802 -0.68156828
vn -0.55906068 -0.07802030 -0.82544775
vn -0.54297171 -0.00000068 -0.83975099
vn -0.97773260 -0.00000076 -0.20985462
vn -0.98040535 -0.01853702 -0.19611661
vn -0.98040526 0.01853677 -0.19611709
vn -0.58112892 0.31143511 -0.75186259
vn -0.98364279 0.06893289 -0.16641853
vn 0.00000000 0.00000000 1.00000000
vn -0.99645649 -0.08410982 -0.00000028
vn 0.00000000 0.00000000 1.00000000
vn -0.93710613 -0.34904456 -0.00000020
vn -0.00000096 -0.00000037 -1.00000000
vn -0.99645650 -0.08410967 0.00000002
vn -0.98040521 0.19611737 0.01853665
vn -0.98040562 0.19611530 -0.01853693
vn -0.98364273 0.16641880 -0.06893301
vn -0.98317798 0.12915300 -0.12915323
vn -0.57774297 0.57715314 -0.57715450
vn -0.58112963 0.75186303 -0.31143272
vn 0.75573075 0.60503223 -0.25061332
vn 0.72891287 0.68156880 -0.06442051
vn -0.55906138 0.82544730 -0.07801999
vn 0.72891303 0.68156859 0.06442089
vn -0.55906062 0.82544784 0.07801982
vn 0.75573012 0.60503335 0.25061250
vn -0.58112865 0.75186422 0.31143166
vn 0.74593481 0.37436880 0.55084413
vn 0.74593366 0.55084600 0.37436834
vn -0.57774269 0.57715451 0.57715341
vn -0.98364258 0.16641952 0.06893338
vn -0.98317791 0.12915350 0.12915331
vn -0.58112815 0.31143253 0.75186425
vn -0.98364246 0.06893331 0.16642027
vn -0.55906027 0.07802009 0.82544805
vn -0.98040508 0.01853634 0.19611803
vn -0.97773214 -0.00000056 0.20985678
vn -0.54296987 -0.00000024 0.83975218
vn -0.55906071 -0.07802037 0.82544772
vn -0.98040550 -0.01853732 0.19611583
vn -1.00000000 -0.00000050 0.00000000
vn -0.00000096 0.00000037 -1.00000000
vn -0.99645648 0.08410999 -0.00000030
vn -0.00000297 0.00000050 1.00000000
vn -0.99645658 0.08410877 0.00000001
vn -0.00000095 0.00000050 1.00000000
vn -0.93710878 0.34903744 -0.00000026
vn 0.00000000 0.00000000 -1.00000000
vn -0.93710496 0.34904770 -0.00000032
vn 0.00000000 0.00000000 -1.00000000
vn -1.00000000 -0.00000050 0.00000000
vn 0.00000000 -0.00000000 -1.00000000
vn 1.00000000 0.00000050 0.00000000
vn -0.00000017 0.00000032 -1.00000000
vn -0.85528786 0.51815314 -0.00000037
vn -0.60631072 0.79522784 -0.00000024
vn -0.98364255 -0.06893335 0.16641975
vn -0.98317791 -0.12915336 0.12915339
vn -0.98364275 -0.16641863 0.06893310
vn -0.98040534 -0.19611670 0.01853671
vn -0.98040545 -0.19611612 -0.01853725
vn -0.55906127 -0.82544736 0.07802020
vn -0.58112946 -0.75186343 0.31143206
vn 0.75573006 -0.60503321 0.25061303
vn -0.57774290 -0.57715486 0.57715284
vn 0.74593151 -0.37436799 0.55084916
vn 0.74593472 -0.55084480 0.37436799
vn 0.75573149 -0.25061004 0.60503267
vn 0.66063456 -0.42196846 0.62089016
vn 0.66063264 -0.62088880 0.42197347
vn 0.66418068 -0.28608183 0.69066722
vn 0.00000066 -0.38268446 0.92387911
vn 1.00000000 0.00000000 0.00000000
vn 0.00000022 -0.09409995 0.99556275
vn 1.00000000 0.00000104 0.00000329
vn 0.68652776 -0.06842001 0.72387729
vn 0.70710674 0.00000037 0.70710682
vn -0.00000000 0.00000018 1.00000000
vn 1.00000000 0.00000070 0.00000000
vn 0.72891283 -0.06442026 0.68156887
vn -0.58112878 -0.31143290 0.75186361
vn 0.70710682 0.00000037 0.70710674
vn 0.72891220 0.06442367 0.68156921
vn 0.75573102 0.25061529 0.60503108
vn 0.68652845 0.06842260 0.72387639
vn 0.00000000 0.09410003 0.99556275
vn 1.00000000 0.00000000 0.00000000
vn 0.66418066 0.28608496 0.69066594
vn 0.00000000 0.38268326 0.92387960
vn 1.00000000 0.00000000 0.00000000
vn 0.66063116 0.42197207 0.62089133
vn 0.66063363 0.62088914 0.42197141
vn 0.00000000 0.56209683 0.82707143
vn 0.00000000 0.82707092 0.56209758
vn 1.00000000 0.00000000 0.00000000
vn 0.66418129 0.69066597 0.28608343
vn 0.00000000 0.92387943 0.38268368
vn 1.00000000 0.00000000 0.00000000
vn 0.68652760 0.72387739 0.06842057
vn -0.00000002 0.99556275 0.09410003
vn 1.00000000 -0.00000053 0.00000012
vn 0.68652601 0.72387892 -0.06842033
vn -0.00000475 0.99556277 -0.09409980
vn 1.00000000 0.00000049 0.00000011
vn 0.66417936 0.69066734 -0.28608459
vn -0.00000368 0.92387914 -0.38268437
vn 1.00000000 0.00000000 0.00000000
vn 0.66063259 0.62088952 -0.42197249
vn 0.66063165 0.42197726 -0.62088728
vn 0.74593363 0.55084442 -0.37437073
vn 0.74593619 0.37437266 -0.55083964
vn 0.00000000 0.82707092 -0.56209758
vn 0.00000000 0.56209892 -0.82707001
vn 1.00000000 0.00000225 0.00000166
vn 0.99645650 -0.08410972 0.00000008
vn 0.00000297 -0.00000050 -1.00000000
vn 0.00000095 -0.00000050 -1.00000000
vn 0.93710845 -0.34903832 0.00000019
vn 1.00000000 0.00000060 0.00000006
vn 0.00000000 0.00000000 1.00000000
vn 0.93710168 -0.34905650 0.00000030
vn 0.00000016 -0.00000037 -1.00000000
vn 0.74381631 -0.66838409 0.00000025
vn 0.00000000 0.00000000 1.00000000
vn 0.60631072 -0.79522784 0.00000019
vn 0.85528786 -0.51815314 0.00000034
vn 0.00000000 0.00000000 -1.00000000
vn 0.40813167 -0.91292308 0.00000019
vn 0.00000000 0.00000000 -1.00000000
vn 0.00000003 -1.00000000 0.00000006
vn -0.00000017 -0.00000032 -1.00000000
vn -0.85528091 -0.51816461 -0.00000028
vn -0.60630330 -0.79523349 -0.00000010
vn 0.00000000 0.00000000 -1.00000000
vn -0.93710277 -0.34905357 -0.00000025
vn 0.00000000 0.00000000 1.00000000
vn -0.74380872 -0.66839254 -0.00000017
vn 0.00000000 0.00000000 1.00000000
vn -0.40812742 -0.91292498 -0.00000008
vn 0.00000000 0.00000000 -1.00000000
vn -0.40813382 -0.91292211 -0.00000004
vn 0.00000000 0.00000000 1.00000000
vn -0.00000003 -1.00000000 0.00000006
vn 0.00000000 0.00000000 1.00000000
vn 0.40813809 -0.91292021 0.00000015
vn 0.00000000 -0.56209896 0.82706999
vn 0.00000000 -0.82706951 0.56209966
vn 1.00000000 0.00000000 0.00000000
vn 0.00000000 -0.92387895 0.38268484
vn 1.00000000 0.00000000 0.00000000
vn 0.66418105 -0.69066581 0.28608438
vn 0.68652761 -0.72387738 0.06842059
vn 0.72891314 -0.68156843 0.06442130
vn -0.55906072 -0.82544764 -0.07802123
vn 0.72891326 -0.68156829 -0.06442149
vn -0.58112766 -0.75186500 -0.31143162
vn 0.75572942 -0.60503419 -0.25061259
vn 0.68652916 -0.72387587 -0.06842099
vn 0.66418346 -0.69066432 -0.28608238
vn 0.00000002 -0.99556275 0.09410006
vn 1.00000000 0.00000105 0.00000025
vn 0.66063193 -0.62089149 -0.42197062
vn 0.66063440 -0.42197257 -0.62088754
vn 0.74593582 -0.55084519 -0.37436524
vn 0.74593387 -0.37436762 -0.55084621
vn -0.57774346 -0.57715456 -0.57715259
vn -0.58112968 -0.31143071 -0.75186382
vn 0.75572924 -0.25060970 -0.60503561
vn 0.66418163 -0.28608008 -0.69066703
vn -0.98364290 -0.06893214 -0.16641816
vn -0.98317793 -0.12915359 -0.12915301
vn -0.98364247 -0.16642020 -0.06893337
vn 0.00000065 -0.00000843 1.00000000
vn -0.74381536 0.66838515 -0.00000029
vn 0.00000000 0.00000000 -1.00000000
vn -0.40813262 0.91292265 -0.00000021
vn 0.00000991 -0.00005170 1.00000000
vn -0.40812459 0.91292624 -0.00000024
vn 0.00000000 0.00000000 -1.00000000
vn -0.00000826 1.00000000 -0.00000012
vn 0.00000016 0.00000037 -1.00000000
vn 0.74381661 0.66838376 0.00000010
vn 0.00000000 0.00000000 -1.00000000
vn 0.40812512 0.91292600 -0.00000001
vn -0.00000991 -0.00005170 1.00000000
vn 0.40812024 0.91292818 0.00000009
vn 0.00000000 -0.00003353 1.00000000
vn -0.00000005 1.00000000 -0.00000008
vn 0.00000000 0.00000000 1.00000000
vn 0.99645564 0.08411988 0.00000011
vn 0.99645656 0.08410897 0.00000045
vn 0.00000000 0.00000000 -1.00000000
vn 0.00000000 0.00000000 -1.00000000
vn 0.93710540 0.34904651 0.00000036
vn 0.00000000 0.00000000 1.00000000
vn 0.93710151 0.34905696 0.00000049
vn 0.00000000 0.00000000 1.00000000
vn 1.00000000 0.00000076 0.00000000
vn 0.00000000 0.00000000 1.00000000
vn -1.00000000 -0.00000073 0.00000000
vn 0.00000000 0.00000000 1.00000000
vn 0.60631071 0.79522784 0.00000029
vn 0.85528786 0.51815314 0.00000047
vn 0.00000043 -0.99556268 -0.09410078
vn 1.00000000 -0.00000096 0.00000021
vn 0.00000184 -0.92387994 -0.38268246
vn 1.00000000 0.00000000 0.00000000
vn 0.00000000 -0.82707214 -0.56209579
vn 0.00000049 -0.56209429 -0.82707316
vn 1.00000000 0.00000000 0.00000000
vn 0.00000091 -0.38268262 -0.92387987
vn 1.00000000 0.00000000 0.00000000
vn 0.00000022 -0.09410043 -0.99556271
vn 1.00000000 0.00000058 -0.00000140
vn 0.00000000 0.00000000 -1.00000000
vn 1.00000000 0.00000075 -0.00000016
vn 0.68652703 -0.06841845 -0.72387813
vn 0.70710678 0.00000050 -0.70710678
vn 0.00000000 0.00000000 1.00000000
vn 0.99645655 -0.08410915 0.00000048
vn 0.00000000 0.09410023 -0.99556273
vn 1.00000000 0.00000142 -0.00000090
vn 0.68652755 0.06842071 -0.72387742
vn 0.66418146 0.28608278 -0.69066608
vn 0.00000000 0.38268326 -0.92387961
vn 1.00000000 0.00000322 0.00000487
vn 0.72891222 0.06441875 -0.68156966
vn -0.72891285 0.06441537 -0.68156930
vn 0.75573180 0.25061153 -0.60503166
vn 0.70710678 0.00000050 -0.70710678
vn 0.72891351 -0.06441869 -0.68156829
vn -0.72891302 -0.06442097 -0.68156859
vn -0.70710678 -0.00000050 -0.70710678
vn -1.00000000 -0.00000070 0.00000000
vn -1.00000000 -0.00000171 -0.00000086
vn -1.00000000 -0.00000262 -0.00000021
vn -0.75573117 0.25060928 -0.60503338
vn -1.00000000 -0.00000307 -0.00000327
vn 0.00000000 0.00000000 1.00000000
vn -0.99645653 -0.08410934 -0.00000047
vn 0.00000000 0.00000000 1.00000000
vn -0.93710543 -0.34904643 -0.00000045
vn -0.00002659 0.00000178 -1.00000000
vn -0.99645650 -0.08410969 -0.00000084
vn -1.00000000 -0.00000242 -0.00000123
vn -1.00000000 -0.00000076 -0.00000024
vn -1.00000000 0.00000000 0.00000000
vn -1.00000000 0.00000000 0.00000000
vn -0.75181014 0.46625303 -0.46625061
vn -0.75572991 0.60503308 -0.25061381
vn 0.75572991 0.60503308 -0.25061381
vn 0.72891325 0.68156829 -0.06442150
vn -0.72891336 0.68156814 -0.06442189
vn 0.72891356 0.68156787 0.06442246
vn -0.72891345 0.68156803 0.06442207
vn 0.75572920 0.60503420 0.25061323
vn -0.75573293 0.60503097 0.25060979
vn 0.74593366 0.37436834 0.55084600
vn 0.74593582 0.55084519 0.37436524
vn -0.75181210 0.46624964 0.46625084
vn -1.00000000 -0.00000027 -0.00000359
vn -1.00000000 -0.00000339 0.00000120
vn -0.75573012 0.25061250 0.60503335
vn -1.00000000 -0.00000050 -0.00000168
vn -0.72891291 0.06442055 0.68156875
vn -1.00000000 -0.00000053 -0.00000171
vn -1.00000000 -0.00000104 -0.00000011
vn -0.70710670 -0.00000075 0.70710686
vn -0.72891322 -0.06442156 0.68156832
vn -1.00000000 -0.00000096 -0.00000189
vn -1.00000000 -0.00000101 0.00000000
vn 0.00000000 0.00000000 -1.00000000
vn -0.99645656 0.08410895 -0.00000058
vn 0.00000000 0.00000000 1.00000000
vn -0.99645656 0.08410896 -0.00000007
vn 0.00000000 0.00000000 1.00000000
vn -0.93710527 0.34904686 -0.00000045
vn 0.00000000 0.00000000 -1.00000000
vn -0.93710627 0.34904418 -0.00000042
vn 0.00000000 0.00000000 -1.00000000
vn -1.00000000 -0.00000101 0.00000000
vn 0.00000000 0.00000003 -1.00000000
vn 1.00000000 0.00000101 0.00000000
vn 0.00000081 -0.00000881 -1.00000000
vn -0.85529088 0.51814816 -0.00000035
vn -0.60630326 0.79523352 -0.00000005
vn -1.00000000 0.00000000 0.00000000
vn -1.00000000 0.00000000 0.00000000
vn -1.00000000 0.00000000 0.00000000
vn -1.00000000 -0.00000096 -0.00000038
vn -1.00000000 0.00000152 -0.00000048
vn -0.72891320 -0.68156836 0.06442136
vn -0.75572962 -0.60503378 0.25061298
vn 0.75572962 -0.60503378 0.25061298
vn -0.75181126 -0.46625128 0.46625055
vn 0.74593366 -0.37436834 0.55084600
vn 0.74593552 -0.55084487 0.37436630
vn 0.75573004 -0.25061274 0.60503336
vn 0.66063317 -0.42197024 0.62089044
vn 0.66063346 -0.62088965 0.42197093
vn 0.66418180 -0.28608247 0.69066588
vn 0.00000116 -0.38268300 0.92387971
vn 1.00000000 0.00000000 0.00000000
vn 0.00000022 -0.09410013 0.99556274
vn 1.00000000 0.00000104 0.00000300
vn 0.68652788 -0.06841990 0.72387719
vn 0.70710670 0.00000075 0.70710686
vn 0.00000000 0.00000000 1.00000000
vn 1.00000000 0.00000105 0.00000000
vn 0.72891291 -0.06442051 0.68156875
vn -0.75573004 -0.25061274 0.60503336
vn 0.70710686 0.00000075 0.70710670
vn 0.72891306 0.06442108 0.68156854
vn 0.75573012 0.25061250 0.60503335
vn 0.68652755 0.06842071 0.72387742
vn 0.00000000 0.09410005 0.99556275
vn 1.00000000 0.00000081 0.00000286
vn 0.66418146 0.28608278 0.69066608
vn 0.00000000 0.38268288 0.92387976
vn 1.00000000 0.00000088 0.00000297
vn 0.66063317 0.42197057 0.62089020
vn 0.66063116 0.62089133 0.42197207
vn 0.00000000 0.56209616 0.82707189
vn 0.00000000 0.82707143 0.56209683
vn 1.00000000 0.00000177 0.00000173
vn 0.66418144 0.69066590 0.28608326
vn 0.00000000 0.92387950 0.38268352
vn 1.00000000 0.00000345 0.00000094
vn 0.68652750 0.72387746 0.06842092
vn 0.00000000 0.99556272 0.09410032
vn 1.00000000 0.00000553 0.00000039
vn 0.68652777 0.72387728 -0.06842004
vn 0.00000000 0.99556278 -0.09409973
vn 1.00000000 0.00000202 0.00000042
vn 0.66418099 0.69066594 -0.28608420
vn 0.00000000 0.92387906 -0.38268458
vn 1.00000000 0.00000000 0.00000000
vn 0.66063208 0.62088921 -0.42197374
vn 0.66063317 0.42197057 -0.62089020
vn 0.74593501 0.55084433 -0.37436812
vn 0.74593247 0.37437258 -0.55084473
vn 0.00000000 0.82706951 -0.56209966
vn 0.00000000 0.56209616 -0.82707189
vn 1.00000000 0.00000000 0.00000000
vn 0.00000000 0.00000000 -1.00000000
vn 0.99645659 -0.08410863 0.00000112
vn 0.93710565 -0.34904583 0.00000045
vn 0.00004109 -0.00000016 -1.00000000
vn 1.00000000 0.00000103 0.00000011
vn 0.00000000 0.00000000 1.00000000
vn 0.93710612 -0.34904459 0.00000045
vn 0.00000918 -0.00000856 -1.00000000
vn 0.74380878 -0.66839247 0.00000035
vn 0.00000081 -0.00000881 1.00000000
vn 0.60630326 -0.79523352 0.00000015
vn 0.85529088 -0.51814816 0.00000041
vn 0.00000991 -0.00005170 -1.00000000
vn 0.40812906 -0.91292424 0.00000013
vn 0.00000000 -0.00003353 -1.00000000
vn 0.00000600 -1.00000000 -0.00000004
vn -0.00000900 -0.00000883 -1.00000000
vn -0.85528786 -0.51815314 -0.00000041
vn -0.60631068 -0.79522786 -0.00000015
vn -0.00006035 -0.00001026 -1.00000000
vn -0.93710494 -0.34904774 -0.00000045
vn -0.00000081 -0.00000881 1.00000000
vn -0.74381086 -0.66839016 -0.00000035
vn -0.00000991 -0.00005170 1.00000000
vn -0.40813534 -0.91292143 -0.00000025
vn -0.00000991 -0.00005170 -1.00000000
vn -0.40813422 -0.91292193 -0.00000010
vn 0.00000000 -0.00003353 1.00000000
vn 0.00000132 -1.00000000 -0.00000008
vn 0.00000991 -0.00005170 1.00000000
vn 0.40813880 -0.91291989 0.00000010
vn 0.00000268 -0.56209545 0.82707237
vn 0.00000323 -0.82707169 0.56209645
vn 1.00000000 0.00000000 0.00000000
vn 0.00000220 -0.92387978 0.38268283
vn 1.00000000 0.00000000 0.00000000
vn 0.66418224 -0.69066506 0.28608343
vn 0.68653314 -0.72387197 0.06842242
vn 0.72891703 -0.68156410 0.06442319
vn -0.72891298 -0.68156865 -0.06442085
vn 0.72891291 -0.68156874 -0.06442071
vn -0.75573128 -0.60503156 -0.25061333
vn 0.75572977 -0.60503311 -0.25061416
vn 0.68652746 -0.72387748 -0.06842114
vn 0.66418250 -0.69066528 -0.28608230
vn 0.00000235 -0.99556272 0.09410035
vn 1.00000000 0.00000132 0.00000030
vn 0.66063190 -0.62089152 -0.42197064
vn 0.66063254 -0.42196668 -0.62089353
vn 0.74593393 -0.55084473 -0.37436967
vn 0.74593208 -0.37436520 -0.55085027
vn -0.75181054 -0.46625156 -0.46625143
vn -0.75572578 -0.25061946 -0.60503589
vn 0.75573465 -0.25060993 -0.60502876
vn 0.66418600 -0.28607989 -0.69066290
vn -1.00000000 -0.00000544 -0.00000020
vn -1.00000000 0.00000000 0.00000000
vn -1.00000000 0.00000000 0.00000000
vn 0.00000000 0.00000000 1.00000000
vn -0.74380682 0.66839466 -0.00000031
vn 0.00000991 -0.00005170 -1.00000000
vn -0.40813222 0.91292283 0.00000001
vn 0.00000000 0.00000000 1.00000000
vn -0.40812744 0.91292497 -0.00000006
vn 0.00000000 -0.00003353 -1.00000000
vn -0.00000227 1.00000000 0.00000012
vn -0.00000081 -0.00000881 -1.00000000
vn 0.74381060 0.66839045 0.00000043
vn -0.00000991 -0.00005170 -1.00000000
vn 0.40813022 0.91292372 0.00000028
vn 0.00000000 0.00000000 1.00000000
vn 0.40813259 0.91292266 0.00000019
vn 0.00000000 0.00000000 1.00000000
vn -0.00000600 1.00000000 0.00000008
vn 0.00000000 0.00000000 1.00000000
vn 0.99645650 0.08410969 -0.00000001
vn 0.00000000 0.00000000 -1.00000000
vn 0.99645656 0.08410902 0.00000076
vn 0.00000000 0.00000000 -1.00000000
vn 0.93710206 0.34905547 0.00000052
vn 0.00000000 0.00000000 1.00000000
vn 0.93710610 0.34904464 0.00000040
vn 0.00000000 0.00000000 1.00000000
vn 1.00000000 0.00000076 0.00000000
vn 0.00000000 0.00000001 1.00000000
vn -1.00000000 -0.00000071 0.00000028
vn -0.00000384 0.00000683 1.00000000
vn 0.60629947 0.79523641 0.00000029
vn 0.85529088 0.51814816 0.00000027
vn 0.00000043 -0.99556268 -0.09410078
vn 1.00000000 -0.00000202 0.00000042
vn 0.00000184 -0.92387994 -0.38268246
vn 1.00000000 0.00000000 0.00000000
vn 0.00000000 -0.82707214 -0.56209579
vn 0.00000049 -0.56209429 -0.82707316
vn 1.00000000 0.00000000 0.00000000
vn 0.00000100 -0.38268253 -0.92387990
vn 1.00000000 0.00000000 0.00000000
vn 0.00000045 -0.09410055 -0.99556270
vn 1.00000000 0.00000116 -0.00000280
vn 0.00000000 0.00000000 -1.00000000
vn 1.00000000 0.00000078 -0.00000006
vn 0.68652712 -0.06841830 -0.72387807
vn 0.70710678 0.00000050 -0.70710678
vn 0.00000000 0.00000000 1.00000000
vn 0.99645660 -0.08410855 0.00000042
vn 0.00000000 0.09410005 -0.99556275
vn 1.00000000 0.00000058 0.00000140
vn 0.68652826 0.06842261 -0.72387657
vn 0.66418063 0.28608487 -0.69066601
vn 0.00000000 0.38268288 -0.92387976
vn 1.00000000 0.00000000 0.00000000
vn 0.72891240 0.06442361 -0.68156901
vn -0.72891377 0.06441796 -0.68156807
vn 0.75573087 0.25061503 -0.60503137
vn 0.70710678 0.00000050 -0.70710678
vn 0.72891351 -0.06441869 -0.68156829
vn -0.72891310 -0.06442123 -0.68156848
vn -0.70710662 -0.00000050 -0.70710694
vn -1.00000000 -0.00000070 0.00000000
vn -1.00000000 -0.00000078 0.00000104
vn -1.00000000 -0.00000223 0.00000031
vn -0.75572950 0.25061024 -0.60503507
vn -1.00000000 -0.00000307 -0.00000327
vn 0.00000000 0.00000000 1.00000000
vn -0.99645646 -0.08411019 -0.00000031
vn 0.00000000 0.00000000 1.00000000
vn -0.93710511 -0.34904728 -0.00000045
vn 0.00000000 0.00000000 -1.00000000
vn -0.99645642 -0.08411060 -0.00000084
vn -1.00000000 -0.00000242 -0.00000123
vn -1.00000000 -0.00000076 -0.00000024
vn -1.00000000 0.00000000 0.00000000
vn -1.00000000 0.00000000 0.00000000
vn -0.75181146 0.46625149 -0.46625002
vn -0.75572920 0.60503420 -0.25061323
vn 0.75572920 0.60503420 -0.25061323
vn 0.72891345 0.68156803 -0.06442207
vn -0.72891353 0.68156792 -0.06442233
vn 0.72891353 0.68156792 0.06442233
vn -0.72891345 0.68156803 0.06442207
vn 0.75572920 0.60503420 0.25061323
vn -0.75573293 0.60503097 0.25060979
vn 0.74593366 0.37436834 0.55084600
vn 0.74593582 0.55084519 0.37436524
vn -0.75181210 0.46624964 0.46625084
vn -1.00000000 -0.00000027 -0.00000359
vn -1.00000000 -0.00000339 0.00000120
vn -0.75573012 0.25061250 0.60503335
vn -1.00000000 -0.00000050 -0.00000168
vn -0.72891291 0.06442055 0.68156875
vn -1.00000000 -0.00000053 -0.00000171
vn -1.00000000 -0.00000073 -0.00000008
vn -0.70710678 -0.00000050 0.70710678
vn -0.72891310 -0.06442119 0.68156848
vn -1.00000000 -0.00000048 -0.00000095
vn -1.00000000 -0.00000076 0.00000000
vn 0.00000000 0.00000000 -1.00000000
vn -0.99645745 0.08409841 -0.00000048
vn 0.00000000 0.00000000 1.00000000
vn -0.99645650 0.08410971 0.00000005
vn 0.00004109 -0.00000016 1.00000000
vn -0.93710999 0.34903418 -0.00000031
vn 0.00000000 0.00000000 -1.00000000
vn -0.93711005 0.34903402 -0.00000028
vn 0.00000000 0.00000000 -1.00000000
vn -1.00000000 -0.00000076 0.00000000
vn 0.00000000 0.00000000 -1.00000000
vn 1.00000000 0.00000076 0.00000000
vn 0.00000000 0.00000000 -1.00000000
vn -0.85529088 0.51814816 -0.00000035
vn -0.60629202 0.79524209 -0.00000019
vn -1.00000000 0.00000000 0.00000000
vn -1.00000000 0.00000000 0.00000000
vn -1.00000000 -0.00000503 -0.00000295
vn -1.00000000 -0.00000313 -0.00000071
vn -1.00000000 0.00000071 -0.00000032
vn -0.72890870 -0.68157317 0.06442137
vn -0.75572920 -0.60503519 0.25061085
vn 0.75572984 -0.60503377 0.25061235
vn -0.75181126 -0.46625128 0.46625055
vn 0.74593366 -0.37436834 0.55084600
vn 0.74593552 -0.55084487 0.37436630
vn 0.75573008 -0.25061262 0.60503335
vn 0.66063327 -0.42197053 0.62089013
vn 0.66063231 -0.62089049 0.42197150
vn 0.66418180 -0.28608247 0.69066588
vn 0.00000091 -0.38268315 0.92387965
vn 1.00000000 0.00000000 0.00000000
vn 0.00000022 -0.09410013 0.99556274
vn 1.00000000 0.00000104 0.00000300
vn 0.68652788 -0.06841990 0.72387719
vn 0.70710670 0.00000075 0.70710686
vn 0.00000000 0.00000000 1.00000000
vn 1.00000000 0.00000070 0.00000000
vn 0.72891287 -0.06442040 0.68156880
vn -0.75573008 -0.25061262 0.60503335
vn 0.70710686 0.00000075 0.70710670
vn 0.72891306 0.06442108 0.68156854
vn 0.75573012 0.25061250 0.60503335
vn 0.68652755 0.06842071 0.72387742
vn 0.00000000 0.09410003 0.99556275
vn 1.00000000 0.00000029 0.00000436
vn 0.66418146 0.28608278 0.69066608
vn 0.00000000 0.38268288 0.92387976
vn 1.00000000 0.00000088 0.00000297
vn 0.66063317 0.42197057 0.62089020
vn 0.66063116 0.62089133 0.42197207
vn 0.00000000 0.56209616 0.82707189
vn 0.00000000 0.82707143 0.56209683
vn 1.00000000 0.00000177 0.00000173
vn 0.66418144 0.69066590 0.28608326
vn 0.00000000 0.92387950 0.38268352
vn 1.00000000 0.00000345 0.00000094
vn 0.68652754 0.72387743 0.06842081
vn 0.00000000 0.99556272 0.09410032
vn 1.00000000 0.00000553 0.00000039
vn 0.68652761 0.72387738 -0.06842058
vn 0.00000033 0.99556274 -0.09410010
vn 1.00000000 0.00000202 0.00000042
vn 0.66418268 0.69066531 -0.28608180
vn 0.00000266 0.92387904 -0.38268462
vn 1.00000000 0.00000000 0.00000000
vn 0.66063198 0.62088981 -0.42197302
vn 0.66063317 0.42197057 -0.62089020
vn 0.74593582 0.55084519 -0.37436524
vn 0.74593366 0.37436834 -0.55084600
vn 0.00000000 0.82706951 -0.56209966
vn 0.00000000 0.56209616 -0.82707189
vn 1.00000000 0.00000000 0.00000000
vn 0.00000000 0.00000000 -1.00000000
vn 0.99645666 -0.08410778 0.00000128
vn 0.00000000 0.00000000 -1.00000000
vn 0.93710543 -0.34904643 0.00000045
vn 1.00000000 0.00000073 0.00000014
vn 0.00000000 0.00000000 1.00000000
vn 0.93710875 -0.34903751 0.00000034
vn 0.00000000 0.00000000 -1.00000000
vn 0.74380683 -0.66839465 0.00000028
vn 0.00000081 -0.00000881 1.00000000
vn 0.60629202 -0.79524209 0.00000014
vn 0.85529783 -0.51813668 0.00000020
vn 0.00000000 0.00000000 -1.00000000
vn 0.40813494 -0.91292161 0.00000012
vn 0.00000000 0.00000000 -1.00000000
vn 0.00000834 -1.00000000 0.00000000
vn 0.00000000 0.00000000 -1.00000000
vn -0.85528786 -0.51815314 -0.00000041
vn -0.60629944 -0.79523643 -0.00000029
vn 0.00000000 0.00000000 -1.00000000
vn -0.93710510 -0.34904732 -0.00000045
vn -0.00000081 -0.00000881 1.00000000
vn -0.74381086 -0.66839016 -0.00000035
vn -0.00000991 -0.00005170 1.00000000
vn -0.40813328 -0.91292235 -0.00000019
vn 0.00000000 0.00000000 -1.00000000
vn -0.40813156 -0.91292312 -0.00000019
vn 0.00000000 -0.00003353 1.00000000
vn 0.00000595 -1.00000000 -0.00000002
vn 0.00000991 -0.00005170 1.00000000
vn 0.40813441 -0.91292185 0.00000010
vn 0.00000134 -0.56209616 0.82707189
vn 0.00000197 -0.82707143 0.56209683
vn 1.00000000 0.00000000 0.00000000
vn 0.00000220 -0.92387939 0.38268378
vn 1.00000000 0.00000799 0.00000301
vn 0.66418225 -0.69066520 0.28608307
vn 0.68652837 -0.72387664 0.06842088
vn 0.72891313 -0.68156844 0.06442132
vn -0.72891336 -0.68156815 -0.06442185
vn 0.72891325 -0.68156829 -0.06442158
vn -0.75573016 -0.60503311 -0.25061299
vn 0.75572864 -0.60503466 -0.25061382
vn 0.68652750 -0.72387745 -0.06842102
vn 0.66418250 -0.69066528 -0.28608230
vn 0.00000235 -0.99556270 0.09410053
vn 1.00000000 -0.00000369 0.00000081
vn 0.66063190 -0.62089152 -0.42197064
vn 0.66063254 -0.42196668 -0.62089353
vn 0.74593504 -0.55084591 -0.37436573
vn 0.74593208 -0.37436520 -0.55085027
vn -0.75181128 -0.46625173 -0.46625007
vn -0.75573030 -0.25061265 -0.60503307
vn 0.75573465 -0.25060993 -0.60502876
vn 0.66418598 -0.28607981 -0.69066297
vn -1.00000000 0.00000000 0.00000000
vn -1.00000000 0.00000000 0.00000000
vn -1.00000000 0.00000000 0.00000000
vn 0.00000346 0.00000259 1.00000000
vn -0.74381604 0.66838439 -0.00000017
vn 0.00000000 0.00000000 -1.00000000
vn -0.40812730 0.91292503 -0.00000009
vn 0.00000000 0.00000000 1.00000000
vn -0.40812743 0.91292497 -0.00000009
vn 0.00000000 0.00000000 -1.00000000
vn 0.00000006 1.00000000 0.00000012
vn 0.00000000 0.00000000 -1.00000000
vn 0.74380516 0.66839651 0.00000039
vn 0.00000000 0.00000000 -1.00000000
vn 0.40813386 0.91292209 0.00000023
vn 0.00000991 0.00005170 1.00000000
vn 0.40812770 0.91292485 0.00000019
vn -0.00000475 0.00001677 1.00000000
vn -0.00000601 1.00000000 0.00000006
vn 0.00000000 0.00000000 1.00000000
vn 0.99645568 0.08411943 0.00000010
vn 0.00000000 0.00000000 -1.00000000
vn 0.99645649 0.08410989 0.00000046
vn 0.00000000 0.00000000 -1.00000000
vn 0.93710509 0.34904735 0.00000034
vn 0.00000000 0.00000000 1.00000000
vn 0.93710166 0.34905655 0.00000045
vn 0.00000000 0.00000000 1.00000000
vn 1.00000000 0.00000076 0.00000000
vn 0.00000000 0.00000000 1.00000000
vn -1.00000000 -0.00000073 -0.00000000
vn 0.00000000 0.00000000 1.00000000
vn 0.60630334 0.79523346 0.00000029
vn 0.85528786 0.51815314 0.00000041
vn 0.00000000 -0.99556273 -0.09410022
vn 1.00000000 -0.00000096 0.00000021
vn 0.00000000 -0.92387998 -0.38268236
vn 1.00000000 0.00000000 0.00000000
vn 0.00000000 -0.82707285 -0.56209474
vn 0.00000097 -0.56209526 -0.82707250
vn 1.00000000 0.00000000 0.00000000
vn 0.00000339 -0.38268458 -0.92387906
vn 1.00000000 0.00000000 0.00000000
vn 0.00000949 -0.09410294 -0.99556247
vn 1.00000000 0.00000058 -0.00000140
vn 0.00000022 0.00000002 -1.00000000
vn 1.00000000 0.00000075 -0.00000016
vn 0.68652986 -0.06841960 -0.72387534
vn 0.70710662 0.00000050 -0.70710694
vn 0.00000000 0.00000000 1.00000000
vn 0.99645655 -0.08410915 0.00000048
vn -0.00000045 0.09410002 -0.99556275
vn 1.00000000 0.00000142 -0.00000090
vn 0.68652753 0.06842097 -0.72387742
vn 0.66418073 0.28608344 -0.69066651
vn -0.00000182 0.38268247 -0.92387993
vn 1.00000000 0.00000322 0.00000487
vn 0.72891314 0.06442130 -0.68156843
vn -0.72891378 0.06441792 -0.68156807
vn 0.75572977 0.25061221 -0.60503391
vn 0.70710678 0.00000050 -0.70710678
vn 0.72891355 -0.06441880 -0.68156823
vn -0.72891306 -0.06442108 -0.68156854
vn -0.70710678 -0.00000050 -0.70710678
vn -1.00000000 -0.00000070 0.00000000
vn -1.00000000 -0.00000171 -0.00000086
vn -1.00000000 -0.00000262 -0.00000021
vn -0.75572914 0.25060995 -0.60503563
vn -1.00000000 -0.00000307 -0.00000327
vn 0.00000000 0.00000000 1.00000000
vn -0.99645645 -0.08411026 -0.00000048
vn 0.00000000 0.00000000 1.00000000
vn -0.93710613 -0.34904457 -0.00000049
vn 0.00000000 0.00000000 -1.00000000
vn -0.99645643 -0.08411060 -0.00000085
vn -1.00000000 -0.00000242 -0.00000123
vn -1.00000000 -0.00000076 -0.00000024
vn -1.00000000 0.00000000 0.00000000
vn -1.00000000 0.00000000 0.00000000
vn -0.75181119 0.46625020 -0.46625174
vn -0.75573045 0.60503313 -0.25061206
vn 0.75573035 0.60503305 -0.25061254
vn 0.72891409 0.68156759 -0.06441954
vn -0.72891088 0.68157099 -0.06441980
vn 0.72891402 0.68156728 0.06442350
vn -0.72891391 0.68156744 0.06442312
vn 0.75572876 0.60503423 0.25061449
vn -0.75573249 0.60503100 0.25061106
vn 0.74593444 0.37436785 0.55084528
vn 0.74593504 0.55084591 0.37436573
vn -0.75181210 0.46624964 0.46625084
vn -1.00000000 -0.00000027 -0.00000359
vn -1.00000000 -0.00000339 0.00000120
vn -0.75573012 0.25061250 0.60503335
vn -1.00000000 -0.00000050 -0.00000168
vn -0.72891291 0.06442055 0.68156875
vn -1.00000000 -0.00000053 -0.00000171
vn -1.00000000 -0.00000104 -0.00000011
vn -0.70710670 -0.00000075 0.70710686
vn -0.72891322 -0.06442156 0.68156832
vn -1.00000000 -0.00000096 -0.00000189
vn -1.00000000 -0.00000101 -0.00000000
vn 0.00000000 0.00000000 -1.00000000
vn -0.99645645 0.08411031 -0.00000060
vn 0.00000000 0.00000000 1.00000000
vn -0.99645660 0.08410850 -0.00000007
vn 0.00000000 0.00000000 1.00000000
vn -0.93710542 0.34904646 -0.00000051
vn 0.00000000 0.00000000 -1.00000000
vn -0.93710681 0.34904273 -0.00000047
vn 0.00000000 0.00000000 -1.00000000
vn -1.00000000 -0.00000101 -0.00000000
vn 0.00000000 0.00000000 -1.00000000
vn 1.00000000 0.00000101 0.00000000
vn 0.00000353 -0.00000779 -1.00000000
vn -0.85529390 0.51814317 -0.00000041
vn -0.60630334 0.79523346 -0.00000029
vn -1.00000000 0.00000000 0.00000000
vn -1.00000000 0.00000000 0.00000000
vn -1.00000000 0.00000000 0.00000000
vn -1.00000000 -0.00000096 -0.00000038
vn -1.00000000 0.00000152 -0.00000048
vn -0.72891253 -0.68156923 0.06441974
vn -0.75573088 -0.60503251 0.25061226
vn 0.75573088 -0.60503251 0.25061226
vn -0.75181040 -0.46625137 0.46625184
vn 0.74593404 -0.37436929 0.55084485
vn 0.74593385 -0.55084464 0.37436997
vn 0.75573031 -0.25061327 0.60503280
vn 0.66063185 -0.42197055 0.62089163
vn 0.66063458 -0.62088884 0.42197038
vn 0.66418152 -0.28608296 0.69066595
vn 0.00000050 -0.38268286 0.92387977
vn 1.00000000 0.00000000 0.00000000
vn 0.00000000 -0.09410027 0.99556272
vn 1.00000000 0.00000104 0.00000300
vn 0.68652774 -0.06842023 0.72387729
vn 0.70710670 0.00000075 0.70710686
vn 0.00000000 0.00000000 1.00000000
vn 1.00000000 0.00000105 0.00000000
vn 0.72891291 -0.06442051 0.68156875
vn -0.75573031 -0.25061327 0.60503280
vn 0.70710686 0.00000075 0.70710670
vn 0.72891306 0.06442108 0.68156854
vn 0.75573012 0.25061250 0.60503335
vn 0.68652739 0.06842093 0.72387756
vn -0.00000045 0.09409977 0.99556277
vn 1.00000000 0.00000081 0.00000286
vn 0.66418079 0.28608340 0.69066647
vn -0.00000182 0.38268236 0.92387998
vn 1.00000000 0.00000088 0.00000297
vn 0.66063186 0.42197122 0.62089116
vn 0.66062929 0.62089375 0.42197143
vn -0.00000268 0.56209616 0.82707189
vn -0.00000394 0.82707285 0.56209474
vn 1.00000000 0.00000177 0.00000173
vn 0.66418034 0.69066680 0.28608363
vn -0.00000441 0.92387931 0.38268396
vn 1.00000000 0.00000345 0.00000094
vn 0.68652544 0.72387930 0.06842211
vn -0.00000469 0.99556258 0.09410176
vn 1.00000000 0.00000553 0.00000039
vn 0.68652765 0.72387735 -0.06842047
vn 0.00000033 0.99556274 -0.09410010
vn 1.00000000 0.00000202 0.00000042
vn 0.66418268 0.69066531 -0.28608180
vn 0.00000266 0.92387904 -0.38268462
vn 1.00000000 0.00000000 0.00000000
vn 0.66063087 0.62089062 -0.42197357
vn 0.66063475 0.42197086 -0.62088833
vn 0.74593578 0.55084361 -0.37436763
vn 0.74593329 0.37436739 -0.55084715
vn 0.00000000 0.82706951 -0.56209966
vn -0.00000097 0.56209706 -0.82707127
vn 1.00000000 0.00000000 0.00000000
vn 0.00000000 0.00000000 -1.00000000
vn 0.99645659 -0.08410863 0.00000112
vn 0.00000000 0.00000000 -1.00000000
vn 0.93710277 -0.34905357 0.00000045
vn 1.00000000 0.00000103 0.00000011
vn 0.00000000 0.00000000 1.00000000
vn 0.93710609 -0.34904465 0.00000034
vn 0.00000000 0.00000000 -1.00000000
vn 0.74380710 -0.66839435 0.00000028
vn 0.00000000 0.00000000 1.00000000
vn 0.60631071 -0.79522784 0.00000005
vn 0.85529088 -0.51814816 0.00000020
vn 0.00000000 0.00000000 -1.00000000
vn 0.40813391 -0.91292208 0.00000006
vn 0.00000000 0.00000000 -1.00000000
vn 0.00000006 -1.00000000 -0.00000012
vn 0.00000000 0.00000000 -1.00000000
vn -0.85529088 -0.51814816 -0.00000047
vn -0.60630334 -0.79523346 -0.00000038
vn 0.00000000 0.00000000 -1.00000000
vn -0.93710612 -0.34904458 -0.00000049
vn 0.00000000 0.00000000 1.00000000
vn -0.74381349 -0.66838723 -0.00000043
vn 0.00000000 0.00000000 1.00000000
vn -0.40813391 -0.91292207 -0.00000030
vn 0.00000000 0.00000000 -1.00000000
vn -0.40813380 -0.91292212 -0.00000030
vn 0.00000000 0.00000000 1.00000000
vn -0.00000234 -1.00000000 -0.00000014
vn 0.00000000 0.00000000 1.00000000
vn 0.40813598 -0.91292115 -0.00000001
vn 0.00000268 -0.56209474 0.82707285
vn 0.00000394 -0.82707143 0.56209683
vn 1.00000000 0.00000000 0.00000000
vn 0.00000354 -0.92388037 0.38268142
vn 1.00000000 0.00000000 0.00000000
vn 0.66418264 -0.69066501 0.28608262
vn 0.68653290 -0.72387236 0.06842068
vn 0.72891636 -0.68156497 0.06442156
vn -0.72891562 -0.68156558 -0.06442338
vn 0.72891220 -0.68156930 -0.06442287
vn -0.75572911 -0.60503412 -0.25061371
vn 0.75572920 -0.60503420 -0.25061323
vn 0.68652760 -0.72387740 -0.06842052
vn 0.66418168 -0.69066606 -0.28608231
vn 0.00000000 -0.99556299 0.09409743
vn 1.00000000 0.00000132 0.00000030
vn 0.66063160 -0.62089208 -0.42197029
vn 0.66063277 -0.42196710 -0.62089300
vn 0.74593504 -0.55084591 -0.37436573
vn 0.74593229 -0.37436448 -0.55085049
vn -0.75181145 -0.46625211 -0.46624942
vn -0.75572561 -0.25061932 -0.60503617
vn 0.75573448 -0.25060978 -0.60502904
vn 0.66418618 -0.28608012 -0.69066264
vn -1.00000000 -0.00000544 -0.00000020
vn -1.00000000 0.00000000 0.00000000
vn -1.00000000 0.00000000 0.00000000
vn 0.00000000 0.00000000 1.00000000
vn -0.74381158 0.66838936 -0.00000042
vn 0.00004310 -0.00009523 -0.99999999
vn -0.40813386 0.91292209 -0.00000019
vn 0.00000000 0.00000000 1.00000000
vn -0.40813183 0.91292300 -0.00000017
vn 0.00000000 -0.00001624 -1.00000000
vn -0.00000225 1.00000000 -0.00000002
vn -0.00000353 -0.00000779 -1.00000000
vn 0.74381060 0.66839044 0.00000035
vn -0.00004310 -0.00009523 -0.99999999
vn 0.40813189 0.91292297 0.00000017
vn 0.00000000 0.00000000 1.00000000
vn 0.40813380 0.91292212 0.00000019
vn 0.00000000 0.00000000 1.00000000
vn 0.00000225 1.00000000 0.00000002
vn 0.00000000 0.00000000 1.00000000
vn 0.99645658 0.08410879 -0.00000003
vn 0.00000000 0.00000000 -1.00000000
vn 0.99645648 0.08410993 0.00000076
vn 0.00000000 0.00000000 -1.00000000
vn 0.93710176 0.34905629 0.00000046
vn 0.00000000 0.00000000 1.00000000
vn 0.93710408 0.34905005 0.00000038
vn 0.00000000 0.00000000 1.00000000
vn 1.00000000 0.00000076 0.00000000
vn 0.00000000 -0.00000002 1.00000000
vn -1.00000000 -0.00000071 0.00000028
vn -0.00000384 0.00000683 1.00000000
vn 0.60630334 0.79523346 0.00000010
vn 0.85528393 0.51815963 0.00000028
vn 0.00000000 -0.99556273 -0.09410022
vn 1.00000000 -0.00000202 0.00000042
vn 0.00000000 -0.92387998 -0.38268236
vn 1.00000000 0.00000000 0.00000000
vn 0.00000000 -0.82707285 -0.56209474
vn 0.00000097 -0.56209526 -0.82707250
vn 1.00000000 0.00000000 0.00000000
vn 0.00000166 -0.38268358 -0.92387947
vn 1.00000000 0.00000000 0.00000000
vn 0.00000000 -0.09409999 -0.99556275
vn 1.00000000 0.00000116 -0.00000280
vn 0.00000000 0.00000000 -1.00000000
vn 1.00000000 0.00000075 -0.00000029
vn 0.68652701 -0.06841842 -0.72387816
vn 0.70710678 0.00000050 -0.70710678
vn -0.00001966 -0.00000434 1.00000000
vn 0.99645667 -0.08410773 0.00000033
vn -0.00000045 0.09409964 -0.99556278
vn 1.00000000 0.00000084 -0.00000230
vn 0.68652816 0.06842262 -0.72387667
vn 0.66417990 0.28608553 -0.69066644
vn -0.00000182 0.38268247 -0.92387993
vn 1.00000000 0.00000322 0.00000487
vn 0.72891248 0.06442384 -0.68156890
vn -0.72891385 0.06441818 -0.68156797
vn 0.75573051 0.25061474 -0.60503193
vn 0.70710678 0.00000050 -0.70710678
vn 0.72891355 -0.06441880 -0.68156823
vn -0.72891314 -0.06442134 -0.68156843
vn -0.70710662 -0.00000050 -0.70710694
vn -1.00000000 -0.00000070 0.00000000
vn -1.00000000 -0.00000078 0.00000104
vn -1.00000000 -0.00000223 0.00000031
vn -0.75572914 0.25060995 -0.60503563
vn -1.00000000 -0.00000307 -0.00000327
vn 0.00013024 0.00000000 0.99999999
vn -0.99645651 -0.08410961 -0.00000032
vn 0.00000698 -0.00000047 1.00000000
vn -0.93710659 -0.34904331 -0.00000046
vn 0.00000000 0.00000000 -1.00000000
vn -0.99645650 -0.08410969 -0.00000084
vn -1.00000000 -0.00000242 -0.00000123
vn -1.00000000 -0.00000076 -0.00000024
vn -1.00000000 0.00000000 0.00000000
vn -1.00000000 0.00000000 0.00000000
vn -0.75181119 0.46625020 -0.46625174
vn -0.75573045 0.60503313 -0.25061206
vn 0.75573035 0.60503305 -0.25061254
vn 0.72891412 0.68156754 -0.06441967
vn -0.72891088 0.68157099 -0.06441980
vn 0.72891399 0.68156733 0.06442338
vn -0.72891391 0.68156744 0.06442312
vn 0.75572876 0.60503423 0.25061449
vn -0.75573249 0.60503100 0.25061106
vn 0.74593404 0.37436929 0.55084485
vn 0.74593504 0.55084591 0.37436573
vn -0.75181183 0.46625036 0.46625056
vn -1.00000000 -0.00000027 -0.00000359
vn -1.00000000 -0.00000339 0.00000120
vn -0.75573048 0.25061279 0.60503279
vn -1.00000000 -0.00000050 -0.00000168
vn -0.72891283 0.06442033 0.68156886
vn -1.00000000 -0.00000053 -0.00000171
vn -1.00000000 -0.00000073 -0.00000008
vn -0.70710678 -0.00000050 0.70710678
vn -0.72891306 -0.06442108 0.68156854
vn -1.00000000 -0.00000048 -0.00000095
vn -1.00000000 -0.00000076 -0.00000000
vn 0.00000000 0.00000000 -1.00000000
vn -0.99645749 0.08409795 -0.00000049
vn 0.00000000 0.00000000 1.00000000
vn -0.99645658 0.08410880 0.00000005
vn 0.00004109 -0.00000016 1.00000000
vn -0.93710929 0.34903607 -0.00000034
vn 0.00000000 0.00000000 -1.00000000
vn -0.93710920 0.34903631 -0.00000033
vn 0.00000000 0.00000000 -1.00000000
vn -1.00000000 -0.00000076 -0.00000000
vn 0.00000000 0.00000000 -1.00000000
vn 1.00000000 0.00000076 0.00000000
vn 0.00000000 0.00000000 -1.00000000
vn -0.85528786 0.51815314 -0.00000041
vn -0.60629202 0.79524209 -0.00000029
vn -1.00000000 0.00000000 0.00000000
vn -1.00000000 0.00000000 0.00000000
vn -1.00000000 -0.00000503 -0.00000295
vn -1.00000000 -0.00000313 -0.00000071
vn -1.00000000 0.00000071 -0.00000032
vn -0.72890827 -0.68157374 0.06442023
vn -0.75573024 -0.60503393 0.25061076
vn 0.75573088 -0.60503251 0.25061226
vn -0.75181040 -0.46625137 0.46625184
vn 0.74593404 -0.37436929 0.55084485
vn 0.74593385 -0.55084464 0.37436997
vn 0.75573039 -0.25061303 0.60503279
vn 0.66063185 -0.42197055 0.62089163
vn 0.66063458 -0.62088884 0.42197038
vn 0.66418146 -0.28608278 0.69066608
vn 0.00000050 -0.38268260 0.92387988
vn 1.00000000 0.00000000 0.00000000
vn 0.00000000 -0.09409999 0.99556275
vn 1.00000000 0.00000104 0.00000300
vn 0.68652780 -0.06842001 0.72387726
vn 0.70710670 0.00000075 0.70710686
vn 0.00000000 0.00000000 1.00000000
vn 1.00000000 0.00000070 0.00000000
vn 0.72891283 -0.06442029 0.68156886
vn -0.75573039 -0.25061303 0.60503279
vn 0.70710686 0.00000075 0.70710670
vn 0.72891298 0.06442086 0.68156864
vn 0.75573048 0.25061279 0.60503279
vn 0.68652739 0.06842093 0.72387756
vn -0.00000045 0.09409975 0.99556277
vn 1.00000000 0.00000029 0.00000436
vn 0.66418079 0.28608340 0.69066647
vn -0.00000182 0.38268236 0.92387998
vn 1.00000000 0.00000088 0.00000297
vn 0.66063186 0.42197122 0.62089116
vn 0.66062929 0.62089375 0.42197143
vn -0.00000268 0.56209616 0.82707189
vn -0.00000394 0.82707285 0.56209474
vn 1.00000000 0.00000177 0.00000173
vn 0.66418034 0.69066680 0.28608363
vn -0.00000441 0.92387931 0.38268396
vn 1.00000000 0.00000345 0.00000094
vn 0.68652548 0.72387927 0.06842199
vn -0.00000469 0.99556258 0.09410176
vn 1.00000000 0.00000553 0.00000039
vn 0.68652761 0.72387738 -0.06842058
vn 0.00000000 0.99556272 -0.09410030
vn 1.00000000 0.00000202 0.00000042
vn 0.66418144 0.69066590 -0.28608326
vn 0.00000000 0.92387950 -0.38268352
vn 1.00000000 0.00000000 0.00000000
vn 0.66063005 0.62089214 -0.42197262
vn 0.66063475 0.42197086 -0.62088833
vn 0.74593578 0.55084361 -0.37436763
vn 0.74593329 0.37436739 -0.55084715
vn 0.00000000 0.82707143 -0.56209683
vn -0.00000097 0.56209706 -0.82707127
vn 1.00000000 0.00000000 0.00000000
vn 0.00000000 0.00000000 -1.00000000
vn 0.99645666 -0.08410778 0.00000128
vn 0.00000000 0.00000000 -1.00000000
vn 0.93710543 -0.34904643 0.00000045
vn 1.00000000 0.00000073 0.00000014
vn 0.00005081 -0.00003078 1.00000000
vn 0.93710588 -0.34904522 0.00000045
vn 0.00000000 0.00000000 -1.00000000
vn 0.74380680 -0.66839468 0.00000035
vn -0.00000052 -0.00000281 1.00000000
vn 0.60631064 -0.79522790 0.00000005
vn 0.85528786 -0.51815314 0.00000041
vn 0.00000000 0.00000000 -1.00000000
vn 0.40812747 -0.91292495 0.00000011
vn 0.00000000 0.00000000 -1.00000000
vn -0.00000225 -1.00000000 -0.00000014
vn 0.00000000 0.00000000 -1.00000000
vn -0.85528786 -0.51815314 -0.00000047
vn -0.60629202 -0.79524209 -0.00000038
vn 0.00000000 0.00000000 -1.00000000
vn -0.93710543 -0.34904645 -0.00000048
vn -0.00000016 -0.00000037 1.00000000
vn -0.74380872 -0.66839254 -0.00000040
vn 0.00000000 0.00000000 1.00000000
vn -0.40812743 -0.91292497 -0.00000028
vn 0.00000000 0.00000000 -1.00000000
vn -0.40812941 -0.91292409 -0.00000030
vn 0.00000000 0.00000000 1.00000000
vn -0.00000003 -1.00000000 -0.00000012
vn 0.40813808 -0.91292021 -0.00000001
vn 0.00000000 0.00000000 1.00000000
vn 0.00000268 -0.56209474 0.82707285
vn 0.00000394 -0.82707143 0.56209683
vn 1.00000000 0.00000000 0.00000000
vn 0.00000354 -0.92388021 0.38268179
vn 1.00000000 0.00000799 0.00000301
vn 0.66418264 -0.69066501 0.28608262
vn 0.68653290 -0.72387236 0.06842068
vn 0.72891638 -0.68156495 0.06442150
vn -0.72891502 -0.68156637 -0.06442183
vn 0.72891159 -0.68157009 -0.06442132
vn -0.75573025 -0.60503297 -0.25061302
vn 0.75573035 -0.60503305 -0.25061254
vn 0.68652760 -0.72387740 -0.06842052
vn 0.66418168 -0.69066606 -0.28608231
vn 0.00000000 -0.99556298 0.09409761
vn 1.00000000 -0.00000369 0.00000081
vn 0.66063160 -0.62089208 -0.42197029
vn 0.66063277 -0.42196710 -0.62089300
vn 0.74593423 -0.55084505 -0.37436861
vn 0.74593229 -0.37436448 -0.55085049
vn -0.75181092 -0.46625092 -0.46625145
vn -0.75573012 -0.25061250 -0.60503335
vn 0.75573448 -0.25060978 -0.60502904
vn 0.66418618 -0.28608012 -0.69066264
vn -1.00000000 0.00000000 0.00000000
vn -1.00000000 0.00000000 0.00000000
vn -1.00000000 0.00000000 0.00000000
vn 0.00000346 0.00000259 1.00000000
vn -0.74381409 0.66838657 -0.00000025
vn 0.00000000 0.00000000 -1.00000000
vn -0.40814034 0.91291920 -0.00000019
vn 0.00000000 0.00000000 1.00000000
vn -0.40812750 0.91292494 -0.00000005
vn 0.00000000 0.00000000 -1.00000000
vn -0.00000448 1.00000000 0.00000010
vn 0.00000000 0.00000000 -1.00000000
vn 0.74380516 0.66839650 0.00000026
vn 0.00000000 0.00000000 -1.00000000
vn 0.40814264 0.91291817 0.00000019
vn 0.00000991 0.00005170 1.00000000
vn 0.40812445 0.91292630 -0.00000002
vn -0.00000475 0.00001677 1.00000000
vn -0.00001187 1.00000000 0.00000002
vn 0.00000096 0.00000037 1.00000000
vn 0.99645648 0.08410991 0.00000007
vn 0.99645644 0.08411043 0.00000018
vn 0.00000000 0.00000000 -1.00000000
vn 0.00000000 0.00000000 -1.00000000
vn 0.93710511 0.34904729 0.00000022
vn 0.00000000 0.00000000 1.00000000
vn 0.93710510 0.34904731 0.00000022
vn 0.00000000 0.00000025 1.00000000
vn 1.00000000 0.00000076 0.00000000
vn -0.00000000 0.00000025 1.00000000
vn -1.00000000 -0.00000071 0.00000016
vn -0.00000064 -0.00000849 1.00000000
vn 0.60630690 0.79523075 0.00000022
vn 0.85528786 0.51815314 0.00000020
vn 0.00000000 -0.99556273 -0.09410024
vn 1.00000000 -0.00000098 0.00000021
vn 0.00000000 -0.92387998 -0.38268236
vn 1.00000000 0.00000000 0.00000000
vn 0.00000000 -0.82707285 -0.56209474
vn 0.00000000 -0.56209892 -0.82707001
vn 1.00000000 0.00000000 0.00000000
vn -0.00000033 -0.38268136 -0.92388039
vn 1.00000000 0.00000322 -0.00000487
vn -0.00000090 -0.09409636 -0.99556309
vn 1.00000000 0.00000084 0.00000230
vn -0.00000000 -0.00000035 -1.00000000
vn 1.00000000 0.00000073 0.00000006
vn 0.68652745 -0.06841675 -0.72387790
vn 0.70710662 0.00000000 -0.70710694
vn 0.00000000 0.00000000 1.00000000
vn 0.99645672 -0.08410711 0.00000013
vn 0.00000090 0.09410147 -0.99556261
vn 1.00000000 0.00000068 -0.00000269
vn 0.68652779 0.06842053 -0.72387722
vn 0.66418158 0.28608647 -0.69066443
vn 0.00000033 0.38268683 -0.92387812
vn 1.00000000 0.00000201 -0.00000078
vn 0.72891399 0.06442312 -0.68156735
vn -0.55906122 0.07802282 -0.82544715
vn 0.75572853 0.25061813 -0.60503301
vn 0.70710678 -0.00000000 -0.70710678
vn 0.72891366 -0.06441824 -0.68156817
vn -0.55906074 -0.07802058 -0.82544769
vn -0.54297171 -0.00000068 -0.83975099
vn -0.97773260 -0.00000076 -0.20985462
vn -0.98040536 -0.01853707 -0.19611656
vn -0.98040558 0.01853655 -0.19611553
vn -0.58112900 0.31143426 -0.75186288
vn -0.98364312 0.06893074 -0.16641744
vn 0.00000000 0.00000000 1.00000000
vn -0.99645659 -0.08410861 -0.00000006
vn 0.00000000 0.00000000 1.00000000
vn -0.93710909 -0.34903660 -0.00000016
vn 0.00000000 0.00000000 -1.00000000
vn -0.99645576 -0.08411851 -0.00000013
vn -0.98040533 0.19611669 0.01853713
vn -0.98040627 0.19611209 -0.01853654
vn -0.98364332 0.16641590 -0.06893163
vn -0.98317881 0.12914787 -0.12915204
vn -0.57774703 0.57714963 -0.57715394
vn -0.58113336 0.75186070 -0.31143139
vn 0.75573075 0.60503223 -0.25061332
vn 0.72891286 0.68156881 -0.06442054
vn -0.55906475 0.82544504 -0.07801980
vn 0.72891388 0.68156747 0.06442320
vn -0.55906124 0.82544714 0.07802276
vn 0.75572872 0.60503449 0.25061400
vn -0.58112837 0.75186396 0.31143282
vn 0.74593462 0.37436948 0.55084392
vn 0.74593445 0.55084684 0.37436554
vn -0.57774311 0.57715568 0.57715182
vn -0.98364271 0.16641904 0.06893271
vn -0.98317791 0.12915368 0.12915309
vn -0.58112847 0.31143307 0.75186378
vn -0.98364254 0.06893356 0.16641969
vn -0.55906130 0.07802065 0.82544729
vn -0.98040555 0.01853705 0.19611559
vn -0.97773315 -0.00000059 0.20985207
vn -0.54297406 -0.00000038 0.83974947
vn -0.55906117 -0.07802138 0.82544732
vn -0.98040574 -0.01853799 0.19611457
vn -1.00000000 -0.00000050 -0.00000000
vn 0.00000000 0.00000000 -1.00000000
vn -0.99645652 0.08410949 -0.00000045
vn -0.00000297 0.00000050 1.00000000
vn -0.99645650 0.08410968 0.00000002
vn -0.00000095 0.00000050 1.00000000
vn -0.93710847 0.34903828 -0.00000022
vn 0.00000000 0.00000000 -1.00000000
vn -0.93710511 0.34904728 -0.00000028
vn 0.00000000 0.00000000 -1.00000000
vn -1.00000000 -0.00000050 0.00000000
vn 0.00000000 0.00000000 -1.00000000
vn 1.00000000 0.00000076 0.00000000
vn 0.00000000 0.00000000 -1.00000000
vn -0.85528786 0.51815314 -0.00000031
vn -0.60630686 0.79523078 -0.00000022
vn -0.98364270 -0.06893327 0.16641890
vn -0.98317766 -0.12915405 0.12915463
vn -0.98364248 -0.16642002 0.06893362
vn -0.98040518 -0.19611752 0.01853658
vn -0.98040543 -0.19611622 -0.01853711
vn -0.55906045 -0.82544796 0.07801972
vn -0.58112819 -0.75186411 0.31143280
vn 0.75573048 -0.60503279 0.25061279
vn -0.57774164 -0.57715290 0.57715608
vn 0.74593251 -0.37436328 0.55085100
vn 0.74593481 -0.55084413 0.37436880
vn 0.75573016 -0.25060936 0.60503461
vn 0.66063496 -0.42196763 0.62089031
vn 0.66063691 -0.62088536 0.42197186
vn 0.66418023 -0.28608297 0.69066718
vn 0.00000099 -0.38268416 0.92387923
vn 1.00000000 0.00000187 -0.00000128
vn 0.00000000 -0.09410029 0.99556272
vn 1.00000000 0.00000083 -0.00000308
vn 0.68652766 -0.06842046 0.72387735
vn 0.70710674 0.00000013 0.70710682
vn 0.00000000 -0.00000018 1.00000000
vn 1.00000000 0.00000035 0.00000000
vn 0.72891325 -0.06442149 0.68156830
vn -0.58112822 -0.31143228 0.75186430
vn 0.70710686 0.00000025 0.70710670
vn 0.72891228 0.06442389 0.68156911
vn 0.75573106 0.25061578 0.60503082
vn 0.68652771 0.06842424 0.72387694
vn -0.00000057 0.09410104 0.99556265
vn 1.00000000 0.00000087 0.00000290
vn 0.66418065 0.28608682 0.69066518
vn 0.00000000 0.38268591 0.92387850
vn 1.00000000 0.00000316 -0.00000618
vn 0.66063184 0.42197330 0.62088977
vn 0.66063317 0.62089020 0.42197057
vn 0.00000000 0.56209892 0.82707001
vn 0.00000000 0.82707189 0.56209616
vn 1.00000000 0.00000000 0.00000000
vn 0.66418157 0.69066582 0.28608313
vn 0.00000000 0.92387954 0.38268341
vn 1.00000000 0.00000000 0.00000000
vn 0.68652747 0.72387748 0.06842095
vn 0.00000000 0.99556270 0.09410054
vn 1.00000000 -0.00000105 0.00000025
vn 0.68652774 0.72387729 -0.06842022
vn 0.00000000 0.99556277 -0.09409981
vn 1.00000000 0.00000098 0.00000021
vn 0.66418124 0.69066610 -0.28608325
vn -0.00000146 0.92387919 -0.38268426
vn 1.00000000 0.00000000 0.00000000
vn 0.66062912 0.62089107 -0.42197564
vn 0.66063125 0.42197746 -0.62088757
vn 0.74593363 0.55084442 -0.37437073
vn 0.74593660 0.37437122 -0.55084007
vn -0.00000789 0.82706809 -0.56210175
vn -0.00000342 0.56209994 -0.82706932
vn 1.00000000 0.00000225 0.00000166
vn 0.99645667 -0.08410766 0.00000005
vn 0.00000000 0.00000000 -1.00000000
vn 0.00000000 0.00000000 -1.00000000
vn 0.93710575 -0.34904558 0.00000022
vn 1.00000000 0.00000055 0.00000003
vn 0.00000000 0.00000000 1.00000000
vn 0.93710240 -0.34905458 0.00000028
vn -0.00000081 0.00000881 -1.00000000
vn 0.74380582 -0.66839577 0.00000021
vn 0.00000000 0.00000000 1.00000000
vn 0.60630330 -0.79523349 0.00000015
vn 0.85527789 -0.51816960 0.00000031
vn -0.00000991 0.00005170 -1.00000000
vn 0.40812581 -0.91292569 0.00000013
vn 0.00000000 0.00003353 -1.00000000
vn 0.00000003 -1.00000000 0.00000000
vn 0.00000081 0.00000881 -1.00000000
vn -0.85528786 -0.51815314 -0.00000031
vn -0.60630330 -0.79523349 -0.00000015
vn 0.00000000 0.00000000 -1.00000000
vn -0.93710200 -0.34905565 -0.00000028
vn 0.00000000 0.00000000 1.00000000
vn -0.74381320 -0.66838756 -0.00000021
vn 0.00000000 0.00000000 1.00000000
vn -0.40812741 -0.91292498 -0.00000013
vn 0.00000991 0.00005170 -1.00000000
vn -0.40813222 -0.91292283 -0.00000010
vn 0.00000000 0.00000000 1.00000000
vn -0.00000003 -1.00000000 -0.00000000
vn 0.00000000 0.00000000 1.00000000
vn 0.40813383 -0.91292211 0.00000010
vn 0.00000536 -0.56209683 0.82707143
vn 0.00000503 -0.82707008 0.56209882
vn 1.00000000 0.00000222 0.00000197
vn 0.00000000 -0.92387976 0.38268288
vn 1.00000000 0.00000000 0.00000000
vn 0.66418145 -0.69066582 0.28608341
vn 0.68652762 -0.72387737 0.06842062
vn 0.72891292 -0.68156872 0.06442075
vn -0.55906056 -0.82544781 -0.07802049
vn 0.72891305 -0.68156857 -0.06442088
vn -0.58112921 -0.75186310 -0.31143332
vn 0.75573083 -0.60503172 -0.25061431
vn 0.68652759 -0.72387740 -0.06842055
vn 0.66418168 -0.69066606 -0.28608231
vn 0.00000000 -0.99556274 0.09410011
vn 1.00000000 0.00000105 0.00000025
vn 0.66063383 -0.62089045 -0.42196919
vn 0.66063072 -0.42197385 -0.62089058
vn 0.74593169 -0.55084545 -0.37437307
vn 0.74593519 -0.37436975 -0.55084297
vn -0.57774388 -0.57715237 -0.57715436
vn -0.58113010 -0.31143297 -0.75186256
vn 0.75572983 -0.25061128 -0.60503422
vn 0.66418144 -0.28608025 -0.69066715
vn -0.98364294 -0.06893230 -0.16641785
vn -0.98317823 -0.12915226 -0.12915212
vn -0.98364249 -0.16642015 -0.06893320
vn 0.00000065 -0.00000843 1.00000000
vn -0.74381849 0.66838167 -0.00000021
vn 0.00000000 0.00000000 -1.00000000
vn -0.40813793 0.91292027 -0.00000015
vn 0.00000991 -0.00005170 1.00000000
vn -0.40813433 0.91292189 -0.00000013
vn 0.00000000 0.00000000 -1.00000000
vn -0.00000456 1.00000000 -0.00000001
vn 0.00000000 0.00000000 -1.00000000
vn 0.74381777 0.66838247 0.00000018
vn 0.00000000 0.00000000 -1.00000000
vn 0.40814030 0.91291921 0.00000010
vn -0.00000991 -0.00005170 1.00000000
vn 0.40813423 0.91292193 0.00000015
vn 0.00000000 -0.00003353 1.00000000
vn -0.00000004 1.00000000 0.00000001
vn 0.00002755 -0.00000141 1.00000000
vn 0.99645648 0.08411000 -0.00000009
vn 0.99645644 0.08411044 0.00000017
vn -0.00000297 -0.00000050 -1.00000000
vn -0.00000095 -0.00000050 -1.00000000
vn 0.93710847 0.34903827 0.00000018
vn 0.00006035 0.00001026 1.00000000
vn 0.93710463 0.34904857 0.00000023
vn 0.00000000 0.00000025 1.00000000
vn 1.00000000 0.00000076 0.00000000
vn -0.00000000 0.00000022 1.00000000
vn -1.00000000 -0.00000039 -0.00000006
vn 0.00000836 0.00000034 1.00000000
vn 0.60630686 0.79523078 0.00000012
vn 0.85528786 0.51815314 0.00000024
vn 0.00000000 -0.99556277 -0.09409981
vn 1.00000000 -0.00000098 0.00000021
vn 0.00000000 -0.92387954 -0.38268341
vn 1.00000000 0.00000000 0.00000000
vn 0.00000000 -0.82707092 -0.56209758
vn 0.00000000 -0.56210175 -0.82706809
vn 1.00000000 0.00000000 0.00000000
vn 0.00000000 -0.38268260 -0.92387988
vn 1.00000000 0.00000322 -0.00000487
vn 0.00000000 -0.09409691 -0.99556304
vn 1.00000000 0.00000142 0.00000090
vn 0.00000000 -0.00000035 -1.00000000
vn 1.00000000 0.00000073 -0.00000006
vn 0.68652849 -0.06841806 -0.72387679
vn 0.70710670 0.00000025 -0.70710686
vn 0.00000000 0.00000000 1.00000000
vn 0.99645656 -0.08410901 -0.00000001
vn 0.00000000 0.09409974 -0.99556277
vn 1.00000000 0.00000010 -0.00000409
vn 0.68652761 0.06842050 -0.72387739
vn 0.66418075 0.28608473 -0.69066595
vn 0.00000000 0.38268611 -0.92387842
vn 1.00000000 0.00000201 -0.00000078
vn 0.72891398 0.06442363 -0.68156731
vn -0.55906112 0.07802304 -0.82544719
vn 0.75572862 0.25061421 -0.60503452
vn 0.70710686 0.00000025 -0.70710670
vn 0.72891307 -0.06442147 -0.68156850
vn -0.55906481 -0.07802108 -0.82544488
vn -0.54296995 -0.00000068 -0.83975213
vn -0.97773218 -0.00000058 -0.20985660
vn -0.98040586 -0.01853751 -0.19611400
vn -0.98040558 0.01853651 -0.19611554
vn -0.58112931 0.31143201 -0.75186357
vn -0.98364322 0.06893044 -0.16641696
vn 0.00000000 0.00000000 1.00000000
vn -0.99645644 -0.08411046 -0.00000012
vn 0.00000000 0.00000000 1.00000000
vn -0.93711051 -0.34903280 -0.00000018
vn 0.00000000 0.00000000 -1.00000000
vn -0.99645649 -0.08410988 -0.00000003
vn -0.98040608 0.19611306 0.01853597
vn -0.98040633 0.19611175 -0.01853658
vn -0.98364357 0.16641455 -0.06893135
vn -0.98317887 0.12914785 -0.12915160
vn -0.57774822 0.57714996 -0.57715242
vn -0.58113362 0.75186009 -0.31143237
vn 0.75572907 0.60503393 -0.25061429
vn 0.72891373 0.68156766 -0.06442277
vn -0.55906574 0.82544417 -0.07802194
vn 0.72891308 0.68156851 0.06442119
vn -0.55906481 0.82544498 0.07802009
vn 0.75573004 0.60503336 0.25061274
vn -0.58113384 0.75186072 0.31143044
vn 0.74593441 0.37437024 0.55084369
vn 0.74593366 0.55084600 0.37436834
vn -0.57774707 0.57715284 0.57715069
vn -0.98364361 0.16641460 0.06893063
vn -0.98317865 0.12915081 0.12915036
vn -0.58113388 0.31143234 0.75185991
vn -0.98364293 0.06892937 0.16641914
vn -0.55906135 0.07801905 0.82544742
vn -0.98040567 0.01853499 0.19611523
vn -0.97773317 -0.00000066 0.20985196
vn -0.54297408 -0.00000024 0.83974945
vn -0.55906532 -0.07802171 0.82544447
vn -0.98040588 -0.01853718 0.19611397
vn -1.00000000 -0.00000076 0.00000000
vn 0.00000096 -0.00000037 -1.00000000
vn -0.99645656 0.08410896 -0.00000019
vn -0.00000297 0.00000050 1.00000000
vn -0.99645653 0.08410940 -0.00000009
vn -0.00004203 0.00000065 1.00000000
vn -0.93710463 0.34904858 -0.00000027
vn 0.00000000 0.00000000 -1.00000000
vn -0.93710511 0.34904730 -0.00000027
vn 0.00000000 -0.00000025 -1.00000000
vn -1.00000000 -0.00000076 0.00000000
vn -0.00000000 -0.00000025 -1.00000000
vn 1.00000000 0.00000076 0.00000000
vn 0.00000017 -0.00000032 -1.00000000
vn -0.85528786 0.51815314 -0.00000027
vn -0.60630690 0.79523075 -0.00000031
vn -0.98364323 -0.06893441 0.16641527
vn -0.98317789 -0.12915500 0.12915190
vn -0.98364245 -0.16642001 0.06893407
vn -0.98040527 -0.19611703 0.01853715
vn -0.98040541 -0.19611632 -0.01853704
vn -0.55906109 -0.82544720 0.07802319
vn -0.58112747 -0.75186374 0.31143505
vn 0.75572915 -0.60503341 0.25061528
vn -0.57774227 -0.57715424 0.57715410
vn 0.74593288 -0.37436883 0.55084672
vn 0.74593600 -0.55084384 0.37436687
vn 0.75572960 -0.25061401 0.60503338
vn 0.66063483 -0.42197023 0.62088868
vn 0.66063994 -0.62088387 0.42196930
vn 0.66418120 -0.28608548 0.69066521
vn 0.00000198 -0.38268486 0.92387894
vn 1.00000000 0.00000187 -0.00000128
vn 0.00000000 -0.09410122 0.99556264
vn 1.00000000 0.00000083 -0.00000308
vn 0.68652754 -0.06842091 0.72387742
vn 0.70710658 0.00000062 0.70710698
vn -0.00000000 0.00000018 1.00000000
vn 1.00000000 0.00000035 0.00000000
vn 0.72891334 -0.06442168 0.68156819
vn -0.58113212 -0.31143364 0.75186073
vn 0.70710698 0.00000062 0.70710658
vn 0.72891303 0.06442116 0.68156857
vn 0.75573058 0.25061381 0.60503224
vn 0.68652760 0.06842014 0.72387743
vn -0.00000090 0.09409861 0.99556288
vn 1.00000000 0.00000087 0.00000290
vn 0.66417922 0.28608582 0.69066698
vn -0.00000266 0.38268363 0.92387945
vn 1.00000000 0.00000316 -0.00000618
vn 0.66063194 0.42197402 0.62088917
vn 0.66063407 0.62088815 0.42197220
vn 0.00000000 0.56209892 0.82707001
vn 0.00000000 0.82707001 0.56209892
vn 1.00000000 0.00000000 0.00000000
vn 0.66418061 0.69066708 0.28608234
vn 0.00000000 0.92388016 0.38268192
vn 1.00000000 0.00000000 0.00000000
vn 0.68652819 0.72387702 0.06841861
vn 0.00000000 0.99556300 0.09409741
vn 1.00000000 -0.00000105 0.00000025
vn 0.68652771 0.72387733 -0.06842013
vn -0.00000170 0.99556268 -0.09410075
vn 1.00000000 0.00000098 0.00000021
vn 0.66417856 0.69066789 -0.28608515
vn -0.00000881 0.92387821 -0.38268662
vn 1.00000000 0.00000000 0.00000000
vn 0.66062791 0.62089331 -0.42197424
vn 0.66063256 0.42197295 -0.62088925
vn 0.74593482 0.55084568 -0.37436649
vn 0.74593525 0.37436497 -0.55084614
vn -0.00000789 0.82707092 -0.56209758
vn -0.00000342 0.56209994 -0.82706932
vn 1.00000000 0.00000225 0.00000166
vn 0.00000000 0.00000000 -1.00000000
vn 0.99645652 -0.08410949 0.00000006
vn 0.00000000 0.00000000 -1.00000000
vn 0.93710511 -0.34904731 0.00000027
vn 1.00000000 0.00000055 0.00000003
vn 0.00000000 0.00000000 1.00000000
vn 0.93710511 -0.34904730 0.00000027
vn -0.00000081 0.00000881 -1.00000000
vn 0.74381682 -0.66838353 0.00000026
vn 0.00000000 0.00000000 1.00000000
vn 0.60630690 -0.79523075 0.00000031
vn 0.85528786 -0.51815314 0.00000027
vn -0.00000991 0.00005170 -1.00000000
vn 0.40813869 -0.91291993 0.00000021
vn -0.00000000 0.00003353 -1.00000000
vn -0.00000457 -1.00000000 0.00000012
vn 0.00000081 0.00000881 -1.00000000
vn -0.85529390 -0.51814317 -0.00000024
vn -0.60629199 -0.79524212 -0.00000005
vn 0.00000000 0.00000000 -1.00000000
vn -0.93710714 -0.34904183 -0.00000023
vn 0.00000000 0.00000000 1.00000000
vn -0.74381235 -0.66838851 -0.00000013
vn 0.00000000 0.00000000 1.00000000
vn -0.40812302 -0.91292694 -0.00000003
vn 0.00000991 0.00005170 -1.00000000
vn -0.40812782 -0.91292480 0.00000001
vn 0.00000000 0.00000000 1.00000000
vn -0.00000233 -1.00000000 0.00000013
vn 0.00000000 0.00000000 1.00000000
vn 0.40813584 -0.91292121 0.00000026
vn 0.00001072 -0.56209474 0.82707285
vn 0.00001006 -0.82707207 0.56209589
vn 1.00000000 0.00000222 0.00000197
vn 0.00000000 -0.92387991 0.38268253
vn 1.00000000 0.00000000 0.00000000
vn 0.66418269 -0.69066466 0.28608336
vn 0.68652695 -0.72387780 0.06842275
vn 0.72891396 -0.68156736 0.06442342
vn -0.55906041 -0.82544795 -0.07802007
vn 0.72891286 -0.68156881 -0.06442054
vn -0.58112885 -0.75186367 -0.31143262
vn 0.75573075 -0.60503223 -0.25061332
vn 0.68652774 -0.72387729 -0.06842022
vn 0.66418124 -0.69066610 -0.28608325
vn 0.00000000 -0.99556247 0.09410295
vn 1.00000000 0.00000105 0.00000025
vn 0.66063252 -0.62088996 -0.42197196
vn 0.66063388 -0.42197442 -0.62088684
vn 0.74593363 -0.55084442 -0.37437073
vn 0.74593444 -0.37436785 -0.55084528
vn -0.57774347 -0.57715264 -0.57715449
vn -0.58113095 -0.31143227 -0.75186219
vn 0.75572987 -0.25061323 -0.60503337
vn 0.66418016 -0.28608329 -0.69066712
vn -0.98364340 -0.06893514 -0.16641397
vn -0.98317795 -0.12915340 -0.12915309
vn -0.98364255 -0.16641980 -0.06893324
vn -0.00000852 0.00000013 1.00000000
vn -0.74381686 0.66838348 -0.00000026
vn 0.00000000 0.00000000 -1.00000000
vn -0.40813584 0.91292121 -0.00000026
vn 0.00000000 0.00000000 1.00000000
vn -0.40814030 0.91291922 -0.00000021
vn 0.00000000 0.00000000 -1.00000000
vn 0.00000004 1.00000000 -0.00000013
vn -0.00000016 -0.00000037 -1.00000000
vn 0.74381944 0.66838061 0.00000013
vn 0.00000000 0.00000000 -1.00000000
vn 0.40813594 0.91292117 0.00000003
vn 0.00000000 0.00000000 1.00000000
vn 0.40813793 0.91292028 0.00000004
vn 0.00000000 0.00000000 1.00000000
vn 0.00000456 1.00000000 -0.00000011
vn 0.00000000 0.00000000 1.00000000
vn 0.99645648 0.08410994 0.00000004
vn 0.00000000 0.00000000 -1.00000000
vn 0.99645648 0.08410991 0.00000073
vn 0.00000000 0.00000000 -1.00000000
vn 0.93710512 0.34904726 0.00000036
vn 0.00000000 0.00000000 1.00000000
vn 0.93710509 0.34904735 0.00000036
vn 0.00000000 0.00000000 1.00000000
vn 1.00000000 0.00000076 0.00000000
vn 0.00000000 0.00000000 1.00000000
vn -1.00000000 -0.00000102 0.00000006
vn 0.00000000 0.00000000 1.00000000
vn 0.60629212 0.79524202 0.00000029
vn 0.85528786 0.51815314 0.00000028
vn 0.00000779 -0.99556291 -0.09409835
vn 1.00000000 -0.00000202 0.00000042
vn 0.00000000 -0.92387805 -0.38268702
vn 1.00000000 0.00000000 0.00000000
vn 0.00000000 -0.82706718 -0.56210309
vn 0.00000000 -0.56210175 -0.82706809
vn 1.00000000 0.00000000 0.00000000
vn 0.00000000 -0.38268590 -0.92387851
vn 1.00000000 0.00000322 -0.00000487
vn 0.00000000 -0.09409976 -0.99556277
vn 1.00000000 0.00000142 0.00000090
vn -0.00000000 0.00000035 -1.00000000
vn 1.00000000 0.00000075 0.00000016
vn 0.68652688 -0.06841831 -0.72387829
vn 0.70710686 0.00000075 -0.70710670
vn 0.00000000 0.00000000 1.00000000
vn 0.99645652 -0.08410946 0.00000042
vn 0.00000000 0.09409977 -0.99556277
vn 1.00000000 0.00000058 0.00000140
vn 0.68652832 0.06842240 -0.72387654
vn 0.66418074 0.28608405 -0.69066624
vn 0.00000000 0.38268183 -0.92388020
vn 1.00000000 0.00000000 0.00000000
vn 0.72891248 0.06442384 -0.68156890
vn -0.72891299 0.06442077 -0.68156864
vn 0.75573132 0.25061634 -0.60503027
vn 0.70710678 0.00000051 -0.70710678
vn 0.72891764 -0.06442030 -0.68156372
vn -0.72891059 -0.06442259 -0.68157104
vn -0.70710670 -0.00000075 -0.70710686
vn -1.00000000 -0.00000106 0.00000000
vn -1.00000000 -0.00000078 0.00000104
vn -1.00000000 -0.00000039 -0.00000052
vn -0.75573058 0.25061381 -0.60503224
vn -1.00000000 0.00000000 0.00000000
vn 0.00000000 0.00000000 1.00000000
vn -0.99645648 -0.08410990 -0.00000041
vn 0.00000000 0.00000000 1.00000000
vn -0.93710715 -0.34904182 -0.00000045
vn 0.00000000 0.00000000 -1.00000000
vn -0.99645643 -0.08411054 -0.00000100
vn -1.00000000 -0.00000242 -0.00000123
vn -1.00000000 -0.00000076 -0.00000024
vn -1.00000000 0.00000000 0.00000000
vn -1.00000000 0.00000000 0.00000000
vn -0.75180999 0.46625193 -0.46625193
vn -0.75573075 0.60503223 -0.25061332
vn 0.75573075 0.60503223 -0.25061332
vn 0.72891287 0.68156880 -0.06442046
vn -0.72891294 0.68156870 -0.06442072
vn 0.72891310 0.68156849 0.06442117
vn -0.72891303 0.68156859 0.06442091
vn 0.75572925 0.60503499 0.25061117
vn -0.75573297 0.60503176 0.25060774
vn 0.74593288 0.37436883 0.55084672
vn 0.74593719 0.55084510 0.37436263
vn -0.75181249 0.46625006 0.46624979
vn -1.00000000 -0.00000027 -0.00000359
vn -1.00000000 -0.00000339 0.00000120
vn -0.75573021 0.25061226 0.60503335
vn -1.00000000 -0.00000050 -0.00000168
vn -0.72891291 0.06442059 0.68156875
vn -1.00000000 -0.00000005 -0.00000265
vn -1.00000000 -0.00000073 -0.00000014
vn -0.70710662 -0.00000050 0.70710694
vn -0.72891322 -0.06442156 0.68156832
vn -1.00000000 -0.00000096 -0.00000189
vn -1.00000000 -0.00000076 0.00000000
vn 0.00000000 0.00000000 -1.00000000
vn -0.99645742 0.08409878 -0.00000066
vn 0.00000000 0.00000000 1.00000000
vn -0.99645665 0.08410789 0.00000005
vn 0.00000000 0.00000000 1.00000000
vn -0.93710912 0.34903653 -0.00000041
vn 0.00000000 0.00000000 -1.00000000
vn -0.93710889 0.34903714 -0.00000041
vn 0.00000000 0.00000000 -1.00000000
vn -1.00000000 -0.00000076 0.00000000
vn 0.00000000 0.00000000 -1.00000000
vn 1.00000000 0.00000076 -0.00000000
vn 0.00000000 0.00000000 -1.00000000
vn -0.85528786 0.51815314 -0.00000053
vn -0.60630677 0.79523085 -0.00000029
vn -1.00000000 0.00000000 0.00000000
vn -1.00000000 0.00000000 0.00000000
vn -1.00000000 -0.00000503 -0.00000295
vn -1.00000000 -0.00000313 -0.00000071
vn -1.00000000 0.00000071 -0.00000032
vn -0.72890871 -0.68157316 0.06442134
vn -0.75572940 -0.60503478 0.25061124
vn 0.75573004 -0.60503336 0.25061274
vn -0.75181106 -0.46625107 0.46625107
vn 0.74593600 -0.37436687 0.55084384
vn 0.74593288 -0.55084672 0.37436883
vn 0.75573004 -0.25061274 0.60503336
vn 0.66062937 -0.42197139 0.62089370
vn 0.66063247 -0.62089357 0.42196673
vn 0.66418157 -0.28608195 0.69066631
vn 0.00000000 -0.38268183 0.92388020
vn 1.00000000 0.00000000 0.00000000
vn 0.00000000 -0.09409970 0.99556278
vn 1.00000000 0.00000104 0.00000300
vn 0.68652786 -0.06841980 0.72387722
vn 0.70710670 0.00000075 0.70710686
vn 0.00000000 0.00000000 1.00000000
vn 1.00000000 0.00000105 0.00000000
vn 0.72891291 -0.06442051 0.68156875
vn -0.75573004 -0.25061274 0.60503336
vn 0.70710686 0.00000075 0.70710670
vn 0.72891298 0.06442086 0.68156864
vn 0.75573021 0.25061226 0.60503335
vn 0.68652761 0.06842050 0.72387739
vn 0.00000000 0.09409977 0.99556277
vn 1.00000000 0.00000052 -0.00000150
vn 0.66418124 0.28608325 0.69066610
vn 0.00000000 0.38268341 0.92387954
vn 1.00000000 0.00000000 0.00000000
vn 0.66063475 0.42197086 0.62088833
vn 0.66062937 0.62089370 0.42197139
vn 0.00000000 0.56209758 0.82707092
vn 0.00000000 0.82707285 0.56209474
vn 1.00000000 0.00000000 0.00000000
vn 0.66418168 0.69066606 0.28608231
vn 0.00000000 0.92387998 0.38268236
vn 1.00000000 0.00000000 0.00000000
vn 0.68652754 0.72387743 0.06842081
vn 0.00000000 0.99556272 0.09410033
vn 1.00000000 -0.00000264 0.00000060
vn 0.68652837 0.72387691 -0.06841793
vn -0.00000170 0.99556296 -0.09409782
vn 1.00000000 0.00000192 0.00000042
vn 0.66417797 0.69066922 -0.28608328
vn -0.00000735 0.92387971 -0.38268300
vn 1.00000000 0.00000000 0.00000000
vn 0.66063354 0.62089057 -0.42196946
vn 0.66062937 0.42197139 -0.62089370
vn 0.74593207 0.55084586 -0.37437171
vn 0.74593519 0.37436975 -0.55084297
vn 0.00000000 0.82707376 -0.56209341
vn 0.00000000 0.56209474 -0.82707285
vn 1.00000000 0.00000000 0.00000000
vn 0.00000000 0.00000000 -1.00000000
vn 0.99645649 -0.08410977 0.00000013
vn 0.00000000 0.00000000 -1.00000000
vn 0.93710511 -0.34904728 0.00000045
vn 1.00000000 0.00000091 0.00000003
vn 0.00000000 0.00000000 1.00000000
vn 0.93711046 -0.34903294 0.00000028
vn 0.00000000 0.00000000 -1.00000000
vn 0.74380687 -0.66839460 0.00000018
vn 0.00000000 0.00000000 1.00000000
vn 0.60629202 -0.79524209 -0.00000005
vn 0.85530387 -0.51812672 0.00000008
vn 0.00000000 0.00000000 -1.00000000
vn 0.40814036 -0.91291919 0.00000002
vn 0.00000000 0.00000000 -1.00000000
vn 0.00001434 -1.00000000 0.00000000
vn 0.00000000 0.00000000 -1.00000000
vn -0.85528786 -0.51815314 -0.00000053
vn -0.60630677 -0.79523085 -0.00000029
vn 0.00000000 0.00000000 -1.00000000
vn -0.93710511 -0.34904728 -0.00000051
vn 0.00000000 0.00000000 1.00000000
vn -0.74381065 -0.66839039 -0.00000045
vn 0.00000000 0.00000000 1.00000000
vn -0.40812747 -0.91292495 -0.00000029
vn 0.00000000 0.00000000 -1.00000000
vn -0.40813582 -0.91292122 -0.00000019
vn 0.00000000 0.00000000 1.00000000
vn 0.00000003 -1.00000000 -0.00000014
vn 0.00000000 0.00000000 1.00000000
vn 0.40812732 -0.91292502 -0.00000012
vn 0.00000000 -0.56209474 0.82707285
vn 0.00000000 -0.82707569 0.56209057
vn 1.00000000 0.00000000 0.00000000
vn 0.00000000 -0.92387964 0.38268317
vn 1.00000000 0.00000799 0.00000301
vn 0.66418276 -0.69066504 0.28608227
vn 0.68652683 -0.72387789 0.06842303
vn 0.72891314 -0.68156843 0.06442129
vn -0.72891214 -0.68156977 -0.06441852
vn 0.72891199 -0.68156997 -0.06441801
vn -0.75573163 -0.60503218 -0.25061079
vn 0.75573163 -0.60503218 -0.25061079
vn 0.68653173 -0.72387372 -0.06841798
vn 0.66418069 -0.69066574 -0.28608538
vn 0.00000011 -0.99556244 0.09410332
vn 1.00000000 -0.00000369 0.00000081
vn 0.66062985 -0.62088908 -0.42197742
vn 0.66063951 -0.42196903 -0.62088451
vn 0.74593675 -0.55084153 -0.37436877
vn 0.74592998 -0.37436356 -0.55085423
vn -0.75181106 -0.46624907 -0.46625308
vn -0.75572967 -0.25061119 -0.60503446
vn 0.75573383 -0.25060944 -0.60502998
vn 0.66418484 -0.28608352 -0.69066252
vn -1.00000000 0.00000000 0.00000000
vn -1.00000000 0.00000000 0.00000000
vn -1.00000000 0.00000000 0.00000000
vn 0.00000000 0.00000000 1.00000000
vn -0.74381317 0.66838759 -0.00000041
vn 0.00000000 0.00000000 -1.00000000
vn -0.40813582 0.91292122 -0.00000019
vn 0.00000000 0.00000000 1.00000000
vn -0.40812747 0.91292495 -0.00000029
vn 0.00000000 0.00000000 -1.00000000
vn 0.00000006 1.00000000 0.00000000
vn 0.00000000 0.00000000 -1.00000000
vn 0.74381304 0.66838773 0.00000020
vn 0.00000000 0.00000000 -1.00000000
vn 0.40813588 0.91292119 0.00000010
vn 0.00000000 0.00000000 1.00000000
vn 0.40812730 0.91292503 0.00000019
vn 0.00000000 0.00000000 1.00000000
vn -0.00000006 1.00000000 -0.00000000
vn 0.00000000 0.00000000 1.00000000
vn 0.99645648 0.08410994 0.00000004
vn 0.00000000 0.00000000 -1.00000000
vn 0.99645664 0.08410811 0.00000055
vn 0.00000000 0.00000000 -1.00000000
vn 0.93710576 0.34904556 0.00000034
vn 0.00000000 0.00000000 1.00000000
vn 0.93710509 0.34904735 0.00000036
vn 0.00000000 -0.00000025 1.00000000
vn 1.00000000 0.00000101 0.00000000
vn -0.00000000 -0.00000025 1.00000000
vn -1.00000000 -0.00000071 -0.00000016
vn 0.00000000 0.00000000 1.00000000
vn 0.60627728 0.79525333 0.00000029
vn 0.85528786 0.51815314 0.00000028
vn 0.00000779 -0.99556292 -0.09409817
vn 1.00000000 -0.00000192 0.00000042
vn 0.00000000 -0.92387901 -0.38268469
vn 1.00000000 0.00000000 0.00000000
vn 0.00000000 -0.82707001 -0.56209892
vn 0.00000000 -0.56209758 -0.82707092
vn 1.00000000 0.00000000 0.00000000
vn 0.00000000 -0.38268304 -0.92387969
vn 1.00000000 0.00000322 -0.00000487
vn 0.00000000 -0.09409954 -0.99556279
vn 1.00000000 0.00000142 0.00000090
vn 0.00000000 0.00000000 -1.00000000
vn 1.00000000 0.00000099 -0.00000000
vn 0.68652786 -0.06841980 -0.72387722
vn 0.70710662 0.00000050 -0.70710694
vn 0.00000096 -0.00000037 1.00000000
vn 0.99645654 -0.08410920 0.00000038
vn 0.00000000 0.09410052 -0.99556270
vn 1.00000000 0.00000142 -0.00000090
vn 0.68652829 0.06842244 -0.72387656
vn 0.66417939 0.28608572 -0.69066685
vn -0.00000332 0.38268134 -0.92388040
vn 1.00000000 0.00000322 0.00000487
vn 0.72891224 0.06442313 -0.68156923
vn -0.72891283 0.06442033 -0.68156886
vn 0.75573095 0.25061479 -0.60503137
vn 0.70710694 0.00000050 -0.70710662
vn 0.72891275 -0.06442007 -0.68156896
vn -0.72891298 -0.06442086 -0.68156864
vn -0.70710678 -0.00000050 -0.70710678
vn -1.00000000 -0.00000070 0.00000000
vn -1.00000000 -0.00000171 -0.00000086
vn -1.00000000 -0.00000039 -0.00000052
vn -0.75573021 0.25061226 -0.60503335
vn -1.00000000 0.00000000 0.00000000
vn -0.00000297 -0.00000050 1.00000000
vn -0.99645558 -0.08412061 -0.00000043
vn -0.00000095 -0.00000050 1.00000000
vn -0.93710138 -0.34905731 -0.00000034
vn 0.00000000 0.00000000 -1.00000000
vn -0.99645650 -0.08410968 0.00000000
vn -1.00000000 0.00000096 -0.00000038
vn -1.00000000 -0.00000152 -0.00000048
vn -1.00000000 0.00000000 0.00000000
vn -1.00000000 0.00000000 0.00000000
vn -0.75181106 0.46625107 -0.46625107
vn -0.75573004 0.60503336 -0.25061274
vn 0.75573004 0.60503336 -0.25061274
vn 0.72891303 0.68156859 -0.06442091
vn -0.72891314 0.68156843 -0.06442129
vn 0.72891310 0.68156849 0.06442117
vn -0.72891299 0.68156864 0.06442078
vn 0.75573004 0.60503336 0.25061274
vn -0.75573004 0.60503336 0.25061274
vn 0.74593444 0.37436785 0.55084528
vn 0.74593444 0.55084528 0.37436785
vn -0.75181106 0.46625107 0.46625107
vn -1.00000000 0.00000000 0.00000000
vn -1.00000000 0.00000000 0.00000000
vn -0.75573021 0.25061226 0.60503335
vn -1.00000000 0.00000000 0.00000000
vn -0.72891283 0.06442033 0.68156886
vn -1.00000000 -0.00000048 0.00000095
vn -1.00000000 -0.00000092 -0.00000003
vn -0.70710670 -0.00000075 0.70710686
vn -0.72891322 -0.06442156 0.68156832
vn -1.00000000 -0.00000096 -0.00000189
vn -1.00000000 -0.00000076 0.00000000
vn 0.00000000 0.00000000 -1.00000000
vn -0.99645758 0.08409696 -0.00000066
vn 0.00000000 0.00000000 1.00000000
vn -0.99645683 0.08410577 -0.00000005
vn 0.00000000 0.00000000 1.00000000
vn -0.93710640 0.34904383 -0.00000041
vn 0.00000000 0.00000000 -1.00000000
vn -0.93710617 0.34904444 -0.00000041
vn 0.00000000 0.00000000 -1.00000000
vn -1.00000000 -0.00000076 0.00000000
vn 0.00000000 0.00000000 -1.00000000
vn 1.00000000 0.00000101 0.00000000
vn 0.00000000 0.00000000 -1.00000000
vn -0.85527789 0.51816960 -0.00000053
vn -0.60630324 0.79523354 -0.00000029
vn -1.00000000 0.00000000 0.00000000
vn -1.00000000 0.00000000 0.00000000
vn -1.00000000 -0.00000503 -0.00000295
vn -1.00000000 -0.00000313 -0.00000071
vn -1.00000000 0.00000071 -0.00000032
vn -0.72890875 -0.68157313 0.06442122
vn -0.75573019 -0.60503314 0.25061281
vn 0.75573083 -0.60503172 0.25061431
vn -0.75180974 -0.46625166 0.46625261
vn 0.74593519 -0.37436975 0.55084297
vn 0.74593169 -0.55084545 0.37437307
vn 0.75573058 -0.25061381 0.60503224
vn 0.66063029 -0.42197307 0.62089158
vn 0.66063383 -0.62089045 0.42196919
vn 0.66418135 -0.28608360 0.69066584
vn 0.00000000 -0.38268394 0.92387932
vn 1.00000000 0.00000000 0.00000000
vn 0.00000000 -0.09410027 0.99556272
vn 1.00000000 0.00000104 0.00000300
vn 0.68652774 -0.06842023 0.72387729
vn 0.70710662 0.00000050 0.70710694
vn 0.00000000 0.00000000 1.00000000
vn 1.00000000 0.00000105 0.00000000
vn 0.72891291 -0.06442051 0.68156875
vn -0.75573058 -0.25061381 0.60503224
vn 0.70710694 0.00000050 0.70710662
vn 0.72891291 0.06442059 0.68156875
vn 0.75573021 0.25061226 0.60503335
vn 0.68652758 0.06842069 0.72387740
vn 0.00000000 0.09410033 0.99556272
vn 1.00000000 0.00000081 0.00000286
vn 0.66418202 0.28608101 0.69066628
vn 0.00000000 0.38268077 0.92388063
vn 1.00000000 0.00000088 0.00000297
vn 0.66063067 0.42196862 0.62089419
vn 0.66063160 0.62089208 0.42197029
vn 0.00000000 0.56209191 0.82707478
vn 0.00000000 0.82707285 0.56209474
vn 1.00000000 0.00000177 0.00000173
vn 0.66418157 0.69066631 0.28608195
vn 0.00000000 0.92388020 0.38268183
vn 1.00000000 0.00000345 0.00000094
vn 0.68652766 0.72387736 0.06842038
vn 0.00000000 0.99556277 0.09409975
vn 1.00000000 0.00000553 0.00000039
vn 0.68652761 0.72387738 -0.06842058
vn 0.00000000 0.99556272 -0.09410030
vn 1.00000000 0.00000202 0.00000042
vn 0.66418119 0.69066574 -0.28608422
vn 0.00000000 0.92387901 -0.38268469
vn 1.00000000 0.00000000 0.00000000
vn 0.66063072 0.62089058 -0.42197385
vn 0.66063475 0.42197086 -0.62088833
vn 0.74593600 0.55084384 -0.37436687
vn 0.74593288 0.37436883 -0.55084672
vn 0.00000000 0.82707001 -0.56209892
vn -0.00000194 0.56209655 -0.82707162
vn 1.00000000 0.00000000 0.00000000
vn 0.00000000 0.00000000 -1.00000000
vn 0.99645568 -0.08411937 0.00000114
vn 0.00000000 0.00000000 -1.00000000
vn 0.93710137 -0.34905733 0.00000043
vn 1.00000000 0.00000103 0.00000011
vn 0.00000000 0.00000000 1.00000000
vn 0.93710713 -0.34904186 0.00000024
vn 0.00000000 0.00000000 -1.00000000
vn 0.74381156 -0.66838938 0.00000024
vn 0.00000017 -0.00000032 1.00000000
vn 0.60629210 -0.79524203 0.00000029
vn 0.85529390 -0.51814317 0.00000020
vn 0.00000000 0.00000000 -1.00000000
vn 0.40813387 -0.91292209 0.00000012
vn 0.00000000 0.00000000 -1.00000000
vn 0.00001196 -1.00000000 0.00000012
vn 0.00000000 0.00000000 -1.00000000
vn -0.85527789 -0.51816960 -0.00000041
vn -0.60631808 -0.79522222 -0.00000010
vn 0.00000000 0.00000000 -1.00000000
vn -0.93710177 -0.34905627 -0.00000033
vn -0.00000016 -0.00000037 1.00000000
vn -0.74381151 -0.66838944 -0.00000025
vn 0.00000000 0.00000000 1.00000000
vn -0.40813391 -0.91292207 -0.00000019
vn 0.00000000 0.00000000 -1.00000000
vn -0.40813136 -0.91292321 0.00000002
vn 0.00000000 0.00000000 1.00000000
vn -0.00000006 -1.00000000 -0.00000000
vn 0.40812730 -0.91292503 0.00000019
vn 0.00000000 0.00000000 1.00000000
vn 0.00000000 -0.56209758 0.82707092
vn 0.00000000 -0.82707285 0.56209474
vn 1.00000000 0.00000000 0.00000000
vn 0.00000000 -0.92387998 0.38268236
vn 1.00000000 0.00000000 0.00000000
vn 0.66418155 -0.69066590 0.28608299
vn 0.68653227 -0.72387279 0.06842245
vn 0.72891686 -0.68156434 0.06442249
vn -0.72891142 -0.68157071 -0.06441675
vn 0.72891131 -0.68157086 -0.06441637
vn -0.75573260 -0.60503161 -0.25060924
vn 0.75573260 -0.60503161 -0.25060924
vn 0.68653166 -0.72387379 -0.06841797
vn 0.66418118 -0.69066606 -0.28608347
vn 0.00000011 -0.99556272 0.09410034
vn 1.00000000 0.00000264 0.00000060
vn 0.66063295 -0.62088896 -0.42197275
vn 0.66063252 -0.42197196 -0.62088996
vn 0.74593325 -0.55084401 -0.37437209
vn 0.74593363 -0.37437073 -0.55084442
vn -0.75180974 -0.46625228 -0.46625201
vn -0.75572623 -0.25062014 -0.60503505
vn 0.75573075 -0.25061332 -0.60503223
vn 0.66418124 -0.28608325 -0.69066610
vn -1.00000000 -0.00000544 -0.00000020
vn -1.00000000 0.00000000 0.00000000
vn -1.00000000 0.00000000 0.00000000
vn 0.00000000 0.00000000 1.00000000
vn -0.74380526 0.66839640 -0.00000041
vn 0.00000000 0.00000000 -1.00000000
vn -0.40813380 0.91292212 -0.00000019
vn 0.00000000 0.00000000 1.00000000
vn -0.40812337 0.91292679 -0.00000027
vn 0.00000000 0.00000000 -1.00000000
vn 0.00000004 1.00000000 -0.00000002
vn 0.00000000 0.00000000 -1.00000000
vn 0.74380681 0.66839467 0.00000020
vn 0.00000000 0.00000000 -1.00000000
vn 0.40812738 0.91292499 0.00000007
vn 0.00000000 0.00000000 1.00000000
vn 0.40812088 0.91292790 0.00000019
vn 0.00000000 0.00000000 1.00000000
vn 0.00000455 1.00000000 0.00000002
vn 0.00000035 -0.00000113 1.00000000
vn -0.08410959 0.99645651 0.00000116
vn 0.00000000 0.00000000 -1.00000000
vn -0.08409768 0.99645752 0.00000122
vn 0.00000000 0.00000000 -1.00000000
vn -0.34904466 0.93710609 0.00000061
vn 0.00000000 0.00000000 1.00000000
vn -0.34905477 0.93710233 0.00000067
vn -0.00000000 -0.00000477 1.00000000
vn 0.00000025 1.00000000 -0.00000433
vn -0.00000000 -0.00000477 1.00000000
vn -0.00000068 -1.00000000 0.00000790
vn -0.00000651 -0.00000401 1.00000000
vn -0.79522345 0.60631648 0.00000037
vn -0.51816710 0.85527940 0.00000061
vn -0.00000431 1.00000000 0.00000061
vn 0.99556269 0.00000000 -0.09410067
vn -0.00000334 1.00000000 0.00000089
vn 0.92387947 0.00000000 -0.38268358
vn 0.00000058 1.00000000 0.00000325
vn 0.82707179 0.00000000 -0.56209631
vn 0.56209581 0.00000000 -0.82707213
vn 0.00000121 1.00000000 0.00000183
vn 0.38268312 0.00000000 -0.92387966
vn 0.00000058 1.00000000 0.00000140
vn 0.09410012 0.00000000 -0.99556274
vn 0.00000000 0.00000000 -1.00000000
vn 0.00000026 1.00000000 -0.00000395
vn 0.06842041 0.68653161 -0.72387361
vn 0.00000049 0.70710694 -0.70710662
vn -0.00000035 -0.00000113 1.00000000
vn 0.08410937 0.99645653 0.00000005
vn 0.00000000 1.00000000 0.00000000
vn -0.09410003 0.00000000 -0.99556275
vn -0.06842048 0.68652764 -0.72387737
vn -0.28608261 0.66418150 -0.69066611
vn 0.00000000 1.00000000 0.00000000
vn -0.38268269 0.00000000 -0.92387984
vn -0.06442087 0.72891301 -0.68156862
vn -0.07802012 -0.55906054 -0.82544786
vn -0.25061269 0.75573017 -0.60503321
vn 0.00000050 0.70710662 -0.70710694
vn 0.06442071 0.72891740 -0.68156393
vn 0.07801969 -0.55906039 -0.82544800
vn -0.00000038 -0.54296573 -0.83975485
vn -0.00000069 -0.97773206 -0.20985715
vn 0.01853644 -0.98040532 -0.19611682
vn -0.01853720 -0.98040551 -0.19611581
vn -0.31143220 -0.58112830 -0.75186427
vn -0.06893339 -0.98364252 -0.16641990
vn 0.00000000 0.00000000 1.00000000
vn 0.08410948 -0.99645652 0.00000003
vn 0.00000000 0.00000000 1.00000000
vn 0.34905404 -0.93710260 -0.00000045
vn 0.00000000 0.00000000 -1.00000000
vn 0.08410931 -0.99645653 -0.00000027
vn -0.19611798 -0.98040509 0.01853660
vn -0.19611572 -0.98040553 -0.01853719
vn -0.16641942 -0.98364263 -0.06893302
vn -0.12915287 -0.98317803 -0.12915299
vn -0.57715421 -0.57774318 -0.57715322
vn -0.75186426 -0.58112856 -0.31143174
vn -0.60503377 0.75572973 -0.25061267
vn -0.68156848 0.72891311 -0.06442112
vn -0.82544764 -0.55906078 -0.07802078
vn -0.68156853 0.72891305 0.06442139
vn -0.82544762 -0.55906079 0.07802083
vn -0.60503422 0.75572913 0.25061341
vn -0.75186278 -0.58112972 0.31143317
vn -0.37437117 0.74593242 0.55084577
vn -0.55084699 0.74593204 0.37437011
vn -0.57715347 -0.57774485 0.57715229
vn -0.16641940 -0.98364261 0.06893328
vn -0.12915336 -0.98317795 0.12915314
vn -0.31143189 -0.58113152 0.75186192
vn -0.06893335 -0.98364256 0.16641966
vn -0.07802004 -0.55906354 0.82544584
vn -0.01853687 -0.98040530 0.19611689
vn -0.00000056 -0.97773117 0.20986127
vn -0.00000019 -0.54296877 0.83975289
vn 0.07801940 -0.55906768 0.82544309
vn 0.01853542 -0.98040639 0.19611157
vn -0.00000076 -1.00000000 -0.00000000
vn 0.00000000 0.00000000 -1.00000000
vn -0.08409989 -0.99645733 -0.00000102
vn 0.00000000 0.00000000 1.00000000
vn -0.08410923 -0.99645654 -0.00000110
vn 0.00000000 0.00000000 1.00000000
vn -0.34904567 -0.93710571 -0.00000051
vn 0.00000000 0.00000000 -1.00000000
vn -0.34904464 -0.93710610 -0.00000050
vn 0.00000000 0.00000000 -1.00000000
vn -0.00000076 -1.00000000 -0.00000000
vn 0.00000000 0.00000000 -1.00000000
vn 0.00000050 1.00000000 0.00000000
vn 0.00000000 0.00000000 -1.00000000
vn -0.51816710 -0.85527940 -0.00000051
vn -0.79523064 -0.60630704 -0.00000035
vn 0.06893122 -0.98364365 0.16641414
vn 0.12914932 -0.98317901 0.12914908
vn 0.16641362 -0.98364374 0.06893111
vn 0.19610952 -0.98040679 0.01853589
vn 0.19611462 -0.98040575 -0.01853686
vn 0.82544447 -0.55906564 0.07801946
vn 0.75186005 -0.58113454 0.31143075
vn 0.60503440 0.75572936 0.25061227
vn 0.57715141 -0.57774941 0.57714978
vn 0.37437117 0.74593242 0.55084577
vn 0.55084715 0.74593219 0.37436958
vn 0.25061468 0.75572834 0.60503467
vn 0.42197187 0.66063318 0.62088932
vn 0.62089064 0.66063184 0.42197202
vn 0.28608357 0.66418126 0.69066595
vn 0.00000091 1.00000000 0.00000315
vn 0.38268385 0.00000000 0.92387936
vn 0.00000082 1.00000000 0.00000287
vn 0.09410003 0.00000000 0.99556275
vn 0.06842048 0.68652764 0.72387737
vn 0.00000025 0.70710670 0.70710686
vn 0.00000000 0.00000000 1.00000000
vn 0.00000035 1.00000000 -0.00001409
vn 0.06442115 0.72891048 0.68157130
vn 0.31143068 -0.58113595 0.75185899
vn 0.00000025 0.70710423 0.70710934
vn -0.06442089 0.72891040 0.68157140
vn -0.25061468 0.75572834 0.60503467
vn -0.06842025 0.68652772 0.72387731
vn 0.00000001 1.00000000 -0.00000021
vn -0.09410001 0.00000000 0.99556275
vn -0.28608373 0.66418121 0.69066592
vn 0.00000000 1.00000000 0.00000000
vn -0.38268405 0.00000000 0.92387928
vn -0.42197208 0.66063329 0.62088905
vn -0.62089025 0.66063201 0.42197232
vn 0.00000000 1.00000000 0.00000000
vn -0.56209825 0.00000000 0.82707047
vn -0.82707082 0.00000000 0.56209773
vn -0.69066596 0.66418128 0.28608349
vn 0.00000000 1.00000000 0.00000000
vn -0.92387940 0.00000000 0.38268376
vn -0.72387741 0.68652757 0.06842067
vn 0.00000211 1.00000000 0.00000049
vn -0.99556275 0.00000000 0.09410005
vn -0.72387726 0.68652780 -0.06841995
vn -0.00000196 1.00000000 0.00000042
vn -0.99556281 0.00000033 -0.09409935
vn -0.69066569 0.66418259 -0.28608110
vn 0.00000000 1.00000000 0.00000000
vn -0.92387945 0.00000266 -0.38268363
vn -0.62088979 0.66063237 -0.42197244
vn -0.42197064 0.66063250 -0.62089087
vn -0.55084523 0.74593513 -0.37436655
vn -0.37436846 0.74593395 -0.55084553
vn 0.00000000 1.00000000 0.00000000
vn -0.82706986 0.00000000 -0.56209914
vn -0.56209581 0.00000000 -0.82707213
vn 0.00000000 0.00000000 -1.00000000
vn 0.08412033 0.99645560 0.00000028
vn 0.00000000 0.00000000 -1.00000000
vn 0.34905576 0.93710196 0.00000040
vn 0.00000043 1.00000000 -0.00000677
vn 0.00000000 0.00000000 1.00000000
vn 0.34905404 0.93710260 0.00000038
vn 0.00000000 0.00000000 -1.00000000
vn 0.66838217 0.74381804 0.00000030
vn -0.00000230 -0.00000482 1.00000000
vn 0.79523202 0.60630523 0.00000035
vn 0.51816586 0.85528016 0.00000040
vn 0.00000000 0.00000000 -1.00000000
vn 0.91292024 0.40813801 0.00000017
vn 0.00000000 0.00000000 -1.00000000
vn 1.00000000 -0.00000224 -0.00000003
vn 0.00000000 0.00000000 -1.00000000
vn 0.51816710 -0.85527940 -0.00000042
vn 0.79523202 -0.60630523 -0.00000037
vn 0.00000000 0.00000000 -1.00000000
vn 0.34905475 -0.93710233 -0.00000045
vn 0.00000133 -0.00000762 1.00000000
vn 0.66838877 -0.74381211 -0.00000036
vn 0.00004353 -0.00003319 1.00000000
vn 0.91292038 -0.40813770 -0.00000022
vn 0.00000000 0.00000000 -1.00000000
vn 0.91292226 -0.40813348 -0.00000026
vn -0.00000865 -0.00000842 1.00000000
vn 1.00000000 0.00000372 -0.00000001
vn 0.00000000 0.00000000 1.00000000
vn 0.91292165 0.40813485 0.00000023
vn 0.00000182 1.00000000 0.00000179
vn 0.56209789 0.00000000 0.82707071
vn 0.82707118 0.00000000 0.56209720
vn 0.00000349 1.00000000 0.00000096
vn 0.92387952 0.00000000 0.38268347
vn 0.69066600 0.66418134 0.28608325
vn 0.72387740 0.68652759 0.06842062
vn 0.68156897 0.72891271 0.06442048
vn 0.82544453 -0.55906535 -0.07802093
vn 0.68156832 0.72891323 -0.06442146
vn 0.75186118 -0.58113287 -0.31143112
vn 0.60503357 0.75572972 -0.25061318
vn 0.72387742 0.68652754 -0.06842083
vn 0.69066577 0.66418157 -0.28608326
vn 0.00000527 1.00000000 0.00000046
vn 0.99556275 0.00000000 0.09410004
vn 0.62089131 0.66063155 -0.42197149
vn 0.42197196 0.66063237 -0.62089012
vn 0.55084508 0.74593498 -0.37436708
vn 0.37436846 0.74593395 -0.55084553
vn 0.57715115 -0.57774686 -0.57715260
vn 0.31143221 -0.58112830 -0.75186426
vn 0.25061283 0.75573390 -0.60502850
vn 0.28608274 0.66418609 -0.69066165
vn 0.06893179 -0.98364253 -0.16642051
vn 0.12914862 -0.98317861 -0.12915282
vn 0.16641760 -0.98364300 -0.06893212
vn -0.00000235 -0.00000490 1.00000000
vn -0.66838746 -0.74381329 -0.00000039
vn 0.00000000 0.00000000 -1.00000000
vn -0.91292240 -0.40813318 -0.00000023
vn 0.00000000 0.00000000 1.00000000
vn -0.91292220 -0.40813363 -0.00000024
vn 0.00000000 0.00000000 -1.00000000
vn -1.00000000 -0.00000223 0.00000001
vn 0.00000000 0.00000000 -1.00000000
vn -0.66839371 0.74380767 0.00000053
vn 0.00000000 0.00000000 -1.00000000
vn -0.91292326 0.40813125 0.00000028
vn -0.00005170 0.00000991 1.00000000
vn -0.91291958 0.40813948 0.00000026
vn -0.00001677 -0.00000475 1.00000000
vn -1.00000000 -0.00000237 0.00000001
vn 0.00000000 0.00000000 1.00000000
vn -0.08409875 0.99645743 0.00000027
vn 0.00000000 0.00000000 -1.00000000
vn -0.08409906 0.99645740 0.00000013
vn 0.00000000 0.00000000 -1.00000000
vn -0.34904623 0.93710551 0.00000049
vn 0.00000000 0.00000000 1.00000000
vn -0.34904624 0.93710550 0.00000049
vn 0.00000000 0.00000000 1.00000000
vn 0.00000050 1.00000000 -0.00000433
vn 0.00000000 0.00000000 1.00000000
vn -0.00000037 -1.00000000 0.00000379
vn 0.00000000 0.00000000 1.00000000
vn -0.79523346 0.60630334 0.00000038
vn -0.51816960 0.85527789 0.00000047
vn 0.00000196 1.00000000 0.00000042
vn 0.99556278 0.00000000 -0.09409973
vn 0.00000000 1.00000000 0.00000000
vn 0.92387858 0.00000000 -0.38268574
vn 0.00000000 1.00000000 0.00000000
vn 0.82706809 0.00000000 -0.56210175
vn 0.56210175 0.00000000 -0.82706809
vn 0.00000000 1.00000000 0.00000000
vn 0.38268627 0.00000000 -0.92387836
vn 0.00000058 1.00000000 0.00000140
vn 0.09410033 0.00000000 -0.99556272
vn 0.00000000 0.00000000 -1.00000000
vn 0.00000049 1.00000000 -0.00000379
vn 0.06842116 0.68652741 -0.72387751
vn 0.00000050 0.70710694 -0.70710662
vn 0.00000000 0.00000000 1.00000000
vn 0.08409944 0.99645737 0.00000099
vn 0.00000010 1.00000000 0.00000409
vn -0.09410003 0.00000000 -0.99556275
vn -0.06842048 0.68652764 -0.72387737
vn -0.28608436 0.66418105 -0.69066581
vn 0.00000080 1.00000000 0.00000261
vn -0.38268482 0.00000000 -0.92387896
vn -0.06442233 0.72891898 -0.68156210
vn -0.07802120 -0.55906164 -0.82544701
vn -0.25061317 0.75573001 -0.60503322
vn 0.00000051 0.70710662 -0.70710694
vn 0.06442156 0.72891322 -0.68156832
vn 0.07802010 -0.55906052 -0.82544788
vn -0.00000038 -0.54296556 -0.83975497
vn -0.00000050 -0.97773162 -0.20985917
vn 0.01853666 -0.98040531 -0.19611687
vn -0.01853654 -0.98040642 -0.19611130
vn -0.31143037 -0.58113461 -0.75186015
vn -0.06893159 -0.98364334 -0.16641581
vn 0.00000000 0.00000000 1.00000000
vn 0.08409757 -0.99645752 -0.00000112
vn 0.00000000 0.00000000 1.00000000
vn 0.34904442 -0.93710618 -0.00000057
vn 0.00000000 0.00000000 -1.00000000
vn 0.08409969 -0.99645735 -0.00000148
vn -0.19611003 -0.98040669 0.01853598
vn -0.19611512 -0.98040566 -0.01853660
vn -0.16641726 -0.98364307 -0.06893194
vn -0.12915122 -0.98317849 -0.12915118
vn -0.57715091 -0.57774761 -0.57715209
vn -0.75186072 -0.58113352 -0.31143103
vn -0.60503264 0.75573055 -0.25061293
vn -0.68156884 0.72891284 -0.06442039
vn -0.82544499 -0.55906485 -0.07801965
vn -0.68156866 0.72891294 0.06442109
vn -0.82544468 -0.55906522 0.07802030
vn -0.60503442 0.75572914 0.25061290
vn -0.75186018 -0.58113390 0.31143164
vn -0.37436608 0.74593449 0.55084642
vn -0.55084787 0.74593141 0.37437007
vn -0.57714929 -0.57774933 0.57715199
vn -0.16641399 -0.98364368 0.06893115
vn -0.12914944 -0.98317895 0.12914945
vn -0.31143035 -0.58113633 0.75185883
vn -0.06893289 -0.98364455 0.16640807
vn -0.07802172 -0.55907215 0.82543985
vn -0.01853745 -0.98040727 0.19610697
vn -0.00000061 -0.97773118 0.20986122
vn -0.00000058 -0.54296860 0.83975300
vn 0.07802091 -0.55906414 0.82544535
vn 0.01853618 -0.98040507 0.19611810
vn -0.00000025 -1.00000000 0.00000000
vn 0.00000000 0.00000000 -1.00000000
vn -0.08410965 -0.99645651 -0.00000005
vn 0.00000000 0.00000000 1.00000000
vn -0.08412055 -0.99645558 -0.00000026
vn 0.00000000 0.00000000 1.00000000
vn -0.34904831 -0.93710473 -0.00000035
vn 0.00000000 0.00000000 -1.00000000
vn -0.34905628 -0.93710176 -0.00000040
vn 0.00000000 0.00000000 -1.00000000
vn -0.00000025 -1.00000000 0.00000000
vn 0.00000000 0.00000000 -1.00000000
vn 0.00000025 1.00000000 0.00000000
vn 0.00000000 0.00000000 -1.00000000
vn -0.51816960 -0.85527789 -0.00000045
vn -0.79522487 -0.60631461 -0.00000019
vn 0.06893284 -0.98364284 0.16641824
vn 0.12915324 -0.98317797 0.12915308
vn 0.16642016 -0.98364247 0.06893348
vn 0.19611798 -0.98040509 0.01853639
vn 0.19611570 -0.98040553 -0.01853722
vn 0.82544777 -0.55906072 0.07801981
vn 0.75186316 -0.58112934 0.31143294
vn 0.60503399 0.75572956 0.25061266
vn 0.57715119 -0.57774490 0.57715452
vn 0.37436583 0.74593488 0.55084606
vn 0.55084792 0.74593072 0.37437138
vn 0.25061443 0.75572698 0.60503648
vn 0.42197330 0.66063184 0.62088977
vn 0.62089020 0.66063317 0.42197057
vn 0.28608328 0.66418090 0.69066641
vn 0.00000000 1.00000000 0.00000000
vn 0.38268330 0.00000000 0.92387959
vn 0.00000051 1.00000000 -0.00000185
vn 0.09409882 0.00000000 0.99556286
vn 0.06841958 0.68652789 0.72387721
vn 0.00000049 0.70710662 0.70710694
vn 0.00000000 0.00000000 1.00000000
vn 0.00000035 1.00000000 -0.00001409
vn 0.06442248 0.72891096 0.68157066
vn 0.31143162 -0.58113184 0.75186178
vn 0.00000050 0.70710431 0.70710926
vn -0.06442253 0.72890652 0.68157539
vn -0.25061281 0.75572638 0.60503790
vn -0.06841889 0.68652384 0.72388112
vn 0.00000057 1.00000000 0.00000161
vn -0.09409848 0.00000000 0.99556289
vn -0.28608164 0.66418151 0.69066650
vn 0.00000225 1.00000000 0.00000933
vn -0.38268320 0.00000000 0.92387963
vn -0.42197344 0.66063263 0.62088883
vn -0.62088983 0.66063295 0.42197147
vn -0.00000182 1.00000000 0.00000179
vn -0.56209962 0.00000000 0.82706953
vn -0.82707118 0.00000000 0.56209720
vn -0.69066600 0.66418134 0.28608325
vn -0.00000349 1.00000000 0.00000096
vn -0.92387952 0.00000000 0.38268347
vn -0.72387742 0.68652757 0.06842065
vn -0.00000527 1.00000000 0.00000046
vn -0.99556275 0.00000000 0.09410002
vn -0.72387718 0.68652792 -0.06841954
vn 0.00000431 1.00000000 0.00000061
vn -0.99556284 0.00000000 -0.09409900
vn -0.69066635 0.66418097 -0.28608326
vn 0.00000334 1.00000000 0.00000089
vn -0.92387959 0.00000000 -0.38268330
vn -0.62088958 0.66063230 -0.42197285
vn -0.42197289 0.66063374 -0.62088802
vn -0.55084437 0.74593432 -0.37436943
vn -0.37436810 0.74593405 -0.55084564
vn 0.00000167 1.00000000 0.00000160
vn -0.82707021 0.00000000 -0.56209862
vn -0.56209962 0.00000000 -0.82706953
vn 0.00000000 0.00000000 -1.00000000
vn 0.08411968 0.99645566 0.00000147
vn 0.00000000 0.00000000 -1.00000000
vn 0.34904692 0.93710525 0.00000045
vn 0.00000030 1.00000000 -0.00000685
vn 0.00000000 0.00000000 1.00000000
vn 0.34904439 0.93710619 0.00000043
vn 0.00000000 0.00000000 -1.00000000
vn 0.66837946 0.74382048 0.00000032
vn 0.00000000 0.00000000 1.00000000
vn 0.79523346 0.60630335 0.00000036
vn 0.51816710 0.85527940 0.00000050
vn 0.00000000 0.00000000 -1.00000000
vn 0.91292112 0.40813604 0.00000024
vn 0.00000000 0.00000000 -1.00000000
vn 1.00000000 0.00000238 0.00000001
vn 0.00000000 0.00000000 -1.00000000
vn 0.51816710 -0.85527940 -0.00000053
vn 0.79523065 -0.60630704 -0.00000036
vn 0.00000000 0.00000000 -1.00000000
vn 0.34904489 -0.93710601 -0.00000057
vn 0.00000000 0.00000000 1.00000000
vn 0.66839546 -0.74380610 -0.00000046
vn 0.00000000 0.00000000 1.00000000
vn 0.91292206 -0.40813393 -0.00000027
vn 0.00000000 0.00000000 -1.00000000
vn 0.91292212 -0.40813382 -0.00000024
vn 0.00000000 0.00000000 1.00000000
vn 1.00000000 -0.00000238 -0.00000001
vn 0.00000000 0.00000000 1.00000000
vn 0.91292307 0.40813169 0.00000024
vn 0.00000000 1.00000000 0.00000000
vn 0.56209892 0.00000000 0.82707001
vn 0.82707189 0.00000000 0.56209616
vn 0.00000000 1.00000000 0.00000000
vn 0.92387976 0.00000000 0.38268288
vn 0.69066608 0.66418146 0.28608278
vn 0.72387741 0.68652757 0.06842067
vn 0.68156895 0.72891273 0.06442052
vn 0.82544792 -0.55906046 -0.07802009
vn 0.68156884 0.72891285 -0.06442038
vn 0.75186227 -0.58112950 -0.31143481
vn 0.60503060 0.75573154 -0.25061489
vn 0.72387729 0.68652776 -0.06842008
vn 0.69066578 0.66418075 -0.28608516
vn -0.00000211 1.00000000 0.00000049
vn 0.99556275 0.00000000 0.09410005
vn 0.62088684 0.66063388 -0.42197442
vn 0.42197442 0.66063388 -0.62088684
vn 0.55084315 0.74593244 -0.37437497
vn 0.37437073 0.74593363 -0.55084442
vn 0.57715209 -0.57774200 -0.57715651
vn 0.31143381 -0.58112860 -0.75186338
vn 0.25061381 0.75573058 -0.60503224
vn 0.28608551 0.66418086 -0.69066553
vn 0.06893359 -0.98364255 -0.16641962
vn 0.12915281 -0.98317794 -0.12915377
vn 0.16641935 -0.98364260 -0.06893350
vn 0.00000000 0.00000000 1.00000000
vn -0.66838227 -0.74381795 -0.00000026
vn 0.00000000 0.00000000 -1.00000000
vn -0.91292016 -0.40813819 -0.00000009
vn 0.00000000 0.00000000 1.00000000
vn -0.91292300 -0.40813184 -0.00000012
vn 0.00000000 0.00000000 -1.00000000
vn -1.00000000 0.00000235 0.00000012
vn 0.00000000 0.00000000 -1.00000000
vn -0.66839655 0.74380511 0.00000044
vn 0.00000000 0.00000000 -1.00000000
vn -0.91292207 0.40813391 0.00000030
vn 0.00000000 0.00000000 1.00000000
vn -0.91292212 0.40813380 0.00000030
vn 0.00000000 0.00000000 1.00000000
vn -1.00000000 0.00000224 0.00000012
vn 0.00000035 -0.00000113 1.00000000
vn -0.08410958 0.99645651 0.00000020
vn 0.00000000 0.00000000 -1.00000000
vn -0.08410980 0.99645649 0.00000021
vn 0.00000000 0.00000000 -1.00000000
vn -0.34905357 0.93710277 0.00000034
vn 0.00000000 0.00000000 1.00000000
vn -0.34905496 0.93710225 0.00000034
vn -0.00000000 -0.00000477 1.00000000
vn 0.00000025 1.00000000 0.00000000
vn -0.00000002 -0.00000461 1.00000000
vn -0.00000003 -1.00000000 -0.00000016
vn 0.00000230 -0.00000482 1.00000000
vn -0.79522782 0.60631074 0.00000022
vn -0.51816710 0.85527940 0.00000032
vn 0.00000147 1.00000000 0.00000032
vn 0.99556269 -0.00000400 -0.09410060
vn 0.00000000 1.00000000 0.00000000
vn 0.92387924 0.00000046 -0.38268414
vn 0.00000000 1.00000000 0.00000000
vn 0.82707021 -0.00000197 -0.56209862
vn 0.56209545 -0.00000134 -0.82707237
vn 0.00000000 1.00000000 0.00000000
vn 0.38268227 -0.00000083 -0.92388001
vn 0.00000000 1.00000000 0.00000000
vn 0.09410052 0.00000000 -0.99556270
vn 0.00000002 0.00000931 -1.00000000
vn 0.00000023 1.00000000 0.00000016
vn 0.06842078 0.68652768 -0.72387729
vn 0.00000000 0.70711015 -0.70710341
vn -0.00000035 -0.00000113 1.00000000
vn 0.08411060 0.99645642 0.00000114
vn 0.00000010 1.00000000 0.00000409
vn -0.09410026 0.00000949 -0.99556273
vn -0.06842043 0.68653102 -0.72387416
vn -0.28608323 0.66418445 -0.69066301
vn 0.00000080 1.00000000 0.00000261
vn -0.38268425 0.00000881 -0.92387919
vn -0.06442159 0.72891355 -0.68156797
vn -0.07801934 -0.55906027 -0.82544812
vn -0.25061345 0.75573072 -0.60503221
vn 0.00000000 0.70710678 -0.70710678
vn 0.06442068 0.72891287 -0.68156878
vn 0.07802014 -0.55906070 -0.82544775
vn 0.00000000 -0.54296989 -0.83975216
vn 0.00000000 -0.97773214 -0.20985676
vn 0.01853677 -0.98040528 -0.19611700
vn -0.01853712 -0.98040500 -0.19611836
vn -0.31143335 -0.58112879 -0.75186341
vn -0.06893403 -0.98364228 -0.16642107
vn -0.00000050 0.00000297 1.00000000
vn 0.08410879 -0.99645658 -0.00000121
vn -0.00000050 0.00000095 1.00000000
vn 0.34905631 -0.93710175 -0.00000049
vn 0.00000000 0.00000000 -1.00000000
vn 0.08411045 -0.99645644 -0.00000142
vn -0.19611444 -0.98040580 0.01853625
vn -0.19612023 -0.98040464 -0.01853663
vn -0.16642136 -0.98364228 -0.06893328
vn -0.12915378 -0.98317775 -0.12915424
vn -0.57715288 -0.57774183 -0.57715590
vn -0.75186577 -0.58112653 -0.31143190
vn -0.60502906 0.75573291 -0.25061445
vn -0.68156421 0.72891733 -0.06441859
vn -0.82545264 -0.55905375 -0.07801815
vn -0.68156251 0.72891860 0.06442218
vn -0.82545106 -0.55905561 0.07802164
vn -0.60503386 0.75572944 0.25061332
vn -0.75186217 -0.58113122 0.31143182
vn -0.37437345 0.74593210 0.55084465
vn -0.55084720 0.74593150 0.37437089
vn -0.57715411 -0.57774491 0.57715159
vn -0.16641598 -0.98364330 0.06893172
vn -0.12915230 -0.98317820 0.12915226
vn -0.31143296 -0.58113138 0.75186158
vn -0.06893499 -0.98364333 0.16641443
vn -0.07802084 -0.55906703 0.82544340
vn -0.01853816 -0.98040639 0.19611129
vn -0.00000016 -0.97773216 0.20985665
vn -0.00000019 -0.54297294 0.83975020
vn 0.07802014 -0.55906352 0.82544584
vn 0.01853685 -0.98040529 0.19611694
vn 0.00000000 -1.00000000 0.00000000
vn 0.00000000 0.00000000 -1.00000000
vn -0.08410961 -0.99645651 -0.00000014
vn 0.00000000 0.00000000 1.00000000
vn -0.08412052 -0.99645559 -0.00000020
vn 0.00000000 0.00000000 1.00000000
vn -0.34905598 -0.93710188 -0.00000028
vn 0.00000000 0.00000000 -1.00000000
vn -0.34905357 -0.93710277 -0.00000027
vn 0.00000000 0.00000000 -1.00000000
vn 0.00000000 -1.00000000 0.00000000
vn 0.00000000 0.00000000 -1.00000000
vn 0.00000000 1.00000000 0.00000000
vn 0.00000000 0.00000000 -1.00000000
vn -0.51816461 -0.85528091 -0.00000029
vn -0.79522487 -0.60631461 -0.00000012
vn 0.06893333 -0.98364253 0.16641984
vn 0.12915330 -0.98317796 0.12915309
vn 0.16641947 -0.98364260 0.06893325
vn 0.19611714 -0.98040526 0.01853647
vn 0.19611592 -0.98040549 -0.01853722
vn 0.82544635 -0.55906284 0.07801963
vn 0.75186215 -0.58113142 0.31143151
vn 0.60503554 0.75572825 0.25061287
vn 0.57715327 -0.57774590 0.57715143
vn 0.37437233 0.74593105 0.55084683
vn 0.55084759 0.74593172 0.37436988
vn 0.25061470 0.75572827 0.60503475
vn 0.42197189 0.66063299 0.62088950
vn 0.62089148 0.66063069 0.42197259
vn 0.28608435 0.66418054 0.69066631
vn 0.00000000 1.00000000 0.00000000
vn 0.38268338 -0.00000158 0.92387955
vn 0.00000000 1.00000000 0.00000000
vn 0.09409975 -0.00000045 0.99556277
vn 0.06842070 0.68652747 0.72387750
vn 0.00000024 0.70710670 0.70710686
vn 0.00000000 0.00000000 1.00000000
vn 0.00000000 1.00000000 0.00000000
vn 0.06442121 0.72891050 0.68157127
vn 0.31143180 -0.58113137 0.75186206
vn 0.00000025 0.70710423 0.70710934
vn -0.06442130 0.72890606 0.68157601
vn -0.25061381 0.75572828 0.60503511
vn -0.06841990 0.68652373 0.72388112
vn 0.00000056 1.00000000 0.00000182
vn -0.09410070 0.00000090 0.99556268
vn -0.28608014 0.66418351 0.69066520
vn 0.00000225 1.00000000 0.00000933
vn -0.38268477 0.00000266 0.92387898
vn -0.42197247 0.66063310 0.62088900
vn -0.62088790 0.66063342 0.42197359
vn -0.00000182 1.00000000 0.00000179
vn -0.56209966 0.00000000 0.82706951
vn -0.82706905 0.00000000 0.56210033
vn -0.69066710 0.66418039 0.28608282
vn -0.00000349 1.00000000 0.00000096
vn -0.92387953 0.00000173 0.38268345
vn -0.72387416 0.68653111 0.06841957
vn -0.00000580 1.00000000 0.00000034
vn -0.99556275 0.00000945 0.09410005
vn -0.72387731 0.68652773 -0.06842017
vn 0.00000480 1.00000000 0.00000051
vn -0.99556278 0.00000000 -0.09409974
vn -0.69066578 0.66418075 -0.28608516
vn 0.00000334 1.00000000 0.00000089
vn -0.92387893 0.00000146 -0.38268490
vn -0.62088572 0.66063728 -0.42197074
vn -0.42197177 0.66063292 -0.62088967
vn -0.55084315 0.74593244 -0.37437497
vn -0.37437073 0.74593363 -0.55084442
vn 0.00000167 1.00000000 0.00000160
vn -0.82707092 0.00000789 -0.56209758
vn -0.56209806 0.00000628 -0.82707059
vn 0.00000000 0.00000000 -1.00000000
vn 0.08411964 0.99645566 0.00000139
vn 0.00000000 0.00000000 -1.00000000
vn 0.34905733 0.93710137 0.00000035
vn 0.00000000 1.00000000 0.00000000
vn 0.00000000 0.00000000 1.00000000
vn 0.34905631 0.93710175 0.00000035
vn 0.00000000 0.00000000 -1.00000000
vn 0.66838941 0.74381153 0.00000022
vn -0.00000032 -0.00000017 1.00000000
vn 0.79523346 0.60630334 0.00000019
vn 0.51816960 0.85527789 0.00000035
vn 0.00000000 0.00000000 -1.00000000
vn 0.91292208 0.40813389 0.00000015
vn 0.00000000 0.00000000 -1.00000000
vn 1.00000000 0.00000235 0.00000001
vn 0.00000000 0.00000000 -1.00000000
vn 0.51815963 -0.85528393 -0.00000041
vn 0.79522487 -0.60631461 -0.00000022
vn 0.00000000 0.00000000 -1.00000000
vn 0.34905088 -0.93710377 -0.00000046
vn -0.00000037 0.00000016 1.00000000
vn 0.66839653 -0.74380513 -0.00000039
vn 0.00000000 0.00000000 1.00000000
vn 0.91292207 -0.40813391 -0.00000019
vn 0.00000000 0.00000000 -1.00000000
vn 0.91292015 -0.40813821 -0.00000015
vn 0.00000000 0.00000000 1.00000000
vn 1.00000000 -0.00001200 -0.00000006
vn 0.00000000 0.00000000 1.00000000
vn 0.91292702 0.40812285 0.00000009
vn 0.00000000 1.00000000 0.00000000
vn 0.56209754 -0.00000134 0.82707095
vn 0.82707118 -0.00000197 0.56209720
vn 0.00000000 1.00000000 0.00000000
vn 0.92387947 -0.00000220 0.38268358
vn 0.69066670 0.66418052 0.28608345
vn 0.72387821 0.68652673 0.06842070
vn 0.68157031 0.72891144 0.06442062
vn 0.82544655 -0.55906235 -0.07802103
vn 0.68156966 0.72891197 -0.06442159
vn 0.75186310 -0.58112984 -0.31143215
vn 0.60503460 0.75572868 -0.25061384
vn 0.72387909 0.68652574 -0.06842124
vn 0.69066602 0.66418199 -0.28608171
vn -0.00000158 1.00000000 0.00000037
vn 0.99556274 -0.00000238 0.09410007
vn 0.62089102 0.66063105 -0.42197270
vn 0.42197048 0.66063228 -0.62089121
vn 0.55084523 0.74593513 -0.37436655
vn 0.37436863 0.74593386 -0.55084553
vn 0.57715410 -0.57774319 -0.57715332
vn 0.31143226 -0.58112880 -0.75186386
vn 0.25061243 0.75572966 -0.60503395
vn 0.28608276 0.66418121 -0.69066633
vn 0.06893341 -0.98364252 -0.16641986
vn 0.12915291 -0.98317801 -0.12915311
vn 0.16641959 -0.98364258 -0.06893326
vn -0.00000133 -0.00000762 1.00000000
vn -0.66838833 -0.74381250 -0.00000020
vn 0.00000000 0.00000000 -1.00000000
vn -0.91292137 -0.40813549 -0.00000007
vn -0.00004353 -0.00003319 1.00000000
vn -0.91292283 -0.40813222 -0.00000013
vn 0.00000000 0.00000000 -1.00000000
vn -1.00000000 0.00000532 0.00000003
vn 0.00000000 0.00000000 -1.00000000
vn -0.66839266 0.74380861 0.00000028
vn 0.00000000 0.00000000 -1.00000000
vn -0.91292112 0.40813604 0.00000016
vn 0.00000000 0.00000000 1.00000000
vn -0.91292021 0.40813807 0.00000015
vn 0.00000865 -0.00000842 1.00000000
vn -1.00000000 0.00000145 0.00000000
vn -0.00000037 0.00000096 1.00000000
vn -0.08409872 0.99645743 0.00000025
vn 0.00000050 -0.00000297 -1.00000000
vn -0.08412012 0.99645562 0.00000145
vn 0.00000050 -0.00000095 -1.00000000
vn -0.34904684 0.93710528 0.00000040
vn 0.00000000 0.00000000 1.00000000
vn -0.34904435 0.93710621 0.00000037
vn -0.00000025 -0.00000000 1.00000000
vn -0.00000076 1.00000000 0.00000433
vn -0.00000025 -0.00000000 1.00000000
vn 0.00000071 -1.00000000 -0.00000386
vn -0.00000032 0.00000017 1.00000000
vn -0.79523075 0.60630690 0.00000000
vn -0.51816710 0.85527940 0.00000052
vn 0.00000298 1.00000000 0.00000063
vn 0.99556278 0.00000195 -0.09409972
vn 0.00000000 1.00000000 0.00000000
vn 0.92387974 0.00000000 -0.38268294
vn 0.00000000 1.00000000 0.00000000
vn 0.82707214 0.00000000 -0.56209579
vn 0.56209571 0.00000049 -0.82707219
vn -0.00000322 1.00000000 -0.00000487
vn 0.38268286 0.00000083 -0.92387977
vn -0.00000084 1.00000000 0.00000230
vn 0.09409985 0.00000000 -0.99556276
vn 0.00000035 0.00000000 -1.00000000
vn -0.00000073 1.00000000 0.00000408
vn 0.06841898 0.68652286 -0.72388204
vn -0.00000023 0.70710686 -0.70710670
vn 0.00000000 0.00000000 1.00000000
vn 0.08411947 0.99645568 0.00000054
vn -0.00000068 1.00000000 -0.00000269
vn -0.09409999 0.00000000 -0.99556275
vn -0.06842008 0.68653157 -0.72387368
vn -0.28608430 0.66418576 -0.69066131
vn -0.00000201 1.00000000 -0.00000078
vn -0.38268506 0.00000000 -0.92387886
vn -0.06442036 0.72891747 -0.68156389
vn -0.06442095 -0.72890876 -0.68157315
vn -0.25061445 0.75573456 -0.60502701
vn -0.00000025 0.70710670 -0.70710686
vn 0.06441960 0.72890935 -0.68157265
vn 0.06442119 -0.72891310 -0.68156848
vn 0.00000100 -0.70710678 -0.70710678
vn 0.00000087 -1.00000000 -0.00000228
vn 0.00000018 -1.00000000 -0.00000010
vn 0.00000033 -1.00000000 -0.00000513
vn -0.25061624 -0.75572646 -0.60503637
vn 0.00000010 -1.00000000 -0.00000380
vn 0.00000000 0.00000000 1.00000000
vn 0.08409981 -0.99645734 -0.00000028
vn 0.00000000 0.00000000 1.00000000
vn 0.34904635 -0.93710546 -0.00000043
vn 0.00000002 0.00000017 -1.00000000
vn 0.08412023 -0.99645561 -0.00000038
vn -0.00000048 -1.00000000 -0.00000019
vn 0.00000076 -1.00000000 -0.00000024
vn 0.00000000 -1.00000000 0.00000000
vn 0.00000222 -1.00000000 -0.00000189
vn -0.46625179 -0.75180910 -0.46625352
vn -0.60503224 -0.75573058 -0.25061381
vn -0.60503224 0.75573058 -0.25061381
vn -0.68156864 0.72891299 -0.06442078
vn -0.68156849 -0.72891310 -0.06442117
vn -0.68156901 0.72891267 0.06442049
vn -0.68156839 -0.72891320 0.06442101
vn -0.60503502 0.75572928 0.25061099
vn -0.60503499 -0.75572925 0.25061117
vn -0.37436687 0.74593600 0.55084384
vn -0.55084799 0.74593408 0.37436459
vn -0.46625192 -0.75181185 0.46624896
vn 0.00000000 -1.00000000 0.00000000
vn 0.00000000 -1.00000000 0.00000000
vn -0.25061226 -0.75573021 0.60503335
vn 0.00000000 -1.00000000 0.00000000
vn -0.06442033 -0.72891283 0.68156886
vn 0.00000048 -1.00000000 0.00000095
vn 0.00000048 -1.00000000 -0.00000008
vn 0.00000049 -0.70710678 0.70710678
vn 0.06442222 -0.72892151 0.68155940
vn -0.00000052 -1.00000000 -0.00000555
vn 0.00000025 -1.00000000 -0.00000409
vn 0.00000035 0.00000113 -1.00000000
vn -0.08409895 -0.99645741 -0.00000123
vn -0.00000050 -0.00000297 1.00000000
vn -0.08412063 -0.99645558 -0.00000041
vn -0.00000050 -0.00000095 1.00000000
vn -0.34904687 -0.93710527 -0.00000051
vn 0.00000000 0.00000000 -1.00000000
vn -0.34903536 -0.93710955 -0.00000037
vn 0.00000025 0.00000477 -1.00000000
vn 0.00000025 -1.00000000 -0.00000850
vn 0.00000025 0.00000445 -1.00000000
vn -0.00000025 1.00000000 0.00000850
vn 0.00000032 0.00000017 -1.00000000
vn -0.51815065 -0.85528937 -0.00000047
vn -0.79524207 -0.60629205 -0.00000043
vn -0.00000011 -1.00000000 -0.00000626
vn 0.00000018 -1.00000000 -0.00000303
vn -0.00000195 -1.00000000 -0.00000053
vn -0.00000214 -1.00000000 -0.00000054
vn -0.00000152 -1.00000000 -0.00000048
vn 0.68156830 -0.72891324 0.06442153
vn 0.60503267 -0.75573011 0.25061420
vn 0.60503267 0.75573011 0.25061420
vn 0.46625071 -0.75181072 0.46625198
vn 0.37436645 0.74593245 0.55084893
vn 0.55084437 0.74593432 0.37436943
vn 0.25061455 0.75572571 0.60503801
vn 0.42196776 0.66063372 0.62089153
vn 0.62088874 0.66063345 0.42197228
vn 0.28608616 0.66417372 0.69067212
vn -0.00000103 1.00000000 0.00000186
vn 0.38268429 -0.00000710 0.92387918
vn 0.00000000 1.00000000 0.00000000
vn 0.09410008 -0.00000949 0.99556274
vn 0.06842086 0.68652021 0.72388438
vn -0.00000099 0.70710678 0.70710678
vn -0.00000033 -0.00000022 1.00000000
vn -0.00000035 1.00000000 0.00000000
vn 0.06442256 0.72890617 0.68157577
vn 0.25061373 -0.75573362 0.60502848
vn -0.00000075 0.70710686 0.70710670
vn -0.06442086 0.72891298 0.68156864
vn -0.25061226 0.75573021 0.60503335
vn -0.06842050 0.68652761 0.72387739
vn -0.00000052 1.00000000 -0.00000150
vn -0.09409977 0.00000000 0.99556277
vn -0.28608386 0.66418108 0.69066600
vn 0.00000000 1.00000000 0.00000000
vn -0.38268473 -0.00000099 0.92387899
vn -0.42197500 0.66063115 0.62088935
vn -0.62089169 0.66063014 0.42197314
vn 0.00000000 1.00000000 0.00000000
vn -0.56210175 -0.00000536 0.82706809
vn -0.82706990 -0.00000503 0.56209909
vn -0.69066604 0.66418075 0.28608452
vn 0.00000000 1.00000000 0.00000000
vn -0.92387858 0.00000000 0.38268574
vn -0.72387743 0.68652758 0.06842038
vn 0.00000132 1.00000000 0.00000030
vn -0.99556279 0.00000000 0.09409959
vn -0.72387723 0.68652781 -0.06842016
vn -0.00000096 1.00000000 0.00000021
vn -0.99556276 0.00000000 -0.09409990
vn -0.69066610 0.66418124 -0.28608325
vn 0.00000000 1.00000000 0.00000000
vn -0.92387954 0.00000000 -0.38268341
vn -0.62088996 0.66063252 -0.42197196
vn -0.42197407 0.66063282 -0.62088820
vn -0.55084442 0.74593363 -0.37437073
vn -0.37437209 0.74593325 -0.55084401
vn -0.00000225 1.00000000 0.00000166
vn -0.82707092 0.00000000 -0.56209758
vn -0.56209892 0.00000000 -0.82707001
vn 0.00000000 0.00000000 -1.00000000
vn 0.08409900 0.99645740 0.00000017
vn 0.00000000 0.00000000 -1.00000000
vn 0.34904637 0.93710545 0.00000052
vn -0.00000030 1.00000000 0.00000406
vn 0.00000000 0.00000000 1.00000000
vn 0.34904307 0.93710668 0.00000048
vn 0.00000000 0.00000000 -1.00000000
vn 0.66838950 0.74381146 0.00000045
vn 0.00000000 0.00000000 1.00000000
vn 0.79524196 0.60629219 0.00000048
vn 0.51812672 0.85530387 0.00000020
vn 0.00000000 0.00000000 -1.00000000
vn 0.91291831 0.40814232 0.00000024
vn 0.00000000 0.00000000 -1.00000000
vn 1.00000000 0.00000234 0.00000026
vn 0.00000000 0.00000000 -1.00000000
vn 0.51814317 -0.85529390 -0.00000028
vn 0.79522489 -0.60631458 0.00000004
vn 0.00000000 0.00000000 -1.00000000
vn 0.34905205 -0.93710334 -0.00000050
vn 0.00000000 0.00000000 1.00000000
vn 0.66839645 -0.74380520 -0.00000036
vn 0.00000000 0.00000000 1.00000000
vn 0.91292207 -0.40813393 0.00000002
vn 0.00000000 0.00000000 -1.00000000
vn 0.91292015 -0.40813821 0.00000012
vn 0.00000000 0.00000000 1.00000000
vn 1.00000000 -0.00000006 0.00000024
vn 0.00000000 0.00000000 1.00000000
vn 0.91292502 0.40812732 0.00000041
vn -0.00000046 1.00000000 0.00000360
vn 0.56209545 0.00000134 0.82707237
vn 0.82707021 0.00000197 0.56209862
vn 0.00000345 1.00000000 0.00000094
vn 0.92387916 0.00000177 0.38268433
vn 0.69066498 0.66418208 0.28608400
vn 0.72387734 0.68652765 0.06842061
vn 0.68156815 0.72891335 0.06442192
vn 0.68156864 -0.72891299 -0.06442082
vn 0.68156879 0.72891288 -0.06442043
vn 0.60503335 -0.75573021 -0.25061226
vn 0.60503335 0.75573021 -0.25061226
vn 0.72387649 0.68652862 -0.06841990
vn 0.69066606 0.66418156 -0.28608260
vn 0.00000421 1.00000000 0.00000069
vn 0.99556277 0.00000003 0.09409981
vn 0.62089130 0.66063194 -0.42197091
vn 0.42197071 0.66063183 -0.62089155
vn 0.55084528 0.74593444 -0.37436785
vn 0.37436857 0.74593424 -0.55084506
vn 0.46625143 -0.75181093 -0.46625093
vn 0.25061289 -0.75573022 -0.60503308
vn 0.25061289 0.75573022 -0.60503308
vn 0.28608176 0.66418196 -0.69066602
vn 0.00000000 -1.00000000 0.00000000
vn 0.00000000 -1.00000000 0.00000000
vn 0.00000000 -1.00000000 0.00000000
vn -0.00000037 -0.00000016 1.00000000
vn -0.66838476 -0.74381571 -0.00000033
vn 0.00000000 0.00000000 -1.00000000
vn -0.91292502 -0.40812731 -0.00000036
vn 0.00000000 0.00000000 1.00000000
vn -0.91292403 -0.40812953 -0.00000033
vn 0.00000000 0.00000000 -1.00000000
vn -1.00000000 -0.00000064 -0.00000018
vn 0.00000037 -0.00000016 -1.00000000
vn -0.66839007 0.74381094 0.00000021
vn 0.00000000 0.00000000 -1.00000000
vn -0.91292719 0.40812247 0.00000010
vn 0.00000000 0.00000000 1.00000000
vn -0.91292239 0.40813321 -0.00000007
vn 0.00000000 0.00000000 1.00000000
vn -1.00000000 -0.00000304 -0.00000020
vn -0.00000037 0.00000096 1.00000000
vn -0.08410967 0.99645650 0.00000073
vn 0.00000050 -0.00000297 -1.00000000
vn -0.08411082 0.99645641 -0.00000061
vn 0.00000050 -0.00000095 -1.00000000
vn -0.34905469 0.93710235 0.00000061
vn 0.00000000 0.00000000 1.00000000
vn -0.34905478 0.93710232 0.00000061
vn -0.00000025 -0.00000000 1.00000000
vn -0.00000101 1.00000000 -0.00000000
vn -0.00000025 -0.00000000 1.00000000
vn 0.00000039 -1.00000000 -0.00000006
vn -0.00000032 0.00000017 1.00000000
vn -0.79522348 0.60631643 0.00000015
vn -0.51816710 0.85527940 0.00000052
vn -0.00000397 1.00000000 0.00000072
vn 0.99556277 0.00000119 -0.09409982
vn -0.00000146 1.00000000 0.00000154
vn 0.92387998 0.00000128 -0.38268235
vn 0.00000283 1.00000000 0.00000208
vn 0.82707214 0.00000197 -0.56209579
vn 0.56209581 0.00000134 -0.82707213
vn -0.00000322 1.00000000 -0.00000487
vn 0.38268262 0.00000087 -0.92387987
vn -0.00000084 1.00000000 0.00000230
vn 0.09409992 0.00000011 -0.99556276
vn 0.00000000 0.00000000 -1.00000000
vn -0.00000096 1.00000000 -0.00000010
vn 0.06841891 0.68652290 -0.72388200
vn -0.00000074 0.70710686 -0.70710670
vn 0.00000000 0.00000000 1.00000000
vn 0.08411784 0.99645581 -0.00000132
vn -0.00000078 1.00000000 -0.00000679
vn -0.09409998 -0.00000011 -0.99556275
vn -0.06842100 0.68652743 -0.72387751
vn -0.28608277 0.66418133 -0.69066620
vn -0.00000161 1.00000000 -0.00000521
vn -0.38268255 -0.00000046 -0.92387990
vn -0.06442140 0.72891316 -0.68156840
vn -0.06442061 -0.72891293 -0.68156872
vn -0.25061269 0.75573017 -0.60503321
vn -0.00000075 0.70710670 -0.70710686
vn 0.06441954 0.72890933 -0.68157267
vn 0.06442373 -0.72891222 -0.68156919
vn 0.00000025 -0.70710686 -0.70710670
vn 0.00000035 -1.00000000 -0.00000000
vn 0.00000223 -1.00000000 -0.00000031
vn 0.00000065 -1.00000000 0.00000104
vn -0.25061269 -0.75573017 -0.60503321
vn 0.00000045 -1.00000000 0.00000147
vn 0.00000000 0.00000000 1.00000000
vn 0.08411079 -0.99645641 0.00000039
vn 0.00000000 0.00000000 1.00000000
vn 0.34905401 -0.93710261 -0.00000061
vn 0.00000002 0.00000017 -1.00000000
vn 0.08411030 -0.99645645 -0.00000083
vn 0.00000219 -1.00000000 -0.00000062
vn 0.00000590 -1.00000000 -0.00000067
vn 0.00000189 -1.00000000 0.00000050
vn 0.00000093 -1.00000000 0.00000089
vn -0.46625089 -0.75181066 -0.46625191
vn -0.60503266 -0.75573022 -0.25061388
vn -0.60503266 0.75573022 -0.25061388
vn -0.68156850 0.72891309 -0.06442114
vn -0.68156819 -0.72891331 -0.06442191
vn -0.68156823 0.72891330 0.06442165
vn -0.68156854 -0.72891308 0.06442089
vn -0.60503371 0.75572909 0.25061473
vn -0.60503377 -0.75572973 0.25061267
vn -0.37437584 0.74593288 0.55084197
vn -0.55084933 0.74593071 0.37436933
vn -0.46625145 -0.75181571 0.46624320
vn 0.00000133 -1.00000000 -0.00000184
vn 0.00000111 -1.00000000 -0.00000369
vn -0.25061081 -0.75572571 0.60503956
vn 0.00000151 -1.00000000 0.00000405
vn -0.06441983 -0.72891296 0.68156877
vn 0.00000053 -1.00000000 -0.00000171
vn 0.00000066 -1.00000000 0.00000585
vn -0.00000000 -0.70710241 0.70711115
vn 0.06442296 -0.72891393 0.68156743
vn 0.00000011 -1.00000000 0.00000531
vn 0.00000101 -1.00000000 0.00000000
vn 0.00000035 0.00000113 -1.00000000
vn -0.08411770 -0.99645583 0.00000163
vn -0.00000050 -0.00000297 1.00000000
vn -0.08410912 -0.99645655 -0.00000066
vn -0.00000050 -0.00000095 1.00000000
vn -0.34904578 -0.93710567 -0.00000061
vn 0.00000000 0.00000000 -1.00000000
vn -0.34905582 -0.93710194 -0.00000073
vn 0.00000025 0.00000477 -1.00000000
vn 0.00000101 -1.00000000 0.00000000
vn 0.00000025 0.00000445 -1.00000000
vn -0.00000076 1.00000000 -0.00000000
vn 0.00000032 0.00000017 -1.00000000
vn -0.51815065 -0.85528937 -0.00000070
vn -0.79522354 -0.60631636 -0.00000029
vn 0.00000099 -1.00000000 0.00000336
vn 0.00000199 -1.00000000 0.00000193
vn 0.00000390 -1.00000000 0.00000106
vn 0.00000818 -1.00000000 -0.00000037
vn 0.00000136 -1.00000000 -0.00000076
vn 0.68156850 -0.72891309 0.06442114
vn 0.60503266 -0.75573022 0.25061388
vn 0.60503266 0.75573022 0.25061388
vn 0.46625089 -0.75181066 0.46625191
vn 0.37436846 0.74593395 0.55084553
vn 0.55084437 0.74593432 0.37436943
vn 0.25061523 0.75572928 0.60503327
vn 0.42197180 0.66063280 0.62088977
vn 0.62088877 0.66063305 0.42197288
vn 0.28608501 0.66417809 0.69066839
vn -0.00000088 1.00000000 -0.00000297
vn 0.38268494 -0.00000656 0.92387891
vn -0.00000030 1.00000000 -0.00000457
vn 0.09410018 -0.00000934 0.99556273
vn 0.06842050 0.68652430 0.72388053
vn -0.00000050 0.70710678 0.70710678
vn -0.00000033 -0.00000022 1.00000000
vn -0.00000035 1.00000000 -0.00001409
vn 0.06442269 0.72891386 0.68156754
vn 0.25061523 -0.75572928 0.60503327
vn -0.00000050 0.70710678 0.70710678
vn -0.06442087 0.72891301 0.68156862
vn -0.25061608 0.75572938 0.60503280
vn -0.06842064 0.68652754 0.72387744
vn -0.00000141 1.00000000 0.00000083
vn -0.09410012 -0.00000018 0.99556274
vn -0.28608499 0.66418234 0.69066431
vn -0.00000318 1.00000000 -0.00000575
vn -0.38268377 -0.00000192 0.92387939
vn -0.42198400 0.66062302 0.62089189
vn -0.62089411 0.66062653 0.42197522
vn 0.00000256 1.00000000 0.00000214
vn -0.56209998 -0.00000856 0.82706929
vn -0.82707122 -0.00000476 0.56209715
vn -0.69066593 0.66418088 0.28608449
vn -0.00000157 1.00000000 0.00000165
vn -0.92387934 -0.00000199 0.38268391
vn -0.72387779 0.68652722 0.06842022
vn -0.00000290 1.00000000 0.00000099
vn -0.99556281 -0.00000119 0.09409935
vn -0.72387769 0.68652732 -0.06842029
vn -0.00001552 1.00000000 0.00000025
vn -0.99556272 -0.00000140 -0.09410029
vn -0.69066639 0.66418038 -0.28608453
vn -0.00000669 1.00000000 -0.00000179
vn -0.92387889 -0.00000202 -0.38268498
vn -0.62088989 0.66063174 -0.42197327
vn -0.42197067 0.66063245 -0.62089091
vn -0.55084437 0.74593432 -0.37436943
vn -0.37436846 0.74593395 -0.55084553
vn -0.00000334 1.00000000 -0.00000320
vn -0.82707021 -0.00000099 -0.56209862
vn -0.56209581 -0.00000067 -0.82707213
vn 0.00000000 0.00000000 -1.00000000
vn 0.08410909 0.99645655 0.00000055
vn 0.00000000 0.00000000 -1.00000000
vn 0.34904578 0.93710567 0.00000061
vn -0.00000055 1.00000000 -0.00000685
vn 0.00000000 0.00000000 1.00000000
vn 0.34905582 0.93710194 0.00000073
vn 0.00000000 0.00000000 -1.00000000
vn 0.66839186 0.74380933 0.00000065
vn 0.00000000 0.00000000 1.00000000
vn 0.79523926 0.60629573 0.00000058
vn 0.51815065 0.85528937 0.00000070
vn 0.00000000 0.00000000 -1.00000000
vn 0.91292307 0.40813168 0.00000043
vn 0.00000000 0.00000000 -1.00000000
vn 1.00000000 0.00000614 0.00000017
vn 0.00000000 0.00000000 -1.00000000
vn 0.51814940 -0.85529012 -0.00000032
vn 0.79523205 -0.60630519 -0.00000015
vn 0.00000000 0.00000000 -1.00000000
vn 0.34904536 -0.93710583 -0.00000050
vn 0.00000000 0.00000000 1.00000000
vn 0.66839399 -0.74380741 -0.00000034
vn 0.00000000 0.00000000 1.00000000
vn 0.91292099 -0.40813632 -0.00000008
vn 0.00000000 0.00000000 -1.00000000
vn 0.91292320 -0.40813139 -0.00000003
vn 0.00000000 0.00000000 1.00000000
vn 1.00000000 0.00000369 0.00000015
vn 0.00000000 0.00000000 1.00000000
vn 0.91292192 0.40813425 0.00000046
vn -0.00000177 1.00000000 -0.00000173
vn 0.56209616 0.00000067 0.82707189
vn 0.82706986 0.00000099 0.56209914
vn -0.00000345 1.00000000 -0.00000094
vn 0.92387906 0.00000110 0.38268458
vn 0.69066546 0.66418153 0.28608410
vn 0.72387703 0.68652795 0.06842091
vn 0.68156819 0.72891331 0.06442191
vn 0.68156858 -0.72891304 -0.06442092
vn 0.68156889 0.72891282 -0.06442015
vn 0.60503315 -0.75572948 -0.25061492
vn 0.60503397 0.75573090 -0.25060868
vn 0.72387689 0.68652818 -0.06841998
vn 0.69066725 0.66418096 -0.28608111
vn -0.00001081 1.00000000 0.00000080
vn 0.99556273 0.00000119 0.09410023
vn 0.62089224 0.66063361 -0.42196688
vn 0.42197059 0.66063260 -0.62089080
vn 0.55084944 0.74593323 -0.37436413
vn 0.37436846 0.74593395 -0.55084553
vn 0.46624843 -0.75181189 -0.46625238
vn 0.25061495 -0.75573080 -0.60503149
vn 0.25061269 0.75573017 -0.60503321
vn 0.28608166 0.66418199 -0.69066603
vn 0.00000307 -1.00000000 0.00000327
vn -0.00000254 -1.00000000 -0.00000240
vn 0.00000031 -1.00000000 -0.00000212
vn -0.00000037 -0.00000016 1.00000000
vn -0.66839273 -0.74380855 -0.00000065
vn 0.00000000 0.00000000 -1.00000000
vn -0.91291966 -0.40813930 -0.00000026
vn 0.00000000 0.00000000 1.00000000
vn -0.91292355 -0.40813060 -0.00000045
vn 0.00000000 0.00000000 -1.00000000
vn -1.00000000 0.00000086 -0.00000013
vn 0.00000037 -0.00000016 -1.00000000
vn -0.66839457 0.74380690 0.00000041
vn 0.00000000 0.00000000 -1.00000000
vn -0.91292219 0.40813365 0.00000013
vn 0.00000000 0.00000000 1.00000000
vn -0.91292030 0.40813788 0.00000003
vn 0.00000000 0.00000000 1.00000000
vn -1.00000000 -0.00000616 -0.00000020
vn -0.00000037 0.00000096 1.00000000
vn -0.08410976 0.99645650 0.00000046
vn 0.00000050 -0.00000297 -1.00000000
vn -0.08410081 0.99645725 -0.00000085
vn 0.00000050 -0.00000095 -1.00000000
vn -0.34904079 0.93710753 0.00000047
vn 0.00000000 0.00000000 1.00000000
vn -0.34905091 0.93710376 0.00000059
vn -0.00000025 -0.00000000 1.00000000
vn -0.00000076 1.00000000 0.00000433
vn -0.00000025 -0.00000000 1.00000000
vn 0.00000008 -1.00000000 -0.00000417
vn -0.00000032 0.00000017 1.00000000
vn -0.79522489 0.60631458 0.00000010
vn -0.51815963 0.85528393 0.00000049
vn 0.00000182 1.00000000 0.00000043
vn 0.99556274 0.00000000 -0.09410011
vn 0.00000000 1.00000000 0.00000000
vn 0.92387936 0.00000146 -0.38268384
vn 0.00000000 1.00000000 0.00000000
vn 0.82707285 0.00000789 -0.56209474
vn 0.56209655 0.00000342 -0.82707162
vn -0.00000322 1.00000000 -0.00000487
vn 0.38268198 0.00000000 -0.92388013
vn -0.00000084 1.00000000 0.00000230
vn 0.09410013 0.00000000 -0.99556274
vn 0.00000035 0.00000000 -1.00000000
vn -0.00000070 1.00000000 0.00000385
vn 0.06841916 0.68652280 -0.72388208
vn -0.00000048 0.70710694 -0.70710662
vn 0.00000000 0.00000000 1.00000000
vn 0.08411809 0.99645579 -0.00000054
vn -0.00000020 1.00000000 -0.00000819
vn -0.09409968 0.00000000 -0.99556278
vn -0.06842010 0.68653155 -0.72387369
vn -0.28608466 0.66418554 -0.69066138
vn -0.00000282 1.00000000 -0.00000338
vn -0.38268559 0.00000000 -0.92387864
vn -0.06442040 0.72891746 -0.68156389
vn -0.06442099 -0.72890875 -0.68157315
vn -0.25061264 0.75573385 -0.60502864
vn -0.00000050 0.70710662 -0.70710694
vn 0.06441971 0.72890939 -0.68157259
vn 0.06442675 -0.72891150 -0.68156968
vn 0.00000050 -0.70710678 -0.70710678
vn 0.00000017 -1.00000000 -0.00000228
vn 0.00000425 -1.00000000 -0.00000123
vn -0.00000006 -1.00000000 -0.00000461
vn -0.25061443 -0.75572576 -0.60503801
vn 0.00000010 -1.00000000 -0.00000380
vn 0.00000000 0.00000000 1.00000000
vn 0.08411015 -0.99645646 -0.00000039
vn 0.00000000 0.00000000 1.00000000
vn 0.34905443 -0.93710245 -0.00000052
vn 0.00000000 0.00000000 -1.00000000
vn 0.08409955 -0.99645736 -0.00000025
vn -0.00000144 -1.00000000 -0.00000057
vn 0.00000227 -1.00000000 -0.00000072
vn 0.00000000 -1.00000000 0.00000000
vn 0.00000222 -1.00000000 -0.00000189
vn -0.46625046 -0.75181062 -0.46625240
vn -0.60503378 -0.75572962 -0.25061298
vn -0.60503378 0.75572962 -0.25061298
vn -0.68156843 0.72891315 -0.06442130
vn -0.68156812 -0.72891337 -0.06442206
vn -0.68156858 0.72891304 0.06442092
vn -0.68156889 -0.72891282 0.06442015
vn -0.60503223 0.75573075 0.25061332
vn -0.60503260 -0.75573062 0.25061282
vn -0.37437547 0.74593614 0.55083780
vn -0.55084735 0.74593146 0.37437075
vn -0.46624851 -0.75181330 0.46625003
vn 0.00000000 -1.00000000 0.00000000
vn 0.00000117 -1.00000000 0.00000206
vn -0.25061106 -0.75572411 0.60504146
vn 0.00000151 -1.00000000 0.00000405
vn -0.06442185 -0.72891370 0.68156778
vn 0.00000101 -1.00000000 -0.00000076
vn 0.00000071 -1.00000000 0.00001146
vn 0.00000050 -0.70709819 0.70711537
vn 0.06442037 -0.72891731 0.68156407
vn -0.00000095 -1.00000000 -0.00000196
vn 0.00000076 -1.00000000 -0.00000409
vn 0.00000037 0.00000096 -1.00000000
vn -0.08411965 -0.99645566 -0.00000031
vn -0.00000050 -0.00000297 1.00000000
vn -0.08411998 -0.99645563 -0.00000048
vn -0.00000050 -0.00000095 1.00000000
vn -0.34905738 -0.93710135 -0.00000075
vn 0.00000000 0.00000000 -1.00000000
vn -0.34905197 -0.93710337 -0.00000069
vn 0.00000025 0.00000000 -1.00000000
vn 0.00000076 -1.00000000 -0.00000850
vn 0.00000025 -0.00000000 -1.00000000
vn -0.00000076 1.00000000 0.00000850
vn 0.00000032 0.00000017 -1.00000000
vn -0.51814317 -0.85529390 -0.00000061
vn -0.79522495 -0.60631450 -0.00000015
vn 0.00000039 -1.00000000 -0.00000458
vn 0.00000117 -1.00000000 -0.00000206
vn 0.00000000 -1.00000000 0.00000000
vn 0.00000144 -1.00000000 -0.00000057
vn -0.00000227 -1.00000000 -0.00000072
vn 0.68156877 -0.72891289 0.06442059
vn 0.60503144 -0.75573151 0.25061293
vn 0.60503486 0.75572899 0.25061228
vn 0.46625050 -0.75181053 0.46625251
vn 0.37436620 0.74593284 0.55084857
vn 0.55084499 0.74593376 0.37436963
vn 0.25061467 0.75572567 0.60503801
vn 0.42196643 0.66063266 0.62089357
vn 0.62089208 0.66063160 0.42197029
vn 0.28608300 0.66417769 0.69066961
vn -0.00000278 1.00000000 -0.00000409
vn 0.38268198 0.00000000 0.92388013
vn -0.00000007 1.00000000 -0.00001043
vn 0.09410031 0.00000000 0.99556272
vn 0.06842105 0.68652351 0.72388123
vn -0.00000024 0.70710670 0.70710686
vn 0.00000000 0.00000000 1.00000000
vn 0.00000000 1.00000000 -0.00001409
vn 0.06442146 0.72890875 0.68157311
vn 0.25061288 -0.75573377 0.60502864
vn -0.00000025 0.70710686 0.70710670
vn -0.06442315 0.72891383 0.68156752
vn -0.25062125 0.75572718 0.60503340
vn -0.06842037 0.68652767 0.72387735
vn -0.00000141 1.00000000 0.00000083
vn -0.09410012 -0.00000008 0.99556274
vn -0.28608813 0.66418237 0.69066299
vn -0.00000318 1.00000000 -0.00000575
vn -0.38268518 -0.00000066 0.92387881
vn -0.42198079 0.66063164 0.62088489
vn -0.62088880 0.66063264 0.42197347
vn 0.00000000 1.00000000 0.00000000
vn -0.56209962 0.00000000 0.82706953
vn -0.82706976 -0.00000071 0.56209929
vn -0.69066699 0.66418015 0.28608361
vn 0.00000000 1.00000000 0.00000000
vn -0.92387954 -0.00000220 0.38268341
vn -0.72387813 0.68652687 0.06842009
vn 0.00000395 1.00000000 0.00000090
vn -0.99556284 -0.00000237 0.09409900
vn -0.72387815 0.68652680 -0.06842058
vn -0.00000867 1.00000000 0.00000034
vn -0.99556270 -0.00000237 -0.09410052
vn -0.69066639 0.66418045 -0.28608439
vn -0.00000334 1.00000000 -0.00000089
vn -0.92387897 -0.00000220 -0.38268480
vn -0.62088880 0.66063338 -0.42197232
vn -0.42197536 0.66063128 -0.62088896
vn -0.55084668 0.74593357 -0.37436753
vn -0.37436712 0.74593561 -0.55084420
vn -0.00000392 1.00000000 0.00000006
vn -0.82707021 -0.00000197 -0.56209862
vn -0.56209988 -0.00000085 -0.82706936
vn 0.00000000 0.00000000 -1.00000000
vn 0.08410950 0.99645652 0.00000024
vn 0.00000000 0.00000000 -1.00000000
vn 0.34904462 0.93710610 0.00000060
vn -0.00000038 1.00000000 -0.00000288
vn 0.00000000 0.00000000 1.00000000
vn 0.34905560 0.93710202 0.00000073
vn 0.00000000 0.00000000 -1.00000000
vn 0.66839252 0.74380874 0.00000064
vn 0.00000000 0.00000000 1.00000000
vn 0.79523928 0.60629571 0.00000053
vn 0.51815065 0.85528937 0.00000070
vn 0.00000000 0.00000000 -1.00000000
vn 0.91292402 0.40812955 0.00000042
vn 0.00000000 0.00000000 -1.00000000
vn 1.00000000 0.00000766 0.00000015
vn 0.00000000 0.00000000 -1.00000000
vn 0.51816710 -0.85527940 -0.00000035
vn 0.79523060 -0.60630710 -0.00000029
vn 0.00000000 0.00000000 -1.00000000
vn 0.34904490 -0.93710600 -0.00000041
vn 0.00000000 0.00000000 1.00000000
vn 0.66839016 -0.74381085 -0.00000027
vn 0.00000000 0.00000000 1.00000000
vn 0.91292011 -0.40813830 -0.00000011
vn 0.00000000 0.00000000 -1.00000000
vn 0.91292335 -0.40813106 -0.00000013
vn 0.00000000 0.00000000 1.00000000
vn 1.00000000 0.00000451 0.00000012
vn 0.00000000 0.00000000 1.00000000
vn 0.91292315 0.40813151 0.00000040
vn -0.00000401 1.00000000 0.00000014
vn 0.56209474 0.00000000 0.82707285
vn 0.82707182 0.00000286 0.56209625
vn -0.00000345 1.00000000 -0.00000094
vn 0.92387961 0.00000708 0.38268325
vn 0.69066319 0.66418446 0.28608280
vn 0.72387702 0.68652808 0.06841972
vn 0.68156841 0.72891314 0.06442154
vn 0.68156835 -0.72891322 -0.06442130
vn 0.68156866 0.72891300 -0.06442053
vn 0.60503172 -0.75573083 -0.25061431
vn 0.60503172 0.75573083 -0.25061431
vn 0.72387737 0.68652766 -0.06842023
vn 0.69066574 0.66418119 -0.28608422
vn -0.00001081 1.00000000 0.00000080
vn 0.99556298 0.00000000 0.09409753
vn 0.62088784 0.66063635 -0.42196907
vn 0.42197177 0.66063292 -0.62088967
vn 0.55084401 0.74593325 -0.37437209
vn 0.37437073 0.74593363 -0.55084442
vn 0.46625166 -0.75180974 -0.46625261
vn 0.25061832 -0.75573183 -0.60502881
vn 0.25061381 0.75573058 -0.60503224
vn 0.28608205 0.66418181 -0.69066604
vn 0.00000614 -1.00000000 0.00000654
vn 0.00000000 -1.00000000 0.00000000
vn 0.00000000 -1.00000000 0.00000000
vn -0.00000037 -0.00000016 1.00000000
vn -0.66839464 -0.74380683 -0.00000059
vn 0.00000000 0.00000000 -1.00000000
vn -0.91292014 -0.40813822 -0.00000010
vn 0.00000000 0.00000000 1.00000000
vn -0.91292402 -0.40812955 -0.00000029
vn 0.00000000 0.00000000 -1.00000000
vn -1.00000000 0.00000235 0.00000005
vn 0.00000037 -0.00000016 -1.00000000
vn -0.66839218 0.74380904 0.00000037
vn 0.00000000 0.00000000 -1.00000000
vn -0.91292208 0.40813389 0.00000019
vn 0.00000000 0.00000000 1.00000000
vn -0.91292505 0.40812724 -0.00000002
vn 0.00000000 0.00000000 1.00000000
vn -1.00000000 -0.00001657 -0.00000014
vn 0.00000000 0.00000000 1.00000000
vn 0.99645647 0.08411004 0.00000075
vn 0.00000000 0.00000000 -1.00000000
vn 0.99645649 0.08410985 0.00000036
vn 0.00000000 0.00000000 -1.00000000
vn 0.93710511 0.34904730 0.00000049
vn 0.00000000 0.00000000 1.00000000
vn 0.93710611 0.34904460 0.00000046
vn 0.00000000 0.00000000 1.00000000
vn 1.00000000 0.00000013 0.00000000
vn 0.00000000 0.00000000 1.00000000
vn -1.00000000 -0.00000017 -0.00000198
vn 0.00000000 0.00000000 1.00000000
vn 0.60629768 0.79523778 0.00000029
vn 0.85529088 0.51814816 0.00000041
vn 0.00000000 -0.99556271 -0.09410038
vn 1.00000000 0.00000145 0.00000046
vn 0.00000000 -0.92387932 -0.38268394
vn 1.00000000 0.00000167 0.00000045
vn 0.00000000 -0.82707092 -0.56209758
vn 0.00000000 -0.56210033 -0.82706905
vn 1.00000000 0.00000083 0.00000080
vn 0.00000000 -0.38268521 -0.92387879
vn 1.00000000 0.00000040 0.00000130
vn 0.00000000 -0.09410003 -0.99556275
vn 1.00000000 0.00000005 0.00000205
vn 0.00000000 0.00000000 -1.00000000
vn 1.00000000 0.00000012 0.00000008
vn 0.68652764 -0.06842048 -0.72387737
vn 0.70710678 0.00000000 -0.70710678
vn 0.00000000 0.00000000 1.00000000
vn 0.99645659 -0.08410863 0.00000027
vn 0.00000000 0.09410031 -0.99556272
vn 1.00000000 0.00000000 0.00000000
vn 0.68652758 0.06842069 -0.72387740
vn 0.66418168 0.28608294 -0.69066580
vn 0.00000000 0.38268236 -0.92387998
vn 1.00000000 0.00000000 0.00000000
vn 0.72891307 0.06442104 -0.68156854
vn -0.72891307 0.06442104 -0.68156854
vn 0.75573083 0.25061431 -0.60503172
vn 0.70710678 0.00000000 -0.70710678
vn 0.72891307 -0.06442104 -0.68156854
vn -0.72891365 -0.06442072 -0.68156794
vn -0.70710674 -0.00000012 -0.70710682
vn -1.00000000 -0.00000018 -0.00000108
vn -1.00000000 0.00000037 -0.00000058
vn -1.00000000 -0.00000010 -0.00000031
vn -0.75573083 0.25061431 -0.60503172
vn -1.00000000 0.00000000 0.00000000
vn 0.00000000 0.00000000 1.00000000
vn -0.99645657 -0.08410891 -0.00000028
vn 0.00000000 0.00000000 1.00000000
vn -0.93710643 -0.34904374 -0.00000038
vn 0.00000000 0.00000000 -1.00000000
vn -0.99645606 -0.08411490 -0.00000026
vn -1.00000000 0.00000072 -0.00000029
vn -1.00000000 -0.00000114 -0.00000036
vn -1.00000000 0.00000000 0.00000000
vn -1.00000000 0.00000000 0.00000000
vn -0.75180974 0.46625261 -0.46625166
vn -0.75573058 0.60503224 -0.25061381
vn 0.75573058 0.60503224 -0.25061381
vn 0.72891301 0.68156861 -0.06442085
vn -0.72891312 0.68156846 -0.06442123
vn 0.72891296 0.68156867 0.06442078
vn -0.72891285 0.68156883 0.06442040
vn 0.75573021 0.60503335 0.25061226
vn -0.75573021 0.60503335 0.25061226
vn 0.74593600 0.37436687 0.55084384
vn 0.74593288 0.55084672 0.37436883
vn -0.75181106 0.46625107 0.46625107
vn -1.00000000 0.00000000 0.00000000
vn -1.00000000 0.00000000 0.00000000
vn -0.75573004 0.25061274 0.60503336
vn -1.00000000 0.00000000 0.00000000
vn -0.72891307 0.06442104 0.68156854
vn -1.00000000 0.00000000 0.00000000
vn -1.00000000 0.00000000 0.00000000
vn -0.70710678 0.00000000 0.70710678
vn -0.72891307 -0.06442104 0.68156854
vn -1.00000000 0.00000000 0.00000000
vn -1.00000000 0.00000000 0.00000000
vn 0.00000000 0.00000000 -1.00000000
vn -0.99645651 0.08410955 -0.00000026
vn 0.00000000 0.00000000 1.00000000
vn -0.99645649 0.08410983 -0.00000027
vn 0.00000000 0.00000000 1.00000000
vn -0.93710614 0.34904454 -0.00000041
vn 0.00000000 0.00000000 -1.00000000
vn -0.93710510 0.34904732 -0.00000044
vn 0.00000000 0.00000000 -1.00000000
vn -1.00000000 0.00000000 0.00000000
vn 0.00000000 0.00000000 -1.00000000
vn 1.00000000 0.00000013 0.00000425
vn 0.00000000 0.00000000 -1.00000000
vn -0.85528786 0.51815314 -0.00000041
vn -0.60629768 0.79523778 -0.00000029
vn -1.00000000 0.00000000 0.00000000
vn -1.00000000 0.00000000 0.00000000
vn -1.00000000 0.00000000 0.00000000
vn -1.00000000 -0.00000096 -0.00000038
vn -1.00000000 0.00000152 -0.00000048
vn -0.72891285 -0.68156884 0.06442028
vn -0.75573060 -0.60503253 0.25061304
vn 0.75573060 -0.60503253 0.25061304
vn -0.75181040 -0.46625137 0.46625184
vn 0.74593559 -0.37436831 0.55084340
vn 0.74593229 -0.55084609 0.37437095
vn 0.75573031 -0.25061327 0.60503280
vn 0.66063165 -0.42197553 0.62088846
vn 0.66063451 -0.62088889 0.42197042
vn 0.66418080 -0.28608534 0.69066565
vn 0.00000000 -0.38268601 0.92387847
vn 1.00000000 0.00000000 0.00000000
vn 0.00000000 -0.09410003 0.99556275
vn 1.00000000 0.00000000 0.00000000
vn 0.68652764 -0.06842048 0.72387737
vn 0.70710678 0.00000000 0.70710678
vn 0.00000000 0.00000000 1.00000000
vn 1.00000000 0.00000018 0.00000000
vn 0.72891307 -0.06442104 0.68156854
vn -0.75573031 -0.25061327 0.60503280
vn 0.70710678 0.00000000 0.70710678
vn 0.72891307 0.06442104 0.68156854
vn 0.75573004 0.25061274 0.60503336
vn 0.68652758 0.06842069 0.72387740
vn 0.00000000 0.09410032 0.99556272
vn 1.00000000 0.00000026 -0.00000075
vn 0.66418119 0.28608422 0.69066574
vn 0.00000000 0.38268469 0.92387901
vn 1.00000000 0.00000000 0.00000000
vn 0.66063072 0.42197385 0.62089058
vn 0.66063383 0.62089045 0.42196919
vn 0.00000000 0.56209892 0.82707001
vn 0.00000000 0.82707285 0.56209474
vn 1.00000000 0.00000000 0.00000000
vn 0.66418179 0.69066581 0.28608266
vn 0.00000000 0.92387968 0.38268307
vn 1.00000000 -0.00000400 0.00000151
vn 0.68652740 0.72387752 0.06842129
vn 0.00000000 0.99556266 0.09410099
vn 1.00000000 0.00000053 0.00000070
vn 0.68652763 0.72387736 -0.06842052
vn 0.00000000 0.99556272 -0.09410030
vn 1.00000000 0.00000197 0.00000042
vn 0.66418135 0.69066584 -0.28608360
vn 0.00000099 0.92387956 -0.38268337
vn 1.00000000 0.00000000 0.00000000
vn 0.66063210 0.62089119 -0.42197081
vn 0.66063756 0.42197047 -0.62088560
vn 0.74593363 0.55084442 -0.37437073
vn 0.74593325 0.37437209 -0.55084401
vn 0.00000536 0.82707285 -0.56209474
vn 0.00000503 0.56209740 -0.82707104
vn 1.00000000 0.00000000 0.00000000
vn 0.00000000 0.00000000 -1.00000000
vn 0.99645649 -0.08410980 0.00000038
vn 0.00000000 0.00000000 -1.00000000
vn 0.93710613 -0.34904455 0.00000046
vn 1.00000000 0.00000015 0.00000203
vn 0.00000000 0.00000000 1.00000000
vn 0.93710644 -0.34904373 0.00000045
vn 0.00000000 0.00000000 -1.00000000
vn 0.74381112 -0.66838987 0.00000035
vn 0.00000000 0.00000000 1.00000000
vn 0.60629768 -0.79523778 0.00000029
vn 0.85529088 -0.51814816 0.00000041
vn 0.00000000 0.00000000 -1.00000000
vn 0.40813067 -0.91292352 0.00000019
vn 0.00000000 0.00000000 -1.00000000
vn 0.00000006 -1.00000000 0.00000000
vn 0.00000000 0.00000000 -1.00000000
vn -0.85529088 -0.51814816 -0.00000041
vn -0.60629768 -0.79523778 -0.00000029
vn 0.00000000 0.00000000 -1.00000000
vn -0.93710424 -0.34904963 -0.00000045
vn 0.00000000 0.00000000 1.00000000
vn -0.74381112 -0.66838987 -0.00000035
vn 0.00000000 0.00000000 1.00000000
vn -0.40813067 -0.91292352 -0.00000019
vn 0.00000000 0.00000000 -1.00000000
vn -0.40813055 -0.91292357 -0.00000019
vn 0.00000000 0.00000000 1.00000000
vn -0.00000006 -1.00000000 -0.00000000
vn 0.00000000 0.00000000 1.00000000
vn 0.40813055 -0.91292357 0.00000019
vn 0.00000000 -0.56210175 0.82706809
vn 0.00000000 -0.82707143 0.56209683
vn 1.00000000 0.00000000 0.00000000
vn 0.00000000 -0.92387928 0.38268405
vn 1.00000000 0.00000000 0.00000000
vn 0.66418155 -0.69066565 0.28608362
vn 0.68652738 -0.72387754 0.06842123
vn 0.72891298 -0.68156866 0.06442072
vn -0.72891312 -0.68156845 -0.06442135
vn 0.72891299 -0.68156863 -0.06442091
vn -0.75573018 -0.60503306 -0.25061302
vn 0.75573018 -0.60503306 -0.25061302
vn 0.68652765 -0.72387734 -0.06842058
vn 0.66418135 -0.69066584 -0.28608360
vn 0.00000000 -0.99556267 0.09410081
vn 1.00000000 0.00000198 0.00000045
vn 0.66063140 -0.62089077 -0.42197251
vn 0.66063453 -0.42197304 -0.62088709
vn 0.74593501 -0.55084433 -0.37436812
vn 0.74593388 -0.37436852 -0.55084558
vn -0.75181119 -0.46625051 -0.46625144
vn -0.75572408 -0.25061939 -0.60503805
vn 0.75573271 -0.25061380 -0.60502958
vn 0.66418097 -0.28608469 -0.69066576
vn -1.00000000 -0.00000119 -0.00000174
vn -1.00000000 0.00000000 0.00000000
vn -1.00000000 0.00000000 0.00000000
vn 0.00000000 0.00000000 1.00000000
vn -0.74381111 0.66838988 -0.00000032
vn 0.00000000 0.00000000 -1.00000000
vn -0.40813055 0.91292357 -0.00000019
vn 0.00000000 0.00000000 1.00000000
vn -0.40812523 0.91292595 -0.00000013
vn 0.00000000 0.00000000 -1.00000000
vn 0.00000009 1.00000000 0.00000006
vn 0.00000000 0.00000000 -1.00000000
vn 0.74380919 0.66839202 0.00000039
vn 0.00000000 0.00000000 -1.00000000
vn 0.40813063 0.91292354 0.00000025
vn 0.00000000 0.00000000 1.00000000
vn 0.40812508 0.91292602 0.00000019
vn 0.00000000 0.00000000 1.00000000
vn -0.00000002 1.00000000 0.00000006
vn 0.00000000 0.00000000 1.00000000
vn 0.08410990 -0.99645648 0.00000064
vn 0.00000000 0.00000000 -1.00000000
vn 0.08410985 -0.99645649 0.00000036
vn 0.00000000 0.00000000 -1.00000000
vn 0.34904730 -0.93710511 0.00000049
vn 0.00000000 0.00000000 1.00000000
vn 0.34904460 -0.93710611 0.00000046
vn 0.00000000 0.00000000 1.00000000
vn 0.00000013 -1.00000000 0.00000000
vn 0.00000000 0.00000000 1.00000000
vn -0.00000017 1.00000000 -0.00000198
vn 0.00000000 0.00000000 1.00000000
vn 0.79523778 -0.60629768 0.00000029
vn 0.51814816 -0.85529088 0.00000041
vn 0.00000145 -1.00000000 0.00000046
vn -0.99556271 0.00000000 -0.09410038
vn 0.00000167 -1.00000000 0.00000045
vn -0.92387932 0.00000000 -0.38268394
vn -0.00000029 -1.00000000 0.00000163
vn -0.82707092 0.00000000 -0.56209758
vn -0.56210033 0.00000000 -0.82706905
vn 0.00000100 -1.00000000 -0.00000152
vn -0.38268521 0.00000000 -0.92387879
vn 0.00000042 -1.00000000 0.00000115
vn -0.09409994 0.00000000 -0.99556276
vn 0.00000000 0.00000000 -1.00000000
vn 0.00000012 -1.00000000 0.00000008
vn -0.06842036 -0.68652768 -0.72387734
vn 0.00000012 -0.70710674 -0.70710682
vn 0.00000000 0.00000000 1.00000000
vn -0.08410929 -0.99645654 0.00000066
vn 0.00000000 -1.00000000 0.00000000
vn 0.09410003 0.00000000 -0.99556275
vn 0.06842048 -0.68652764 -0.72387737
vn 0.28608341 -0.66418145 -0.69066582
vn 0.00000060 -1.00000000 0.00000092
vn 0.38268307 0.00000000 -0.92387968
vn 0.06442093 -0.72891303 -0.68156859
vn 0.06442093 0.72891303 -0.68156859
vn 0.25061419 -0.75573087 -0.60503172
vn 0.00000012 -0.70710682 -0.70710674
vn -0.06442091 -0.72891303 -0.68156859
vn -0.06442215 0.72891326 -0.68156823
vn -0.00000012 0.70710674 -0.70710682
vn -0.00000018 1.00000000 -0.00000108
vn -0.00000009 1.00000000 -0.00000005
vn -0.00000010 1.00000000 -0.00000031
vn 0.25061419 0.75573087 -0.60503172
vn 0.00000000 1.00000000 0.00000000
vn 0.00000000 0.00000000 1.00000000
vn -0.08410941 0.99645653 -0.00000034
vn 0.00000000 0.00000000 1.00000000
vn -0.34904549 0.93710578 -0.00000044
vn 0.00000000 0.00000000 -1.00000000
vn -0.08411004 0.99645647 -0.00000063
vn -0.00000019 1.00000000 -0.00000126
vn -0.00000114 1.00000000 -0.00000036
vn 0.00000000 1.00000000 0.00000000
vn 0.00000000 1.00000000 0.00000000
vn 0.46625282 0.75180994 -0.46625114
vn 0.60503267 0.75573016 -0.25061405
vn 0.60503514 -0.75572798 -0.25061464
vn 0.68156805 -0.72891361 -0.06442000
vn 0.68156818 0.72891333 -0.06442181
vn 0.68157096 -0.72891077 0.06442133
vn 0.68156854 0.72891324 0.06441897
vn 0.60503277 -0.75573038 0.25061313
vn 0.60503441 0.75572930 0.25061243
vn 0.37436712 -0.74593561 0.55084420
vn 0.55084668 -0.74593357 0.37436753
vn 0.46625005 0.75181158 0.46625126
vn 0.00000160 1.00000000 -0.00000061
vn -0.00000169 1.00000000 0.00000060
vn 0.25061250 0.75573012 0.60503335
vn -0.00000025 1.00000000 -0.00000084
vn 0.06442081 0.72891299 0.68156864
vn -0.00000003 1.00000000 -0.00000133
vn -0.00000006 1.00000000 -0.00000004
vn 0.00000000 0.70710678 0.70710678
vn -0.06442104 0.72891307 0.68156854
vn 0.00000000 1.00000000 0.00000000
vn -0.00000013 1.00000000 0.00000000
vn 0.00000000 0.00000000 -1.00000000
vn 0.08410981 0.99645649 -0.00000071
vn 0.00000000 0.00000000 1.00000000
vn 0.08410983 0.99645649 -0.00000026
vn 0.00000000 0.00000000 1.00000000
vn 0.34904454 0.93710614 -0.00000041
vn 0.00000000 0.00000000 -1.00000000
vn 0.34904732 0.93710510 -0.00000044
vn 0.00000000 0.00000000 -1.00000000
vn -0.00000013 1.00000000 0.00000000
vn 0.00000000 0.00000000 -1.00000000
vn 0.00000013 -1.00000000 0.00000425
vn 0.00000000 0.00000000 -1.00000000
vn 0.51815314 0.85528786 -0.00000041
vn 0.79523778 0.60629768 -0.00000029
vn -0.00000092 1.00000000 -0.00000078
vn -0.00000075 1.00000000 -0.00000148
vn 0.00000097 1.00000000 -0.00000026
vn 0.00000083 1.00000000 -0.00000037
vn 0.00000114 1.00000000 -0.00000036
vn -0.68156881 0.72891287 0.06442034
vn -0.60503253 0.75573060 0.25061304
vn -0.60503154 -0.75573098 0.25061431
vn -0.46625219 0.75181080 0.46625038
vn -0.37436831 -0.74593559 0.55084340
vn -0.55084609 -0.74593229 0.37437095
vn -0.25061327 -0.75573031 0.60503280
vn -0.42197553 -0.66063165 0.62088846
vn -0.62088889 -0.66063451 0.42197042
vn -0.28608534 -0.66418080 0.69066565
vn 0.00000000 -1.00000000 0.00000000
vn -0.38268601 0.00000000 0.92387847
vn 0.00000000 -1.00000000 0.00000000
vn -0.09410003 0.00000000 0.99556275
vn -0.06842048 -0.68652764 0.72387737
vn 0.00000012 -0.70710682 0.70710674
vn 0.00000000 0.00000000 1.00000000
vn 0.00000018 -1.00000000 0.00000000
vn -0.06442104 -0.72891307 0.68156854
vn -0.25061470 0.75572999 0.60503260
vn 0.00000012 -0.70710674 0.70710682
vn 0.06442095 -0.72891303 0.68156859
vn 0.25061250 -0.75573012 0.60503335
vn 0.06842060 -0.68652760 0.72387740
vn 0.00000026 -1.00000000 -0.00000075
vn 0.09410004 0.00000000 0.99556275
vn 0.28608436 -0.66418105 0.69066581
vn 0.00000000 -1.00000000 0.00000000
vn 0.38268482 0.00000000 0.92387896
vn 0.42197400 -0.66063151 0.62088964
vn 0.62089008 -0.66063361 0.42197008
vn 0.00000000 -1.00000000 0.00000000
vn 0.56209962 0.00000000 0.82706953
vn 0.82707214 0.00000000 0.56209579
vn 0.69066577 -0.66418132 0.28608385
vn 0.00000000 -1.00000000 0.00000000
vn 0.92387952 0.00000000 0.38268347
vn 0.72387943 -0.68652537 0.06842138
vn -0.00000198 -1.00000000 0.00000045
vn 0.99556267 0.00000000 0.09410086
vn 0.72387776 -0.68652729 -0.06841985
vn -0.00000145 -1.00000000 0.00000046
vn 0.99556272 0.00000000 -0.09410034
vn 0.69066754 -0.66417923 -0.28608443
vn -0.00000167 -1.00000000 0.00000045
vn 0.92387932 -0.00000099 -0.38268395
vn 0.62089156 -0.66063241 -0.42196977
vn 0.42197103 -0.66063858 -0.62088414
vn 0.55084602 -0.74593352 -0.37436860
vn 0.37437234 -0.74593286 -0.55084437
vn 0.00000029 -1.00000000 0.00000163
vn 0.82707214 -0.00000536 -0.56209579
vn 0.56209882 -0.00000503 -0.82707008
vn 0.00000000 0.00000000 -1.00000000
vn -0.08410981 -0.99645649 0.00000028
vn 0.00000000 0.00000000 -1.00000000
vn -0.34904592 -0.93710562 0.00000045
vn 0.00000015 -1.00000000 0.00000203
vn 0.00000000 0.00000000 1.00000000
vn -0.34904553 -0.93710577 0.00000045
vn 0.00000000 0.00000000 -1.00000000
vn -0.66838922 -0.74381171 0.00000035
vn 0.00000000 0.00000000 1.00000000
vn -0.79523776 -0.60629771 0.00000034
vn -0.51815065 -0.85528937 0.00000041
vn 0.00000000 0.00000000 -1.00000000
vn -0.91292258 -0.40813278 0.00000022
vn 0.00000000 0.00000000 -1.00000000
vn -1.00000000 -0.00000006 0.00000006
vn 0.00000000 0.00000000 -1.00000000
vn -0.51815065 0.85528937 -0.00000041
vn -0.79523497 0.60630137 -0.00000024
vn 0.00000000 0.00000000 -1.00000000
vn -0.34904596 0.93710561 -0.00000045
vn 0.00000000 0.00000000 1.00000000
vn -0.66839095 0.74381015 -0.00000035
vn 0.00000000 0.00000000 1.00000000
vn -0.91292352 0.40813068 -0.00000016
vn 0.00000000 0.00000000 -1.00000000
vn -0.91292262 0.40813268 -0.00000014
vn 0.00000000 0.00000000 1.00000000
vn -1.00000000 0.00000006 0.00000006
vn 0.00000000 0.00000000 1.00000000
vn -0.91292357 -0.40813055 0.00000025
vn 0.00000000 -1.00000000 0.00000000
vn -0.56210175 0.00000000 0.82706809
vn -0.82707143 0.00000000 0.56209683
vn 0.00000000 -1.00000000 0.00000000
vn -0.92387928 0.00000000 0.38268405
vn -0.69066561 -0.66418113 0.28608467
vn -0.72387712 -0.68652773 0.06842218
vn -0.68156889 -0.72891265 0.06442199
vn -0.68156848 0.72891310 -0.06442129
vn -0.68156863 -0.72891299 -0.06442091
vn -0.60503306 0.75573018 -0.25061302
vn -0.60503306 -0.75573018 -0.25061302
vn -0.72387734 -0.68652765 -0.06842058
vn -0.69066584 -0.66418135 -0.28608360
vn 0.00000198 -1.00000000 0.00000045
vn -0.99556267 0.00000000 0.09410081
vn -0.62089077 -0.66063140 -0.42197251
vn -0.42197304 -0.66063453 -0.62088709
vn -0.55084433 -0.74593501 -0.37436812
vn -0.37436852 -0.74593388 -0.55084558
vn -0.46625020 0.75181119 -0.46625174
vn -0.25061711 0.75572665 -0.60503578
vn -0.25061380 -0.75573271 -0.60502958
vn -0.28608469 -0.66418097 -0.69066576
vn 0.00000000 1.00000000 0.00000000
vn 0.00000000 1.00000000 0.00000000
vn 0.00000000 1.00000000 0.00000000
vn 0.00000000 0.00000000 1.00000000
vn 0.66838988 0.74381111 -0.00000032
vn 0.00000000 0.00000000 -1.00000000
vn 0.91292357 0.40813055 -0.00000019
vn 0.00000000 0.00000000 1.00000000
vn 0.91292595 0.40812523 -0.00000013
vn 0.00000000 0.00000000 -1.00000000
vn 1.00000000 -0.00000009 0.00000006
vn 0.00000000 0.00000000 -1.00000000
vn 0.66839202 -0.74380919 0.00000039
vn 0.00000000 0.00000000 -1.00000000
vn 0.91292354 -0.40813063 0.00000025
vn 0.00000000 0.00000000 1.00000000
vn 0.91292602 -0.40812508 0.00000019
vn 0.00000000 0.00000000 1.00000000
vn 1.00000000 0.00000002 0.00000006
vn 0.00000000 0.00000000 1.00000000
vn 0.08410990 -0.99645648 0.00000064
vn 0.00000000 0.00000000 -1.00000000
vn 0.08410985 -0.99645649 0.00000036
vn 0.00000000 0.00000000 -1.00000000
vn 0.34904730 -0.93710511 0.00000049
vn 0.00000000 0.00000000 1.00000000
vn 0.34904460 -0.93710611 0.00000046
vn 0.00000000 0.00000000 1.00000000
vn 0.00000013 -1.00000000 0.00000000
vn 0.00000000 0.00000000 1.00000000
vn -0.00000017 1.00000000 -0.00000198
vn 0.00000000 0.00000000 1.00000000
vn 0.79523778 -0.60629768 0.00000029
vn 0.51814816 -0.85529088 0.00000041
vn 0.00000145 -1.00000000 0.00000046
vn -0.99556271 0.00000000 -0.09410038
vn 0.00000167 -1.00000000 0.00000045
vn -0.92387932 0.00000000 -0.38268394
vn -0.00000029 -1.00000000 0.00000163
vn -0.82707092 0.00000000 -0.56209758
vn -0.56210033 0.00000000 -0.82706905
vn 0.00000100 -1.00000000 -0.00000152
vn -0.38268521 0.00000000 -0.92387879
vn 0.00000042 -1.00000000 0.00000115
vn -0.09409994 0.00000000 -0.99556276
vn 0.00000000 0.00000000 -1.00000000
vn 0.00000012 -1.00000000 0.00000008
vn -0.06842036 -0.68652768 -0.72387734
vn 0.00000012 -0.70710674 -0.70710682
vn 0.00000000 0.00000000 1.00000000
vn -0.08410884 -0.99645657 0.00000066
vn 0.00000000 -1.00000000 0.00000000
vn 0.09410031 0.00000000 -0.99556272
vn 0.06842069 -0.68652758 -0.72387740
vn 0.28608294 -0.66418168 -0.69066580
vn 0.00000060 -1.00000000 0.00000092
vn 0.38268254 0.00000000 -0.92387990
vn 0.06442104 -0.72891307 -0.68156854
vn 0.06442104 0.72891307 -0.68156854
vn 0.25061431 -0.75573083 -0.60503172
vn 0.00000012 -0.70710682 -0.70710674
vn -0.06442091 -0.72891303 -0.68156859
vn -0.06442215 0.72891326 -0.68156823
vn -0.00000012 0.70710674 -0.70710682
vn -0.00000018 1.00000000 -0.00000108
vn -0.00000009 1.00000000 -0.00000005
vn -0.00000010 1.00000000 -0.00000031
vn 0.25061431 0.75573083 -0.60503172
vn 0.00000000 1.00000000 0.00000000
vn 0.00000000 0.00000000 1.00000000
vn -0.08410895 0.99645656 -0.00000034
vn 0.00000000 0.00000000 1.00000000
vn -0.34904370 0.93710645 -0.00000044
vn 0.00000000 0.00000000 -1.00000000
vn -0.08411004 0.99645647 -0.00000063
vn -0.00000019 1.00000000 -0.00000126
vn -0.00000114 1.00000000 -0.00000036
vn 0.00000000 1.00000000 0.00000000
vn 0.00000000 1.00000000 0.00000000
vn 0.46625261 0.75180974 -0.46625166
vn 0.60503224 0.75573058 -0.25061381
vn 0.60503472 -0.75572840 -0.25061439
vn 0.68156833 -0.72891340 -0.06441942
vn 0.68156846 0.72891312 -0.06442123
vn 0.68157096 -0.72891077 0.06442133
vn 0.68156854 0.72891324 0.06441897
vn 0.60503236 -0.75573058 0.25061352
vn 0.60503400 0.75572950 0.25061282
vn 0.37436687 -0.74593600 0.55084384
vn 0.55084672 -0.74593288 0.37436883
vn 0.46624984 0.75181138 0.46625179
vn 0.00000160 1.00000000 -0.00000061
vn -0.00000169 1.00000000 0.00000060
vn 0.25061274 0.75573004 0.60503336
vn -0.00000025 1.00000000 -0.00000084
vn 0.06442104 0.72891307 0.68156854
vn -0.00000003 1.00000000 -0.00000133
vn -0.00000006 1.00000000 -0.00000004
vn 0.00000000 0.70710678 0.70710678
vn -0.06442104 0.72891307 0.68156854
vn 0.00000000 1.00000000 0.00000000
vn -0.00000013 1.00000000 0.00000000
vn 0.00000000 0.00000000 -1.00000000
vn 0.08410981 0.99645649 -0.00000071
vn 0.00000000 0.00000000 1.00000000
vn 0.08410983 0.99645649 -0.00000026
vn 0.00000000 0.00000000 1.00000000
vn 0.34904454 0.93710614 -0.00000041
vn 0.00000000 0.00000000 -1.00000000
vn 0.34904732 0.93710510 -0.00000044
vn 0.00000000 0.00000000 -1.00000000
vn -0.00000013 1.00000000 0.00000000
vn 0.00000000 0.00000000 -1.00000000
vn 0.00000013 -1.00000000 0.00000425
vn 0.00000000 0.00000000 -1.00000000
vn 0.51815314 0.85528786 -0.00000041
vn 0.79523778 0.60629768 -0.00000029
vn -0.00000092 1.00000000 -0.00000078
vn -0.00000075 1.00000000 -0.00000148
vn 0.00000097 1.00000000 -0.00000026
vn 0.00000083 1.00000000 -0.00000037
vn 0.00000114 1.00000000 -0.00000036
vn -0.68156881 0.72891287 0.06442034
vn -0.60503253 0.75573060 0.25061304
vn -0.60503154 -0.75573098 0.25061431
vn -0.46625219 0.75181080 0.46625038
vn -0.37436831 -0.74593559 0.55084340
vn -0.55084609 -0.74593229 0.37437095
vn -0.25061327 -0.75573031 0.60503280
vn -0.42197553 -0.66063165 0.62088846
vn -0.62088889 -0.66063451 0.42197042
vn -0.28608534 -0.66418080 0.69066565
vn 0.00000000 -1.00000000 0.00000000
vn -0.38268601 0.00000000 0.92387847
vn 0.00000000 -1.00000000 0.00000000
vn -0.09410003 0.00000000 0.99556275
vn -0.06842048 -0.68652764 0.72387737
vn 0.00000012 -0.70710682 0.70710674
vn 0.00000000 0.00000000 1.00000000
vn 0.00000018 -1.00000000 0.00000000
vn -0.06442104 -0.72891307 0.68156854
vn -0.25061470 0.75572999 0.60503260
vn 0.00000012 -0.70710674 0.70710682
vn 0.06442117 -0.72891311 0.68156848
vn 0.25061274 -0.75573004 0.60503336
vn 0.06842081 -0.68652753 0.72387743
vn 0.00000026 -1.00000000 -0.00000075
vn 0.09410032 0.00000000 0.99556272
vn 0.28608422 -0.66418119 0.69066574
vn 0.00000000 -1.00000000 0.00000000
vn 0.38268469 0.00000000 0.92387901
vn 0.42197385 -0.66063072 0.62089058
vn 0.62089045 -0.66063383 0.42196919
vn 0.00000000 -1.00000000 0.00000000
vn 0.56209892 0.00000000 0.82707001
vn 0.82707285 0.00000000 0.56209474
vn 0.69066585 -0.66418145 0.28608337
vn 0.00000000 -1.00000000 0.00000000
vn 0.92387976 0.00000000 0.38268288
vn 0.72387942 -0.68652538 0.06842141
vn -0.00000198 -1.00000000 0.00000045
vn 0.99556267 0.00000000 0.09410090
vn 0.72387777 -0.68652728 -0.06841982
vn -0.00000145 -1.00000000 0.00000046
vn 0.99556272 0.00000000 -0.09410030
vn 0.69066762 -0.66417935 -0.28608395
vn -0.00000167 -1.00000000 0.00000045
vn 0.92387956 -0.00000099 -0.38268337
vn 0.62089193 -0.66063263 -0.42196888
vn 0.42197047 -0.66063756 -0.62088560
vn 0.55084606 -0.74593283 -0.37436991
vn 0.37437209 -0.74593325 -0.55084401
vn 0.00000029 -1.00000000 0.00000163
vn 0.82707285 -0.00000536 -0.56209474
vn 0.56209740 -0.00000503 -0.82707104
vn 0.00000000 0.00000000 -1.00000000
vn -0.08410981 -0.99645649 0.00000029
vn 0.00000000 0.00000000 -1.00000000
vn -0.34904455 -0.93710613 0.00000046
vn 0.00000015 -1.00000000 0.00000203
vn 0.00000000 0.00000000 1.00000000
vn -0.34904373 -0.93710644 0.00000045
vn 0.00000000 0.00000000 -1.00000000
vn -0.66838987 -0.74381112 0.00000035
vn 0.00000000 0.00000000 1.00000000
vn -0.79523778 -0.60629768 0.00000029
vn -0.51814816 -0.85529088 0.00000041
vn 0.00000000 0.00000000 -1.00000000
vn -0.91292352 -0.40813067 0.00000019
vn 0.00000000 0.00000000 -1.00000000
vn -1.00000000 -0.00000006 0.00000000
vn 0.00000000 0.00000000 -1.00000000
vn -0.51814816 0.85529088 -0.00000041
vn -0.79523778 0.60629768 -0.00000029
vn 0.00000000 0.00000000 -1.00000000
vn -0.34904459 0.93710612 -0.00000045
vn 0.00000000 0.00000000 1.00000000
vn -0.66838987 0.74381112 -0.00000035
vn 0.00000000 0.00000000 1.00000000
vn -0.91292352 0.40813067 -0.00000019
vn 0.00000000 0.00000000 -1.00000000
vn -0.91292357 0.40813055 -0.00000019
vn 0.00000000 0.00000000 1.00000000
vn -1.00000000 0.00000006 -0.00000000
vn 0.00000000 0.00000000 1.00000000
vn -0.91292357 -0.40813055 0.00000019
vn 0.00000000 -1.00000000 0.00000000
vn -0.56210175 0.00000000 0.82706809
vn -0.82707143 0.00000000 0.56209683
vn 0.00000000 -1.00000000 0.00000000
vn -0.92387928 0.00000000 0.38268405
vn -0.69066561 -0.66418113 0.28608467
vn -0.72387712 -0.68652773 0.06842218
vn -0.68156889 -0.72891265 0.06442199
vn -0.68156848 0.72891310 -0.06442129
vn -0.68156863 -0.72891299 -0.06442091
vn -0.60503306 0.75573018 -0.25061302
vn -0.60503306 -0.75573018 -0.25061302
vn -0.72387734 -0.68652765 -0.06842058
vn -0.69066584 -0.66418135 -0.28608360
vn 0.00000198 -1.00000000 0.00000045
vn -0.99556267 0.00000000 0.09410081
vn -0.62089077 -0.66063140 -0.42197251
vn -0.42197304 -0.66063453 -0.62088709
vn -0.55084433 -0.74593501 -0.37436812
vn -0.37436852 -0.74593388 -0.55084558
vn -0.46625020 0.75181119 -0.46625174
vn -0.25061711 0.75572665 -0.60503578
vn -0.25061380 -0.75573271 -0.60502958
vn -0.28608469 -0.66418097 -0.69066576
vn 0.00000000 1.00000000 0.00000000
vn 0.00000000 1.00000000 0.00000000
vn 0.00000000 1.00000000 0.00000000
vn 0.00000000 0.00000000 1.00000000
vn 0.66838988 0.74381111 -0.00000032
vn 0.00000000 0.00000000 -1.00000000
vn 0.91292357 0.40813055 -0.00000019
vn 0.00000000 0.00000000 1.00000000
vn 0.91292595 0.40812523 -0.00000013
vn 0.00000000 0.00000000 -1.00000000
vn 1.00000000 -0.00000009 0.00000006
vn 0.00000000 0.00000000 -1.00000000
vn 0.66839202 -0.74380919 0.00000039
vn 0.00000000 0.00000000 -1.00000000
vn 0.91292354 -0.40813063 0.00000025
vn 0.00000000 0.00000000 1.00000000
vn 0.91292602 -0.40812508 0.00000019
vn 0.00000000 0.00000000 1.00000000
vn 1.00000000 0.00000002 0.00000006
vn 0.00000000 0.00000000 1.00000000
vn 0.99645647 0.08411004 0.00000075
vn 0.00000000 0.00000000 -1.00000000
vn 0.99645649 0.08410985 0.00000036
vn 0.00000000 0.00000000 -1.00000000
vn 0.93710511 0.34904730 0.00000049
vn 0.00000000 0.00000000 1.00000000
vn 0.93710611 0.34904460 0.00000046
vn 0.00000000 0.00000000 1.00000000
vn 1.00000000 0.00000013 0.00000000
vn 0.00000000 0.00000000 1.00000000
vn -1.00000000 -0.00000017 -0.00000198
vn 0.00000000 0.00000000 1.00000000
vn 0.60629768 0.79523778 0.00000029
vn 0.85529088 0.51814816 0.00000041
vn 0.00000000 -0.99556271 -0.09410038
vn 1.00000000 0.00000145 0.00000046
vn 0.00000000 -0.92387932 -0.38268394
vn 1.00000000 0.00000167 0.00000045
vn 0.00000000 -0.82707092 -0.56209758
vn 0.00000000 -0.56210033 -0.82706905
vn 1.00000000 0.00000083 0.00000080
vn 0.00000000 -0.38268521 -0.92387879
vn 1.00000000 0.00000040 0.00000130
vn 0.00000000 -0.09410003 -0.99556275
vn 1.00000000 0.00000005 0.00000205
vn 0.00000000 0.00000000 -1.00000000
vn 1.00000000 0.00000012 0.00000008
vn 0.68652764 -0.06842048 -0.72387737
vn 0.70710678 0.00000000 -0.70710678
vn 0.00000000 0.00000000 1.00000000
vn 0.99645655 -0.08410908 0.00000027
vn 0.00000000 0.09410003 -0.99556275
vn 1.00000000 0.00000000 0.00000000
vn 0.68652764 0.06842048 -0.72387737
vn 0.66418145 0.28608341 -0.69066582
vn 0.00000000 0.38268288 -0.92387976
vn 1.00000000 0.00000000 0.00000000
vn 0.72891303 0.06442093 -0.68156859
vn -0.72891303 0.06442093 -0.68156859
vn 0.75573087 0.25061419 -0.60503172
vn 0.70710678 0.00000000 -0.70710678
vn 0.72891307 -0.06442104 -0.68156854
vn -0.72891365 -0.06442072 -0.68156794
vn -0.70710674 -0.00000012 -0.70710682
vn -1.00000000 -0.00000018 -0.00000108
vn -1.00000000 0.00000037 -0.00000058
vn -1.00000000 -0.00000010 -0.00000031
vn -0.75573087 0.25061419 -0.60503172
vn -1.00000000 0.00000000 0.00000000
vn 0.00000000 0.00000000 1.00000000
vn -0.99645653 -0.08410937 -0.00000028
vn 0.00000000 0.00000000 1.00000000
vn -0.93710577 -0.34904553 -0.00000038
vn 0.00000000 0.00000000 -1.00000000
vn -0.99645606 -0.08411490 -0.00000026
vn -1.00000000 0.00000072 -0.00000029
vn -1.00000000 -0.00000114 -0.00000036
vn -1.00000000 0.00000000 0.00000000
vn -1.00000000 0.00000000 0.00000000
vn -0.75180994 0.46625282 -0.46625114
vn -0.75573016 0.60503267 -0.25061405
vn 0.75573016 0.60503267 -0.25061405
vn 0.72891322 0.68156833 -0.06442143
vn -0.72891333 0.68156818 -0.06442181
vn 0.72891296 0.68156867 0.06442078
vn -0.72891285 0.68156883 0.06442040
vn 0.75573001 0.60503375 0.25061187
vn -0.75573001 0.60503375 0.25061187
vn 0.74593561 0.37436712 0.55084420
vn 0.74593357 0.55084668 0.37436753
vn -0.75181126 0.46625128 0.46625055
vn -1.00000000 0.00000000 0.00000000
vn -1.00000000 0.00000000 0.00000000
vn -0.75573012 0.25061250 0.60503335
vn -1.00000000 0.00000000 0.00000000
vn -0.72891299 0.06442081 0.68156864
vn -1.00000000 0.00000000 0.00000000
vn -1.00000000 0.00000000 0.00000000
vn -0.70710678 0.00000000 0.70710678
vn -0.72891307 -0.06442104 0.68156854
vn -1.00000000 0.00000000 0.00000000
vn -1.00000000 0.00000000 0.00000000
vn 0.00000000 0.00000000 -1.00000000
vn -0.99645651 0.08410955 -0.00000026
vn 0.00000000 0.00000000 1.00000000
vn -0.99645649 0.08410981 -0.00000034
vn 0.00000000 0.00000000 1.00000000
vn -0.93710614 0.34904454 -0.00000041
vn 0.00000000 0.00000000 -1.00000000
vn -0.93710510 0.34904732 -0.00000044
vn 0.00000000 0.00000000 -1.00000000
vn -1.00000000 0.00000000 0.00000000
vn 0.00000000 0.00000000 -1.00000000
vn 1.00000000 0.00000013 0.00000425
vn 0.00000000 0.00000000 -1.00000000
vn -0.85528786 0.51815314 -0.00000041
vn -0.60629768 0.79523778 -0.00000029
vn -1.00000000 0.00000000 0.00000000
vn -1.00000000 0.00000000 0.00000000
vn -1.00000000 0.00000000 0.00000000
vn -1.00000000 -0.00000098 -0.00000034
vn -1.00000000 -0.00000012 -0.00000120
vn -0.72891287 -0.68156881 0.06442034
vn -0.75573060 -0.60503253 0.25061304
vn 0.75573060 -0.60503253 0.25061304
vn -0.75181040 -0.46625137 0.46625184
vn 0.74593559 -0.37436831 0.55084340
vn 0.74593229 -0.55084609 0.37437095
vn 0.75573031 -0.25061327 0.60503280
vn 0.66063165 -0.42197553 0.62088846
vn 0.66063451 -0.62088889 0.42197042
vn 0.66418080 -0.28608534 0.69066565
vn 0.00000000 -0.38268601 0.92387847
vn 1.00000000 0.00000000 0.00000000
vn 0.00000000 -0.09410003 0.99556275
vn 1.00000000 0.00000000 0.00000000
vn 0.68652764 -0.06842048 0.72387737
vn 0.70710678 0.00000000 0.70710678
vn 0.00000000 0.00000000 1.00000000
vn 1.00000000 0.00000018 0.00000000
vn 0.72891307 -0.06442104 0.68156854
vn -0.75573031 -0.25061327 0.60503280
vn 0.70710678 0.00000000 0.70710678
vn 0.72891299 0.06442081 0.68156864
vn 0.75573012 0.25061250 0.60503335
vn 0.68652764 0.06842048 0.72387737
vn 0.00000000 0.09410004 0.99556275
vn 1.00000000 0.00000026 -0.00000075
vn 0.66418105 0.28608436 0.69066581
vn 0.00000000 0.38268482 0.92387896
vn 1.00000000 0.00000000 0.00000000
vn 0.66063151 0.42197400 0.62088964
vn 0.66063361 0.62089008 0.42197008
vn 0.00000000 0.56209962 0.82706953
vn 0.00000000 0.82707214 0.56209579
vn 1.00000000 0.00000000 0.00000000
vn 0.66418167 0.69066573 0.28608314
vn 0.00000000 0.92387944 0.38268365
vn 1.00000000 -0.00000400 0.00000151
vn 0.68652739 0.72387753 0.06842126
vn 0.00000000 0.99556266 0.09410095
vn 1.00000000 0.00000053 0.00000070
vn 0.68652764 0.72387735 -0.06842055
vn 0.00000000 0.99556272 -0.09410034
vn 1.00000000 0.00000197 0.00000042
vn 0.66418123 0.69066576 -0.28608408
vn 0.00000099 0.92387932 -0.38268395
vn 1.00000000 0.00000000 0.00000000
vn 0.66063188 0.62089081 -0.42197170
vn 0.66063858 0.42197103 -0.62088414
vn 0.74593432 0.55084437 -0.37436943
vn 0.74593286 0.37437234 -0.55084437
vn 0.00000536 0.82707214 -0.56209579
vn 0.00000503 0.56209882 -0.82707008
vn 1.00000000 0.00000000 0.00000000
vn 0.00000000 0.00000000 -1.00000000
vn 0.99645649 -0.08410979 0.00000037
vn 0.00000000 0.00000000 -1.00000000
vn 0.93710562 -0.34904592 0.00000045
vn 1.00000000 0.00000015 0.00000203
vn 0.00000000 0.00000000 1.00000000
vn 0.93710577 -0.34904553 0.00000045
vn 0.00000000 0.00000000 -1.00000000
vn 0.74381171 -0.66838922 0.00000035
vn 0.00000000 0.00000000 1.00000000
vn 0.60629771 -0.79523776 0.00000034
vn 0.85528937 -0.51815065 0.00000041
vn 0.00000000 0.00000000 -1.00000000
vn 0.40813278 -0.91292258 0.00000022
vn 0.00000000 0.00000000 -1.00000000
vn 0.00000006 -1.00000000 0.00000006
vn 0.00000000 0.00000000 -1.00000000
vn -0.85528937 -0.51815065 -0.00000041
vn -0.60630137 -0.79523497 -0.00000024
vn 0.00000000 0.00000000 -1.00000000
vn -0.93710373 -0.34905100 -0.00000045
vn 0.00000000 0.00000000 1.00000000
vn -0.74381015 -0.66839095 -0.00000035
vn 0.00000000 0.00000000 1.00000000
vn -0.40813068 -0.91292352 -0.00000016
vn 0.00000000 0.00000000 -1.00000000
vn -0.40813268 -0.91292262 -0.00000014
vn 0.00000000 0.00000000 1.00000000
vn -0.00000006 -1.00000000 0.00000006
vn 0.00000000 0.00000000 1.00000000
vn 0.40813055 -0.91292357 0.00000025
vn 0.00000000 -0.56210175 0.82706809
vn 0.00000000 -0.82707143 0.56209683
vn 1.00000000 0.00000000 0.00000000
vn 0.00000000 -0.92387928 0.38268405
vn 1.00000000 0.00000000 0.00000000
vn 0.66418155 -0.69066565 0.28608362
vn 0.68652738 -0.72387754 0.06842123
vn 0.72891298 -0.68156866 0.06442072
vn -0.72891277 -0.68156871 -0.06442256
vn 0.72891299 -0.68156863 -0.06442091
vn -0.75573055 -0.60503207 -0.25061429
vn 0.75573018 -0.60503306 -0.25061302
vn 0.68652765 -0.72387734 -0.06842058
vn 0.66418135 -0.69066584 -0.28608360
vn 0.00000000 -0.99556267 0.09410081
vn 1.00000000 0.00000198 0.00000045
vn 0.66063140 -0.62089077 -0.42197251
vn 0.66063453 -0.42197304 -0.62088709
vn 0.74593501 -0.55084433 -0.37436812
vn 0.74593388 -0.37436852 -0.55084558
vn -0.75181119 -0.46625051 -0.46625144
vn -0.75572408 -0.25061939 -0.60503805
vn 0.75573271 -0.25061380 -0.60502958
vn 0.66418097 -0.28608469 -0.69066576
vn -1.00000000 -0.00000119 -0.00000174
vn -1.00000000 0.00000000 0.00000000
vn -1.00000000 0.00000264 -0.00000155
vn 0.00000000 0.00000000 1.00000000
vn -0.74381111 0.66838988 -0.00000032
vn 0.00000000 0.00000000 -1.00000000
vn -0.40813055 0.91292357 -0.00000019
vn 0.00000000 0.00000000 1.00000000
vn -0.40812523 0.91292595 -0.00000013
vn 0.00000000 0.00000000 -1.00000000
vn 0.00000009 1.00000000 0.00000006
vn 0.00000000 0.00000000 -1.00000000
vn 0.74380919 0.66839202 0.00000039
vn 0.00000000 0.00000000 -1.00000000
vn 0.40813063 0.91292354 0.00000025
vn 0.00000000 0.00000000 1.00000000
vn 0.40812508 0.91292602 0.00000019
vn 0.00000000 0.00000000 1.00000000
vn -0.00000002 1.00000000 0.00000006
vn 0.00000000 0.00000000 1.00000000
vn 0.08410990 -0.99645648 0.00000064
vn 0.00000000 0.00000000 -1.00000000
vn 0.08410985 -0.99645649 0.00000036
vn 0.00000000 0.00000000 -1.00000000
vn 0.34904730 -0.93710511 0.00000049
vn 0.00000000 0.00000000 1.00000000
vn 0.34904460 -0.93710611 0.00000046
vn 0.00000000 0.00000000 1.00000000
vn 0.00000013 -1.00000000 0.00000000
vn 0.00000000 0.00000000 1.00000000
vn -0.00000017 1.00000000 -0.00000198
vn 0.00000000 0.00000000 1.00000000
vn 0.79523778 -0.60629768 0.00000029
vn 0.51814816 -0.85529088 0.00000041
vn 0.00000145 -1.00000000 0.00000046
vn -0.99556271 0.00000000 -0.09410038
vn 0.00000167 -1.00000000 0.00000045
vn -0.92387932 0.00000000 -0.38268394
vn -0.00000029 -1.00000000 0.00000163
vn -0.82707092 0.00000000 -0.56209758
vn -0.56210033 0.00000000 -0.82706905
vn 0.00000100 -1.00000000 -0.00000152
vn -0.38268521 0.00000000 -0.92387879
vn 0.00000042 -1.00000000 0.00000115
vn -0.09409994 0.00000000 -0.99556276
vn 0.00000000 0.00000000 -1.00000000
vn 0.00000012 -1.00000000 0.00000008
vn -0.06842036 -0.68652768 -0.72387734
vn 0.00000012 -0.70710674 -0.70710682
vn 0.00000000 0.00000000 1.00000000
vn -0.08410929 -0.99645654 0.00000066
vn 0.00000000 -1.00000000 0.00000000
vn 0.09410003 0.00000000 -0.99556275
vn 0.06842048 -0.68652764 -0.72387737
vn 0.28608341 -0.66418145 -0.69066582
vn 0.00000060 -1.00000000 0.00000092
vn 0.38268307 0.00000000 -0.92387968
vn 0.06442093 -0.72891303 -0.68156859
vn 0.06442093 0.72891303 -0.68156859
vn 0.25061419 -0.75573087 -0.60503172
vn 0.00000012 -0.70710682 -0.70710674
vn -0.06442091 -0.72891303 -0.68156859
vn -0.06442215 0.72891326 -0.68156823
vn -0.00000012 0.70710674 -0.70710682
vn -0.00000018 1.00000000 -0.00000108
vn -0.00000009 1.00000000 -0.00000005
vn -0.00000010 1.00000000 -0.00000031
vn 0.25061419 0.75573087 -0.60503172
vn 0.00000000 1.00000000 0.00000000
vn 0.00000000 0.00000000 1.00000000
vn -0.08410941 0.99645653 -0.00000034
vn 0.00000000 0.00000000 1.00000000
vn -0.34904549 0.93710578 -0.00000044
vn 0.00000000 0.00000000 -1.00000000
vn -0.08411004 0.99645647 -0.00000063
vn -0.00000019 1.00000000 -0.00000126
vn -0.00000114 1.00000000 -0.00000036
vn 0.00000000 1.00000000 0.00000000
vn 0.00000000 1.00000000 0.00000000
vn 0.46625282 0.75180994 -0.46625114
vn 0.60503267 0.75573016 -0.25061405
vn 0.60503514 -0.75572798 -0.25061464
vn 0.68156805 -0.72891361 -0.06442000
vn 0.68156818 0.72891333 -0.06442181
vn 0.68157096 -0.72891077 0.06442133
vn 0.68156854 0.72891324 0.06441897
vn 0.60503277 -0.75573038 0.25061313
vn 0.60503441 0.75572930 0.25061243
vn 0.37436712 -0.74593561 0.55084420
vn 0.55084668 -0.74593357 0.37436753
vn 0.46625005 0.75181158 0.46625126
vn 0.00000160 1.00000000 -0.00000061
vn -0.00000169 1.00000000 0.00000060
vn 0.25061250 0.75573012 0.60503335
vn -0.00000025 1.00000000 -0.00000084
vn 0.06442081 0.72891299 0.68156864
vn -0.00000003 1.00000000 -0.00000133
vn -0.00000006 1.00000000 -0.00000004
vn 0.00000000 0.70710678 0.70710678
vn -0.06442104 0.72891307 0.68156854
vn 0.00000000 1.00000000 0.00000000
vn -0.00000013 1.00000000 0.00000000
vn 0.00000000 0.00000000 -1.00000000
vn 0.08410981 0.99645649 -0.00000071
vn 0.00000000 0.00000000 1.00000000
vn 0.08410983 0.99645649 -0.00000026
vn 0.00000000 0.00000000 1.00000000
vn 0.34904454 0.93710614 -0.00000041
vn 0.00000000 0.00000000 -1.00000000
vn 0.34904732 0.93710510 -0.00000044
vn 0.00000000 0.00000000 -1.00000000
vn -0.00000013 1.00000000 0.00000000
vn 0.00000000 0.00000000 -1.00000000
vn 0.00000013 -1.00000000 0.00000425
vn 0.00000000 0.00000000 -1.00000000
vn 0.51815314 0.85528786 -0.00000041
vn 0.79523778 0.60629768 -0.00000029
vn -0.00000092 1.00000000 -0.00000078
vn -0.00000075 1.00000000 -0.00000148
vn 0.00000097 1.00000000 -0.00000026
vn 0.00000083 1.00000000 -0.00000037
vn 0.00000114 1.00000000 -0.00000036
vn -0.68156881 0.72891287 0.06442034
vn -0.60503253 0.75573060 0.25061304
vn -0.60503154 -0.75573098 0.25061431
vn -0.46625219 0.75181080 0.46625038
vn -0.37436831 -0.74593559 0.55084340
vn -0.55084609 -0.74593229 0.37437095
vn -0.25061327 -0.75573031 0.60503280
vn -0.42197553 -0.66063165 0.62088846
vn -0.62088889 -0.66063451 0.42197042
vn -0.28608534 -0.66418080 0.69066565
vn 0.00000000 -1.00000000 0.00000000
vn -0.38268601 0.00000000 0.92387847
vn 0.00000000 -1.00000000 0.00000000
vn -0.09410003 0.00000000 0.99556275
vn -0.06842048 -0.68652764 0.72387737
vn 0.00000012 -0.70710682 0.70710674
vn 0.00000000 0.00000000 1.00000000
vn 0.00000018 -1.00000000 0.00000000
vn -0.06442104 -0.72891307 0.68156854
vn -0.25061470 0.75572999 0.60503260
vn 0.00000012 -0.70710674 0.70710682
vn 0.06442095 -0.72891303 0.68156859
vn 0.25061250 -0.75573012 0.60503335
vn 0.06842060 -0.68652760 0.72387740
vn 0.00000026 -1.00000000 -0.00000075
vn 0.09410004 0.00000000 0.99556275
vn 0.28608436 -0.66418105 0.69066581
vn 0.00000000 -1.00000000 0.00000000
vn 0.38268482 0.00000000 0.92387896
vn 0.42197400 -0.66063151 0.62088964
vn 0.62089008 -0.66063361 0.42197008
vn 0.00000000 -1.00000000 0.00000000
vn 0.56209962 0.00000000 0.82706953
vn 0.82707214 0.00000000 0.56209579
vn 0.69066577 -0.66418132 0.28608385
vn 0.00000000 -1.00000000 0.00000000
vn 0.92387952 0.00000000 0.38268347
vn 0.72387943 -0.68652537 0.06842138
vn -0.00000198 -1.00000000 0.00000045
vn 0.99556267 0.00000000 0.09410086
vn 0.72387776 -0.68652729 -0.06841985
vn -0.00000145 -1.00000000 0.00000046
vn 0.99556272 0.00000000 -0.09410034
vn 0.69066754 -0.66417923 -0.28608443
vn -0.00000167 -1.00000000 0.00000045
vn 0.92387932 -0.00000099 -0.38268395
vn 0.62089156 -0.66063241 -0.42196977
vn 0.42197103 -0.66063858 -0.62088414
vn 0.55084602 -0.74593352 -0.37436860
vn 0.37437234 -0.74593286 -0.55084437
vn 0.00000029 -1.00000000 0.00000163
vn 0.82707214 -0.00000536 -0.56209579
vn 0.56209882 -0.00000503 -0.82707008
vn 0.00000000 0.00000000 -1.00000000
vn -0.08410981 -0.99645649 0.00000028
vn 0.00000000 0.00000000 -1.00000000
vn -0.34904592 -0.93710562 0.00000045
vn 0.00000015 -1.00000000 0.00000203
vn 0.00000000 0.00000000 1.00000000
vn -0.34904553 -0.93710577 0.00000045
vn 0.00000000 0.00000000 -1.00000000
vn -0.66838922 -0.74381171 0.00000035
vn 0.00000000 0.00000000 1.00000000
vn -0.79523776 -0.60629771 0.00000034
vn -0.51815065 -0.85528937 0.00000041
vn 0.00000000 0.00000000 -1.00000000
vn -0.91292258 -0.40813278 0.00000022
vn 0.00000000 0.00000000 -1.00000000
vn -1.00000000 -0.00000006 0.00000006
vn 0.00000000 0.00000000 -1.00000000
vn -0.51815065 0.85528937 -0.00000041
vn -0.79523497 0.60630137 -0.00000024
vn 0.00000000 0.00000000 -1.00000000
vn -0.34904596 0.93710561 -0.00000045
vn 0.00000000 0.00000000 1.00000000
vn -0.66839095 0.74381015 -0.00000035
vn 0.00000000 0.00000000 1.00000000
vn -0.91292352 0.40813068 -0.00000016
vn 0.00000000 0.00000000 -1.00000000
vn -0.91292262 0.40813268 -0.00000014
vn 0.00000000 0.00000000 1.00000000
vn -1.00000000 0.00000006 0.00000006
vn 0.00000000 0.00000000 1.00000000
vn -0.91292357 -0.40813055 0.00000025
vn 0.00000000 -1.00000000 0.00000000
vn -0.56210175 0.00000000 0.82706809
vn -0.82707143 0.00000000 0.56209683
vn 0.00000000 -1.00000000 0.00000000
vn -0.92387928 0.00000000 0.38268405
vn -0.69066561 -0.66418113 0.28608467
vn -0.72387712 -0.68652773 0.06842218
vn -0.68156889 -0.72891265 0.06442199
vn -0.68156848 0.72891310 -0.06442129
vn -0.68156863 -0.72891299 -0.06442091
vn -0.60503306 0.75573018 -0.25061302
vn -0.60503306 -0.75573018 -0.25061302
vn -0.72387734 -0.68652765 -0.06842058
vn -0.69066584 -0.66418135 -0.28608360
vn 0.00000198 -1.00000000 0.00000045
vn -0.99556267 0.00000000 0.09410081
vn -0.62089077 -0.66063140 -0.42197251
vn -0.42197304 -0.66063453 -0.62088709
vn -0.55084433 -0.74593501 -0.37436812
vn -0.37436852 -0.74593388 -0.55084558
vn -0.46625020 0.75181119 -0.46625174
vn -0.25061711 0.75572665 -0.60503578
vn -0.25061380 -0.75573271 -0.60502958
vn -0.28608469 -0.66418097 -0.69066576
vn 0.00000000 1.00000000 0.00000000
vn 0.00000000 1.00000000 0.00000000
vn 0.00000000 1.00000000 0.00000000
vn 0.00000000 0.00000000 1.00000000
vn 0.66838988 0.74381111 -0.00000032
vn 0.00000000 0.00000000 -1.00000000
vn 0.91292357 0.40813055 -0.00000019
vn 0.00000000 0.00000000 1.00000000
vn 0.91292595 0.40812523 -0.00000013
vn 0.00000000 0.00000000 -1.00000000
vn 1.00000000 -0.00000009 0.00000006
vn 0.00000000 0.00000000 -1.00000000
vn 0.66839202 -0.74380919 0.00000039
vn 0.00000000 0.00000000 -1.00000000
vn 0.91292354 -0.40813063 0.00000025
vn 0.00000000 0.00000000 1.00000000
vn 0.91292602 -0.40812508 0.00000019
vn 0.00000000 0.00000000 1.00000000
vn 1.00000000 0.00000002 0.00000006
vn 0.00000000 0.00000000 1.00000000
vn 0.08410990 -0.99645648 0.00000064
vn 0.00000000 0.00000000 -1.00000000
vn 0.08410985 -0.99645649 0.00000036
vn 0.00000000 0.00000000 -1.00000000
vn 0.34904730 -0.93710511 0.00000049
vn 0.00000000 0.00000000 1.00000000
vn 0.34904460 -0.93710611 0.00000046
vn 0.00000000 0.00000000 1.00000000
vn 0.00000013 -1.00000000 0.00000000
vn 0.00000000 0.00000000 1.00000000
vn -0.00000017 1.00000000 -0.00000198
vn 0.00000000 0.00000000 1.00000000
vn 0.79523778 -0.60629768 0.00000029
vn 0.51814816 -0.85529088 0.00000041
vn 0.00000145 -1.00000000 0.00000046
vn -0.99556271 0.00000000 -0.09410038
vn 0.00000167 -1.00000000 0.00000045
vn -0.92387932 0.00000000 -0.38268394
vn -0.00000029 -1.00000000 0.00000163
vn -0.82707092 0.00000000 -0.56209758
vn -0.56210033 0.00000000 -0.82706905
vn 0.00000100 -1.00000000 -0.00000152
vn -0.38268521 0.00000000 -0.92387879
vn 0.00000042 -1.00000000 0.00000115
vn -0.09409994 0.00000000 -0.99556276
vn 0.00000000 0.00000000 -1.00000000
vn 0.00000012 -1.00000000 0.00000008
vn -0.06842036 -0.68652768 -0.72387734
vn 0.00000012 -0.70710674 -0.70710682
vn 0.00000000 0.00000000 1.00000000
vn -0.08410929 -0.99645654 0.00000066
vn 0.00000000 -1.00000000 0.00000000
vn 0.09410003 0.00000000 -0.99556275
vn 0.06842048 -0.68652764 -0.72387737
vn 0.28608341 -0.66418145 -0.69066582
vn 0.00000060 -1.00000000 0.00000092
vn 0.38268307 0.00000000 -0.92387968
vn 0.06442093 -0.72891303 -0.68156859
vn 0.06442093 0.72891303 -0.68156859
vn 0.25061419 -0.75573087 -0.60503172
vn 0.00000012 -0.70710682 -0.70710674
vn -0.06442091 -0.72891303 -0.68156859
vn -0.06442215 0.72891326 -0.68156823
vn -0.00000012 0.70710674 -0.70710682
vn -0.00000018 1.00000000 -0.00000108
vn -0.00000009 1.00000000 -0.00000005
vn -0.00000010 1.00000000 -0.00000031
vn 0.25061419 0.75573087 -0.60503172
vn 0.00000000 1.00000000 0.00000000
vn 0.00000000 0.00000000 1.00000000
vn -0.08410941 0.99645653 -0.00000034
vn 0.00000000 0.00000000 1.00000000
vn -0.34904549 0.93710578 -0.00000044
vn 0.00000000 0.00000000 -1.00000000
vn -0.08411004 0.99645647 -0.00000063
vn -0.00000019 1.00000000 -0.00000126
vn -0.00000114 1.00000000 -0.00000036
vn 0.00000000 1.00000000 0.00000000
vn 0.00000000 1.00000000 0.00000000
vn 0.46625282 0.75180994 -0.46625114
vn 0.60503267 0.75573016 -0.25061405
vn 0.60503514 -0.75572798 -0.25061464
vn 0.68156805 -0.72891361 -0.06442000
vn 0.68156818 0.72891333 -0.06442181
vn 0.68157096 -0.72891077 0.06442133
vn 0.68156854 0.72891324 0.06441897
vn 0.60503277 -0.75573038 0.25061313
vn 0.60503441 0.75572930 0.25061243
vn 0.37436712 -0.74593561 0.55084420
vn 0.55084668 -0.74593357 0.37436753
vn 0.46625005 0.75181158 0.46625126
vn 0.00000160 1.00000000 -0.00000061
vn -0.00000169 1.00000000 0.00000060
vn 0.25061250 0.75573012 0.60503335
vn -0.00000025 1.00000000 -0.00000084
vn 0.06442081 0.72891299 0.68156864
vn -0.00000003 1.00000000 -0.00000133
vn -0.00000006 1.00000000 -0.00000004
vn 0.00000000 0.70710678 0.70710678
vn -0.06442104 0.72891307 0.68156854
vn 0.00000000 1.00000000 0.00000000
vn -0.00000013 1.00000000 0.00000000
vn 0.00000000 0.00000000 -1.00000000
vn 0.08410981 0.99645649 -0.00000071
vn 0.00000000 0.00000000 1.00000000
vn 0.08410983 0.99645649 -0.00000026
vn 0.00000000 0.00000000 1.00000000
vn 0.34904454 0.93710614 -0.00000041
vn 0.00000000 0.00000000 -1.00000000
vn 0.34904732 0.93710510 -0.00000044
vn 0.00000000 0.00000000 -1.00000000
vn -0.00000013 1.00000000 0.00000000
vn 0.00000000 0.00000000 -1.00000000
vn 0.00000013 -1.00000000 0.00000425
vn 0.00000000 0.00000000 -1.00000000
vn 0.51815314 0.85528786 -0.00000041
vn 0.79523778 0.60629768 -0.00000029
vn -0.00000092 1.00000000 -0.00000078
vn -0.00000075 1.00000000 -0.00000148
vn 0.00000097 1.00000000 -0.00000026
vn 0.00000083 1.00000000 -0.00000037
vn 0.00000114 1.00000000 -0.00000036
vn -0.68156881 0.72891287 0.06442034
vn -0.60503253 0.75573060 0.25061304
vn -0.60503154 -0.75573098 0.25061431
vn -0.46625219 0.75181080 0.46625038
vn -0.37436831 -0.74593559 0.55084340
vn -0.55084609 -0.74593229 0.37437095
vn -0.25061327 -0.75573031 0.60503280
vn -0.42197553 -0.66063165 0.62088846
vn -0.62088889 -0.66063451 0.42197042
vn -0.28608534 -0.66418080 0.69066565
vn 0.00000000 -1.00000000 0.00000000
vn -0.38268601 0.00000000 0.92387847
vn 0.00000000 -1.00000000 0.00000000
vn -0.09410003 0.00000000 0.99556275
vn -0.06842048 -0.68652764 0.72387737
vn 0.00000012 -0.70710682 0.70710674
vn 0.00000000 0.00000000 1.00000000
vn 0.00000018 -1.00000000 0.00000000
vn -0.06442104 -0.72891307 0.68156854
vn -0.25061470 0.75572999 0.60503260
vn 0.00000012 -0.70710674 0.70710682
vn 0.06442095 -0.72891303 0.68156859
vn 0.25061250 -0.75573012 0.60503335
vn 0.06842060 -0.68652760 0.72387740
vn 0.00000026 -1.00000000 -0.00000075
vn 0.09410004 0.00000000 0.99556275
vn 0.28608436 -0.66418105 0.69066581
vn 0.00000000 -1.00000000 0.00000000
vn 0.38268482 0.00000000 0.92387896
vn 0.42197400 -0.66063151 0.62088964
vn 0.62089008 -0.66063361 0.42197008
vn 0.00000000 -1.00000000 0.00000000
vn 0.56209962 0.00000000 0.82706953
vn 0.82707214 0.00000000 0.56209579
vn 0.69066577 -0.66418132 0.28608385
vn 0.00000000 -1.00000000 0.00000000
vn 0.92387952 0.00000000 0.38268347
vn 0.72387943 -0.68652537 0.06842138
vn -0.00000198 -1.00000000 0.00000045
vn 0.99556267 0.00000000 0.09410086
vn 0.72387776 -0.68652729 -0.06841985
vn -0.00000145 -1.00000000 0.00000046
vn 0.99556272 0.00000000 -0.09410034
vn 0.69066754 -0.66417923 -0.28608443
vn -0.00000167 -1.00000000 0.00000045
vn 0.92387932 -0.00000099 -0.38268395
vn 0.62089156 -0.66063241 -0.42196977
vn 0.42197103 -0.66063858 -0.62088414
vn 0.55084602 -0.74593352 -0.37436860
vn 0.37437234 -0.74593286 -0.55084437
vn 0.00000029 -1.00000000 0.00000163
vn 0.82707214 -0.00000536 -0.56209579
vn 0.56209882 -0.00000503 -0.82707008
vn 0.00000000 0.00000000 -1.00000000
vn -0.08410981 -0.99645649 0.00000028
vn 0.00000000 0.00000000 -1.00000000
vn -0.34904592 -0.93710562 0.00000045
vn 0.00000015 -1.00000000 0.00000203
vn 0.00000000 0.00000000 1.00000000
vn -0.34904553 -0.93710577 0.00000045
vn 0.00000000 0.00000000 -1.00000000
vn -0.66838922 -0.74381171 0.00000035
vn 0.00000000 0.00000000 1.00000000
vn -0.79523776 -0.60629771 0.00000034
vn -0.51815065 -0.85528937 0.00000041
vn 0.00000000 0.00000000 -1.00000000
vn -0.91292258 -0.40813278 0.00000022
vn 0.00000000 0.00000000 -1.00000000
vn -1.00000000 -0.00000006 0.00000006
vn 0.00000000 0.00000000 -1.00000000
vn -0.51815065 0.85528937 -0.00000041
vn -0.79523497 0.60630137 -0.00000024
vn 0.00000000 0.00000000 -1.00000000
vn -0.34904596 0.93710561 -0.00000045
vn 0.00000000 0.00000000 1.00000000
vn -0.66839095 0.74381015 -0.00000035
vn 0.00000000 0.00000000 1.00000000
vn -0.91292352 0.40813068 -0.00000016
vn 0.00000000 0.00000000 -1.00000000
vn -0.91292262 0.40813268 -0.00000014
vn 0.00000000 0.00000000 1.00000000
vn -1.00000000 0.00000006 0.00000006
vn 0.00000000 0.00000000 1.00000000
vn -0.91292357 -0.40813055 0.00000025
vn 0.00000000 -1.00000000 0.00000000
vn -0.56210175 0.00000000 0.82706809
vn -0.82707143 0.00000000 0.56209683
vn 0.00000000 -1.00000000 0.00000000
vn -0.92387928 0.00000000 0.38268405
vn -0.69066561 -0.66418113 0.28608467
vn -0.72387712 -0.68652773 0.06842218
vn -0.68156889 -0.72891265 0.06442199
vn -0.68156848 0.72891310 -0.06442129
vn -0.68156863 -0.72891299 -0.06442091
vn -0.60503306 0.75573018 -0.25061302
vn -0.60503306 -0.75573018 -0.25061302
vn -0.72387734 -0.68652765 -0.06842058
vn -0.69066584 -0.66418135 -0.28608360
vn 0.00000198 -1.00000000 0.00000045
vn -0.99556267 0.00000000 0.09410081
vn -0.62089077 -0.66063140 -0.42197251
vn -0.42197304 -0.66063453 -0.62088709
vn -0.55084433 -0.74593501 -0.37436812
vn -0.37436852 -0.74593388 -0.55084558
vn -0.46625020 0.75181119 -0.46625174
vn -0.25061711 0.75572665 -0.60503578
vn -0.25061380 -0.75573271 -0.60502958
vn -0.28608469 -0.66418097 -0.69066576
vn 0.00000000 1.00000000 0.00000000
vn 0.00000000 1.00000000 0.00000000
vn 0.00000000 1.00000000 0.00000000
vn 0.00000000 0.00000000 1.00000000
vn 0.66838988 0.74381111 -0.00000032
vn 0.00000000 0.00000000 -1.00000000
vn 0.91292357 0.40813055 -0.00000019
vn 0.00000000 0.00000000 1.00000000
vn 0.91292595 0.40812523 -0.00000013
vn 0.00000000 0.00000000 -1.00000000
vn 1.00000000 -0.00000009 0.00000006
vn 0.00000000 0.00000000 -1.00000000
vn 0.66839202 -0.74380919 0.00000039
vn 0.00000000 0.00000000 -1.00000000
vn 0.91292354 -0.40813063 0.00000025
vn 0.00000000 0.00000000 1.00000000
vn 0.91292602 -0.40812508 0.00000019
vn 0.00000000 0.00000000 1.00000000
vn 1.00000000 0.00000002 0.00000006
vn 0.00000000 0.00000000 1.00000000
vn 0.08410990 -0.99645648 0.00000064
vn 0.00000000 0.00000000 -1.00000000
vn 0.08410985 -0.99645649 0.00000036
vn 0.00000000 0.00000000 -1.00000000
vn 0.34904730 -0.93710511 0.00000049
vn 0.00000000 0.00000000 1.00000000
vn 0.34904460 -0.93710611 0.00000046
vn 0.00000000 0.00000000 1.00000000
vn 0.00000013 -1.00000000 0.00000000
vn 0.00000000 0.00000000 1.00000000
vn -0.00000017 1.00000000 -0.00000198
vn 0.00000000 0.00000000 1.00000000
vn 0.79523778 -0.60629768 0.00000029
vn 0.51814816 -0.85529088 0.00000041
vn 0.00000145 -1.00000000 0.00000046
vn -0.99556271 0.00000000 -0.09410038
vn 0.00000167 -1.00000000 0.00000045
vn -0.92387932 0.00000000 -0.38268394
vn -0.00000029 -1.00000000 0.00000163
vn -0.82707092 0.00000000 -0.56209758
vn -0.56210033 0.00000000 -0.82706905
vn 0.00000100 -1.00000000 -0.00000152
vn -0.38268521 0.00000000 -0.92387879
vn 0.00000042 -1.00000000 0.00000115
vn -0.09409994 0.00000000 -0.99556276
vn 0.00000000 0.00000000 -1.00000000
vn 0.00000012 -1.00000000 0.00000008
vn -0.06842036 -0.68652768 -0.72387734
vn 0.00000012 -0.70710674 -0.70710682
vn 0.00000000 0.00000000 1.00000000
vn -0.08410884 -0.99645657 0.00000066
vn 0.00000000 -1.00000000 0.00000000
vn 0.09410031 0.00000000 -0.99556272
vn 0.06842069 -0.68652758 -0.72387740
vn 0.28608294 -0.66418168 -0.69066580
vn 0.00000060 -1.00000000 0.00000092
vn 0.38268254 0.00000000 -0.92387990
vn 0.06442104 -0.72891307 -0.68156854
vn 0.06442104 0.72891307 -0.68156854
vn 0.25061431 -0.75573083 -0.60503172
vn 0.00000012 -0.70710682 -0.70710674
vn -0.06442091 -0.72891303 -0.68156859
vn -0.06442215 0.72891326 -0.68156823
vn -0.00000012 0.70710674 -0.70710682
vn -0.00000018 1.00000000 -0.00000108
vn -0.00000009 1.00000000 -0.00000005
vn -0.00000010 1.00000000 -0.00000031
vn 0.25061431 0.75573083 -0.60503172
vn 0.00000000 1.00000000 0.00000000
vn 0.00000000 0.00000000 1.00000000
vn -0.08410895 0.99645656 -0.00000034
vn 0.00000000 0.00000000 1.00000000
vn -0.34904370 0.93710645 -0.00000044
vn 0.00000000 0.00000000 -1.00000000
vn -0.08411004 0.99645647 -0.00000063
vn -0.00000019 1.00000000 -0.00000126
vn -0.00000114 1.00000000 -0.00000036
vn 0.00000000 1.00000000 0.00000000
vn 0.00000000 1.00000000 0.00000000
vn 0.46625261 0.75180974 -0.46625166
vn 0.60503224 0.75573058 -0.25061381
vn 0.60503472 -0.75572840 -0.25061439
vn 0.68156833 -0.72891340 -0.06441942
vn 0.68156846 0.72891312 -0.06442123
vn 0.68157096 -0.72891077 0.06442133
vn 0.68156854 0.72891324 0.06441897
vn 0.60503236 -0.75573058 0.25061352
vn 0.60503400 0.75572950 0.25061282
vn 0.37436687 -0.74593600 0.55084384
vn 0.55084672 -0.74593288 0.37436883
vn 0.46624984 0.75181138 0.46625179
vn 0.00000160 1.00000000 -0.00000061
vn -0.00000169 1.00000000 0.00000060
vn 0.25061274 0.75573004 0.60503336
vn -0.00000025 1.00000000 -0.00000084
vn 0.06442104 0.72891307 0.68156854
vn -0.00000003 1.00000000 -0.00000133
vn -0.00000006 1.00000000 -0.00000004
vn 0.00000000 0.70710678 0.70710678
vn -0.06442104 0.72891307 0.68156854
vn 0.00000000 1.00000000 0.00000000
vn -0.00000013 1.00000000 0.00000000
vn 0.00000000 0.00000000 -1.00000000
vn 0.08410981 0.99645649 -0.00000071
vn 0.00000000 0.00000000 1.00000000
vn 0.08410983 0.99645649 -0.00000026
vn 0.00000000 0.00000000 1.00000000
vn 0.34904454 0.93710614 -0.00000041
vn 0.00000000 0.00000000 -1.00000000
vn 0.34904732 0.93710510 -0.00000044
vn 0.00000000 0.00000000 -1.00000000
vn -0.00000013 1.00000000 0.00000000
vn 0.00000000 0.00000000 -1.00000000
vn 0.00000013 -1.00000000 0.00000425
vn 0.00000000 0.00000000 -1.00000000
vn 0.51815314 0.85528786 -0.00000041
vn 0.79523778 0.60629768 -0.00000029
vn -0.00000092 1.00000000 -0.00000078
vn -0.00000075 1.00000000 -0.00000148
vn 0.00000097 1.00000000 -0.00000026
vn 0.00000083 1.00000000 -0.00000037
vn 0.00000114 1.00000000 -0.00000036
vn -0.68156881 0.72891287 0.06442034
vn -0.60503253 0.75573060 0.25061304
vn -0.60503154 -0.75573098 0.25061431
vn -0.46625219 0.75181080 0.46625038
vn -0.37436831 -0.74593559 0.55084340
vn -0.55084609 -0.74593229 0.37437095
vn -0.25061327 -0.75573031 0.60503280
vn -0.42197553 -0.66063165 0.62088846
vn -0.62088889 -0.66063451 0.42197042
vn -0.28608534 -0.66418080 0.69066565
vn 0.00000000 -1.00000000 0.00000000
vn -0.38268601 0.00000000 0.92387847
vn 0.00000000 -1.00000000 0.00000000
vn -0.09410003 0.00000000 0.99556275
vn -0.06842048 -0.68652764 0.72387737
vn 0.00000012 -0.70710682 0.70710674
vn 0.00000000 0.00000000 1.00000000
vn 0.00000018 -1.00000000 0.00000000
vn -0.06442104 -0.72891307 0.68156854
vn -0.25061470 0.75572999 0.60503260
vn 0.00000012 -0.70710674 0.70710682
vn 0.06442117 -0.72891311 0.68156848
vn 0.25061274 -0.75573004 0.60503336
vn 0.06842081 -0.68652753 0.72387743
vn 0.00000026 -1.00000000 -0.00000075
vn 0.09410032 0.00000000 0.99556272
vn 0.28608422 -0.66418119 0.69066574
vn 0.00000000 -1.00000000 0.00000000
vn 0.38268469 0.00000000 0.92387901
vn 0.42197385 -0.66063072 0.62089058
vn 0.62089045 -0.66063383 0.42196919
vn 0.00000000 -1.00000000 0.00000000
vn 0.56209892 0.00000000 0.82707001
vn 0.82707285 0.00000000 0.56209474
vn 0.69066585 -0.66418145 0.28608337
vn 0.00000000 -1.00000000 0.00000000
vn 0.92387976 0.00000000 0.38268288
vn 0.72387942 -0.68652538 0.06842141
vn -0.00000198 -1.00000000 0.00000045
vn 0.99556267 0.00000000 0.09410090
vn 0.72387777 -0.68652728 -0.06841982
vn -0.00000145 -1.00000000 0.00000046
vn 0.99556272 0.00000000 -0.09410030
vn 0.69066762 -0.66417935 -0.28608395
vn -0.00000167 -1.00000000 0.00000045
vn 0.92387956 -0.00000099 -0.38268337
vn 0.62089193 -0.66063263 -0.42196888
vn 0.42197047 -0.66063756 -0.62088560
vn 0.55084606 -0.74593283 -0.37436991
vn 0.37437209 -0.74593325 -0.55084401
vn 0.00000029 -1.00000000 0.00000163
vn 0.82707285 -0.00000536 -0.56209474
vn 0.56209740 -0.00000503 -0.82707104
vn 0.00000000 0.00000000 -1.00000000
vn -0.08410981 -0.99645649 0.00000029
vn 0.00000000 0.00000000 -1.00000000
vn -0.34904455 -0.93710613 0.00000046
vn 0.00000015 -1.00000000 0.00000203
vn 0.00000000 0.00000000 1.00000000
vn -0.34904373 -0.93710644 0.00000045
vn 0.00000000 0.00000000 -1.00000000
vn -0.66838987 -0.74381112 0.00000035
vn 0.00000000 0.00000000 1.00000000
vn -0.79523778 -0.60629768 0.00000029
vn -0.51814816 -0.85529088 0.00000041
vn 0.00000000 0.00000000 -1.00000000
vn -0.91292352 -0.40813067 0.00000019
vn 0.00000000 0.00000000 -1.00000000
vn -1.00000000 -0.00000006 0.00000000
vn 0.00000000 0.00000000 -1.00000000
vn -0.51814816 0.85529088 -0.00000041
vn -0.79523778 0.60629768 -0.00000029
vn 0.00000000 0.00000000 -1.00000000
vn -0.34904459 0.93710612 -0.00000045
vn 0.00000000 0.00000000 1.00000000
vn -0.66838987 0.74381112 -0.00000035
vn 0.00000000 0.00000000 1.00000000
vn -0.91292352 0.40813067 -0.00000019
vn 0.00000000 0.00000000 -1.00000000
vn -0.91292357 0.40813055 -0.00000019
vn 0.00000000 0.00000000 1.00000000
vn -1.00000000 0.00000006 -0.00000000
vn 0.00000000 0.00000000 1.00000000
vn -0.91292357 -0.40813055 0.00000019
vn 0.00000000 -1.00000000 0.00000000
vn -0.56210175 0.00000000 0.82706809
vn -0.82707143 0.00000000 0.56209683
vn 0.00000000 -1.00000000 0.00000000
vn -0.92387928 0.00000000 0.38268405
vn -0.69066561 -0.66418113 0.28608467
vn -0.72387712 -0.68652773 0.06842218
vn -0.68156889 -0.72891265 0.06442199
vn -0.68156848 0.72891310 -0.06442129
vn -0.68156863 -0.72891299 -0.06442091
vn -0.60503306 0.75573018 -0.25061302
vn -0.60503306 -0.75573018 -0.25061302
vn -0.72387734 -0.68652765 -0.06842058
vn -0.69066584 -0.66418135 -0.28608360
vn 0.00000198 -1.00000000 0.00000045
vn -0.99556267 0.00000000 0.09410081
vn -0.62089077 -0.66063140 -0.42197251
vn -0.42197304 -0.66063453 -0.62088709
vn -0.55084433 -0.74593501 -0.37436812
vn -0.37436852 -0.74593388 -0.55084558
vn -0.46625020 0.75181119 -0.46625174
vn -0.25061711 0.75572665 -0.60503578
vn -0.25061380 -0.75573271 -0.60502958
vn -0.28608469 -0.66418097 -0.69066576
vn 0.00000000 1.00000000 0.00000000
vn 0.00000000 1.00000000 0.00000000
vn 0.00000000 1.00000000 0.00000000
vn 0.00000000 0.00000000 1.00000000
vn 0.66838988 0.74381111 -0.00000032
vn 0.00000000 0.00000000 -1.00000000
vn 0.91292357 0.40813055 -0.00000019
vn 0.00000000 0.00000000 1.00000000
vn 0.91292595 0.40812523 -0.00000013
vn 0.00000000 0.00000000 -1.00000000
vn 1.00000000 -0.00000009 0.00000006
vn 0.00000000 0.00000000 -1.00000000
vn 0.66839202 -0.74380919 0.00000039
vn 0.00000000 0.00000000 -1.00000000
vn 0.91292354 -0.40813063 0.00000025
vn 0.00000000 0.00000000 1.00000000
vn 0.91292602 -0.40812508 0.00000019
vn 0.00000000 0.00000000 1.00000000
vn 1.00000000 0.00000002 0.00000006
vn 0.00000000 0.00000000 1.00000000
vn 0.99645647 0.08411004 0.00000075
vn 0.00000000 0.00000000 -1.00000000
vn 0.99645649 0.08410985 0.00000036
vn 0.00000000 0.00000000 -1.00000000
vn 0.93710511 0.34904730 0.00000049
vn 0.00000000 0.00000000 1.00000000
vn 0.93710611 0.34904460 0.00000046
vn 0.00000000 0.00000000 1.00000000
vn 1.00000000 0.00000013 0.00000000
vn 0.00000000 0.00000000 1.00000000
vn -1.00000000 -0.00000017 -0.00000198
vn 0.00000000 0.00000000 1.00000000
vn 0.60629768 0.79523778 0.00000029
vn 0.85529088 0.51814816 0.00000041
vn 0.00000000 -0.99556271 -0.09410038
vn 1.00000000 0.00000145 0.00000046
vn 0.00000000 -0.92387932 -0.38268394
vn 1.00000000 0.00000167 0.00000045
vn 0.00000000 -0.82707092 -0.56209758
vn 0.00000000 -0.56210033 -0.82706905
vn 1.00000000 0.00000083 0.00000080
vn 0.00000000 -0.38268521 -0.92387879
vn 1.00000000 0.00000040 0.00000130
vn 0.00000000 -0.09410003 -0.99556275
vn 1.00000000 0.00000005 0.00000205
vn 0.00000000 0.00000000 -1.00000000
vn 1.00000000 0.00000012 0.00000008
vn 0.68652764 -0.06842048 -0.72387737
vn 0.70710678 0.00000000 -0.70710678
vn 0.00000000 0.00000000 1.00000000
vn 0.99645659 -0.08410863 0.00000027
vn 0.00000000 0.09410031 -0.99556272
vn 1.00000000 0.00000000 0.00000000
vn 0.68652758 0.06842069 -0.72387740
vn 0.66418168 0.28608294 -0.69066580
vn 0.00000000 0.38268236 -0.92387998
vn 1.00000000 0.00000000 0.00000000
vn 0.72891307 0.06442104 -0.68156854
vn -0.72891307 0.06442104 -0.68156854
vn 0.75573083 0.25061431 -0.60503172
vn 0.70710678 0.00000000 -0.70710678
vn 0.72891307 -0.06442104 -0.68156854
vn -0.72891365 -0.06442072 -0.68156794
vn -0.70710674 -0.00000012 -0.70710682
vn -1.00000000 -0.00000018 -0.00000108
vn -1.00000000 0.00000037 -0.00000058
vn -1.00000000 -0.00000010 -0.00000031
vn -0.75573083 0.25061431 -0.60503172
vn -1.00000000 0.00000000 0.00000000
vn 0.00000000 0.00000000 1.00000000
vn -0.99645657 -0.08410891 -0.00000028
vn 0.00000000 0.00000000 1.00000000
vn -0.93710643 -0.34904374 -0.00000038
vn 0.00000000 0.00000000 -1.00000000
vn -0.99645606 -0.08411490 -0.00000026
vn -1.00000000 0.00000072 -0.00000029
vn -1.00000000 -0.00000114 -0.00000036
vn -1.00000000 0.00000000 0.00000000
vn -1.00000000 0.00000000 0.00000000
vn -0.75180974 0.46625261 -0.46625166
vn -0.75573058 0.60503224 -0.25061381
vn 0.75573058 0.60503224 -0.25061381
vn 0.72891301 0.68156861 -0.06442085
vn -0.72891312 0.68156846 -0.06442123
vn 0.72891296 0.68156867 0.06442078
vn -0.72891285 0.68156883 0.06442040
vn 0.75573021 0.60503335 0.25061226
vn -0.75573021 0.60503335 0.25061226
vn 0.74593600 0.37436687 0.55084384
vn 0.74593288 0.55084672 0.37436883
vn -0.75181106 0.46625107 0.46625107
vn -1.00000000 0.00000000 0.00000000
vn -1.00000000 0.00000000 0.00000000
vn -0.75573004 0.25061274 0.60503336
vn -1.00000000 0.00000000 0.00000000
vn -0.72891307 0.06442104 0.68156854
vn -1.00000000 0.00000000 0.00000000
vn -1.00000000 0.00000000 0.00000000
vn -0.70710678 0.00000000 0.70710678
vn -0.72891307 -0.06442104 0.68156854
vn -1.00000000 0.00000000 0.00000000
vn -1.00000000 0.00000000 0.00000000
vn 0.00000000 0.00000000 -1.00000000
vn -0.99645651 0.08410955 -0.00000026
vn 0.00000000 0.00000000 1.00000000
vn -0.99645649 0.08410983 -0.00000027
vn 0.00000000 0.00000000 1.00000000
vn -0.93710614 0.34904454 -0.00000041
vn 0.00000000 0.00000000 -1.00000000
vn -0.93710510 0.34904732 -0.00000044
vn 0.00000000 0.00000000 -1.00000000
vn -1.00000000 0.00000000 0.00000000
vn 0.00000000 0.00000000 -1.00000000
vn 1.00000000 0.00000013 0.00000425
vn 0.00000000 0.00000000 -1.00000000
vn -0.85528786 0.51815314 -0.00000041
vn -0.60629768 0.79523778 -0.00000029
vn -1.00000000 0.00000000 0.00000000
vn -1.00000000 0.00000000 0.00000000
vn -1.00000000 0.00000000 0.00000000
vn -1.00000000 -0.00000096 -0.00000038
vn -1.00000000 0.00000152 -0.00000048
vn -0.72891285 -0.68156884 0.06442028
vn -0.75573060 -0.60503253 0.25061304
vn 0.75573060 -0.60503253 0.25061304
vn -0.75181040 -0.46625137 0.46625184
vn 0.74593559 -0.37436831 0.55084340
vn 0.74593229 -0.55084609 0.37437095
vn 0.75573031 -0.25061327 0.60503280
vn 0.66063165 -0.42197553 0.62088846
vn 0.66063451 -0.62088889 0.42197042
vn 0.66418080 -0.28608534 0.69066565
vn 0.00000000 -0.38268601 0.92387847
vn 1.00000000 0.00000000 0.00000000
vn 0.00000000 -0.09410003 0.99556275
vn 1.00000000 0.00000000 0.00000000
vn 0.68652764 -0.06842048 0.72387737
vn 0.70710678 0.00000000 0.70710678
vn 0.00000000 0.00000000 1.00000000
vn 1.00000000 0.00000018 0.00000000
vn 0.72891307 -0.06442104 0.68156854
vn -0.75573031 -0.25061327 0.60503280
vn 0.70710678 0.00000000 0.70710678
vn 0.72891307 0.06442104 0.68156854
vn 0.75573004 0.25061274 0.60503336
vn 0.68652758 0.06842069 0.72387740
vn 0.00000000 0.09410032 0.99556272
vn 1.00000000 0.00000026 -0.00000075
vn 0.66418119 0.28608422 0.69066574
vn 0.00000000 0.38268469 0.92387901
vn 1.00000000 0.00000000 0.00000000
vn 0.66063072 0.42197385 0.62089058
vn 0.66063383 0.62089045 0.42196919
vn 0.00000000 0.56209892 0.82707001
vn 0.00000000 0.82707285 0.56209474
vn 1.00000000 0.00000000 0.00000000
vn 0.66418179 0.69066581 0.28608266
vn 0.00000000 0.92387968 0.38268307
vn 1.00000000 -0.00000400 0.00000151
vn 0.68652740 0.72387752 0.06842129
vn 0.00000000 0.99556266 0.09410099
vn 1.00000000 0.00000053 0.00000070
vn 0.68652763 0.72387736 -0.06842052
vn 0.00000000 0.99556272 -0.09410030
vn 1.00000000 0.00000197 0.00000042
vn 0.66418135 0.69066584 -0.28608360
vn 0.00000099 0.92387956 -0.38268337
vn 1.00000000 0.00000000 0.00000000
vn 0.66063210 0.62089119 -0.42197081
vn 0.66063756 0.42197047 -0.62088560
vn 0.74593363 0.55084442 -0.37437073
vn 0.74593325 0.37437209 -0.55084401
vn 0.00000536 0.82707285 -0.56209474
vn 0.00000503 0.56209740 -0.82707104
vn 1.00000000 0.00000000 0.00000000
vn 0.00000000 0.00000000 -1.00000000
vn 0.99645649 -0.08410980 0.00000038
vn 0.00000000 0.00000000 -1.00000000
vn 0.93710613 -0.34904455 0.00000046
vn 1.00000000 0.00000015 0.00000203
vn 0.00000000 0.00000000 1.00000000
vn 0.93710644 -0.34904373 0.00000045
vn 0.00000000 0.00000000 -1.00000000
vn 0.74381112 -0.66838987 0.00000035
vn 0.00000000 0.00000000 1.00000000
vn 0.60629768 -0.79523778 0.00000029
vn 0.85529088 -0.51814816 0.00000041
vn 0.00000000 0.00000000 -1.00000000
vn 0.40813067 -0.91292352 0.00000019
vn 0.00000000 0.00000000 -1.00000000
vn 0.00000006 -1.00000000 0.00000000
vn 0.00000000 0.00000000 -1.00000000
vn -0.85529088 -0.51814816 -0.00000041
vn -0.60629768 -0.79523778 -0.00000029
vn 0.00000000 0.00000000 -1.00000000
vn -0.93710424 -0.34904963 -0.00000045
vn 0.00000000 0.00000000 1.00000000
vn -0.74381112 -0.66838987 -0.00000035
vn 0.00000000 0.00000000 1.00000000
vn -0.40813067 -0.91292352 -0.00000019
vn 0.00000000 0.00000000 -1.00000000
vn -0.40813055 -0.91292357 -0.00000019
vn 0.00000000 0.00000000 1.00000000
vn -0.00000006 -1.00000000 -0.00000000
vn 0.00000000 0.00000000 1.00000000
vn 0.40813055 -0.91292357 0.00000019
vn 0.00000000 -0.56210175 0.82706809
vn 0.00000000 -0.82707143 0.56209683
vn 1.00000000 0.00000000 0.00000000
vn 0.00000000 -0.92387928 0.38268405
vn 1.00000000 0.00000000 0.00000000
vn 0.66418155 -0.69066565 0.28608362
vn 0.68652738 -0.72387754 0.06842123
vn 0.72891298 -0.68156866 0.06442072
vn -0.72891312 -0.68156845 -0.06442135
vn 0.72891299 -0.68156863 -0.06442091
vn -0.75573018 -0.60503306 -0.25061302
vn 0.75573018 -0.60503306 -0.25061302
vn 0.68652765 -0.72387734 -0.06842058
vn 0.66418135 -0.69066584 -0.28608360
vn 0.00000000 -0.99556267 0.09410081
vn 1.00000000 0.00000198 0.00000045
vn 0.66063140 -0.62089077 -0.42197251
vn 0.66063453 -0.42197304 -0.62088709
vn 0.74593501 -0.55084433 -0.37436812
vn 0.74593388 -0.37436852 -0.55084558
vn -0.75181119 -0.46625051 -0.46625144
vn -0.75572408 -0.25061939 -0.60503805
vn 0.75573271 -0.25061380 -0.60502958
vn 0.66418097 -0.28608469 -0.69066576
vn -1.00000000 -0.00000119 -0.00000174
vn -1.00000000 0.00000000 0.00000000
vn -1.00000000 0.00000000 0.00000000
vn 0.00000000 0.00000000 1.00000000
vn -0.74381111 0.66838988 -0.00000032
vn 0.00000000 0.00000000 -1.00000000
vn -0.40813055 0.91292357 -0.00000019
vn 0.00000000 0.00000000 1.00000000
vn -0.40812523 0.91292595 -0.00000013
vn 0.00000000 0.00000000 -1.00000000
vn 0.00000009 1.00000000 0.00000006
vn 0.00000000 0.00000000 -1.00000000
vn 0.74380919 0.66839202 0.00000039
vn 0.00000000 0.00000000 -1.00000000
vn 0.40813063 0.91292354 0.00000025
vn 0.00000000 0.00000000 1.00000000
vn 0.40812508 0.91292602 0.00000019
vn 0.00000000 0.00000000 1.00000000
vn -0.00000002 1.00000000 0.00000006
vn 0.00000000 0.00000000 1.00000000
vn 0.99645647 0.08411004 0.00000075
vn 0.00000000 0.00000000 -1.00000000
vn 0.99645649 0.08410985 0.00000036
vn 0.00000000 0.00000000 -1.00000000
vn 0.93710511 0.34904730 0.00000049
vn 0.00000000 0.00000000 1.00000000
vn 0.93710611 0.34904460 0.00000046
vn 0.00000000 0.00000000 1.00000000
vn 1.00000000 0.00000013 0.00000000
vn 0.00000000 0.00000000 1.00000000
vn -1.00000000 -0.00000017 -0.00000198
vn 0.00000000 0.00000000 1.00000000
vn 0.60629768 0.79523778 0.00000029
vn 0.85529088 0.51814816 0.00000041
vn 0.00000000 -0.99556271 -0.09410038
vn 1.00000000 0.00000145 0.00000046
vn 0.00000000 -0.92387932 -0.38268394
vn 1.00000000 0.00000167 0.00000045
vn 0.00000000 -0.82707092 -0.56209758
vn 0.00000000 -0.56210033 -0.82706905
vn 1.00000000 0.00000083 0.00000080
vn 0.00000000 -0.38268521 -0.92387879
vn 1.00000000 0.00000040 0.00000130
vn 0.00000000 -0.09410003 -0.99556275
vn 1.00000000 0.00000005 0.00000205
vn 0.00000000 0.00000000 -1.00000000
vn 1.00000000 0.00000012 0.00000008
vn 0.68652764 -0.06842048 -0.72387737
vn 0.70710678 0.00000000 -0.70710678
vn 0.00000000 0.00000000 1.00000000
vn 0.99645655 -0.08410908 0.00000027
vn 0.00000000 0.09410003 -0.99556275
vn 1.00000000 0.00000000 0.00000000
vn 0.68652764 0.06842048 -0.72387737
vn 0.66418145 0.28608341 -0.69066582
vn 0.00000000 0.38268288 -0.92387976
vn 1.00000000 0.00000000 0.00000000
vn 0.72891303 0.06442093 -0.68156859
vn -0.72891303 0.06442093 -0.68156859
vn 0.75573087 0.25061419 -0.60503172
vn 0.70710678 0.00000000 -0.70710678
vn 0.72891307 -0.06442104 -0.68156854
vn -0.72891365 -0.06442072 -0.68156794
vn -0.70710674 -0.00000012 -0.70710682
vn -1.00000000 -0.00000018 -0.00000108
vn -1.00000000 0.00000037 -0.00000058
vn -1.00000000 -0.00000010 -0.00000031
vn -0.75573087 0.25061419 -0.60503172
vn -1.00000000 0.00000000 0.00000000
vn 0.00000000 0.00000000 1.00000000
vn -0.99645653 -0.08410937 -0.00000028
vn 0.00000000 0.00000000 1.00000000
vn -0.93710577 -0.34904553 -0.00000038
vn 0.00000000 0.00000000 -1.00000000
vn -0.99645606 -0.08411490 -0.00000026
vn -1.00000000 0.00000072 -0.00000029
vn -1.00000000 -0.00000114 -0.00000036
vn -1.00000000 0.00000000 0.00000000
vn -1.00000000 0.00000000 0.00000000
vn -0.75180994 0.46625282 -0.46625114
vn -0.75573016 0.60503267 -0.25061405
vn 0.75573016 0.60503267 -0.25061405
vn 0.72891322 0.68156833 -0.06442143
vn -0.72891333 0.68156818 -0.06442181
vn 0.72891296 0.68156867 0.06442078
vn -0.72891285 0.68156883 0.06442040
vn 0.75573001 0.60503375 0.25061187
vn -0.75573001 0.60503375 0.25061187
vn 0.74593561 0.37436712 0.55084420
vn 0.74593357 0.55084668 0.37436753
vn -0.75181126 0.46625128 0.46625055
vn -1.00000000 0.00000000 0.00000000
vn -1.00000000 0.00000000 0.00000000
vn -0.75573012 0.25061250 0.60503335
vn -1.00000000 0.00000000 0.00000000
vn -0.72891299 0.06442081 0.68156864
vn -1.00000000 0.00000000 0.00000000
vn -1.00000000 0.00000000 0.00000000
vn -0.70710678 0.00000000 0.70710678
vn -0.72891307 -0.06442104 0.68156854
vn -1.00000000 0.00000000 0.00000000
vn -1.00000000 0.00000000 0.00000000
vn 0.00000000 0.00000000 -1.00000000
vn -0.99645651 0.08410955 -0.00000026
vn 0.00000000 0.00000000 1.00000000
vn -0.99645649 0.08410981 -0.00000034
vn 0.00000000 0.00000000 1.00000000
vn -0.93710614 0.34904454 -0.00000041
vn 0.00000000 0.00000000 -1.00000000
vn -0.93710510 0.34904732 -0.00000044
vn 0.00000000 0.00000000 -1.00000000
vn -1.00000000 0.00000000 0.00000000
vn 0.00000000 0.00000000 -1.00000000
vn 1.00000000 0.00000013 0.00000425
vn 0.00000000 0.00000000 -1.00000000
vn -0.85528786 0.51815314 -0.00000041
vn -0.60629768 0.79523778 -0.00000029
vn -1.00000000 0.00000000 0.00000000
vn -1.00000000 0.00000000 0.00000000
vn -1.00000000 0.00000000 0.00000000
vn -1.00000000 -0.00000098 -0.00000034
vn -1.00000000 -0.00000012 -0.00000120
vn -0.72891287 -0.68156881 0.06442034
vn -0.75573060 -0.60503253 0.25061304
vn 0.75573060 -0.60503253 0.25061304
vn -0.75181040 -0.46625137 0.46625184
vn 0.74593559 -0.37436831 0.55084340
vn 0.74593229 -0.55084609 0.37437095
vn 0.75573031 -0.25061327 0.60503280
vn 0.66063165 -0.42197553 0.62088846
vn 0.66063451 -0.62088889 0.42197042
vn 0.66418080 -0.28608534 0.69066565
vn 0.00000000 -0.38268601 0.92387847
vn 1.00000000 0.00000000 0.00000000
vn 0.00000000 -0.09410003 0.99556275
vn 1.00000000 0.00000000 0.00000000
vn 0.68652764 -0.06842048 0.72387737
vn 0.70710678 0.00000000 0.70710678
vn 0.00000000 0.00000000 1.00000000
vn 1.00000000 0.00000018 0.00000000
vn 0.72891307 -0.06442104 0.68156854
vn -0.75573031 -0.25061327 0.60503280
vn 0.70710678 0.00000000 0.70710678
vn 0.72891299 0.06442081 0.68156864
vn 0.75573012 0.25061250 0.60503335
vn 0.68652764 0.06842048 0.72387737
vn 0.00000000 0.09410004 0.99556275
vn 1.00000000 0.00000026 -0.00000075
vn 0.66418105 0.28608436 0.69066581
vn 0.00000000 0.38268482 0.92387896
vn 1.00000000 0.00000000 0.00000000
vn 0.66063151 0.42197400 0.62088964
vn 0.66063361 0.62089008 0.42197008
vn 0.00000000 0.56209962 0.82706953
vn 0.00000000 0.82707214 0.56209579
vn 1.00000000 0.00000000 0.00000000
vn 0.66418167 0.69066573 0.28608314
vn 0.00000000 0.92387944 0.38268365
vn 1.00000000 -0.00000400 0.00000151
vn 0.68652739 0.72387753 0.06842126
vn 0.00000000 0.99556266 0.09410095
vn 1.00000000 0.00000053 0.00000070
vn 0.68652764 0.72387735 -0.06842055
vn 0.00000000 0.99556272 -0.09410034
vn 1.00000000 0.00000197 0.00000042
vn 0.66418123 0.69066576 -0.28608408
vn 0.00000099 0.92387932 -0.38268395
vn 1.00000000 0.00000000 0.00000000
vn 0.66063188 0.62089081 -0.42197170
vn 0.66063858 0.42197103 -0.62088414
vn 0.74593432 0.55084437 -0.37436943
vn 0.74593286 0.37437234 -0.55084437
vn 0.00000536 0.82707214 -0.56209579
vn 0.00000503 0.56209882 -0.82707008
vn 1.00000000 0.00000000 0.00000000
vn 0.00000000 0.00000000 -1.00000000
vn 0.99645649 -0.08410979 0.00000037
vn 0.00000000 0.00000000 -1.00000000
vn 0.93710562 -0.34904592 0.00000045
vn 1.00000000 0.00000015 0.00000203
vn 0.00000000 0.00000000 1.00000000
vn 0.93710577 -0.34904553 0.00000045
vn 0.00000000 0.00000000 -1.00000000
vn 0.74381171 -0.66838922 0.00000035
vn 0.00000000 0.00000000 1.00000000
vn 0.60629771 -0.79523776 0.00000034
vn 0.85528937 -0.51815065 0.00000041
vn 0.00000000 0.00000000 -1.00000000
vn 0.40813278 -0.91292258 0.00000022
vn 0.00000000 0.00000000 -1.00000000
vn 0.00000006 -1.00000000 0.00000006
vn 0.00000000 0.00000000 -1.00000000
vn -0.85528937 -0.51815065 -0.00000041
vn -0.60630137 -0.79523497 -0.00000024
vn 0.00000000 0.00000000 -1.00000000
vn -0.93710373 -0.34905100 -0.00000045
vn 0.00000000 0.00000000 1.00000000
vn -0.74381015 -0.66839095 -0.00000035
vn 0.00000000 0.00000000 1.00000000
vn -0.40813068 -0.91292352 -0.00000016
vn 0.00000000 0.00000000 -1.00000000
vn -0.40813268 -0.91292262 -0.00000014
vn 0.00000000 0.00000000 1.00000000
vn -0.00000006 -1.00000000 0.00000006
vn 0.00000000 0.00000000 1.00000000
vn 0.40813055 -0.91292357 0.00000025
vn 0.00000000 -0.56210175 0.82706809
vn 0.00000000 -0.82707143 0.56209683
vn 1.00000000 0.00000000 0.00000000
vn 0.00000000 -0.92387928 0.38268405
vn 1.00000000 0.00000000 0.00000000
vn 0.66418155 -0.69066565 0.28608362
vn 0.68652738 -0.72387754 0.06842123
vn 0.72891298 -0.68156866 0.06442072
vn -0.72891277 -0.68156871 -0.06442256
vn 0.72891299 -0.68156863 -0.06442091
vn -0.75573055 -0.60503207 -0.25061429
vn 0.75573018 -0.60503306 -0.25061302
vn 0.68652765 -0.72387734 -0.06842058
vn 0.66418135 -0.69066584 -0.28608360
vn 0.00000000 -0.99556267 0.09410081
vn 1.00000000 0.00000198 0.00000045
vn 0.66063140 -0.62089077 -0.42197251
vn 0.66063453 -0.42197304 -0.62088709
vn 0.74593501 -0.55084433 -0.37436812
vn 0.74593388 -0.37436852 -0.55084558
vn -0.75181119 -0.46625051 -0.46625144
vn -0.75572408 -0.25061939 -0.60503805
vn 0.75573271 -0.25061380 -0.60502958
vn 0.66418097 -0.28608469 -0.69066576
vn -1.00000000 -0.00000119 -0.00000174
vn -1.00000000 0.00000000 0.00000000
vn -1.00000000 0.00000264 -0.00000155
vn 0.00000000 0.00000000 1.00000000
vn -0.74381111 0.66838988 -0.00000032
vn 0.00000000 0.00000000 -1.00000000
vn -0.40813055 0.91292357 -0.00000019
vn 0.00000000 0.00000000 1.00000000
vn -0.40812523 0.91292595 -0.00000013
vn 0.00000000 0.00000000 -1.00000000
vn 0.00000009 1.00000000 0.00000006
vn 0.00000000 0.00000000 -1.00000000
vn 0.74380919 0.66839202 0.00000039
vn 0.00000000 0.00000000 -1.00000000
vn 0.40813063 0.91292354 0.00000025
vn 0.00000000 0.00000000 1.00000000
vn 0.40812508 0.91292602 0.00000019
vn 0.00000000 0.00000000 1.00000000
vn -0.00000002 1.00000000 0.00000006
f 1//1 3//3 8//8
f 4//4 1//1 7//7
f 11//11 6//6 2//2
f 8//8 9//9 1//1
f 2//2 9//9 11//11
f 17//17 11//11 9//9
f 5//5 10//10 12//12
f 10//10 10//10 12//12
f 10//10 14//14 13//13
f 10//10 13//13 10//10
f 14//14 10//10 15//15
f 10//10 10//10 15//15
f 10//10 16//16 19//19
f 10//10 19//19 10//10
f 10//10 20//20 15//15
f 19//19 20//20 10//10
f 15//15 20//20 21//21
f 22//22 21//21 20//20
f 20//20 19//19 22//22
f 21//21 22//22 23//23
f 24//24 23//23 22//22
f 22//22 25//25 24//24
f 25//25 22//22 19//19
f 26//26 25//25 28//28
f 25//25 26//26 27//27
f 27//27 24//24 25//25
f 19//19 28//28 25//25
f 29//29 28//28 16//16
f 28//28 29//29 26//26
f 16//16 28//28 19//19
f 16//16 29//29 16//16
f 16//16 16//16 19//19
f 30//30 30//30 29//29
f 16//16 30//30 29//29
f 29//29 32//32 33//33
f 30//30 32//32 29//29
f 33//33 26//26 29//29
f 34//34 33//33 32//32
f 26//26 33//33 35//35
f 33//33 34//34 36//36
f 36//36 35//35 33//33
f 37//37 36//36 34//34
f 35//35 36//36 38//38
f 36//36 37//37 39//39
f 39//39 38//38 36//36
f 42//42 39//39 37//37
f 40//40 38//38 39//39
f 41//41 40//40 39//39
f 42//42 41//41 39//39
f 41//41 42//42 43//43
f 37//37 43//43 42//42
f 43//43 44//44 41//41
f 43//43 37//37 46//46
f 44//44 43//43 45//45
f 46//46 45//45 43//43
f 45//45 46//46 47//47
f 34//34 46//46 37//37
f 48//48 47//47 46//46
f 46//46 34//34 48//48
f 14//14 47//47 48//48
f 14//14 14//14 48//48
f 30//30 14//14 48//48
f 30//30 48//48 30//30
f 32//32 48//48 34//34
f 48//48 32//32 30//30
f 15//15 47//47 14//14
f 14//14 15//15 14//14
f 47//47 15//15 45//45
f 45//45 21//21 44//44
f 21//21 45//45 15//15
f 49//49 41//41 44//44
f 23//23 44//44 21//21
f 44//44 23//23 49//49
f 50//50 49//49 23//23
f 41//41 49//49 50//50
f 51//51 50//50 24//24
f 23//23 24//24 50//50
f 41//41 50//50 40//40
f 50//50 51//51 40//40
f 24//24 27//27 51//51
f 40//40 51//51 27//27
f 38//38 40//40 35//35
f 27//27 35//35 40//40
f 35//35 27//27 26//26
f 14//14 30//30 52//52
f 30//30 30//30 52//52
f 30//30 54//54 53//53
f 30//30 53//53 30//30
f 54//54 31//31 57//57
f 58//58 57//57 31//31
f 31//31 18//18 58//58
f 56//56 58//58 9//9
f 9//9 59//59 17//17
f 60//60 56//56 8//8
f 57//57 62//62 54//54
f 9//9 8//8 56//56
f 63//63 55//55 61//61
f 61//61 65//65 63//63
f 8//8 64//64 60//60
f 70//70 63//63 65//65
f 64//64 8//8 3//3
f 3//3 66//66 64//64
f 65//65 67//67 70//70
f 72//72 69//69 68//68
f 63//63 69//69 73//73
f 69//69 71//71 74//74
f 69//69 69//69 73//73
f 69//69 74//74 69//69
f 74//74 75//75 69//69
f 69//69 75//75 73//73
f 75//75 74//74 76//76
f 76//76 77//77 75//75
f 73//73 75//75 77//77
f 77//77 76//76 78//78
f 78//78 79//79 77//77
f 80//80 77//77 79//79
f 77//77 80//80 73//73
f 82//82 80//80 81//81
f 79//79 81//81 80//80
f 80//80 82//82 83//83
f 83//83 73//73 80//80
f 84//84 83//83 82//82
f 63//63 83//83 84//84
f 73//73 83//83 63//63
f 63//63 73//73 63//63
f 63//63 63//63 84//84
f 14//14 63//63 84//84
f 14//14 84//84 14//14
f 84//84 85//85 14//14
f 85//85 84//84 86//86
f 82//82 86//86 84//84
f 86//86 82//82 87//87
f 87//87 88//88 86//86
f 89//89 86//86 88//88
f 86//86 89//89 85//85
f 88//88 90//90 89//89
f 91//91 89//89 90//90
f 89//89 91//91 92//92
f 92//92 85//85 89//89
f 14//14 14//14 92//92
f 71//71 14//14 92//92
f 71//71 92//92 71//71
f 14//14 85//85 92//92
f 93//93 92//92 91//91
f 92//92 93//93 71//71
f 71//71 93//93 74//74
f 71//71 71//71 74//74
f 74//74 93//93 94//94
f 91//91 94//94 93//93
f 94//94 76//76 74//74
f 76//76 94//94 95//95
f 96//96 95//95 94//94
f 94//94 91//91 96//96
f 95//95 96//96 97//97
f 98//98 97//97 96//96
f 96//96 90//90 98//98
f 90//90 96//96 91//91
f 98//98 99//99 100//100
f 99//99 98//98 90//90
f 101//101 98//98 100//100
f 101//101 97//97 98//98
f 97//97 101//101 95//95
f 78//78 95//95 101//101
f 101//101 102//102 78//78
f 102//102 101//101 103//103
f 101//101 100//100 103//103
f 102//102 103//103 79//79
f 81//81 79//79 103//103
f 100//100 104//104 103//103
f 103//103 104//104 81//81
f 87//87 81//81 104//104
f 104//104 100//100 87//87
f 79//79 78//78 102//102
f 88//88 87//87 100//100
f 100//100 99//99 88//88
f 90//90 88//88 99//99
f 95//95 78//78 76//76
f 81//81 87//87 82//82
f 71//71 5//5 105//105
f 7//7 72//72 4//4
f 68//68 4//4 72//72
f 71//71 105//105 71//71
f 71//71 71//71 106//106
f 14//14 71//71 106//106
f 106//106 107//107 14//14
f 107//107 106//106 108//108
f 110//110 108//108 106//106
f 14//14 106//106 14//14
f 106//106 109//109 110//110
f 71//71 109//109 106//106
f 110//110 111//111 112//112
f 111//111 110//110 109//109
f 112//112 113//113 110//110
f 108//108 110//110 113//113
f 113//113 112//112 114//114
f 114//114 115//115 113//113
f 116//116 113//113 115//115
f 113//113 116//116 108//108
f 119//119 116//116 117//117
f 115//115 117//117 116//116
f 118//118 108//108 116//116
f 116//116 119//119 118//118
f 120//120 118//118 119//119
f 117//117 122//122 119//119
f 119//119 121//121 120//120
f 121//121 119//119 122//122
f 122//122 117//117 115//115
f 123//123 122//122 115//115
f 123//123 125//125 122//122
f 122//122 124//124 121//121
f 125//125 124//124 122//122
f 124//124 125//125 126//126
f 128//128 126//126 125//125
f 123//123 127//127 125//125
f 125//125 127//127 128//128
f 131//131 128//128 127//127
f 126//126 128//128 129//129
f 130//130 129//129 128//128
f 128//128 131//131 130//130
f 111//111 130//130 131//131
f 131//131 112//112 111//111
f 112//112 131//131 123//123
f 127//127 123//123 131//131
f 129//129 130//130 132//132
f 105//105 132//132 130//130
f 130//130 111//111 105//105
f 12//12 132//132 5//5
f 5//5 132//132 105//105
f 132//132 12//12 129//129
f 5//5 12//12 5//5
f 5//5 5//5 105//105
f 129//129 133//133 126//126
f 133//133 129//129 12//12
f 120//120 133//133 134//134
f 133//133 120//120 121//121
f 121//121 126//126 133//133
f 12//12 134//134 133//133
f 134//134 13//13 120//120
f 10//10 134//134 12//12
f 13//13 134//134 10//10
f 126//126 121//121 124//124
f 123//123 114//114 112//112
f 114//114 123//123 115//115
f 118//118 120//120 13//13
f 108//108 118//118 107//107
f 13//13 107//107 118//118
f 109//109 105//105 111//111
f 105//105 109//109 71//71
f 14//14 107//107 13//13
f 14//14 14//14 13//13
f 63//63 14//14 135//135
f 63//63 135//135 63//63
f 63//63 63//63 136//136
f 54//54 63//63 136//136
f 136//136 137//137 54//54
f 137//137 136//136 138//138
f 140//140 138//138 136//136
f 54//54 136//136 54//54
f 136//136 139//139 140//140
f 63//63 139//139 136//136
f 140//140 141//141 142//142
f 141//141 140//140 139//139
f 142//142 143//143 140//140
f 138//138 140//140 143//143
f 143//143 142//142 144//144
f 144//144 145//145 143//143
f 146//146 143//143 145//145
f 143//143 146//146 138//138
f 149//149 146//146 147//147
f 145//145 147//147 146//146
f 148//148 138//138 146//146
f 146//146 149//149 148//148
f 150//150 148//148 149//149
f 147//147 152//152 149//149
f 149//149 151//151 150//150
f 151//151 149//149 152//152
f 152//152 147//147 145//145
f 153//153 152//152 145//145
f 153//153 155//155 152//152
f 152//152 154//154 151//151
f 155//155 154//154 152//152
f 154//154 155//155 156//156
f 158//158 156//156 155//155
f 153//153 157//157 155//155
f 155//155 157//157 158//158
f 161//161 158//158 157//157
f 156//156 158//158 159//159
f 160//160 159//159 158//158
f 158//158 161//161 160//160
f 141//141 160//160 161//161
f 161//161 142//142 141//141
f 142//142 161//161 153//153
f 157//157 153//153 161//161
f 159//159 160//160 162//162
f 135//135 162//162 160//160
f 160//160 141//141 135//135
f 52//52 162//162 14//14
f 14//14 162//162 135//135
f 162//162 52//52 159//159
f 14//14 52//52 14//14
f 14//14 14//14 135//135
f 159//159 163//163 156//156
f 163//163 159//159 52//52
f 150//150 163//163 164//164
f 163//163 150//150 151//151
f 151//151 156//156 163//163
f 52//52 164//164 163//163
f 164//164 53//53 150//150
f 30//30 164//164 52//52
f 53//53 164//164 30//30
f 156//156 151//151 154//154
f 153//153 144//144 142//142
f 144//144 153//153 145//145
f 148//148 150//150 53//53
f 138//138 148//148 137//137
f 53//53 137//137 148//148
f 139//139 135//135 141//141
f 135//135 139//139 63//63
f 54//54 137//137 53//53
f 54//54 54//54 53//53
f 165//165 167//167 172//172
f 168//168 165//165 171//171
f 175//175 170//170 166//166
f 172//172 173//173 165//165
f 166//166 173//173 175//175
f 181//181 175//175 173//173
f 169//169 174//174 176//176
f 174//174 174//174 176//176
f 174//174 178//178 177//177
f 174//174 177//177 174//174
f 178//178 174//174 179//179
f 174//174 174//174 179//179
f 174//174 180//180 183//183
f 174//174 183//183 174//174
f 174//174 184//184 179//179
f 183//183 184//184 174//174
f 179//179 184//184 185//185
f 186//186 185//185 184//184
f 184//184 183//183 186//186
f 185//185 186//186 187//187
f 188//188 187//187 186//186
f 186//186 189//189 188//188
f 189//189 186//186 183//183
f 190//190 189//189 192//192
f 189//189 190//190 191//191
f 191//191 188//188 189//189
f 183//183 192//192 189//189
f 193//193 192//192 180//180
f 192//192 193//193 190//190
f 180//180 192//192 183//183
f 180//180 193//193 180//180
f 180//180 180//180 183//183
f 194//194 194//194 193//193
f 180//180 194//194 193//193
f 193//193 196//196 197//197
f 194//194 196//196 193//193
f 197//197 190//190 193//193
f 198//198 197//197 196//196
f 190//190 197//197 199//199
f 197//197 198//198 200//200
f 200//200 199//199 197//197
f 201//201 200//200 198//198
f 199//199 200//200 202//202
f 200//200 201//201 203//203
f 203//203 202//202 200//200
f 206//206 203//203 201//201
f 204//204 202//202 203//203
f 205//205 204//204 203//203
f 206//206 205//205 203//203
f 205//205 206//206 207//207
f 201//201 207//207 206//206
f 207//207 208//208 205//205
f 207//207 201//201 210//210
f 208//208 207//207 209//209
f 210//210 209//209 207//207
f 209//209 210//210 211//211
f 198//198 210//210 201//201
f 212//212 211//211 210//210
f 210//210 198//198 212//212
f 178//178 211//211 212//212
f 178//178 178//178 212//212
f 194//194 178//178 212//212
f 194//194 212//212 194//194
f 196//196 212//212 198//198
f 212//212 196//196 194//194
f 179//179 211//211 178//178
f 178//178 179//179 178//178
f 211//211 179//179 209//209
f 209//209 185//185 208//208
f 185//185 209//209 179//179
f 213//213 205//205 208//208
f 187//187 208//208 185//185
f 208//208 187//187 213//213
f 214//214 213//213 187//187
f 205//205 213//213 214//214
f 215//215 214//214 188//188
f 187//187 188//188 214//214
f 205//205 214//214 204//204
f 214//214 215//215 204//204
f 188//188 191//191 215//215
f 204//204 215//215 191//191
f 202//202 204//204 199//199
f 191//191 199//199 204//204
f 199//199 191//191 190//190
f 178//178 194//194 216//216
f 194//194 194//194 216//216
f 194//194 218//218 217//217
f 194//194 217//217 194//194
f 218//218 195//195 221//221
f 222//222 221//221 195//195
f 195//195 182//182 222//222
f 220//220 222//222 173//173
f 173//173 223//223 181//181
f 224//224 220//220 172//172
f 221//221 226//226 218//218
f 173//173 172//172 220//220
f 227//227 219//219 225//225
f 225//225 229//229 227//227
f 172//172 228//228 224//224
f 234//234 227//227 229//229
f 228//228 172//172 167//167
f 167//167 230//230 228//228
f 229//229 231//231 234//234
f 236//236 233//233 232//232
f 227//227 233//233 237//237
f 233//233 235//235 238//238
f 233//233 233//233 237//237
f 233//233 238//238 233//233
f 238//238 239//239 233//233
f 233//233 239//239 237//237
f 239//239 238//238 240//240
f 240//240 241//241 239//239
f 237//237 239//239 241//241
f 241//241 240//240 242//242
f 242//242 243//243 241//241
f 244//244 241//241 243//243
f 241//241 244//244 237//237
f 246//246 244//244 245//245
f 243//243 245//245 244//244
f 244//244 246//246 247//247
f 247//247 237//237 244//244
f 248//248 247//247 246//246
f 227//227 247//247 248//248
f 237//237 247//247 227//227
f 227//227 237//237 227//227
f 227//227 227//227 248//248
f 178//178 227//227 248//248
f 178//178 248//248 178//178
f 248//248 249//249 178//178
f 249//249 248//248 250//250
f 246//246 250//250 248//248
f 250//250 246//246 251//251
f 251//251 252//252 250//250
f 253//253 250//250 252//252
f 250//250 253//253 249//249
f 252//252 254//254 253//253
f 255//255 253//253 254//254
f 253//253 255//255 256//256
f 256//256 249//249 253//253
f 178//178 178//178 256//256
f 235//235 178//178 256//256
f 235//235 256//256 235//235
f 178//178 249//249 256//256
f 257//257 256//256 255//255
f 256//256 257//257 235//235
f 235//235 257//257 238//238
f 235//235 235//235 238//238
f 238//238 257//257 258//258
f 255//255 258//258 257//257
f 258//258 240//240 238//238
f 240//240 258//258 259//259
f 260//260 259//259 258//258
f 258//258 255//255 260//260
f 259//259 260//260 261//261
f 262//262 261//261 260//260
f 260//260 254//254 262//262
f 254//254 260//260 255//255
f 262//262 263//263 264//264
f 263//263 262//262 254//254
f 265//265 262//262 264//264
f 265//265 261//261 262//262
f 261//261 265//265 259//259
f 242//242 259//259 265//265
f 265//265 266//266 242//242
f 266//266 265//265 267//267
f 265//265 264//264 267//267
f 266//266 267//267 243//243
f 245//245 243//243 267//267
f 264//264 268//268 267//267
f 267//267 268//268 245//245
f 251//251 245//245 268//268
f 268//268 264//264 251//251
f 243//243 242//242 266//266
f 252//252 251//251 264//264
f 264//264 263//263 252//252
f 254//254 252//252 263//263
f 259//259 242//242 240//240
f 245//245 251//251 246//246
f 235//235 169//169 269//269
f 171//171 236//236 168//168
f 232//232 168//168 236//236
f 235//235 269//269 235//235
f 235//235 235//235 270//270
f 178//178 235//235 270//270
f 270//270 271//271 178//178
f 271//271 270//270 272//272
f 274//274 272//272 270//270
f 178//178 270//270 178//178
f 270//270 273//273 274//274
f 235//235 273//273 270//270
f 274//274 275//275 276//276
f 275//275 274//274 273//273
f 276//276 277//277 274//274
f 272//272 274//274 277//277
f 277//277 276//276 278//278
f 278//278 279//279 277//277
f 280//280 277//277 279//279
f 277//277 280//280 272//272
f 283//283 280//280 281//281
f 279//279 281//281 280//280
f 282//282 272//272 280//280
f 280//280 283//283 282//282
f 284//284 282//282 283//283
f 281//281 286//286 283//283
f 283//283 285//285 284//284
f 285//285 283//283 286//286
f 286//286 281//281 279//279
f 287//287 286//286 279//279
f 287//287 289//289 286//286
f 286//286 288//288 285//285
f 289//289 288//288 286//286
f 288//288 289//289 290//290
f 292//292 290//290 289//289
f 287//287 291//291 289//289
f 289//289 291//291 292//292
f 295//295 292//292 291//291
f 290//290 292//292 293//293
f 294//294 293//293 292//292
f 292//292 295//295 294//294
f 275//275 294//294 295//295
f 295//295 276//276 275//275
f 276//276 295//295 287//287
f 291//291 287//287 295//295
f 293//293 294//294 296//296
f 269//269 296//296 294//294
f 294//294 275//275 269//269
f 176//176 296//296 169//169
f 169//169 296//296 269//269
f 296//296 176//176 293//293
f 169//169 176//176 169//169
f 169//169 169//169 269//269
f 293//293 297//297 290//290
f 297//297 293//293 176//176
f 284//284 297//297 298//298
f 297//297 284//284 285//285
f 285//285 290//290 297//297
f 176//176 298//298 297//297
f 298//298 177//177 284//284
f 174//174 298//298 176//176
f 177//177 298//298 174//174
f 290//290 285//285 288//288
f 287//287 278//278 276//276
f 278//278 287//287 279//279
f 282//282 284//284 177//177
f 272//272 282//282 271//271
f 177//177 271//271 282//282
f 273//273 269//269 275//275
f 269//269 273//273 235//235
f 178//178 271//271 177//177
f 178//178 178//178 177//177
f 227//227 178//178 299//299
f 227//227 299//299 227//227
f 227//227 227//227 300//300
f 218//218 227//227 300//300
f 300//300 301//301 218//218
f 301//301 300//300 302//302
f 304//304 302//302 300//300
f 218//218 300//300 218//218
f 300//300 303//303 304//304
f 227//227 303//303 300//300
f 304//304 305//305 306//306
f 305//305 304//304 303//303
f 306//306 307//307 304//304
f 302//302 304//304 307//307
f 307//307 306//306 308//308
f 308//308 309//309 307//307
f 310//310 307//307 309//309
f 307//307 310//310 302//302
f 313//313 310//310 311//311
f 309//309 311//311 310//310
f 312//312 302//302 310//310
f 310//310 313//313 312//312
f 314//314 312//312 313//313
f 311//311 316//316 313//313
f 313//313 315//315 314//314
f 315//315 313//313 316//316
f 316//316 311//311 309//309
f 317//317 316//316 309//309
f 317//317 319//319 316//316
f 316//316 318//318 315//315
f 319//319 318//318 316//316
f 318//318 319//319 320//320
f 322//322 320//320 319//319
f 317//317 321//321 319//319
f 319//319 321//321 322//322
f 325//325 322//322 321//321
f 320//320 322//322 323//323
f 324//324 323//323 322//322
f 322//322 325//325 324//324
f 305//305 324//324 325//325
f 325//325 306//306 305//305
f 306//306 325//325 317//317
f 321//321 317//317 325//325
f 323//323 324//324 326//326
f 299//299 326//326 324//324
f 324//324 305//305 299//299
f 216//216 326//326 178//178
f 178//178 326//326 299//299
f 326//326 216//216 323//323
f 178//178 216//216 178//178
f 178//178 178//178 299//299
f 323//323 327//327 320//320
f 327//327 323//323 216//216
f 314//314 327//327 328//328
f 327//327 314//314 315//315
f 315//315 320//320 327//327
f 216//216 328//328 327//327
f 328//328 217//217 314//314
f 194//194 328//328 216//216
f 217//217 328//328 194//194
f 320//320 315//315 318//318
f 317//317 308//308 306//306
f 308//308 317//317 309//309
f 312//312 314//314 217//217
f 302//302 312//312 301//301
f 217//217 301//301 312//312
f 303//303 299//299 305//305
f 299//299 303//303 227//227
f 218//218 301//301 217//217
f 218//218 218//218 217//217
f 329//329 331//331 336//336
f 332//332 329//329 335//335
f 339//339 334//334 330//330
f 336//336 337//337 329//329
f 330//330 337//337 339//339
f 345//345 339//339 337//337
f 333//333 338//338 340//340
f 338//338 338//338 340//340
f 338//338 342//342 341//341
f 338//338 341//341 338//338
f 342//342 338//338 343//343
f 338//338 338//338 343//343
f 338//338 344//344 347//347
f 338//338 347//347 338//338
f 338//338 348//348 343//343
f 347//347 348//348 338//338
f 343//343 348//348 349//349
f 350//350 349//349 348//348
f 348//348 347//347 350//350
f 349//349 350//350 351//351
f 352//352 351//351 350//350
f 350//350 353//353 352//352
f 353//353 350//350 347//347
f 354//354 353//353 356//356
f 353//353 354//354 355//355
f 355//355 352//352 353//353
f 347//347 356//356 353//353
f 357//357 356//356 344//344
f 356//356 357//357 354//354
f 344//344 356//356 347//347
f 344//344 357//357 344//344
f 344//344 344//344 347//347
f 358//358 358//358 357//357
f 344//344 358//358 357//357
f 357//357 359//359 360//360
f 358//358 359//359 357//357
f 360//360 354//354 357//357
f 361//361 360//360 359//359
f 354//354 360//360 362//362
f 360//360 361//361 363//363
f 363//363 362//362 360//360
f 364//364 363//363 361//361
f 362//362 363//363 365//365
f 363//363 364//364 366//366
f 366//366 365//365 363//363
f 369//369 366//366 364//364
f 367//367 365//365 366//366
f 368//368 367//367 366//366
f 369//369 368//368 366//366
f 368//368 369//369 370//370
f 364//364 370//370 369//369
f 370//370 371//371 368//368
f 370//370 364//364 373//373
f 371//371 370//370 372//372
f 373//373 372//372 370//370
f 372//372 373//373 374//374
f 361//361 373//373 364//364
f 375//375 374//374 373//373
f 373//373 361//361 375//375
f 342//342 374//374 375//375
f 342//342 342//342 375//375
f 358//358 342//342 375//375
f 358//358 375//375 358//358
f 359//359 375//375 361//361
f 375//375 359//359 358//358
f 343//343 374//374 342//342
f 342//342 343//343 342//342
f 374//374 343//343 372//372
f 372//372 349//349 371//371
f 349//349 372//372 343//343
f 376//376 368//368 371//371
f 351//351 371//371 349//349
f 371//371 351//351 376//376
f 377//377 376//376 351//351
f 368//368 376//376 377//377
f 378//378 377//377 352//352
f 351//351 352//352 377//377
f 368//368 377//377 367//367
f 377//377 378//378 367//367
f 352//352 355//355 378//378
f 367//367 378//378 355//355
f 365//365 367//367 362//362
f 355//355 362//362 367//367
f 362//362 355//355 354//354
f 342//342 358//358 379//379
f 358//358 358//358 379//379
f 358//358 234//234 380//380
f 358//358 380//380 358//358
f 234//234 236//236 382//382
f 383//383 382//382 236//236
f 236//236 346//346 383//383
f 381//381 383//383 337//337
f 337//337 384//384 345//345
f 385//385 381//381 336//336
f 382//382 387//387 234//234
f 337//337 336//336 381//381
f 388//388 233//233 386//386
f 386//386 390//390 388//388
f 336//336 389//389 385//385
f 395//395 388//388 390//390
f 389//389 336//336 331//331
f 331//331 391//391 389//389
f 390//390 392//392 395//395
f 397//397 394//394 393//393
f 388//388 394//394 398//398
f 394//394 396//396 399//399
f 394//394 394//394 398//398
f 394//394 399//399 394//394
f 399//399 400//400 394//394
f 394//394 400//400 398//398
f 400//400 399//399 401//401
f 401//401 402//402 400//400
f 398//398 400//400 402//402
f 402//402 401//401 403//403
f 403//403 404//404 402//402
f 405//405 402//402 404//404
f 402//402 405//405 398//398
f 407//407 405//405 406//406
f 404//404 406//406 405//405
f 405//405 407//407 408//408
f 408//408 398//398 405//405
f 409//409 408//408 407//407
f 388//388 408//408 409//409
f 398//398 408//408 388//388
f 388//388 398//398 388//388
f 388//388 388//388 409//409
f 342//342 388//388 409//409
f 342//342 409//409 342//342
f 409//409 410//410 342//342
f 410//410 409//409 411//411
f 407//407 411//411 409//409
f 411//411 407//407 412//412
f 412//412 413//413 411//411
f 414//414 411//411 413//413
f 411//411 414//414 410//410
f 413//413 415//415 414//414
f 416//416 414//414 415//415
f 414//414 416//416 417//417
f 417//417 410//410 414//414
f 342//342 342//342 417//417
f 396//396 342//342 417//417
f 396//396 417//417 396//396
f 342//342 410//410 417//417
f 418//418 417//417 416//416
f 417//417 418//418 396//396
f 396//396 418//418 399//399
f 396//396 396//396 399//399
f 399//399 418//418 419//419
f 416//416 419//419 418//418
f 419//419 401//401 399//399
f 401//401 419//419 420//420
f 421//421 420//420 419//419
f 419//419 416//416 421//421
f 420//420 421//421 422//422
f 423//423 422//422 421//421
f 421//421 415//415 423//423
f 415//415 421//421 416//416
f 423//423 424//424 425//425
f 424//424 423//423 415//415
f 426//426 423//423 425//425
f 426//426 422//422 423//423
f 422//422 426//426 420//420
f 403//403 420//420 426//426
f 426//426 427//427 403//403
f 427//427 426//426 428//428
f 426//426 425//425 428//428
f 427//427 428//428 404//404
f 406//406 404//404 428//428
f 425//425 429//429 428//428
f 428//428 429//429 406//406
f 412//412 406//406 429//429
f 429//429 425//425 412//412
f 404//404 403//403 427//427
f 413//413 412//412 425//425
f 425//425 424//424 413//413
f 415//415 413//413 424//424
f 420//420 403//403 401//401
f 406//406 412//412 407//407
f 396//396 333//333 430//430
f 335//335 397//397 332//332
f 393//393 332//332 397//397
f 396//396 430//430 396//396
f 396//396 396//396 431//431
f 342//342 396//396 431//431
f 431//431 432//432 342//342
f 432//432 431//431 433//433
f 435//435 433//433 431//431
f 342//342 431//431 342//342
f 431//431 434//434 435//435
f 396//396 434//434 431//431
f 435//435 436//436 437//437
f 436//436 435//435 434//434
f 437//437 438//438 435//435
f 433//433 435//435 438//438
f 438//438 437//437 439//439
f 439//439 440//440 438//438
f 441//441 438//438 440//440
f 438//438 441//441 433//433
f 444//444 441//441 442//442
f 440//440 442//442 441//441
f 443//443 433//433 441//441
f 441//441 444//444 443//443
f 445//445 443//443 444//444
f 442//442 447//447 444//444
f 444//444 446//446 445//445
f 446//446 444//444 447//447
f 447//447 442//442 440//440
f 448//448 447//447 440//440
f 448//448 450//450 447//447
f 447//447 449//449 446//446
f 450//450 449//449 447//447
f 449//449 450//450 451//451
f 453//453 451//451 450//450
f 448//448 452//452 450//450
f 450//450 452//452 453//453
f 456//456 453//453 452//452
f 451//451 453//453 454//454
f 455//455 454//454 453//453
f 453//453 456//456 455//455
f 436//436 455//455 456//456
f 456//456 437//437 436//436
f 437//437 456//456 448//448
f 452//452 448//448 456//456
f 454//454 455//455 457//457
f 430//430 457//457 455//455
f 455//455 436//436 430//430
f 340//340 457//457 333//333
f 333//333 457//457 430//430
f 457//457 340//340 454//454
f 333//333 340//340 333//333
f 333//333 333//333 430//430
f 454//454 458//458 451//451
f 458//458 454//454 340//340
f 445//445 458//458 459//459
f 458//458 445//445 446//446
f 446//446 451//451 458//458
f 340//340 459//459 458//458
f 459//459 341//341 445//445
f 338//338 459//459 340//340
f 341//341 459//459 338//338
f 451//451 446//446 449//449
f 448//448 439//439 437//437
f 439//439 448//448 440//440
f 443//443 445//445 341//341
f 433//433 443//443 432//432
f 341//341 432//432 443//443
f 434//434 430//430 436//436
f 430//430 434//434 396//396
f 342//342 432//432 341//341
f 342//342 342//342 341//341
f 388//388 342//342 460//460
f 388//388 460//460 388//388
f 388//388 388//388 461//461
f 234//234 388//388 461//461
f 461//461 462//462 234//234
f 462//462 461//461 463//463
f 465//465 463//463 461//461
f 234//234 461//461 234//234
f 461//461 464//464 465//465
f 388//388 464//464 461//461
f 465//465 466//466 467//467
f 466//466 465//465 464//464
f 467//467 468//468 465//465
f 463//463 465//465 468//468
f 468//468 467//467 469//469
f 469//469 470//470 468//468
f 471//471 468//468 470//470
f 468//468 471//471 463//463
f 474//474 471//471 472//472
f 470//470 472//472 471//471
f 473//473 463//463 471//471
f 471//471 474//474 473//473
f 475//475 473//473 474//474
f 472//472 477//477 474//474
f 474//474 476//476 475//475
f 476//476 474//474 477//477
f 477//477 472//472 470//470
f 478//478 477//477 470//470
f 478//478 480//480 477//477
f 477//477 479//479 476//476
f 480//480 479//479 477//477
f 479//479 480//480 481//481
f 483//483 481//481 480//480
f 478//478 482//482 480//480
f 480//480 482//482 483//483
f 486//486 483//483 482//482
f 481//481 483//483 484//484
f 485//485 484//484 483//483
f 483//483 486//486 485//485
f 466//466 485//485 486//486
f 486//486 467//467 466//466
f 467//467 486//486 478//478
f 482//482 478//478 486//486
f 484//484 485//485 487//487
f 460//460 487//487 485//485
f 485//485 466//466 460//460
f 379//379 487//487 342//342
f 342//342 487//487 460//460
f 487//487 379//379 484//484
f 342//342 379//379 342//342
f 342//342 342//342 460//460
f 484//484 488//488 481//481
f 488//488 484//484 379//379
f 475//475 488//488 489//489
f 488//488 475//475 476//476
f 476//476 481//481 488//488
f 379//379 489//489 488//488
f 489//489 380//380 475//475
f 358//358 489//489 379//379
f 380//380 489//489 358//358
f 481//481 476//476 479//479
f 478//478 469//469 467//467
f 469//469 478//478 470//470
f 473//473 475//475 380//380
f 463//463 473//473 462//462
f 380//380 462//462 473//473
f 464//464 460//460 466//466
f 460//460 464//464 388//388
f 234//234 462//462 380//380
f 234//234 234//234 380//380
f 490//490 492//492 497//497
f 493//493 490//490 496//496
f 500//500 495//495 491//491
f 497//497 498//498 490//490
f 491//491 498//498 500//500
f 506//506 500//500 498//498
f 494//494 499//499 501//501
f 499//499 499//499 501//501
f 499//499 503//503 502//502
f 499//499 502//502 499//499
f 503//503 499//499 504//504
f 499//499 499//499 504//504
f 499//499 505//505 508//508
f 499//499 508//508 499//499
f 499//499 509//509 504//504
f 508//508 509//509 499//499
f 504//504 509//509 510//510
f 511//511 510//510 509//509
f 509//509 508//508 511//511
f 510//510 511//511 512//512
f 513//513 512//512 511//511
f 511//511 514//514 513//513
f 514//514 511//511 508//508
f 515//515 514//514 517//517
f 514//514 515//515 516//516
f 516//516 513//513 514//514
f 508//508 517//517 514//514
f 518//518 517//517 505//505
f 517//517 518//518 515//515
f 505//505 517//517 508//508
f 505//505 518//518 505//505
f 505//505 505//505 508//508
f 519//519 519//519 518//518
f 505//505 519//519 518//518
f 518//518 521//521 522//522
f 519//519 521//521 518//518
f 522//522 515//515 518//518
f 523//523 522//522 521//521
f 515//515 522//522 524//524
f 522//522 523//523 525//525
f 525//525 524//524 522//522
f 526//526 525//525 523//523
f 524//524 525//525 527//527
f 525//525 526//526 528//528
f 528//528 527//527 525//525
f 531//531 528//528 526//526
f 529//529 527//527 528//528
f 530//530 529//529 528//528
f 531//531 530//530 528//528
f 530//530 531//531 532//532
f 526//526 532//532 531//531
f 532//532 533//533 530//530
f 532//532 526//526 535//535
f 533//533 532//532 534//534
f 535//535 534//534 532//532
f 534//534 535//535 536//536
f 523//523 535//535 526//526
f 537//537 536//536 535//535
f 535//535 523//523 537//537
f 503//503 536//536 537//537
f 503//503 503//503 537//537
f 519//519 503//503 537//537
f 519//519 537//537 519//519
f 521//521 537//537 523//523
f 537//537 521//521 519//519
f 504//504 536//536 503//503
f 503//503 504//504 503//503
f 536//536 504//504 534//534
f 534//534 510//510 533//533
f 510//510 534//534 504//504
f 538//538 530//530 533//533
f 512//512 533//533 510//510
f 533//533 512//512 538//538
f 539//539 538//538 512//512
f 530//530 538//538 539//539
f 540//540 539//539 513//513
f 512//512 513//513 539//539
f 530//530 539//539 529//529
f 539//539 540//540 529//529
f 513//513 516//516 540//540
f 529//529 540//540 516//516
f 527//527 529//529 524//524
f 516//516 524//524 529//529
f 524//524 516//516 515//515
f 503//503 519//519 541//541
f 519//519 519//519 541//541
f 519//519 543//543 542//542
f 519//519 542//542 519//519
f 543//543 520//520 546//546
f 547//547 546//546 520//520
f 520//520 507//507 547//547
f 545//545 547//547 498//498
f 498//498 548//548 506//506
f 549//549 545//545 497//497
f 546//546 551//551 543//543
f 498//498 497//497 545//545
f 552//552 544//544 550//550
f 550//550 554//554 552//552
f 497//497 553//553 549//549
f 218//218 552//552 554//554
f 553//553 497//497 492//492
f 492//492 555//555 553//553
f 554//554 556//556 218//218
f 195//195 219//219 557//557
f 552//552 219//219 559//559
f 219//219 558//558 560//560
f 219//219 219//219 559//559
f 219//219 560//560 219//219
f 560//560 561//561 219//219
f 219//219 561//561 559//559
f 561//561 560//560 562//562
f 562//562 563//563 561//561
f 559//559 561//561 563//563
f 563//563 562//562 564//564
f 564//564 565//565 563//563
f 566//566 563//563 565//565
f 563//563 566//566 559//559
f 568//568 566//566 567//567
f 565//565 567//567 566//566
f 566//566 568//568 569//569
f 569//569 559//559 566//566
f 570//570 569//569 568//568
f 552//552 569//569 570//570
f 559//559 569//569 552//552
f 552//552 559//559 552//552
f 552//552 552//552 570//570
f 503//503 552//552 570//570
f 503//503 570//570 503//503
f 570//570 571//571 503//503
f 571//571 570//570 572//572
f 568//568 572//572 570//570
f 572//572 568//568 573//573
f 573//573 574//574 572//572
f 575//575 572//572 574//574
f 572//572 575//575 571//571
f 574//574 576//576 575//575
f 577//577 575//575 576//576
f 575//575 577//577 578//578
f 578//578 571//571 575//575
f 503//503 503//503 578//578
f 558//558 503//503 578//578
f 558//558 578//578 558//558
f 503//503 571//571 578//578
f 579//579 578//578 577//577
f 578//578 579//579 558//558
f 558//558 579//579 560//560
f 558//558 558//558 560//560
f 560//560 579//579 580//580
f 577//577 580//580 579//579
f 580//580 562//562 560//560
f 562//562 580//580 581//581
f 582//582 581//581 580//580
f 580//580 577//577 582//582
f 581//581 582//582 583//583
f 584//584 583//583 582//582
f 582//582 576//576 584//584
f 576//576 582//582 577//577
f 584//584 585//585 586//586
f 585//585 584//584 576//576
f 587//587 584//584 586//586
f 587//587 583//583 584//584
f 583//583 587//587 581//581
f 564//564 581//581 587//587
f 587//587 588//588 564//564
f 588//588 587//587 589//589
f 587//587 586//586 589//589
f 588//588 589//589 565//565
f 567//567 565//565 589//589
f 586//586 590//590 589//589
f 589//589 590//590 567//567
f 573//573 567//567 590//590
f 590//590 586//586 573//573
f 565//565 564//564 588//588
f 574//574 573//573 586//586
f 586//586 585//585 574//574
f 576//576 574//574 585//585
f 581//581 564//564 562//562
f 567//567 573//573 568//568
f 558//558 494//494 591//591
f 496//496 195//195 493//493
f 557//557 493//493 195//195
f 558//558 591//591 558//558
f 558//558 558//558 592//592
f 503//503 558//558 592//592
f 592//592 593//593 503//503
f 593//593 592//592 594//594
f 596//596 594//594 592//592
f 503//503 592//592 503//503
f 592//592 595//595 596//596
f 558//558 595//595 592//592
f 596//596 597//597 598//598
f 597//597 596//596 595//595
f 598//598 599//599 596//596
f 594//594 596//596 599//599
f 599//599 598//598 600//600
f 600//600 601//601 599//599
f 602//602 599//599 601//601
f 599//599 602//602 594//594
f 605//605 602//602 603//603
f 601//601 603//603 602//602
f 604//604 594//594 602//602
f 602//602 605//605 604//604
f 606//606 604//604 605//605
f 603//603 608//608 605//605
f 605//605 607//607 606//606
f 607//607 605//605 608//608
f 608//608 603//603 601//601
f 609//609 608//608 601//601
f 609//609 611//611 608//608
f 608//608 610//610 607//607
f 611//611 610//610 608//608
f 610//610 611//611 612//612
f 614//614 612//612 611//611
f 609//609 613//613 611//611
f 611//611 613//613 614//614
f 617//617 614//614 613//613
f 612//612 614//614 615//615
f 616//616 615//615 614//614
f 614//614 617//617 616//616
f 597//597 616//616 617//617
f 617//617 598//598 597//597
f 598//598 617//617 609//609
f 613//613 609//609 617//617
f 615//615 616//616 618//618
f 591//591 618//618 616//616
f 616//616 597//597 591//591
f 501//501 618//618 494//494
f 494//494 618//618 591//591
f 618//618 501//501 615//615
f 494//494 501//501 494//494
f 494//494 494//494 591//591
f 615//615 619//619 612//612
f 619//619 615//615 501//501
f 606//606 619//619 620//620
f 619//619 606//606 607//607
f 607//607 612//612 619//619
f 501//501 620//620 619//619
f 620//620 502//502 606//606
f 499//499 620//620 501//501
f 502//502 620//620 499//499
f 612//612 607//607 610//610
f 609//609 600//600 598//598
f 600//600 609//609 601//601
f 604//604 606//606 502//502
f 594//594 604//604 593//593
f 502//502 593//593 604//604
f 595//595 591//591 597//597
f 591//591 595//595 558//558
f 503//503 593//593 502//502
f 503//503 503//503 502//502
f 552//552 503//503 621//621
f 552//552 621//621 552//552
f 552//552 552//552 622//622
f 543//543 552//552 622//622
f 622//622 623//623 543//543
f 623//623 622//622 624//624
f 626//626 624//624 622//622
f 543//543 622//622 543//543
f 622//622 625//625 626//626
f 552//552 625//625 622//622
f 626//626 627//627 628//628
f 627//627 626//626 625//625
f 628//628 629//629 626//626
f 624//624 626//626 629//629
f 629//629 628//628 630//630
f 630//630 631//631 629//629
f 632//632 629//629 631//631
f 629//629 632//632 624//624
f 635//635 632//632 633//633
f 631//631 633//633 632//632
f 634//634 624//624 632//632
f 632//632 635//635 634//634
f 636//636 634//634 635//635
f 633//633 638//638 635//635
f 635//635 637//637 636//636
f 637//637 635//635 638//638
f 638//638 633//633 631//631
f 639//639 638//638 631//631
f 639//639 641//641 638//638
f 638//638 640//640 637//637
f 641//641 640//640 638//638
f 640//640 641//641 642//642
f 644//644 642//642 641//641
f 639//639 643//643 641//641
f 641//641 643//643 644//644
f 647//647 644//644 643//643
f 642//642 644//644 645//645
f 646//646 645//645 644//644
f 644//644 647//647 646//646
f 627//627 646//646 647//647
f 647//647 628//628 627//627
f 628//628 647//647 639//639
f 643//643 639//639 647//647
f 645//645 646//646 648//648
f 621//621 648//648 646//646
f 646//646 627//627 621//621
f 541//541 648//648 503//503
f 503//503 648//648 621//621
f 648//648 541//541 645//645
f 503//503 541//541 503//503
f 503//503 503//503 621//621
f 645//645 649//649 642//642
f 649//649 645//645 541//541
f 636//636 649//649 650//650
f 649//649 636//636 637//637
f 637//637 642//642 649//649
f 541//541 650//650 649//649
f 650//650 542//542 636//636
f 519//519 650//650 541//541
f 542//542 650//650 519//519
f 642//642 637//637 640//640
f 639//639 630//630 628//628
f 630//630 639//639 631//631
f 634//634 636//636 542//542
f 624//624 634//634 623//623
f 542//542 623//623 634//634
f 625//625 621//621 627//627
f 621//621 625//625 552//552
f 543//543 623//623 542//542
f 543//543 543//543 542//542
f 651//651 653//653 658//658
f 654//654 651//651 657//657
f 661//661 656//656 652//652
f 658//658 659//659 651//651
f 652//652 659//659 661//661
f 667//667 661//661 659//659
f 655//655 660//660 662//662
f 660//660 660//660 662//662
f 660//660 664//664 663//663
f 660//660 663//663 660//660
f 664//664 660//660 665//665
f 660//660 660//660 665//665
f 660//660 666//666 669//669
f 660//660 669//669 660//660
f 660//660 670//670 665//665
f 669//669 670//670 660//660
f 665//665 670//670 671//671
f 672//672 671//671 670//670
f 670//670 669//669 672//672
f 671//671 672//672 673//673
f 674//674 673//673 672//672
f 672//672 675//675 674//674
f 675//675 672//672 669//669
f 676//676 675//675 678//678
f 675//675 676//676 677//677
f 677//677 674//674 675//675
f 669//669 678//678 675//675
f 679//679 678//678 666//666
f 678//678 679//679 676//676
f 666//666 678//678 669//669
f 666//666 679//679 666//666
f 666//666 666//666 669//669
f 680//680 680//680 679//679
f 666//666 680//680 679//679
f 679//679 682//682 683//683
f 680//680 682//682 679//679
f 683//683 676//676 679//679
f 684//684 683//683 682//682
f 676//676 683//683 685//685
f 683//683 684//684 686//686
f 686//686 685//685 683//683
f 687//687 686//686 684//684
f 685//685 686//686 688//688
f 686//686 687//687 689//689
f 689//689 688//688 686//686
f 692//692 689//689 687//687
f 690//690 688//688 689//689
f 691//691 690//690 689//689
f 692//692 691//691 689//689
f 691//691 692//692 693//693
f 687//687 693//693 692//692
f 693//693 694//694 691//691
f 693//693 687//687 696//696
f 694//694 693//693 695//695
f 696//696 695//695 693//693
f 695//695 696//696 697//697
f 684//684 696//696 687//687
f 698//698 697//697 696//696
f 696//696 684//684 698//698
f 664//664 697//697 698//698
f 664//664 664//664 698//698
f 680//680 664//664 698//698
f 680//680 698//698 680//680
f 682//682 698//698 684//684
f 698//698 682//682 680//680
f 665//665 697//697 664//664
f 664//664 665//665 664//664
f 697//697 665//665 695//695
f 695//695 671//671 694//694
f 671//671 695//695 665//665
f 699//699 691//691 694//694
f 673//673 694//694 671//671
f 694//694 673//673 699//699
f 700//700 699//699 673//673
f 691//691 699//699 700//700
f 701//701 700//700 674//674
f 673//673 674//674 700//700
f 691//691 700//700 690//690
f 700//700 701//701 690//690
f 674//674 677//677 701//701
f 690//690 701//701 677//677
f 688//688 690//690 685//685
f 677//677 685//685 690//690
f 685//685 677//677 676//676
f 664//664 680//680 702//702
f 680//680 680//680 702//702
f 680//680 704//704 703//703
f 680//680 703//703 680//680
f 704//704 681//681 707//707
f 708//708 707//707 681//681
f 681//681 668//668 708//708
f 706//706 708//708 659//659
f 659//659 709//709 667//667
f 710//710 706//706 658//658
f 707//707 712//712 704//704
f 659//659 658//658 706//706
f 713//713 705//705 711//711
f 711//711 715//715 713//713
f 658//658 714//714 710//710
f 720//720 713//713 715//715
f 714//714 658//658 653//653
f 653//653 716//716 714//714
f 715//715 717//717 720//720
f 722//722 719//719 718//718
f 713//713 719//719 723//723
f 719//719 721//721 724//724
f 719//719 719//719 723//723
f 719//719 724//724 719//719
f 724//724 725//725 719//719
f 719//719 725//725 723//723
f 725//725 724//724 726//726
f 726//726 727//727 725//725
f 723//723 725//725 727//727
f 727//727 726//726 728//728
f 728//728 729//729 727//727
f 730//730 727//727 729//729
f 727//727 730//730 723//723
f 732//732 730//730 731//731
f 729//729 731//731 730//730
f 730//730 732//732 733//733
f 733//733 723//723 730//730
f 734//734 733//733 732//732
f 713//713 733//733 734//734
f 723//723 733//733 713//713
f 713//713 723//723 713//713
f 713//713 713//713 734//734
f 664//664 713//713 734//734
f 664//664 734//734 664//664
f 734//734 735//735 664//664
f 735//735 734//734 736//736
f 732//732 736//736 734//734
f 736//736 732//732 737//737
f 737//737 738//738 736//736
f 739//739 736//736 738//738
f 736//736 739//739 735//735
f 738//738 740//740 739//739
f 741//741 739//739 740//740
f 739//739 741//741 742//742
f 742//742 735//735 739//739
f 664//664 664//664 742//742
f 721//721 664//664 742//742
f 721//721 742//742 721//721
f 664//664 735//735 742//742
f 743//743 742//742 741//741
f 742//742 743//743 721//721
f 721//721 743//743 724//724
f 721//721 721//721 724//724
f 724//724 743//743 744//744
f 741//741 744//744 743//743
f 744//744 726//726 724//724
f 726//726 744//744 745//745
f 746//746 745//745 744//744
f 744//744 741//741 746//746
f 745//745 746//746 747//747
f 748//748 747//747 746//746
f 746//746 740//740 748//748
f 740//740 746//746 741//741
f 748//748 749//749 750//750
f 749//749 748//748 740//740
f 751//751 748//748 750//750
f 751//751 747//747 748//748
f 747//747 751//751 745//745
f 728//728 745//745 751//751
f 751//751 752//752 728//728
f 752//752 751//751 753//753
f 751//751 750//750 753//753
f 752//752 753//753 729//729
f 731//731 729//729 753//753
f 750//750 754//754 753//753
f 753//753 754//754 731//731
f 737//737 731//731 754//754
f 754//754 750//750 737//737
f 729//729 728//728 752//752
f 738//738 737//737 750//750
f 750//750 749//749 738//738
f 740//740 738//738 749//749
f 745//745 728//728 726//726
f 731//731 737//737 732//732
f 721//721 655//655 755//755
f 657//657 722//722 654//654
f 718//718 654//654 722//722
f 721//721 755//755 721//721
f 721//721 721//721 756//756
f 664//664 721//721 756//756
f 756//756 757//757 664//664
f 757//757 756//756 758//758
f 760//760 758//758 756//756
f 664//664 756//756 664//664
f 756//756 759//759 760//760
f 721//721 759//759 756//756
f 760//760 761//761 762//762
f 761//761 760//760 759//759
f 762//762 763//763 760//760
f 758//758 760//760 763//763
f 763//763 762//762 764//764
f 764//764 765//765 763//763
f 766//766 763//763 765//765
f 763//763 766//766 758//758
f 769//769 766//766 767//767
f 765//765 767//767 766//766
f 768//768 758//758 766//766
f 766//766 769//769 768//768
f 770//770 768//768 769//769
f 767//767 772//772 769//769
f 769//769 771//771 770//770
f 771//771 769//769 772//772
f 772//772 767//767 765//765
f 773//773 772//772 765//765
f 773//773 775//775 772//772
f 772//772 774//774 771//771
f 775//775 774//774 772//772
f 774//774 775//775 776//776
f 778//778 776//776 775//775
f 773//773 777//777 775//775
f 775//775 777//777 778//778
f 781//781 778//778 777//777
f 776//776 778//778 779//779
f 780//780 779//779 778//778
f 778//778 781//781 780//780
f 761//761 780//780 781//781
f 781//781 762//762 761//761
f 762//762 781//781 773//773
f 777//777 773//773 781//781
f 779//779 780//780 782//782
f 755//755 782//782 780//780
f 780//780 761//761 755//755
f 662//662 782//782 655//655
f 655//655 782//782 755//755
f 782//782 662//662 779//779
f 655//655 662//662 655//655
f 655//655 655//655 755//755
f 779//779 783//783 776//776
f 783//783 779//779 662//662
f 770//770 783//783 784//784
f 783//783 770//770 771//771
f 771//771 776//776 783//783
f 662//662 784//784 783//783
f 784//784 663//663 770//770
f 660//660 784//784 662//662
f 663//663 784//784 660//660
f 776//776 771//771 774//774
f 773//773 764//764 762//762
f 764//764 773//773 765//765
f 768//768 770//770 663//663
f 758//758 768//768 757//757
f 663//663 757//757 768//768
f 759//759 755//755 761//761
f 755//755 759//759 721//721
f 664//664 757//757 663//663
f 664//664 664//664 663//663
f 713//713 664//664 785//785
f 713//713 785//785 713//713
f 713//713 713//713 786//786
f 704//704 713//713 786//786
f 786//786 787//787 704//704
f 787//787 786//786 788//788
f 790//790 788//788 786//786
f 704//704 786//786 704//704
f 786//786 789//789 790//790
f 713//713 789//789 786//786
f 790//790 791//791 792//792
f 791//791 790//790 789//789
f 792//792 793//793 790//790
f 788//788 790//790 793//793
f 793//793 792//792 794//794
f 794//794 795//795 793//793
f 796//796 793//793 795//795
f 793//793 796//796 788//788
f 799//799 796//796 797//797
f 795//795 797//797 796//796
f 798//798 788//788 796//796
f 796//796 799//799 798//798
f 800//800 798//798 799//799
f 797//797 802//802 799//799
f 799//799 801//801 800//800
f 801//801 799//799 802//802
f 802//802 797//797 795//795
f 803//803 802//802 795//795
f 803//803 805//805 802//802
f 802//802 804//804 801//801
f 805//805 804//804 802//802
f 804//804 805//805 806//806
f 808//808 806//806 805//805
f 803//803 807//807 805//805
f 805//805 807//807 808//808
f 811//811 808//808 807//807
f 806//806 808//808 809//809
f 810//810 809//809 808//808
f 808//808 811//811 810//810
f 791//791 810//810 811//811
f 811//811 792//792 791//791
f 792//792 811//811 803//803
f 807//807 803//803 811//811
f 809//809 810//810 812//812
f 785//785 812//812 810//810
f 810//810 791//791 785//785
f 702//702 812//812 664//664
f 664//664 812//812 785//785
f 812//812 702//702 809//809
f 664//664 702//702 664//664
f 664//664 664//664 785//785
f 809//809 813//813 806//806
f 813//813 809//809 702//702
f 800//800 813//813 814//814
f 813//813 800//800 801//801
f 801//801 806//806 813//813
f 702//702 814//814 813//813
f 814//814 703//703 800//800
f 680//680 814//814 702//702
f 703//703 814//814 680//680
f 806//806 801//801 804//804
f 803//803 794//794 792//792
f 794//794 803//803 795//795
f 798//798 800//800 703//703
f 788//788 798//798 787//787
f 703//703 787//787 798//798
f 789//789 785//785 791//791
f 785//785 789//789 713//713
f 704//704 787//787 703//703
f 704//704 704//704 703//703
f 815//815 817//817 822//822
f 818//818 815//815 821//821
f 825//825 820//820 816//816
f 822//822 823//823 815//815
f 816//816 823//823 825//825
f 831//831 825//825 823//823
f 819//819 824//824 826//826
f 824//824 824//824 826//826
f 824//824 828//828 827//827
f 824//824 827//827 824//824
f 828//828 824//824 829//829
f 824//824 824//824 829//829
f 824//824 830//830 833//833
f 824//824 833//833 824//824
f 824//824 834//834 829//829
f 833//833 834//834 824//824
f 829//829 834//834 835//835
f 836//836 835//835 834//834
f 834//834 833//833 836//836
f 835//835 836//836 837//837
f 838//838 837//837 836//836
f 836//836 839//839 838//838
f 839//839 836//836 833//833
f 840//840 839//839 842//842
f 839//839 840//840 841//841
f 841//841 838//838 839//839
f 833//833 842//842 839//839
f 843//843 842//842 830//830
f 842//842 843//843 840//840
f 830//830 842//842 833//833
f 830//830 843//843 830//830
f 830//830 830//830 833//833
f 844//844 844//844 843//843
f 830//830 844//844 843//843
f 843//843 846//846 847//847
f 844//844 846//846 843//843
f 847//847 840//840 843//843
f 848//848 847//847 846//846
f 840//840 847//847 849//849
f 847//847 848//848 850//850
f 850//850 849//849 847//847
f 851//851 850//850 848//848
f 849//849 850//850 852//852
f 850//850 851//851 853//853
f 853//853 852//852 850//850
f 856//856 853//853 851//851
f 854//854 852//852 853//853
f 855//855 854//854 853//853
f 856//856 855//855 853//853
f 855//855 856//856 857//857
f 851//851 857//857 856//856
f 857//857 858//858 855//855
f 857//857 851//851 860//860
f 858//858 857//857 859//859
f 860//860 859//859 857//857
f 859//859 860//860 861//861
f 848//848 860//860 851//851
f 862//862 861//861 860//860
f 860//860 848//848 862//862
f 828//828 861//861 862//862
f 828//828 828//828 862//862
f 844//844 828//828 862//862
f 844//844 862//862 844//844
f 846//846 862//862 848//848
f 862//862 846//846 844//844
f 829//829 861//861 828//828
f 828//828 829//829 828//828
f 861//861 829//829 859//859
f 859//859 835//835 858//858
f 835//835 859//859 829//829
f 863//863 855//855 858//858
f 837//837 858//858 835//835
f 858//858 837//837 863//863
f 864//864 863//863 837//837
f 855//855 863//863 864//864
f 865//865 864//864 838//838
f 837//837 838//838 864//864
f 855//855 864//864 854//854
f 864//864 865//865 854//854
f 838//838 841//841 865//865
f 854//854 865//865 841//841
f 852//852 854//854 849//849
f 841//841 849//849 854//854
f 849//849 841//841 840//840
f 828//828 844//844 866//866
f 844//844 844//844 866//866
f 844//844 868//868 867//867
f 844//844 867//867 844//844
f 868//868 845//845 871//871
f 872//872 871//871 845//845
f 845//845 832//832 872//872
f 870//870 872//872 823//823
f 823//823 873//873 831//831
f 874//874 870//870 822//822
f 871//871 876//876 868//868
f 823//823 822//822 870//870
f 877//877 869//869 875//875
f 875//875 879//879 877//877
f 822//822 878//878 874//874
f 884//884 877//877 879//879
f 878//878 822//822 817//817
f 817//817 880//880 878//878
f 879//879 881//881 884//884
f 886//886 883//883 882//882
f 877//877 883//883 887//887
f 883//883 885//885 888//888
f 883//883 883//883 887//887
f 883//883 888//888 883//883
f 888//888 889//889 883//883
f 883//883 889//889 887//887
f 889//889 888//888 890//890
f 890//890 891//891 889//889
f 887//887 889//889 891//891
f 891//891 890//890 892//892
f 892//892 893//893 891//891
f 894//894 891//891 893//893
f 891//891 894//894 887//887
f 896//896 894//894 895//895
f 893//893 895//895 894//894
f 894//894 896//896 897//897
f 897//897 887//887 894//894
f 898//898 897//897 896//896
f 877//877 897//897 898//898
f 887//887 897//897 877//877
f 877//877 887//887 877//877
f 877//877 877//877 898//898
f 828//828 877//877 898//898
f 828//828 898//898 828//828
f 898//898 899//899 828//828
f 899//899 898//898 900//900
f 896//896 900//900 898//898
f 900//900 896//896 901//901
f 901//901 902//902 900//900
f 903//903 900//900 902//902
f 900//900 903//903 899//899
f 902//902 904//904 903//903
f 905//905 903//903 904//904
f 903//903 905//905 906//906
f 906//906 899//899 903//903
f 828//828 828//828 906//906
f 885//885 828//828 906//906
f 885//885 906//906 885//885
f 828//828 899//899 906//906
f 907//907 906//906 905//905
f 906//906 907//907 885//885
f 885//885 907//907 888//888
f 885//885 885//885 888//888
f 888//888 907//907 908//908
f 905//905 908//908 907//907
f 908//908 890//890 888//888
f 890//890 908//908 909//909
f 910//910 909//909 908//908
f 908//908 905//905 910//910
f 909//909 910//910 911//911
f 912//912 911//911 910//910
f 910//910 904//904 912//912
f 904//904 910//910 905//905
f 912//912 913//913 914//914
f 913//913 912//912 904//904
f 915//915 912//912 914//914
f 915//915 911//911 912//912
f 911//911 915//915 909//909
f 892//892 909//909 915//915
f 915//915 916//916 892//892
f 916//916 915//915 917//917
f 915//915 914//914 917//917
f 916//916 917//917 893//893
f 895//895 893//893 917//917
f 914//914 918//918 917//917
f 917//917 918//918 895//895
f 901//901 895//895 918//918
f 918//918 914//914 901//901
f 893//893 892//892 916//916
f 902//902 901//901 914//914
f 914//914 913//913 902//902
f 904//904 902//902 913//913
f 909//909 892//892 890//890
f 895//895 901//901 896//896
f 885//885 819//819 919//919
f 821//821 886//886 818//818
f 882//882 818//818 886//886
f 885//885 919//919 885//885
f 885//885 885//885 920//920
f 828//828 885//885 920//920
f 920//920 921//921 828//828
f 921//921 920//920 922//922
f 924//924 922//922 920//920
f 828//828 920//920 828//828
f 920//920 923//923 924//924
f 885//885 923//923 920//920
f 924//924 925//925 926//926
f 925//925 924//924 923//923
f 926//926 927//927 924//924
f 922//922 924//924 927//927
f 927//927 926//926 928//928
f 928//928 929//929 927//927
f 930//930 927//927 929//929
f 927//927 930//930 922//922
f 933//933 930//930 931//931
f 929//929 931//931 930//930
f 932//932 922//922 930//930
f 930//930 933//933 932//932
f 934//934 932//932 933//933
f 931//931 936//936 933//933
f 933//933 935//935 934//934
f 935//935 933//933 936//936
f 936//936 931//931 929//929
f 937//937 936//936 929//929
f 937//937 939//939 936//936
f 936//936 938//938 935//935
f 939//939 938//938 936//936
f 938//938 939//939 940//940
f 942//942 940//940 939//939
f 937//937 941//941 939//939
f 939//939 941//941 942//942
f 945//945 942//942 941//941
f 940//940 942//942 943//943
f 944//944 943//943 942//942
f 942//942 945//945 944//944
f 925//925 944//944 945//945
f 945//945 926//926 925//925
f 926//926 945//945 937//937
f 941//941 937//937 945//945
f 943//943 944//944 946//946
f 919//919 946//946 944//944
f 944//944 925//925 919//919
f 826//826 946//946 819//819
f 819//819 946//946 919//919
f 946//946 826//826 943//943
f 819//819 826//826 819//819
f 819//819 819//819 919//919
f 943//943 947//947 940//940
f 947//947 943//943 826//826
f 934//934 947//947 948//948
f 947//947 934//934 935//935
f 935//935 940//940 947//947
f 826//826 948//948 947//947
f 948//948 827//827 934//934
f 824//824 948//948 826//826
f 827//827 948//948 824//824
f 940//940 935//935 938//938
f 937//937 928//928 926//926
f 928//928 937//937 929//929
f 932//932 934//934 827//827
f 922//922 932//932 921//921
f 827//827 921//921 932//932
f 923//923 919//919 925//925
f 919//919 923//923 885//885
f 828//828 921//921 827//827
f 828//828 828//828 827//827
f 877//877 828//828 949//949
f 877//877 949//949 877//877
f 877//877 877//877 950//950
f 868//868 877//877 950//950
f 950//950 951//951 868//868
f 951//951 950//950 952//952
f 954//954 952//952 950//950
f 868//868 950//950 868//868
f 950//950 953//953 954//954
f 877//877 953//953 950//950
f 954//954 955//955 956//956
f 955//955 954//954 953//953
f 956//956 957//957 954//954
f 952//952 954//954 957//957
f 957//957 956//956 958//958
f 958//958 959//959 957//957
f 960//960 957//957 959//959
f 957//957 960//960 952//952
f 963//963 960//960 961//961
f 959//959 961//961 960//960
f 962//962 952//952 960//960
f 960//960 963//963 962//962
f 964//964 962//962 963//963
f 961//961 966//966 963//963
f 963//963 965//965 964//964
f 965//965 963//963 966//966
f 966//966 961//961 959//959
f 967//967 966//966 959//959
f 967//967 969//969 966//966
f 966//966 968//968 965//965
f 969//969 968//968 966//966
f 968//968 969//969 970//970
f 972//972 970//970 969//969
f 967//967 971//971 969//969
f 969//969 971//971 972//972
f 975//975 972//972 971//971
f 970//970 972//972 973//973
f 974//974 973//973 972//972
f 972//972 975//975 974//974
f 955//955 974//974 975//975
f 975//975 956//956 955//955
f 956//956 975//975 967//967
f 971//971 967//967 975//975
f 973//973 974//974 976//976
f 949//949 976//976 974//974
f 974//974 955//955 949//949
f 866//866 976//976 828//828
f 828//828 976//976 949//949
f 976//976 866//866 973//973
f 828//828 866//866 828//828
f 828//828 828//828 949//949
f 973//973 977//977 970//970
f 977//977 973//973 866//866
f 964//964 977//977 978//978
f 977//977 964//964 965//965
f 965//965 970//970 977//977
f 866//866 978//978 977//977
f 978//978 867//867 964//964
f 844//844 978//978 866//866
f 867//867 978//978 844//844
f 970//970 965//965 968//968
f 967//967 958//958 956//956
f 958//958 967//967 959//959
f 962//962 964//964 867//867
f 952//952 962//962 951//951
f 867//867 951//951 962//962
f 953//953 949//949 955//955
f 949//949 953//953 877//877
f 868//868 951//951 867//867
f 868//868 868//868 867//867
f 994//994 982//982 980//980
f 980//980 982//982 984//984
f 984//984 986//986 980//980
f 979//979 985//985 991//991
f 1006//1006 980//980 988//988
f 989//989 987//987 979//979
f 989//989 979//979 991//991
f 996//996 994//994 980//980
f 998//998 996//996 980//980
f 1001//1001 998//998 980//980
f 1003//1003 1001//1001 980//980
f 1006//1006 1003//1003 980//980
f 1007//1007 1004//1004 1005//1005
f 1006//1006 988//988 1010//1010
f 1005//1005 1008//1008 1007//1007
f 1013//1013 1008//1008 1005//1005
f 1006//1006 1010//1010 1011//1011
f 1005//1005 1012//1012 1013//1013
f 1017//1017 1013//1013 1014//1014
f 1016//1016 1014//1014 1013//1013
f 1013//1013 1012//1012 1016//1016
f 1008//1008 1013//1013 1017//1017
f 1020//1020 1017//1017 1018//1018
f 1018//1018 1017//1017 1019//1019
f 1014//1014 1019//1019 1017//1017
f 1017//1017 1020//1020 1008//1008
f 1008//1008 1020//1020 1021//1021
f 1022//1022 1021//1021 1020//1020
f 1020//1020 1023//1023 1022//1022
f 1018//1018 1023//1023 1020//1020
f 1022//1022 1023//1023 1024//1024
f 1024//1024 1023//1023 1018//1018
f 1024//1024 1025//1025 1022//1022
f 990//990 1025//1025 1024//1024
f 990//990 1024//1024 1026//1026
f 1018//1018 1026//1026 1024//1024
f 1026//1026 1018//1018 1027//1027
f 1027//1027 1028//1028 1026//1026
f 1026//1026 1028//1028 1030//1030
f 990//990 1026//1026 1030//1030
f 1029//1029 1031//1031 989//989
f 1032//1032 1030//1030 1034//1034
f 1035//1035 1034//1034 1030//1030
f 1036//1036 1035//1035 1030//1030
f 1037//1037 1036//1036 1030//1030
f 1038//1038 1037//1037 1030//1030
f 1028//1028 1038//1038 1030//1030
f 1038//1038 1039//1039 1040//1040
f 1039//1039 1038//1038 1028//1028
f 1040//1040 1037//1037 1038//1038
f 1040//1040 1041//1041 1042//1042
f 1041//1041 1040//1040 1039//1039
f 1042//1042 1043//1043 1040//1040
f 1037//1037 1040//1040 1043//1043
f 1043//1043 1042//1042 1044//1044
f 1044//1044 1045//1045 1043//1043
f 1036//1036 1043//1043 1045//1045
f 1043//1043 1036//1036 1037//1037
f 1045//1045 1044//1044 1046//1046
f 1046//1046 1047//1047 1045//1045
f 1035//1035 1045//1045 1047//1047
f 1045//1045 1035//1035 1036//1036
f 1047//1047 1046//1046 1049//1049
f 1049//1049 1050//1050 1047//1047
f 1051//1051 1047//1047 1050//1050
f 1047//1047 1051//1051 1035//1035
f 1035//1035 1051//1051 1034//1034
f 1050//1050 1052//1052 1051//1051
f 1051//1051 1052//1052 1034//1034
f 1052//1052 1050//1050 1053//1053
f 1053//1053 1054//1054 1052//1052
f 1052//1052 1054//1054 1034//1034
f 1054//1054 1053//1053 1055//1055
f 1055//1055 1056//1056 1054//1054
f 1054//1054 1056//1056 1034//1034
f 1057//1057 1056//1056 1055//1055
f 1056//1056 1057//1057 1034//1034
f 1055//1055 1058//1058 1057//1057
f 1057//1057 1058//1058 1059//1059
f 1059//1059 1060//1060 1057//1057
f 1063//1063 1057//1057 1060//1060
f 1057//1057 1061//1061 1034//1034
f 1063//1063 1061//1061 1057//1057
f 1065//1065 1063//1063 1080//1080
f 1063//1063 1065//1065 1067//1067
f 1067//1067 1069//1069 1063//1063
f 1062//1062 1068//1068 1074//1074
f 1061//1061 1063//1063 1071//1071
f 1072//1072 1070//1070 1062//1062
f 1072//1072 1062//1062 1074//1074
f 1063//1063 1060//1060 1077//1077
f 1063//1063 1077//1077 1078//1078
f 1063//1063 1078//1078 1079//1079
f 1063//1063 1079//1079 1080//1080
f 1065//1065 1080//1080 1081//1081
f 1081//1081 1080//1080 1082//1082
f 1083//1083 1082//1082 1080//1080
f 1080//1080 1079//1079 1083//1083
f 1082//1082 1083//1083 1084//1084
f 1087//1087 1084//1084 1083//1083
f 1085//1085 1083//1083 1079//1079
f 1083//1083 1085//1085 1087//1087
f 1088//1088 1086//1086 1085//1085
f 1084//1084 1087//1087 1090//1090
f 1086//1086 1088//1088 1091//1091
f 1091//1091 1089//1089 1086//1086
f 1089//1089 1091//1091 1093//1093
f 1095//1095 1093//1093 1091//1091
f 1091//1091 1096//1096 1095//1095
f 1096//1096 1091//1091 1088//1088
f 1097//1097 1096//1096 1100//1100
f 1096//1096 1097//1097 1098//1098
f 1098//1098 1095//1095 1096//1096
f 1088//1088 1100//1100 1096//1096
f 1100//1100 1059//1059 1058//1058
f 1101//1101 1059//1059 1100//1100
f 1100//1100 1088//1088 1101//1101
f 1100//1100 1102//1102 1097//1097
f 1058//1058 1102//1102 1100//1100
f 1103//1103 1102//1102 1058//1058
f 1097//1097 1102//1102 1103//1103
f 1105//1105 1103//1103 1104//1104
f 1053//1053 1104//1104 1103//1103
f 1103//1103 1055//1055 1053//1053
f 1058//1058 1055//1055 1103//1103
f 1103//1103 1105//1105 1097//1097
f 1107//1107 1105//1105 1108//1108
f 1105//1105 1107//1107 1098//1098
f 1098//1098 1097//1097 1105//1105
f 1104//1104 1108//1108 1105//1105
f 1108//1108 1110//1110 1107//1107
f 1110//1110 1108//1108 1111//1111
f 1048//1048 1111//1111 1108//1108
f 1108//1108 1104//1104 1048//1048
f 1111//1111 1114//1114 1110//1110
f 1115//1115 1112//1112 1116//1116
f 1046//1046 1116//1116 1112//1112
f 1112//1112 1049//1049 1046//1046
f 1116//1116 1118//1118 1115//1115
f 1118//1118 1116//1116 1119//1119
f 1044//1044 1119//1119 1116//1116
f 1116//1116 1046//1046 1044//1044
f 1119//1119 1121//1121 1118//1118
f 1121//1121 1119//1119 1122//1122
f 1042//1042 1122//1122 1119//1119
f 1119//1119 1044//1044 1042//1042
f 1122//1122 1124//1124 1121//1121
f 1124//1124 1122//1122 1125//1125
f 1041//1041 1125//1125 1122//1122
f 1122//1122 1042//1042 1041//1041
f 1125//1125 1127//1127 1124//1124
f 1127//1127 1125//1125 1128//1128
f 1130//1130 1128//1128 1125//1125
f 1125//1125 1041//1041 1130//1130
f 1129//1129 1131//1131 1019//1019
f 1027//1027 1019//1019 1131//1131
f 1131//1131 1039//1039 1027//1027
f 1039//1039 1130//1130 1041//1041
f 1128//1128 1133//1133 1127//1127
f 1134//1134 1129//1129 1014//1014
f 1019//1019 1014//1014 1129//1129
f 1010//1010 1126//1126 1132//1132
f 1010//1010 1132//1132 1015//1015
f 1014//1014 1016//1016 1134//1134
f 1010//1010 1123//1123 1126//1126
f 1136//1136 1120//1120 1123//1123
f 1010//1010 1136//1136 1123//1123
f 1135//1135 1137//1137 1072//1072
f 1138//1138 1136//1136 1010//1010
f 1073//1073 1139//1139 1136//1136
f 1136//1136 1139//1139 1106//1106
f 1136//1136 1106//1106 1109//1109
f 1136//1136 1109//1109 1113//1113
f 1136//1136 1113//1113 1117//1117
f 1136//1136 1117//1117 1120//1120
f 1139//1139 1099//1099 1106//1106
f 1094//1094 1099//1099 1139//1139
f 1094//1094 1139//1139 982//982
f 1073//1073 982//982 1139//1139
f 1143//1143 1138//1138 1141//1141
f 1010//1010 1141//1141 1138//1138
f 1137//1137 1142//1142 1072//1072
f 1148//1148 1143//1143 1145//1145
f 1141//1141 1146//1146 1143//1143
f 1142//1142 1147//1147 1149//1149
f 1142//1142 1149//1149 1151//1151
f 1142//1142 1151//1151 1072//1072
f 1151//1151 1154//1154 1033//1033
f 1155//1155 1152//1152 1157//1157
f 1159//1159 1157//1157 1153//1153
f 1153//1153 1161//1161 1159//1159
f 1149//1149 1160//1160 1151//1151
f 1151//1151 1033//1033 1072//1072
f 1159//1159 1161//1161 1150//1150
f 1156//1156 1158//1158 1162//1162
f 1150//1150 1163//1163 1159//1159
f 1163//1163 1150//1150 1148//1148
f 1148//1148 1165//1165 1163//1163
f 1162//1162 1164//1164 1144//1144
f 1156//1156 1162//1162 1144//1144
f 1145//1145 1165//1165 1148//1148
f 1157//1157 1032//1032 1155//1155
f 1031//1031 1156//1156 989//989
f 1156//1156 1144//1144 989//989
f 1034//1034 1155//1155 1032//1032
f 1144//1144 1140//1140 1009//1009
f 1144//1144 1009//1009 989//989
f 1104//1104 1053//1053 1050//1050
f 1050//1050 1048//1048 1104//1104
f 1059//1059 1101//1101 1077//1077
f 1085//1085 1101//1101 1088//1088
f 1101//1101 1085//1085 1078//1078
f 1078//1078 1077//1077 1101//1101
f 1092//1092 1094//1094 982//982
f 1166//1166 1092//1092 982//982
f 1093//1093 1167//1167 1089//1089
f 1169//1169 1166//1166 982//982
f 1168//1168 1170//1170 1171//1171
f 1171//1171 1090//1090 1168//1168
f 1171//1171 1172//1172 1173//1173
f 1172//1172 1171//1171 1170//1170
f 1090//1090 1171//1171 1084//1084
f 1173//1173 1084//1084 1171//1171
f 1084//1084 1173//1173 1082//1082
f 1174//1174 1082//1082 1173//1173
f 1173//1173 1175//1175 1174//1174
f 1175//1175 1173//1173 1172//1172
f 1176//1176 1174//1174 1175//1175
f 1175//1175 1177//1177 1176//1176
f 1177//1177 1175//1175 1178//1178
f 1172//1172 1178//1178 1175//1175
f 1178//1178 1179//1179 1177//1177
f 1179//1179 1178//1178 995//995
f 1181//1181 995//995 1178//1178
f 1178//1178 1172//1172 1181//1181
f 1170//1170 1181//1181 1172//1172
f 1180//1180 1169//1169 982//982
f 994//994 1180//1180 982//982
f 1179//1179 1182//1182 1184//1184
f 1182//1182 1179//1179 997//997
f 995//995 997//997 1179//1179
f 1184//1184 1177//1177 1179//1179
f 1177//1177 1184//1184 1186//1186
f 1187//1187 1186//1186 1185//1185
f 1185//1185 1188//1188 1187//1187
f 1188//1188 1185//1185 1183//1183
f 1022//1022 1187//1187 1188//1188
f 1188//1188 1021//1021 1022//1022
f 1021//1021 1188//1188 1189//1189
f 1183//1183 1189//1189 1188//1188
f 1189//1189 1007//1007 1021//1021
f 1007//1007 1189//1189 1002//1002
f 1000//1000 1002//1002 1189//1189
f 1189//1189 1183//1183 1000//1000
f 1187//1187 1022//1022 1025//1025
f 1186//1186 1187//1187 1190//1190
f 1025//1025 1190//1190 1187//1187
f 1065//1065 1190//1190 1025//1025
f 1065//1065 1191//1191 1190//1190
f 1190//1190 1191//1191 1186//1186
f 1176//1176 1186//1186 1191//1191
f 1065//1065 1192//1192 1191//1191
f 1191//1191 1192//1192 1176//1176
f 1174//1174 1176//1176 1192//1192
f 1065//1065 1081//1081 1192//1192
f 1192//1192 1081//1081 1174//1174
f 1186//1186 1176//1176 1177//1177
f 997//997 999//999 1182//1182
f 1082//1082 1174//1174 1081//1081
f 1079//1079 1078//1078 1085//1085
f 1077//1077 1060//1060 1059//1059
f 1076//1076 1194//1194 1198//1198
f 1194//1194 1075//1075 1069//1069
f 1074//1074 1196//1196 1199//1199
f 1198//1198 1195//1195 1076//1076
f 1072//1072 1074//1074 1201//1201
f 1074//1074 1199//1199 1201//1201
f 1072//1072 1201//1201 983//983
f 986//986 984//984 1202//1202
f 1202//1202 993//993 986//986
f 992//992 1202//1202 1203//1203
f 1199//1199 1204//1204 1201//1201
f 1203//1203 1206//1206 992//992
f 1208//1208 1206//1206 1203//1203
f 1203//1203 1200//1200 1208//1208
f 991//991 1205//1205 1207//1207
f 1198//1198 1208//1208 1200//1200
f 1207//1207 1197//1197 1193//1193
f 991//991 1207//1207 1193//1193
f 1200//1200 1195//1195 1198//1198
f 989//989 1193//1193 1066//1066
f 1069//1069 1067//1067 1194//1194
f 989//989 991//991 1193//1193
f 1033//1033 1070//1070 1072//1072
f 981//981 1072//1072 983//983
f 1061//1061 1071//1071 1034//1034
f 1064//1064 989//989 1066//1066
f 990//990 1065//1065 1025//1025
f 1028//1028 1027//1027 1039//1039
f 1019//1019 1027//1027 1018//1018
f 1021//1021 1007//1007 1008//1008
f 1010//1010 1015//1015 1011//1011
f 1009//1009 987//987 989//989
f 1002//1002 1004//1004 1007//1007
f 1224//1224 1212//1212 1210//1210
f 1210//1210 1212//1212 1214//1214
f 1214//1214 1216//1216 1210//1210
f 1209//1209 1215//1215 1221//1221
f 1236//1236 1210//1210 1218//1218
f 1219//1219 1217//1217 1209//1209
f 1219//1219 1209//1209 1221//1221
f 1226//1226 1224//1224 1210//1210
f 1228//1228 1226//1226 1210//1210
f 1231//1231 1228//1228 1210//1210
f 1233//1233 1231//1231 1210//1210
f 1236//1236 1233//1233 1210//1210
f 1237//1237 1234//1234 1235//1235
f 1236//1236 1218//1218 1240//1240
f 1235//1235 1238//1238 1237//1237
f 1243//1243 1238//1238 1235//1235
f 1236//1236 1240//1240 1241//1241
f 1235//1235 1242//1242 1243//1243
f 1247//1247 1243//1243 1244//1244
f 1246//1246 1244//1244 1243//1243
f 1243//1243 1242//1242 1246//1246
f 1238//1238 1243//1243 1247//1247
f 1250//1250 1247//1247 1248//1248
f 1248//1248 1247//1247 1249//1249
f 1244//1244 1249//1249 1247//1247
f 1247//1247 1250//1250 1238//1238
f 1238//1238 1250//1250 1251//1251
f 1252//1252 1251//1251 1250//1250
f 1250//1250 1253//1253 1252//1252
f 1248//1248 1253//1253 1250//1250
f 1252//1252 1253//1253 1254//1254
f 1254//1254 1253//1253 1248//1248
f 1254//1254 1255//1255 1252//1252
f 1220//1220 1255//1255 1254//1254
f 1220//1220 1254//1254 1256//1256
f 1248//1248 1256//1256 1254//1254
f 1256//1256 1248//1248 1257//1257
f 1257//1257 1258//1258 1256//1256
f 1256//1256 1258//1258 1260//1260
f 1220//1220 1256//1256 1260//1260
f 1259//1259 1261//1261 1219//1219
f 1262//1262 1260//1260 1264//1264
f 1265//1265 1264//1264 1260//1260
f 1266//1266 1265//1265 1260//1260
f 1267//1267 1266//1266 1260//1260
f 1268//1268 1267//1267 1260//1260
f 1258//1258 1268//1268 1260//1260
f 1268//1268 1269//1269 1270//1270
f 1269//1269 1268//1268 1258//1258
f 1270//1270 1267//1267 1268//1268
f 1270//1270 1271//1271 1272//1272
f 1271//1271 1270//1270 1269//1269
f 1272//1272 1273//1273 1270//1270
f 1267//1267 1270//1270 1273//1273
f 1273//1273 1272//1272 1274//1274
f 1274//1274 1275//1275 1273//1273
f 1266//1266 1273//1273 1275//1275
f 1273//1273 1266//1266 1267//1267
f 1275//1275 1274//1274 1276//1276
f 1276//1276 1277//1277 1275//1275
f 1265//1265 1275//1275 1277//1277
f 1275//1275 1265//1265 1266//1266
f 1277//1277 1276//1276 1279//1279
f 1279//1279 1280//1280 1277//1277
f 1281//1281 1277//1277 1280//1280
f 1277//1277 1281//1281 1265//1265
f 1265//1265 1281//1281 1264//1264
f 1280//1280 1282//1282 1281//1281
f 1281//1281 1282//1282 1264//1264
f 1282//1282 1280//1280 1283//1283
f 1283//1283 1284//1284 1282//1282
f 1282//1282 1284//1284 1264//1264
f 1284//1284 1283//1283 1285//1285
f 1285//1285 1286//1286 1284//1284
f 1284//1284 1286//1286 1264//1264
f 1287//1287 1286//1286 1285//1285
f 1286//1286 1287//1287 1264//1264
f 1285//1285 1288//1288 1287//1287
f 1287//1287 1288//1288 1289//1289
f 1289//1289 1290//1290 1287//1287
f 1293//1293 1287//1287 1290//1290
f 1287//1287 1291//1291 1264//1264
f 1293//1293 1291//1291 1287//1287
f 1295//1295 1293//1293 1310//1310
f 1293//1293 1295//1295 1297//1297
f 1297//1297 1299//1299 1293//1293
f 1292//1292 1298//1298 1304//1304
f 1291//1291 1293//1293 1301//1301
f 1302//1302 1300//1300 1292//1292
f 1302//1302 1292//1292 1304//1304
f 1293//1293 1290//1290 1307//1307
f 1293//1293 1307//1307 1308//1308
f 1293//1293 1308//1308 1309//1309
f 1293//1293 1309//1309 1310//1310
f 1295//1295 1310//1310 1311//1311
f 1311//1311 1310//1310 1312//1312
f 1313//1313 1312//1312 1310//1310
f 1310//1310 1309//1309 1313//1313
f 1312//1312 1313//1313 1314//1314
f 1317//1317 1314//1314 1313//1313
f 1315//1315 1313//1313 1309//1309
f 1313//1313 1315//1315 1317//1317
f 1318//1318 1316//1316 1315//1315
f 1314//1314 1317//1317 1320//1320
f 1316//1316 1318//1318 1321//1321
f 1321//1321 1319//1319 1316//1316
f 1319//1319 1321//1321 1323//1323
f 1325//1325 1323//1323 1321//1321
f 1321//1321 1326//1326 1325//1325
f 1326//1326 1321//1321 1318//1318
f 1327//1327 1326//1326 1330//1330
f 1326//1326 1327//1327 1328//1328
f 1328//1328 1325//1325 1326//1326
f 1318//1318 1330//1330 1326//1326
f 1330//1330 1289//1289 1288//1288
f 1331//1331 1289//1289 1330//1330
f 1330//1330 1318//1318 1331//1331
f 1330//1330 1332//1332 1327//1327
f 1288//1288 1332//1332 1330//1330
f 1333//1333 1332//1332 1288//1288
f 1327//1327 1332//1332 1333//1333
f 1335//1335 1333//1333 1334//1334
f 1283//1283 1334//1334 1333//1333
f 1333//1333 1285//1285 1283//1283
f 1288//1288 1285//1285 1333//1333
f 1333//1333 1335//1335 1327//1327
f 1337//1337 1335//1335 1338//1338
f 1335//1335 1337//1337 1328//1328
f 1328//1328 1327//1327 1335//1335
f 1334//1334 1338//1338 1335//1335
f 1338//1338 1340//1340 1337//1337
f 1340//1340 1338//1338 1341//1341
f 1278//1278 1341//1341 1338//1338
f 1338//1338 1334//1334 1278//1278
f 1341//1341 1344//1344 1340//1340
f 1345//1345 1342//1342 1346//1346
f 1276//1276 1346//1346 1342//1342
f 1342//1342 1279//1279 1276//1276
f 1346//1346 1348//1348 1345//1345
f 1348//1348 1346//1346 1349//1349
f 1274//1274 1349//1349 1346//1346
f 1346//1346 1276//1276 1274//1274
f 1349//1349 1351//1351 1348//1348
f 1351//1351 1349//1349 1352//1352
f 1272//1272 1352//1352 1349//1349
f 1349//1349 1274//1274 1272//1272
f 1352//1352 1354//1354 1351//1351
f 1354//1354 1352//1352 1355//1355
f 1271//1271 1355//1355 1352//1352
f 1352//1352 1272//1272 1271//1271
f 1355//1355 1357//1357 1354//1354
f 1357//1357 1355//1355 1358//1358
f 1360//1360 1358//1358 1355//1355
f 1355//1355 1271//1271 1360//1360
f 1359//1359 1361//1361 1249//1249
f 1257//1257 1249//1249 1361//1361
f 1361//1361 1269//1269 1257//1257
f 1269//1269 1360//1360 1271//1271
f 1358//1358 1363//1363 1357//1357
f 1364//1364 1359//1359 1244//1244
f 1249//1249 1244//1244 1359//1359
f 1240//1240 1356//1356 1362//1362
f 1240//1240 1362//1362 1245//1245
f 1244//1244 1246//1246 1364//1364
f 1240//1240 1353//1353 1356//1356
f 1366//1366 1350//1350 1353//1353
f 1240//1240 1366//1366 1353//1353
f 1365//1365 1367//1367 1302//1302
f 1368//1368 1366//1366 1240//1240
f 1303//1303 1369//1369 1366//1366
f 1366//1366 1369//1369 1336//1336
f 1366//1366 1336//1336 1339//1339
f 1366//1366 1339//1339 1343//1343
f 1366//1366 1343//1343 1347//1347
f 1366//1366 1347//1347 1350//1350
f 1369//1369 1329//1329 1336//1336
f 1324//1324 1329//1329 1369//1369
f 1324//1324 1369//1369 1212//1212
f 1303//1303 1212//1212 1369//1369
f 1373//1373 1368//1368 1371//1371
f 1240//1240 1371//1371 1368//1368
f 1367//1367 1372//1372 1302//1302
f 1378//1378 1373//1373 1375//1375
f 1371//1371 1376//1376 1373//1373
f 1372//1372 1377//1377 1379//1379
f 1372//1372 1379//1379 1381//1381
f 1372//1372 1381//1381 1302//1302
f 1381//1381 1384//1384 1263//1263
f 1385//1385 1382//1382 1387//1387
f 1389//1389 1387//1387 1383//1383
f 1383//1383 1391//1391 1389//1389
f 1379//1379 1390//1390 1381//1381
f 1381//1381 1263//1263 1302//1302
f 1389//1389 1391//1391 1380//1380
f 1386//1386 1388//1388 1392//1392
f 1380//1380 1393//1393 1389//1389
f 1393//1393 1380//1380 1378//1378
f 1378//1378 1395//1395 1393//1393
f 1392//1392 1394//1394 1374//1374
f 1386//1386 1392//1392 1374//1374
f 1375//1375 1395//1395 1378//1378
f 1387//1387 1262//1262 1385//1385
f 1261//1261 1386//1386 1219//1219
f 1386//1386 1374//1374 1219//1219
f 1264//1264 1385//1385 1262//1262
f 1374//1374 1370//1370 1239//1239
f 1374//1374 1239//1239 1219//1219
f 1334//1334 1283//1283 1280//1280
f 1280//1280 1278//1278 1334//1334
f 1289//1289 1331//1331 1307//1307
f 1315//1315 1331//1331 1318//1318
f 1331//1331 1315//1315 1308//1308
f 1308//1308 1307//1307 1331//1331
f 1322//1322 1324//1324 1212//1212
f 1396//1396 1322//1322 1212//1212
f 1323//1323 1397//1397 1319//1319
f 1399//1399 1396//1396 1212//1212
f 1398//1398 1400//1400 1401//1401
f 1401//1401 1320//1320 1398//1398
f 1401//1401 1402//1402 1403//1403
f 1402//1402 1401//1401 1400//1400
f 1320//1320 1401//1401 1314//1314
f 1403//1403 1314//1314 1401//1401
f 1314//1314 1403//1403 1312//1312
f 1404//1404 1312//1312 1403//1403
f 1403//1403 1405//1405 1404//1404
f 1405//1405 1403//1403 1402//1402
f 1406//1406 1404//1404 1405//1405
f 1405//1405 1407//1407 1406//1406
f 1407//1407 1405//1405 1408//1408
f 1402//1402 1408//1408 1405//1405
f 1408//1408 1409//1409 1407//1407
f 1409//1409 1408//1408 1225//1225
f 1411//1411 1225//1225 1408//1408
f 1408//1408 1402//1402 1411//1411
f 1400//1400 1411//1411 1402//1402
f 1410//1410 1399//1399 1212//1212
f 1224//1224 1410//1410 1212//1212
f 1409//1409 1412//1412 1414//1414
f 1412//1412 1409//1409 1227//1227
f 1225//1225 1227//1227 1409//1409
f 1414//1414 1407//1407 1409//1409
f 1407//1407 1414//1414 1416//1416
f 1417//1417 1416//1416 1415//1415
f 1415//1415 1418//1418 1417//1417
f 1418//1418 1415//1415 1413//1413
f 1252//1252 1417//1417 1418//1418
f 1418//1418 1251//1251 1252//1252
f 1251//1251 1418//1418 1419//1419
f 1413//1413 1419//1419 1418//1418
f 1419//1419 1237//1237 1251//1251
f 1237//1237 1419//1419 1232//1232
f 1230//1230 1232//1232 1419//1419
f 1419//1419 1413//1413 1230//1230
f 1417//1417 1252//1252 1255//1255
f 1416//1416 1417//1417 1420//1420
f 1255//1255 1420//1420 1417//1417
f 1295//1295 1420//1420 1255//1255
f 1295//1295 1421//1421 1420//1420
f 1420//1420 1421//1421 1416//1416
f 1406//1406 1416//1416 1421//1421
f 1295//1295 1422//1422 1421//1421
f 1421//1421 1422//1422 1406//1406
f 1404//1404 1406//1406 1422//1422
f 1295//1295 1311//1311 1422//1422
f 1422//1422 1311//1311 1404//1404
f 1416//1416 1406//1406 1407//1407
f 1227//1227 1229//1229 1412//1412
f 1312//1312 1404//1404 1311//1311
f 1309//1309 1308//1308 1315//1315
f 1307//1307 1290//1290 1289//1289
f 1306//1306 1424//1424 1428//1428
f 1424//1424 1305//1305 1299//1299
f 1304//1304 1425//1425 1429//1429
f 1428//1428 1426//1426 1306//1306
f 1302//1302 1304//1304 1431//1431
f 1304//1304 1429//1429 1431//1431
f 1302//1302 1431//1431 1213//1213
f 1216//1216 1214//1214 1432//1432
f 1432//1432 1223//1223 1216//1216
f 1222//1222 1432//1432 1433//1433
f 1429//1429 1434//1434 1431//1431
f 1433//1433 1436//1436 1222//1222
f 1438//1438 1436//1436 1433//1433
f 1433//1433 1430//1430 1438//1438
f 1221//1221 1435//1435 1437//1437
f 1428//1428 1438//1438 1430//1430
f 1437//1437 1427//1427 1423//1423
f 1221//1221 1437//1437 1423//1423
f 1430//1430 1426//1426 1428//1428
f 1219//1219 1423//1423 1296//1296
f 1299//1299 1297//1297 1424//1424
f 1219//1219 1221//1221 1423//1423
f 1263//1263 1300//1300 1302//1302
f 1211//1211 1302//1302 1213//1213
f 1291//1291 1301//1301 1264//1264
f 1294//1294 1219//1219 1296//1296
f 1220//1220 1295//1295 1255//1255
f 1258//1258 1257//1257 1269//1269
f 1249//1249 1257//1257 1248//1248
f 1251//1251 1237//1237 1238//1238
f 1240//1240 1245//1245 1241//1241
f 1239//1239 1217//1217 1219//1219
f 1232//1232 1234//1234 1237//1237
f 1454//1454 1442//1442 1440//1440
f 1440//1440 1442//1442 1444//1444
f 1444//1444 1446//1446 1440//1440
f 1439//1439 1445//1445 1451//1451
f 1466//1466 1440//1440 1448//1448
f 1449//1449 1447//1447 1439//1439
f 1449//1449 1439//1439 1451//1451
f 1456//1456 1454//1454 1440//1440
f 1458//1458 1456//1456 1440//1440
f 1461//1461 1458//1458 1440//1440
f 1463//1463 1461//1461 1440//1440
f 1466//1466 1463//1463 1440//1440
f 1467//1467 1464//1464 1465//1465
f 1466//1466 1448//1448 1470//1470
f 1465//1465 1468//1468 1467//1467
f 1473//1473 1468//1468 1465//1465
f 1466//1466 1470//1470 1471//1471
f 1465//1465 1472//1472 1473//1473
f 1477//1477 1473//1473 1474//1474
f 1476//1476 1474//1474 1473//1473
f 1473//1473 1472//1472 1476//1476
f 1468//1468 1473//1473 1477//1477
f 1480//1480 1477//1477 1478//1478
f 1478//1478 1477//1477 1479//1479
f 1474//1474 1479//1479 1477//1477
f 1477//1477 1480//1480 1468//1468
f 1468//1468 1480//1480 1481//1481
f 1482//1482 1481//1481 1480//1480
f 1480//1480 1483//1483 1482//1482
f 1478//1478 1483//1483 1480//1480
f 1482//1482 1483//1483 1484//1484
f 1484//1484 1483//1483 1478//1478
f 1484//1484 1485//1485 1482//1482
f 1450//1450 1485//1485 1484//1484
f 1450//1450 1484//1484 1486//1486
f 1478//1478 1486//1486 1484//1484
f 1486//1486 1478//1478 1487//1487
f 1487//1487 1488//1488 1486//1486
f 1486//1486 1488//1488 1490//1490
f 1450//1450 1486//1486 1490//1490
f 1489//1489 1491//1491 1449//1449
f 1492//1492 1490//1490 1494//1494
f 1495//1495 1494//1494 1490//1490
f 1496//1496 1495//1495 1490//1490
f 1497//1497 1496//1496 1490//1490
f 1498//1498 1497//1497 1490//1490
f 1488//1488 1498//1498 1490//1490
f 1498//1498 1499//1499 1500//1500
f 1499//1499 1498//1498 1488//1488
f 1500//1500 1497//1497 1498//1498
f 1500//1500 1501//1501 1502//1502
f 1501//1501 1500//1500 1499//1499
f 1502//1502 1503//1503 1500//1500
f 1497//1497 1500//1500 1503//1503
f 1503//1503 1502//1502 1504//1504
f 1504//1504 1505//1505 1503//1503
f 1496//1496 1503//1503 1505//1505
f 1503//1503 1496//1496 1497//1497
f 1505//1505 1504//1504 1506//1506
f 1506//1506 1507//1507 1505//1505
f 1495//1495 1505//1505 1507//1507
f 1505//1505 1495//1495 1496//1496
f 1507//1507 1506//1506 1509//1509
f 1509//1509 1510//1510 1507//1507
f 1511//1511 1507//1507 1510//1510
f 1507//1507 1511//1511 1495//1495
f 1495//1495 1511//1511 1494//1494
f 1510//1510 1512//1512 1511//1511
f 1511//1511 1512//1512 1494//1494
f 1512//1512 1510//1510 1513//1513
f 1513//1513 1514//1514 1512//1512
f 1512//1512 1514//1514 1494//1494
f 1514//1514 1513//1513 1515//1515
f 1515//1515 1516//1516 1514//1514
f 1514//1514 1516//1516 1494//1494
f 1517//1517 1516//1516 1515//1515
f 1516//1516 1517//1517 1494//1494
f 1515//1515 1518//1518 1517//1517
f 1517//1517 1518//1518 1519//1519
f 1519//1519 1520//1520 1517//1517
f 1523//1523 1517//1517 1520//1520
f 1517//1517 1521//1521 1494//1494
f 1523//1523 1521//1521 1517//1517
f 1525//1525 1523//1523 1540//1540
f 1523//1523 1525//1525 1527//1527
f 1527//1527 1529//1529 1523//1523
f 1522//1522 1528//1528 1534//1534
f 1521//1521 1523//1523 1531//1531
f 1532//1532 1530//1530 1522//1522
f 1532//1532 1522//1522 1534//1534
f 1523//1523 1520//1520 1537//1537
f 1523//1523 1537//1537 1538//1538
f 1523//1523 1538//1538 1539//1539
f 1523//1523 1539//1539 1540//1540
f 1525//1525 1540//1540 1541//1541
f 1541//1541 1540//1540 1542//1542
f 1543//1543 1542//1542 1540//1540
f 1540//1540 1539//1539 1543//1543
f 1542//1542 1543//1543 1544//1544
f 1547//1547 1544//1544 1543//1543
f 1545//1545 1543//1543 1539//1539
f 1543//1543 1545//1545 1547//1547
f 1548//1548 1546//1546 1545//1545
f 1544//1544 1547//1547 1550//1550
f 1546//1546 1548//1548 1551//1551
f 1551//1551 1549//1549 1546//1546
f 1549//1549 1551//1551 1553//1553
f 1555//1555 1553//1553 1551//1551
f 1551//1551 1556//1556 1555//1555
f 1556//1556 1551//1551 1548//1548
f 1557//1557 1556//1556 1560//1560
f 1556//1556 1557//1557 1558//1558
f 1558//1558 1555//1555 1556//1556
f 1548//1548 1560//1560 1556//1556
f 1560//1560 1519//1519 1518//1518
f 1561//1561 1519//1519 1560//1560
f 1560//1560 1548//1548 1561//1561
f 1560//1560 1562//1562 1557//1557
f 1518//1518 1562//1562 1560//1560
f 1563//1563 1562//1562 1518//1518
f 1557//1557 1562//1562 1563//1563
f 1565//1565 1563//1563 1564//1564
f 1513//1513 1564//1564 1563//1563
f 1563//1563 1515//1515 1513//1513
f 1518//1518 1515//1515 1563//1563
f 1563//1563 1565//1565 1557//1557
f 1567//1567 1565//1565 1568//1568
f 1565//1565 1567//1567 1558//1558
f 1558//1558 1557//1557 1565//1565
f 1564//1564 1568//1568 1565//1565
f 1568//1568 1570//1570 1567//1567
f 1570//1570 1568//1568 1571//1571
f 1508//1508 1571//1571 1568//1568
f 1568//1568 1564//1564 1508//1508
f 1571//1571 1574//1574 1570//1570
f 1575//1575 1572//1572 1576//1576
f 1506//1506 1576//1576 1572//1572
f 1572//1572 1509//1509 1506//1506
f 1576//1576 1578//1578 1575//1575
f 1578//1578 1576//1576 1579//1579
f 1504//1504 1579//1579 1576//1576
f 1576//1576 1506//1506 1504//1504
f 1579//1579 1581//1581 1578//1578
f 1581//1581 1579//1579 1582//1582
f 1502//1502 1582//1582 1579//1579
f 1579//1579 1504//1504 1502//1502
f 1582//1582 1584//1584 1581//1581
f 1584//1584 1582//1582 1585//1585
f 1501//1501 1585//1585 1582//1582
f 1582//1582 1502//1502 1501//1501
f 1585//1585 1587//1587 1584//1584
f 1587//1587 1585//1585 1588//1588
f 1590//1590 1588//1588 1585//1585
f 1585//1585 1501//1501 1590//1590
f 1589//1589 1591//1591 1479//1479
f 1487//1487 1479//1479 1591//1591
f 1591//1591 1499//1499 1487//1487
f 1499//1499 1590//1590 1501//1501
f 1588//1588 1593//1593 1587//1587
f 1594//1594 1589//1589 1474//1474
f 1479//1479 1474//1474 1589//1589
f 1470//1470 1586//1586 1592//1592
f 1470//1470 1592//1592 1475//1475
f 1474//1474 1476//1476 1594//1594
f 1470//1470 1583//1583 1586//1586
f 1596//1596 1580//1580 1583//1583
f 1470//1470 1596//1596 1583//1583
f 1595//1595 1597//1597 1532//1532
f 1598//1598 1596//1596 1470//1470
f 1533//1533 1599//1599 1596//1596
f 1596//1596 1599//1599 1566//1566
f 1596//1596 1566//1566 1569//1569
f 1596//1596 1569//1569 1573//1573
f 1596//1596 1573//1573 1577//1577
f 1596//1596 1577//1577 1580//1580
f 1599//1599 1559//1559 1566//1566
f 1554//1554 1559//1559 1599//1599
f 1554//1554 1599//1599 1442//1442
f 1533//1533 1442//1442 1599//1599
f 1603//1603 1598//1598 1601//1601
f 1470//1470 1601//1601 1598//1598
f 1597//1597 1602//1602 1532//1532
f 1608//1608 1603//1603 1605//1605
f 1601//1601 1606//1606 1603//1603
f 1602//1602 1607//1607 1609//1609
f 1602//1602 1609//1609 1611//1611
f 1602//1602 1611//1611 1532//1532
f 1611//1611 1614//1614 1493//1493
f 1615//1615 1612//1612 1617//1617
f 1619//1619 1617//1617 1613//1613
f 1613//1613 1621//1621 1619//1619
f 1609//1609 1620//1620 1611//1611
f 1611//1611 1493//1493 1532//1532
f 1619//1619 1621//1621 1610//1610
f 1616//1616 1618//1618 1622//1622
f 1610//1610 1623//1623 1619//1619
f 1623//1623 1610//1610 1608//1608
f 1608//1608 1625//1625 1623//1623
f 1622//1622 1624//1624 1604//1604
f 1616//1616 1622//1622 1604//1604
f 1605//1605 1625//1625 1608//1608
f 1617//1617 1492//1492 1615//1615
f 1491//1491 1616//1616 1449//1449
f 1616//1616 1604//1604 1449//1449
f 1494//1494 1615//1615 1492//1492
f 1604//1604 1600//1600 1469//1469
f 1604//1604 1469//1469 1449//1449
f 1564//1564 1513//1513 1510//1510
f 1510//1510 1508//1508 1564//1564
f 1519//1519 1561//1561 1537//1537
f 1545//1545 1561//1561 1548//1548
f 1561//1561 1545//1545 1538//1538
f 1538//1538 1537//1537 1561//1561
f 1552//1552 1554//1554 1442//1442
f 1626//1626 1552//1552 1442//1442
f 1553//1553 1627//1627 1549//1549
f 1629//1629 1626//1626 1442//1442
f 1628//1628 1630//1630 1631//1631
f 1631//1631 1550//1550 1628//1628
f 1631//1631 1632//1632 1633//1633
f 1632//1632 1631//1631 1630//1630
f 1550//1550 1631//1631 1544//1544
f 1633//1633 1544//1544 1631//1631
f 1544//1544 1633//1633 1542//1542
f 1634//1634 1542//1542 1633//1633
f 1633//1633 1635//1635 1634//1634
f 1635//1635 1633//1633 1632//1632
f 1636//1636 1634//1634 1635//1635
f 1635//1635 1637//1637 1636//1636
f 1637//1637 1635//1635 1638//1638
f 1632//1632 1638//1638 1635//1635
f 1638//1638 1639//1639 1637//1637
f 1639//1639 1638//1638 1455//1455
f 1641//1641 1455//1455 1638//1638
f 1638//1638 1632//1632 1641//1641
f 1630//1630 1641//1641 1632//1632
f 1640//1640 1629//1629 1442//1442
f 1454//1454 1640//1640 1442//1442
f 1639//1639 1642//1642 1644//1644
f 1642//1642 1639//1639 1457//1457
f 1455//1455 1457//1457 1639//1639
f 1644//1644 1637//1637 1639//1639
f 1637//1637 1644//1644 1646//1646
f 1647//1647 1646//1646 1645//1645
f 1645//1645 1648//1648 1647//1647
f 1648//1648 1645//1645 1643//1643
f 1482//1482 1647//1647 1648//1648
f 1648//1648 1481//1481 1482//1482
f 1481//1481 1648//1648 1649//1649
f 1643//1643 1649//1649 1648//1648
f 1649//1649 1467//1467 1481//1481
f 1467//1467 1649//1649 1462//1462
f 1460//1460 1462//1462 1649//1649
f 1649//1649 1643//1643 1460//1460
f 1647//1647 1482//1482 1485//1485
f 1646//1646 1647//1647 1650//1650
f 1485//1485 1650//1650 1647//1647
f 1525//1525 1650//1650 1485//1485
f 1525//1525 1651//1651 1650//1650
f 1650//1650 1651//1651 1646//1646
f 1636//1636 1646//1646 1651//1651
f 1525//1525 1652//1652 1651//1651
f 1651//1651 1652//1652 1636//1636
f 1634//1634 1636//1636 1652//1652
f 1525//1525 1541//1541 1652//1652
f 1652//1652 1541//1541 1634//1634
f 1646//1646 1636//1636 1637//1637
f 1457//1457 1459//1459 1642//1642
f 1542//1542 1634//1634 1541//1541
f 1539//1539 1538//1538 1545//1545
f 1537//1537 1520//1520 1519//1519
f 1536//1536 1654//1654 1658//1658
f 1654//1654 1535//1535 1529//1529
f 1534//1534 1655//1655 1659//1659
f 1658//1658 1656//1656 1536//1536
f 1532//1532 1534//1534 1661//1661
f 1534//1534 1659//1659 1661//1661
f 1532//1532 1661//1661 1443//1443
f 1446//1446 1444//1444 1662//1662
f 1662//1662 1453//1453 1446//1446
f 1452//1452 1662//1662 1664//1664
f 1659//1659 1663//1663 1661//1661
f 1664//1664 1666//1666 1452//1452
f 1668//1668 1666//1666 1664//1664
f 1664//1664 1660//1660 1668//1668
f 1451//1451 1665//1665 1667//1667
f 1658//1658 1668//1668 1660//1660
f 1667//1667 1657//1657 1653//1653
f 1451//1451 1667//1667 1653//1653
f 1660//1660 1656//1656 1658//1658
f 1449//1449 1653//1653 1526//1526
f 1529//1529 1527//1527 1654//1654
f 1449//1449 1451//1451 1653//1653
f 1493//1493 1530//1530 1532//1532
f 1441//1441 1532//1532 1443//1443
f 1521//1521 1531//1531 1494//1494
f 1524//1524 1449//1449 1526//1526
f 1450//1450 1525//1525 1485//1485
f 1488//1488 1487//1487 1499//1499
f 1479//1479 1487//1487 1478//1478
f 1481//1481 1467//1467 1468//1468
f 1470//1470 1475//1475 1471//1471
f 1469//1469 1447//1447 1449//1449
f 1462//1462 1464//1464 1467//1467
f 1684//1684 1672//1672 1670//1670
f 1670//1670 1672//1672 1674//1674
f 1674//1674 1676//1676 1670//1670
f 1669//1669 1675//1675 1681//1681
f 1696//1696 1670//1670 1678//1678
f 1679//1679 1677//1677 1669//1669
f 1679//1679 1669//1669 1681//1681
f 1686//1686 1684//1684 1670//1670
f 1688//1688 1686//1686 1670//1670
f 1691//1691 1688//1688 1670//1670
f 1693//1693 1691//1691 1670//1670
f 1696//1696 1693//1693 1670//1670
f 1697//1697 1694//1694 1695//1695
f 1696//1696 1678//1678 1700//1700
f 1695//1695 1698//1698 1697//1697
f 1703//1703 1698//1698 1695//1695
f 1696//1696 1700//1700 1701//1701
f 1695//1695 1702//1702 1703//1703
f 1707//1707 1703//1703 1704//1704
f 1706//1706 1704//1704 1703//1703
f 1703//1703 1702//1702 1706//1706
f 1698//1698 1703//1703 1707//1707
f 1710//1710 1707//1707 1708//1708
f 1708//1708 1707//1707 1709//1709
f 1704//1704 1709//1709 1707//1707
f 1707//1707 1710//1710 1698//1698
f 1698//1698 1710//1710 1711//1711
f 1712//1712 1711//1711 1710//1710
f 1710//1710 1713//1713 1712//1712
f 1708//1708 1713//1713 1710//1710
f 1712//1712 1713//1713 1714//1714
f 1714//1714 1713//1713 1708//1708
f 1714//1714 1715//1715 1712//1712
f 1680//1680 1715//1715 1714//1714
f 1680//1680 1714//1714 1716//1716
f 1708//1708 1716//1716 1714//1714
f 1716//1716 1708//1708 1717//1717
f 1717//1717 1718//1718 1716//1716
f 1716//1716 1718//1718 1720//1720
f 1680//1680 1716//1716 1720//1720
f 1719//1719 1721//1721 1679//1679
f 1722//1722 1720//1720 1724//1724
f 1725//1725 1724//1724 1720//1720
f 1726//1726 1725//1725 1720//1720
f 1727//1727 1726//1726 1720//1720
f 1728//1728 1727//1727 1720//1720
f 1718//1718 1728//1728 1720//1720
f 1728//1728 1729//1729 1730//1730
f 1729//1729 1728//1728 1718//1718
f 1730//1730 1727//1727 1728//1728
f 1730//1730 1731//1731 1732//1732
f 1731//1731 1730//1730 1729//1729
f 1732//1732 1733//1733 1730//1730
f 1727//1727 1730//1730 1733//1733
f 1733//1733 1732//1732 1734//1734
f 1734//1734 1735//1735 1733//1733
f 1726//1726 1733//1733 1735//1735
f 1733//1733 1726//1726 1727//1727
f 1735//1735 1734//1734 1736//1736
f 1736//1736 1737//1737 1735//1735
f 1725//1725 1735//1735 1737//1737
f 1735//1735 1725//1725 1726//1726
f 1737//1737 1736//1736 1739//1739
f 1739//1739 1740//1740 1737//1737
f 1741//1741 1737//1737 1740//1740
f 1737//1737 1741//1741 1725//1725
f 1725//1725 1741//1741 1724//1724
f 1740//1740 1742//1742 1741//1741
f 1741//1741 1742//1742 1724//1724
f 1742//1742 1740//1740 1743//1743
f 1743//1743 1744//1744 1742//1742
f 1742//1742 1744//1744 1724//1724
f 1744//1744 1743//1743 1745//1745
f 1745//1745 1746//1746 1744//1744
f 1744//1744 1746//1746 1724//1724
f 1747//1747 1746//1746 1745//1745
f 1746//1746 1747//1747 1724//1724
f 1745//1745 1748//1748 1747//1747
f 1747//1747 1748//1748 1749//1749
f 1749//1749 1750//1750 1747//1747
f 1753//1753 1747//1747 1750//1750
f 1747//1747 1751//1751 1724//1724
f 1753//1753 1751//1751 1747//1747
f 1755//1755 1753//1753 1770//1770
f 1753//1753 1755//1755 1757//1757
f 1757//1757 1759//1759 1753//1753
f 1752//1752 1758//1758 1764//1764
f 1751//1751 1753//1753 1761//1761
f 1762//1762 1760//1760 1752//1752
f 1762//1762 1752//1752 1764//1764
f 1753//1753 1750//1750 1767//1767
f 1753//1753 1767//1767 1768//1768
f 1753//1753 1768//1768 1769//1769
f 1753//1753 1769//1769 1770//1770
f 1755//1755 1770//1770 1771//1771
f 1771//1771 1770//1770 1772//1772
f 1773//1773 1772//1772 1770//1770
f 1770//1770 1769//1769 1773//1773
f 1772//1772 1773//1773 1774//1774
f 1777//1777 1774//1774 1773//1773
f 1775//1775 1773//1773 1769//1769
f 1773//1773 1775//1775 1777//1777
f 1778//1778 1776//1776 1775//1775
f 1774//1774 1777//1777 1780//1780
f 1776//1776 1778//1778 1781//1781
f 1781//1781 1779//1779 1776//1776
f 1779//1779 1781//1781 1783//1783
f 1785//1785 1783//1783 1781//1781
f 1781//1781 1786//1786 1785//1785
f 1786//1786 1781//1781 1778//1778
f 1787//1787 1786//1786 1790//1790
f 1786//1786 1787//1787 1788//1788
f 1788//1788 1785//1785 1786//1786
f 1778//1778 1790//1790 1786//1786
f 1790//1790 1749//1749 1748//1748
f 1791//1791 1749//1749 1790//1790
f 1790//1790 1778//1778 1791//1791
f 1790//1790 1792//1792 1787//1787
f 1748//1748 1792//1792 1790//1790
f 1793//1793 1792//1792 1748//1748
f 1787//1787 1792//1792 1793//1793
f 1795//1795 1793//1793 1794//1794
f 1743//1743 1794//1794 1793//1793
f 1793//1793 1745//1745 1743//1743
f 1748//1748 1745//1745 1793//1793
f 1793//1793 1795//1795 1787//1787
f 1797//1797 1795//1795 1798//1798
f 1795//1795 1797//1797 1788//1788
f 1788//1788 1787//1787 1795//1795
f 1794//1794 1798//1798 1795//1795
f 1798//1798 1800//1800 1797//1797
f 1800//1800 1798//1798 1801//1801
f 1738//1738 1801//1801 1798//1798
f 1798//1798 1794//1794 1738//1738
f 1801//1801 1804//1804 1800//1800
f 1805//1805 1802//1802 1806//1806
f 1736//1736 1806//1806 1802//1802
f 1802//1802 1739//1739 1736//1736
f 1806//1806 1808//1808 1805//1805
f 1808//1808 1806//1806 1809//1809
f 1734//1734 1809//1809 1806//1806
f 1806//1806 1736//1736 1734//1734
f 1809//1809 1811//1811 1808//1808
f 1811//1811 1809//1809 1812//1812
f 1732//1732 1812//1812 1809//1809
f 1809//1809 1734//1734 1732//1732
f 1812//1812 1814//1814 1811//1811
f 1814//1814 1812//1812 1815//1815
f 1731//1731 1815//1815 1812//1812
f 1812//1812 1732//1732 1731//1731
f 1815//1815 1817//1817 1814//1814
f 1817//1817 1815//1815 1818//1818
f 1820//1820 1818//1818 1815//1815
f 1815//1815 1731//1731 1820//1820
f 1819//1819 1821//1821 1709//1709
f 1717//1717 1709//1709 1821//1821
f 1821//1821 1729//1729 1717//1717
f 1729//1729 1820//1820 1731//1731
f 1818//1818 1823//1823 1817//1817
f 1824//1824 1819//1819 1704//1704
f 1709//1709 1704//1704 1819//1819
f 1700//1700 1816//1816 1822//1822
f 1700//1700 1822//1822 1705//1705
f 1704//1704 1706//1706 1824//1824
f 1700//1700 1813//1813 1816//1816
f 1826//1826 1810//1810 1813//1813
f 1700//1700 1826//1826 1813//1813
f 1825//1825 1827//1827 1762//1762
f 1828//1828 1826//1826 1700//1700
f 1763//1763 1829//1829 1826//1826
f 1826//1826 1829//1829 1796//1796
f 1826//1826 1796//1796 1799//1799
f 1826//1826 1799//1799 1803//1803
f 1826//1826 1803//1803 1807//1807
f 1826//1826 1807//1807 1810//1810
f 1829//1829 1789//1789 1796//1796
f 1784//1784 1789//1789 1829//1829
f 1784//1784 1829//1829 1672//1672
f 1763//1763 1672//1672 1829//1829
f 1833//1833 1828//1828 1831//1831
f 1700//1700 1831//1831 1828//1828
f 1827//1827 1832//1832 1762//1762
f 1838//1838 1833//1833 1835//1835
f 1831//1831 1836//1836 1833//1833
f 1832//1832 1837//1837 1839//1839
f 1832//1832 1839//1839 1841//1841
f 1832//1832 1841//1841 1762//1762
f 1841//1841 1844//1844 1723//1723
f 1845//1845 1842//1842 1847//1847
f 1849//1849 1847//1847 1843//1843
f 1843//1843 1851//1851 1849//1849
f 1839//1839 1850//1850 1841//1841
f 1841//1841 1723//1723 1762//1762
f 1849//1849 1851//1851 1840//1840
f 1846//1846 1848//1848 1852//1852
f 1840//1840 1853//1853 1849//1849
f 1853//1853 1840//1840 1838//1838
f 1838//1838 1855//1855 1853//1853
f 1852//1852 1854//1854 1834//1834
f 1846//1846 1852//1852 1834//1834
f 1835//1835 1855//1855 1838//1838
f 1847//1847 1722//1722 1845//1845
f 1721//1721 1846//1846 1679//1679
f 1846//1846 1834//1834 1679//1679
f 1724//1724 1845//1845 1722//1722
f 1834//1834 1830//1830 1699//1699
f 1834//1834 1699//1699 1679//1679
f 1794//1794 1743//1743 1740//1740
f 1740//1740 1738//1738 1794//1794
f 1749//1749 1791//1791 1767//1767
f 1775//1775 1791//1791 1778//1778
f 1791//1791 1775//1775 1768//1768
f 1768//1768 1767//1767 1791//1791
f 1782//1782 1784//1784 1672//1672
f 1856//1856 1782//1782 1672//1672
f 1783//1783 1857//1857 1779//1779
f 1859//1859 1856//1856 1672//1672
f 1858//1858 1860//1860 1861//1861
f 1861//1861 1780//1780 1858//1858
f 1861//1861 1862//1862 1863//1863
f 1862//1862 1861//1861 1860//1860
f 1780//1780 1861//1861 1774//1774
f 1863//1863 1774//1774 1861//1861
f 1774//1774 1863//1863 1772//1772
f 1864//1864 1772//1772 1863//1863
f 1863//1863 1865//1865 1864//1864
f 1865//1865 1863//1863 1862//1862
f 1866//1866 1864//1864 1865//1865
f 1865//1865 1867//1867 1866//1866
f 1867//1867 1865//1865 1868//1868
f 1862//1862 1868//1868 1865//1865
f 1868//1868 1869//1869 1867//1867
f 1869//1869 1868//1868 1685//1685
f 1871//1871 1685//1685 1868//1868
f 1868//1868 1862//1862 1871//1871
f 1860//1860 1871//1871 1862//1862
f 1870//1870 1859//1859 1672//1672
f 1684//1684 1870//1870 1672//1672
f 1869//1869 1872//1872 1874//1874
f 1872//1872 1869//1869 1687//1687
f 1685//1685 1687//1687 1869//1869
f 1874//1874 1867//1867 1869//1869
f 1867//1867 1874//1874 1876//1876
f 1877//1877 1876//1876 1875//1875
f 1875//1875 1878//1878 1877//1877
f 1878//1878 1875//1875 1873//1873
f 1712//1712 1877//1877 1878//1878
f 1878//1878 1711//1711 1712//1712
f 1711//1711 1878//1878 1879//1879
f 1873//1873 1879//1879 1878//1878
f 1879//1879 1697//1697 1711//1711
f 1697//1697 1879//1879 1692//1692
f 1690//1690 1692//1692 1879//1879
f 1879//1879 1873//1873 1690//1690
f 1877//1877 1712//1712 1715//1715
f 1876//1876 1877//1877 1880//1880
f 1715//1715 1880//1880 1877//1877
f 1755//1755 1880//1880 1715//1715
f 1755//1755 1881//1881 1880//1880
f 1880//1880 1881//1881 1876//1876
f 1866//1866 1876//1876 1881//1881
f 1755//1755 1882//1882 1881//1881
f 1881//1881 1882//1882 1866//1866
f 1864//1864 1866//1866 1882//1882
f 1755//1755 1771//1771 1882//1882
f 1882//1882 1771//1771 1864//1864
f 1876//1876 1866//1866 1867//1867
f 1687//1687 1689//1689 1872//1872
f 1772//1772 1864//1864 1771//1771
f 1769//1769 1768//1768 1775//1775
f 1767//1767 1750//1750 1749//1749
f 1766//1766 1884//1884 1888//1888
f 1884//1884 1765//1765 1759//1759
f 1764//1764 1885//1885 1889//1889
f 1888//1888 1886//1886 1766//1766
f 1762//1762 1764//1764 1891//1891
f 1764//1764 1889//1889 1891//1891
f 1762//1762 1891//1891 1673//1673
f 1676//1676 1674//1674 1892//1892
f 1892//1892 1683//1683 1676//1676
f 1682//1682 1892//1892 1894//1894
f 1889//1889 1893//1893 1891//1891
f 1894//1894 1896//1896 1682//1682
f 1898//1898 1896//1896 1894//1894
f 1894//1894 1890//1890 1898//1898
f 1681//1681 1895//1895 1897//1897
f 1888//1888 1898//1898 1890//1890
f 1897//1897 1887//1887 1883//1883
f 1681//1681 1897//1897 1883//1883
f 1890//1890 1886//1886 1888//1888
f 1679//1679 1883//1883 1756//1756
f 1759//1759 1757//1757 1884//1884
f 1679//1679 1681//1681 1883//1883
f 1723//1723 1760//1760 1762//1762
f 1671//1671 1762//1762 1673//1673
f 1751//1751 1761//1761 1724//1724
f 1754//1754 1679//1679 1756//1756
f 1680//1680 1755//1755 1715//1715
f 1718//1718 1717//1717 1729//1729
f 1709//1709 1717//1717 1708//1708
f 1711//1711 1697//1697 1698//1698
f 1700//1700 1705//1705 1701//1701
f 1699//1699 1677//1677 1679//1679
f 1692//1692 1694//1694 1697//1697
f 1914//1914 1902//1902 1900//1900
f 1900//1900 1902//1902 1904//1904
f 1904//1904 1906//1906 1900//1900
f 1899//1899 1905//1905 1911//1911
f 1926//1926 1900//1900 1908//1908
f 1909//1909 1907//1907 1899//1899
f 1909//1909 1899//1899 1911//1911
f 1916//1916 1914//1914 1900//1900
f 1918//1918 1916//1916 1900//1900
f 1921//1921 1918//1918 1900//1900
f 1923//1923 1921//1921 1900//1900
f 1926//1926 1923//1923 1900//1900
f 1927//1927 1924//1924 1925//1925
f 1926//1926 1908//1908 1930//1930
f 1925//1925 1928//1928 1927//1927
f 1933//1933 1928//1928 1925//1925
f 1926//1926 1930//1930 1931//1931
f 1925//1925 1932//1932 1933//1933
f 1937//1937 1933//1933 1934//1934
f 1936//1936 1934//1934 1933//1933
f 1933//1933 1932//1932 1936//1936
f 1928//1928 1933//1933 1937//1937
f 1940//1940 1937//1937 1938//1938
f 1938//1938 1937//1937 1939//1939
f 1934//1934 1939//1939 1937//1937
f 1937//1937 1940//1940 1928//1928
f 1928//1928 1940//1940 1941//1941
f 1942//1942 1941//1941 1940//1940
f 1940//1940 1943//1943 1942//1942
f 1938//1938 1943//1943 1940//1940
f 1942//1942 1943//1943 1944//1944
f 1944//1944 1943//1943 1938//1938
f 1944//1944 1945//1945 1942//1942
f 1910//1910 1945//1945 1944//1944
f 1910//1910 1944//1944 1946//1946
f 1938//1938 1946//1946 1944//1944
f 1946//1946 1938//1938 1947//1947
f 1947//1947 1948//1948 1946//1946
f 1946//1946 1948//1948 1950//1950
f 1910//1910 1946//1946 1950//1950
f 1949//1949 1951//1951 1909//1909
f 1952//1952 1950//1950 1954//1954
f 1955//1955 1954//1954 1950//1950
f 1956//1956 1955//1955 1950//1950
f 1957//1957 1956//1956 1950//1950
f 1958//1958 1957//1957 1950//1950
f 1948//1948 1958//1958 1950//1950
f 1958//1958 1959//1959 1960//1960
f 1959//1959 1958//1958 1948//1948
f 1960//1960 1957//1957 1958//1958
f 1960//1960 1961//1961 1962//1962
f 1961//1961 1960//1960 1959//1959
f 1962//1962 1963//1963 1960//1960
f 1957//1957 1960//1960 1963//1963
f 1963//1963 1962//1962 1964//1964
f 1964//1964 1965//1965 1963//1963
f 1956//1956 1963//1963 1965//1965
f 1963//1963 1956//1956 1957//1957
f 1965//1965 1964//1964 1966//1966
f 1966//1966 1967//1967 1965//1965
f 1955//1955 1965//1965 1967//1967
f 1965//1965 1955//1955 1956//1956
f 1967//1967 1966//1966 1969//1969
f 1969//1969 1970//1970 1967//1967
f 1971//1971 1967//1967 1970//1970
f 1967//1967 1971//1971 1955//1955
f 1955//1955 1971//1971 1954//1954
f 1970//1970 1972//1972 1971//1971
f 1971//1971 1972//1972 1954//1954
f 1972//1972 1970//1970 1973//1973
f 1973//1973 1974//1974 1972//1972
f 1972//1972 1974//1974 1954//1954
f 1974//1974 1973//1973 1975//1975
f 1975//1975 1976//1976 1974//1974
f 1974//1974 1976//1976 1954//1954
f 1977//1977 1976//1976 1975//1975
f 1976//1976 1977//1977 1954//1954
f 1975//1975 1978//1978 1977//1977
f 1977//1977 1978//1978 1979//1979
f 1979//1979 1980//1980 1977//1977
f 1983//1983 1977//1977 1980//1980
f 1977//1977 1981//1981 1954//1954
f 1983//1983 1981//1981 1977//1977
f 1985//1985 1983//1983 2000//2000
f 1983//1983 1985//1985 1987//1987
f 1987//1987 1989//1989 1983//1983
f 1982//1982 1988//1988 1994//1994
f 1981//1981 1983//1983 1991//1991
f 1992//1992 1990//1990 1982//1982
f 1992//1992 1982//1982 1994//1994
f 1983//1983 1980//1980 1997//1997
f 1983//1983 1997//1997 1998//1998
f 1983//1983 1998//1998 1999//1999
f 1983//1983 1999//1999 2000//2000
f 1985//1985 2000//2000 2001//2001
f 2001//2001 2000//2000 2002//2002
f 2003//2003 2002//2002 2000//2000
f 2000//2000 1999//1999 2003//2003
f 2002//2002 2003//2003 2004//2004
f 2007//2007 2004//2004 2003//2003
f 2005//2005 2003//2003 1999//1999
f 2003//2003 2005//2005 2007//2007
f 2008//2008 2006//2006 2005//2005
f 2004//2004 2007//2007 2010//2010
f 2006//2006 2008//2008 2011//2011
f 2011//2011 2009//2009 2006//2006
f 2009//2009 2011//2011 2013//2013
f 2015//2015 2013//2013 2011//2011
f 2011//2011 2016//2016 2015//2015
f 2016//2016 2011//2011 2008//2008
f 2017//2017 2016//2016 2020//2020
f 2016//2016 2017//2017 2018//2018
f 2018//2018 2015//2015 2016//2016
f 2008//2008 2020//2020 2016//2016
f 2020//2020 1979//1979 1978//1978
f 2021//2021 1979//1979 2020//2020
f 2020//2020 2008//2008 2021//2021
f 2020//2020 2022//2022 2017//2017
f 1978//1978 2022//2022 2020//2020
f 2023//2023 2022//2022 1978//1978
f 2017//2017 2022//2022 2023//2023
f 2025//2025 2023//2023 2024//2024
f 1973//1973 2024//2024 2023//2023
f 2023//2023 1975//1975 1973//1973
f 1978//1978 1975//1975 2023//2023
f 2023//2023 2025//2025 2017//2017
f 2027//2027 2025//2025 2028//2028
f 2025//2025 2027//2027 2018//2018
f 2018//2018 2017//2017 2025//2025
f 2024//2024 2028//2028 2025//2025
f 2028//2028 2030//2030 2027//2027
f 2030//2030 2028//2028 2031//2031
f 1968//1968 2031//2031 2028//2028
f 2028//2028 2024//2024 1968//1968
f 2031//2031 2034//2034 2030//2030
f 2035//2035 2032//2032 2036//2036
f 1966//1966 2036//2036 2032//2032
f 2032//2032 1969//1969 1966//1966
f 2036//2036 2038//2038 2035//2035
f 2038//2038 2036//2036 2039//2039
f 1964//1964 2039//2039 2036//2036
f 2036//2036 1966//1966 1964//1964
f 2039//2039 2041//2041 2038//2038
f 2041//2041 2039//2039 2042//2042
f 1962//1962 2042//2042 2039//2039
f 2039//2039 1964//1964 1962//1962
f 2042//2042 2044//2044 2041//2041
f 2044//2044 2042//2042 2045//2045
f 1961//1961 2045//2045 2042//2042
f 2042//2042 1962//1962 1961//1961
f 2045//2045 2047//2047 2044//2044
f 2047//2047 2045//2045 2048//2048
f 2050//2050 2048//2048 2045//2045
f 2045//2045 1961//1961 2050//2050
f 2049//2049 2051//2051 1939//1939
f 1947//1947 1939//1939 2051//2051
f 2051//2051 1959//1959 1947//1947
f 1959//1959 2050//2050 1961//1961
f 2048//2048 2053//2053 2047//2047
f 2054//2054 2049//2049 1934//1934
f 1939//1939 1934//1934 2049//2049
f 1930//1930 2046//2046 2052//2052
f 1930//1930 2052//2052 1935//1935
f 1934//1934 1936//1936 2054//2054
f 1930//1930 2043//2043 2046//2046
f 2056//2056 2040//2040 2043//2043
f 1930//1930 2056//2056 2043//2043
f 2055//2055 2057//2057 1992//1992
f 2058//2058 2056//2056 1930//1930
f 1993//1993 2059//2059 2056//2056
f 2056//2056 2059//2059 2026//2026
f 2056//2056 2026//2026 2029//2029
f 2056//2056 2029//2029 2033//2033
f 2056//2056 2033//2033 2037//2037
f 2056//2056 2037//2037 2040//2040
f 2059//2059 2019//2019 2026//2026
f 2014//2014 2019//2019 2059//2059
f 2014//2014 2059//2059 1902//1902
f 1993//1993 1902//1902 2059//2059
f 2063//2063 2058//2058 2061//2061
f 1930//1930 2061//2061 2058//2058
f 2057//2057 2062//2062 1992//1992
f 2068//2068 2063//2063 2065//2065
f 2061//2061 2066//2066 2063//2063
f 2062//2062 2067//2067 2069//2069
f 2062//2062 2069//2069 2071//2071
f 2062//2062 2071//2071 1992//1992
f 2071//2071 2074//2074 1953//1953
f 2075//2075 2072//2072 2077//2077
f 2079//2079 2077//2077 2073//2073
f 2073//2073 2081//2081 2079//2079
f 2069//2069 2080//2080 2071//2071
f 2071//2071 1953//1953 1992//1992
f 2079//2079 2081//2081 2070//2070
f 2076//2076 2078//2078 2082//2082
f 2070//2070 2083//2083 2079//2079
f 2083//2083 2070//2070 2068//2068
f 2068//2068 2085//2085 2083//2083
f 2082//2082 2084//2084 2064//2064
f 2076//2076 2082//2082 2064//2064
f 2065//2065 2085//2085 2068//2068
f 2077//2077 1952//1952 2075//2075
f 1951//1951 2076//2076 1909//1909
f 2076//2076 2064//2064 1909//1909
f 1954//1954 2075//2075 1952//1952
f 2064//2064 2060//2060 1929//1929
f 2064//2064 1929//1929 1909//1909
f 2024//2024 1973//1973 1970//1970
f 1970//1970 1968//1968 2024//2024
f 1979//1979 2021//2021 1997//1997
f 2005//2005 2021//2021 2008//2008
f 2021//2021 2005//2005 1998//1998
f 1998//1998 1997//1997 2021//2021
f 2012//2012 2014//2014 1902//1902
f 2086//2086 2012//2012 1902//1902
f 2013//2013 2087//2087 2009//2009
f 2089//2089 2086//2086 1902//1902
f 2088//2088 2090//2090 2091//2091
f 2091//2091 2010//2010 2088//2088
f 2091//2091 2092//2092 2093//2093
f 2092//2092 2091//2091 2090//2090
f 2010//2010 2091//2091 2004//2004
f 2093//2093 2004//2004 2091//2091
f 2004//2004 2093//2093 2002//2002
f 2094//2094 2002//2002 2093//2093
f 2093//2093 2095//2095 2094//2094
f 2095//2095 2093//2093 2092//2092
f 2096//2096 2094//2094 2095//2095
f 2095//2095 2097//2097 2096//2096
f 2097//2097 2095//2095 2098//2098
f 2092//2092 2098//2098 2095//2095
f 2098//2098 2099//2099 2097//2097
f 2099//2099 2098//2098 1915//1915
f 2101//2101 1915//1915 2098//2098
f 2098//2098 2092//2092 2101//2101
f 2090//2090 2101//2101 2092//2092
f 2100//2100 2089//2089 1902//1902
f 1914//1914 2100//2100 1902//1902
f 2099//2099 2102//2102 2104//2104
f 2102//2102 2099//2099 1917//1917
f 1915//1915 1917//1917 2099//2099
f 2104//2104 2097//2097 2099//2099
f 2097//2097 2104//2104 2106//2106
f 2107//2107 2106//2106 2105//2105
f 2105//2105 2108//2108 2107//2107
f 2108//2108 2105//2105 2103//2103
f 1942//1942 2107//2107 2108//2108
f 2108//2108 1941//1941 1942//1942
f 1941//1941 2108//2108 2109//2109
f 2103//2103 2109//2109 2108//2108
f 2109//2109 1927//1927 1941//1941
f 1927//1927 2109//2109 1922//1922
f 1920//1920 1922//1922 2109//2109
f 2109//2109 2103//2103 1920//1920
f 2107//2107 1942//1942 1945//1945
f 2106//2106 2107//2107 2110//2110
f 1945//1945 2110//2110 2107//2107
f 1985//1985 2110//2110 1945//1945
f 1985//1985 2111//2111 2110//2110
f 2110//2110 2111//2111 2106//2106
f 2096//2096 2106//2106 2111//2111
f 1985//1985 2112//2112 2111//2111
f 2111//2111 2112//2112 2096//2096
f 2094//2094 2096//2096 2112//2112
f 1985//1985 2001//2001 2112//2112
f 2112//2112 2001//2001 2094//2094
f 2106//2106 2096//2096 2097//2097
f 1917//1917 1919//1919 2102//2102
f 2002//2002 2094//2094 2001//2001
f 1999//1999 1998//1998 2005//2005
f 1997//1997 1980//1980 1979//1979
f 1996//1996 2114//2114 2118//2118
f 2114//2114 1995//1995 1989//1989
f 1994//1994 2115//2115 2119//2119
f 2118//2118 2116//2116 1996//1996
f 1992//1992 1994//1994 2121//2121
f 1994//1994 2119//2119 2121//2121
f 1992//1992 2121//2121 1903//1903
f 1906//1906 1904//1904 2122//2122
f 2122//2122 1913//1913 1906//1906
f 1912//1912 2122//2122 2124//2124
f 2119//2119 2123//2123 2121//2121
f 2124//2124 2126//2126 1912//1912
f 2128//2128 2126//2126 2124//2124
f 2124//2124 2120//2120 2128//2128
f 1911//1911 2125//2125 2127//2127
f 2118//2118 2128//2128 2120//2120
f 2127//2127 2117//2117 2113//2113
f 1911//1911 2127//2127 2113//2113
f 2120//2120 2116//2116 2118//2118
f 1909//1909 2113//2113 1986//1986
f 1989//1989 1987//1987 2114//2114
f 1909//1909 1911//1911 2113//2113
f 1953//1953 1990//1990 1992//1992
f 1901//1901 1992//1992 1903//1903
f 1981//1981 1991//1991 1954//1954
f 1984//1984 1909//1909 1986//1986
f 1910//1910 1985//1985 1945//1945
f 1948//1948 1947//1947 1959//1959
f 1939//1939 1947//1947 1938//1938
f 1941//1941 1927//1927 1928//1928
f 1930//1930 1935//1935 1931//1931
f 1929//1929 1907//1907 1909//1909
f 1922//1922 1924//1924 1927//1927
f 2145//2145 2132//2132 2130//2130
f 2130//2130 2132//2132 2134//2134
f 2134//2134 2136//2136 2130//2130
f 2129//2129 2135//2135 2141//2141
f 2156//2156 2130//2130 2138//2138
f 2139//2139 2137//2137 2129//2129
f 2139//2139 2129//2129 2141//2141
f 2147//2147 2145//2145 2130//2130
f 2150//2150 2147//2147 2130//2130
f 2152//2152 2150//2150 2130//2130
f 2154//2154 2152//2152 2130//2130
f 2156//2156 2154//2154 2130//2130
f 2157//2157 2153//2153 2155//2155
f 2156//2156 2138//2138 2160//2160
f 2155//2155 2158//2158 2157//2157
f 2163//2163 2158//2158 2155//2155
f 2156//2156 2160//2160 2162//2162
f 2155//2155 2161//2161 2163//2163
f 2167//2167 2163//2163 2164//2164
f 2165//2165 2164//2164 2163//2163
f 2163//2163 2161//2161 2165//2165
f 2158//2158 2163//2163 2167//2167
f 2170//2170 2167//2167 2168//2168
f 2168//2168 2167//2167 2169//2169
f 2164//2164 2169//2169 2167//2167
f 2167//2167 2170//2170 2158//2158
f 2158//2158 2170//2170 2171//2171
f 2172//2172 2171//2171 2170//2170
f 2170//2170 2173//2173 2172//2172
f 2168//2168 2173//2173 2170//2170
f 2172//2172 2173//2173 2174//2174
f 2174//2174 2173//2173 2168//2168
f 2174//2174 2175//2175 2172//2172
f 2140//2140 2175//2175 2174//2174
f 2140//2140 2174//2174 2176//2176
f 2168//2168 2176//2176 2174//2174
f 2176//2176 2168//2168 2177//2177
f 2177//2177 2178//2178 2176//2176
f 2176//2176 2178//2178 2180//2180
f 2140//2140 2176//2176 2180//2180
f 2179//2179 2181//2181 2139//2139
f 2182//2182 2180//2180 2184//2184
f 2185//2185 2184//2184 2180//2180
f 2186//2186 2185//2185 2180//2180
f 2187//2187 2186//2186 2180//2180
f 2188//2188 2187//2187 2180//2180
f 2178//2178 2188//2188 2180//2180
f 2188//2188 2189//2189 2190//2190
f 2189//2189 2188//2188 2178//2178
f 2190//2190 2187//2187 2188//2188
f 2190//2190 2191//2191 2192//2192
f 2191//2191 2190//2190 2189//2189
f 2192//2192 2193//2193 2190//2190
f 2187//2187 2190//2190 2193//2193
f 2193//2193 2192//2192 2194//2194
f 2194//2194 2195//2195 2193//2193
f 2186//2186 2193//2193 2195//2195
f 2193//2193 2186//2186 2187//2187
f 2195//2195 2194//2194 2196//2196
f 2196//2196 2197//2197 2195//2195
f 2185//2185 2195//2195 2197//2197
f 2195//2195 2185//2185 2186//2186
f 2197//2197 2196//2196 2199//2199
f 2199//2199 2200//2200 2197//2197
f 2201//2201 2197//2197 2200//2200
f 2197//2197 2201//2201 2185//2185
f 2185//2185 2201//2201 2184//2184
f 2200//2200 2202//2202 2201//2201
f 2201//2201 2202//2202 2184//2184
f 2202//2202 2200//2200 2203//2203
f 2203//2203 2204//2204 2202//2202
f 2202//2202 2204//2204 2184//2184
f 2204//2204 2203//2203 2205//2205
f 2205//2205 2206//2206 2204//2204
f 2204//2204 2206//2206 2184//2184
f 2207//2207 2206//2206 2205//2205
f 2206//2206 2207//2207 2184//2184
f 2205//2205 2208//2208 2207//2207
f 2207//2207 2208//2208 2209//2209
f 2209//2209 2210//2210 2207//2207
f 2213//2213 2207//2207 2210//2210
f 2207//2207 2211//2211 2184//2184
f 2213//2213 2211//2211 2207//2207
f 2215//2215 2213//2213 2230//2230
f 2213//2213 2215//2215 2217//2217
f 2217//2217 2219//2219 2213//2213
f 2212//2212 2218//2218 2224//2224
f 2211//2211 2213//2213 2221//2221
f 2222//2222 2220//2220 2212//2212
f 2222//2222 2212//2212 2224//2224
f 2213//2213 2210//2210 2227//2227
f 2213//2213 2227//2227 2228//2228
f 2213//2213 2228//2228 2229//2229
f 2213//2213 2229//2229 2230//2230
f 2215//2215 2230//2230 2231//2231
f 2231//2231 2230//2230 2232//2232
f 2233//2233 2232//2232 2230//2230
f 2230//2230 2229//2229 2233//2233
f 2232//2232 2233//2233 2234//2234
f 2237//2237 2234//2234 2233//2233
f 2235//2235 2233//2233 2229//2229
f 2233//2233 2235//2235 2237//2237
f 2238//2238 2236//2236 2235//2235
f 2234//2234 2237//2237 2240//2240
f 2236//2236 2238//2238 2241//2241
f 2241//2241 2239//2239 2236//2236
f 2239//2239 2241//2241 2242//2242
f 2244//2244 2242//2242 2241//2241
f 2241//2241 2246//2246 2244//2244
f 2246//2246 2241//2241 2238//2238
f 2247//2247 2246//2246 2250//2250
f 2246//2246 2247//2247 2248//2248
f 2248//2248 2244//2244 2246//2246
f 2238//2238 2250//2250 2246//2246
f 2250//2250 2209//2209 2208//2208
f 2251//2251 2209//2209 2250//2250
f 2250//2250 2238//2238 2251//2251
f 2250//2250 2252//2252 2247//2247
f 2208//2208 2252//2252 2250//2250
f 2253//2253 2252//2252 2208//2208
f 2247//2247 2252//2252 2253//2253
f 2255//2255 2253//2253 2254//2254
f 2203//2203 2254//2254 2253//2253
f 2253//2253 2205//2205 2203//2203
f 2208//2208 2205//2205 2253//2253
f 2253//2253 2255//2255 2247//2247
f 2256//2256 2255//2255 2258//2258
f 2255//2255 2256//2256 2248//2248
f 2248//2248 2247//2247 2255//2255
f 2254//2254 2258//2258 2255//2255
f 2258//2258 2259//2259 2256//2256
f 2259//2259 2258//2258 2261//2261
f 2198//2198 2261//2261 2258//2258
f 2258//2258 2254//2254 2198//2198
f 2261//2261 2263//2263 2259//2259
f 2264//2264 2262//2262 2266//2266
f 2196//2196 2266//2266 2262//2262
f 2262//2262 2199//2199 2196//2196
f 2266//2266 2267//2267 2264//2264
f 2267//2267 2266//2266 2269//2269
f 2194//2194 2269//2269 2266//2266
f 2266//2266 2196//2196 2194//2194
f 2269//2269 2270//2270 2267//2267
f 2270//2270 2269//2269 2272//2272
f 2192//2192 2272//2272 2269//2269
f 2269//2269 2194//2194 2192//2192
f 2272//2272 2273//2273 2270//2270
f 2273//2273 2272//2272 2275//2275
f 2191//2191 2275//2275 2272//2272
f 2272//2272 2192//2192 2191//2191
f 2275//2275 2276//2276 2273//2273
f 2276//2276 2275//2275 2278//2278
f 2280//2280 2278//2278 2275//2275
f 2275//2275 2191//2191 2280//2280
f 2279//2279 2281//2281 2169//2169
f 2177//2177 2169//2169 2281//2281
f 2281//2281 2189//2189 2177//2177
f 2189//2189 2280//2280 2191//2191
f 2278//2278 2282//2282 2276//2276
f 2283//2283 2279//2279 2164//2164
f 2169//2169 2164//2164 2279//2279
f 2160//2160 2277//2277 2284//2284
f 2160//2160 2284//2284 2166//2166
f 2164//2164 2165//2165 2283//2283
f 2160//2160 2274//2274 2277//2277
f 2285//2285 2271//2271 2274//2274
f 2160//2160 2285//2285 2274//2274
f 2286//2286 2287//2287 2222//2222
f 2288//2288 2285//2285 2160//2160
f 2223//2223 2289//2289 2285//2285
f 2285//2285 2289//2289 2257//2257
f 2285//2285 2257//2257 2260//2260
f 2285//2285 2260//2260 2265//2265
f 2285//2285 2265//2265 2268//2268
f 2285//2285 2268//2268 2271//2271
f 2289//2289 2249//2249 2257//2257
f 2245//2245 2249//2249 2289//2289
f 2245//2245 2289//2289 2132//2132
f 2223//2223 2132//2132 2289//2289
f 2293//2293 2288//2288 2291//2291
f 2160//2160 2291//2291 2288//2288
f 2287//2287 2292//2292 2222//2222
f 2298//2298 2293//2293 2295//2295
f 2291//2291 2296//2296 2293//2293
f 2292//2292 2297//2297 2299//2299
f 2292//2292 2299//2299 2301//2301
f 2292//2292 2301//2301 2222//2222
f 2301//2301 2304//2304 2183//2183
f 2305//2305 2302//2302 2307//2307
f 2309//2309 2307//2307 2303//2303
f 2303//2303 2311//2311 2309//2309
f 2299//2299 2310//2310 2301//2301
f 2301//2301 2183//2183 2222//2222
f 2309//2309 2311//2311 2300//2300
f 2306//2306 2308//2308 2312//2312
f 2300//2300 2313//2313 2309//2309
f 2313//2313 2300//2300 2298//2298
f 2298//2298 2315//2315 2313//2313
f 2312//2312 2314//2314 2294//2294
f 2306//2306 2312//2312 2294//2294
f 2295//2295 2315//2315 2298//2298
f 2307//2307 2182//2182 2305//2305
f 2181//2181 2306//2306 2139//2139
f 2306//2306 2294//2294 2139//2139
f 2184//2184 2305//2305 2182//2182
f 2294//2294 2290//2290 2159//2159
f 2294//2294 2159//2159 2139//2139
f 2254//2254 2203//2203 2200//2200
f 2200//2200 2198//2198 2254//2254
f 2209//2209 2251//2251 2227//2227
f 2235//2235 2251//2251 2238//2238
f 2251//2251 2235//2235 2228//2228
f 2228//2228 2227//2227 2251//2251
f 2243//2243 2245//2245 2132//2132
f 2318//2318 2243//2243 2132//2132
f 2242//2242 2316//2316 2239//2239
f 2320//2320 2318//2318 2132//2132
f 2317//2317 2319//2319 2321//2321
f 2321//2321 2240//2240 2317//2317
f 2321//2321 2322//2322 2323//2323
f 2322//2322 2321//2321 2319//2319
f 2240//2240 2321//2321 2234//2234
f 2323//2323 2234//2234 2321//2321
f 2234//2234 2323//2323 2232//2232
f 2324//2324 2232//2232 2323//2323
f 2323//2323 2325//2325 2324//2324
f 2325//2325 2323//2323 2322//2322
f 2326//2326 2324//2324 2325//2325
f 2325//2325 2327//2327 2326//2326
f 2327//2327 2325//2325 2328//2328
f 2322//2322 2328//2328 2325//2325
f 2328//2328 2329//2329 2327//2327
f 2329//2329 2328//2328 2144//2144
f 2330//2330 2144//2144 2328//2328
f 2328//2328 2322//2322 2330//2330
f 2319//2319 2330//2330 2322//2322
f 2331//2331 2320//2320 2132//2132
f 2145//2145 2331//2331 2132//2132
f 2329//2329 2332//2332 2334//2334
f 2332//2332 2329//2329 2146//2146
f 2144//2144 2146//2146 2329//2329
f 2334//2334 2327//2327 2329//2329
f 2327//2327 2334//2334 2336//2336
f 2337//2337 2336//2336 2335//2335
f 2335//2335 2338//2338 2337//2337
f 2338//2338 2335//2335 2333//2333
f 2172//2172 2337//2337 2338//2338
f 2338//2338 2171//2171 2172//2172
f 2171//2171 2338//2338 2339//2339
f 2333//2333 2339//2339 2338//2338
f 2339//2339 2157//2157 2171//2171
f 2157//2157 2339//2339 2151//2151
f 2149//2149 2151//2151 2339//2339
f 2339//2339 2333//2333 2149//2149
f 2337//2337 2172//2172 2175//2175
f 2336//2336 2337//2337 2340//2340
f 2175//2175 2340//2340 2337//2337
f 2215//2215 2340//2340 2175//2175
f 2215//2215 2341//2341 2340//2340
f 2340//2340 2341//2341 2336//2336
f 2326//2326 2336//2336 2341//2341
f 2215//2215 2342//2342 2341//2341
f 2341//2341 2342//2342 2326//2326
f 2324//2324 2326//2326 2342//2342
f 2215//2215 2231//2231 2342//2342
f 2342//2342 2231//2231 2324//2324
f 2336//2336 2326//2326 2327//2327
f 2146//2146 2148//2148 2332//2332
f 2232//2232 2324//2324 2231//2231
f 2229//2229 2228//2228 2235//2235
f 2227//2227 2210//2210 2209//2209
f 2226//2226 2344//2344 2348//2348
f 2344//2344 2225//2225 2219//2219
f 2224//2224 2345//2345 2349//2349
f 2348//2348 2346//2346 2226//2226
f 2222//2222 2224//2224 2351//2351
f 2224//2224 2349//2349 2351//2351
f 2222//2222 2351//2351 2133//2133
f 2136//2136 2134//2134 2352//2352
f 2352//2352 2143//2143 2136//2136
f 2142//2142 2352//2352 2354//2354
f 2349//2349 2353//2353 2351//2351
f 2354//2354 2356//2356 2142//2142
f 2358//2358 2356//2356 2354//2354
f 2354//2354 2350//2350 2358//2358
f 2141//2141 2355//2355 2357//2357
f 2348//2348 2358//2358 2350//2350
f 2357//2357 2347//2347 2343//2343
f 2141//2141 2357//2357 2343//2343
f 2350//2350 2346//2346 2348//2348
f 2139//2139 2343//2343 2216//2216
f 2219//2219 2217//2217 2344//2344
f 2139//2139 2141//2141 2343//2343
f 2183//2183 2220//2220 2222//2222
f 2131//2131 2222//2222 2133//2133
f 2211//2211 2221//2221 2184//2184
f 2214//2214 2139//2139 2216//2216
f 2140//2140 2215//2215 2175//2175
f 2178//2178 2177//2177 2189//2189
f 2169//2169 2177//2177 2168//2168
f 2171//2171 2157//2157 2158//2158
f 2160//2160 2166//2166 2162//2162
f 2159//2159 2137//2137 2139//2139
f 2151//2151 2153//2153 2157//2157
f 2375//2375 2361//2361 2360//2360
f 2360//2360 2361//2361 2364//2364
f 2364//2364 2366//2366 2360//2360
f 2359//2359 2365//2365 2371//2371
f 2386//2386 2360//2360 2368//2368
f 2369//2369 2367//2367 2359//2359
f 2369//2369 2359//2359 2371//2371
f 2377//2377 2375//2375 2360//2360
f 2380//2380 2377//2377 2360//2360
f 2382//2382 2380//2380 2360//2360
f 2384//2384 2382//2382 2360//2360
f 2386//2386 2384//2384 2360//2360
f 2387//2387 2383//2383 2385//2385
f 2386//2386 2368//2368 2390//2390
f 2385//2385 2388//2388 2387//2387
f 2393//2393 2388//2388 2385//2385
f 2386//2386 2390//2390 2392//2392
f 2385//2385 2391//2391 2393//2393
f 2397//2397 2393//2393 2394//2394
f 2395//2395 2394//2394 2393//2393
f 2393//2393 2391//2391 2395//2395
f 2388//2388 2393//2393 2397//2397
f 2400//2400 2397//2397 2398//2398
f 2398//2398 2397//2397 2399//2399
f 2394//2394 2399//2399 2397//2397
f 2397//2397 2400//2400 2388//2388
f 2388//2388 2400//2400 2401//2401
f 2402//2402 2401//2401 2400//2400
f 2400//2400 2403//2403 2402//2402
f 2398//2398 2403//2403 2400//2400
f 2402//2402 2403//2403 2404//2404
f 2404//2404 2403//2403 2398//2398
f 2404//2404 2405//2405 2402//2402
f 2370//2370 2405//2405 2404//2404
f 2370//2370 2404//2404 2406//2406
f 2398//2398 2406//2406 2404//2404
f 2406//2406 2398//2398 2407//2407
f 2407//2407 2408//2408 2406//2406
f 2406//2406 2408//2408 2410//2410
f 2370//2370 2406//2406 2410//2410
f 2409//2409 2411//2411 2369//2369
f 2412//2412 2410//2410 2414//2414
f 2415//2415 2414//2414 2410//2410
f 2416//2416 2415//2415 2410//2410
f 2417//2417 2416//2416 2410//2410
f 2418//2418 2417//2417 2410//2410
f 2408//2408 2418//2418 2410//2410
f 2418//2418 2419//2419 2420//2420
f 2419//2419 2418//2418 2408//2408
f 2420//2420 2417//2417 2418//2418
f 2420//2420 2421//2421 2422//2422
f 2421//2421 2420//2420 2419//2419
f 2422//2422 2423//2423 2420//2420
f 2417//2417 2420//2420 2423//2423
f 2423//2423 2422//2422 2424//2424
f 2424//2424 2425//2425 2423//2423
f 2416//2416 2423//2423 2425//2425
f 2423//2423 2416//2416 2417//2417
f 2425//2425 2424//2424 2426//2426
f 2426//2426 2427//2427 2425//2425
f 2415//2415 2425//2425 2427//2427
f 2425//2425 2415//2415 2416//2416
f 2427//2427 2426//2426 2429//2429
f 2429//2429 2430//2430 2427//2427
f 2431//2431 2427//2427 2430//2430
f 2427//2427 2431//2431 2415//2415
f 2415//2415 2431//2431 2414//2414
f 2430//2430 2432//2432 2431//2431
f 2431//2431 2432//2432 2414//2414
f 2432//2432 2430//2430 2433//2433
f 2433//2433 2434//2434 2432//2432
f 2432//2432 2434//2434 2414//2414
f 2434//2434 2433//2433 2435//2435
f 2435//2435 2436//2436 2434//2434
f 2434//2434 2436//2436 2414//2414
f 2437//2437 2436//2436 2435//2435
f 2436//2436 2437//2437 2414//2414
f 2435//2435 2438//2438 2437//2437
f 2437//2437 2438//2438 2439//2439
f 2439//2439 2440//2440 2437//2437
f 2443//2443 2437//2437 2440//2440
f 2437//2437 2441//2441 2414//2414
f 2443//2443 2441//2441 2437//2437
f 2445//2445 2443//2443 2460//2460
f 2443//2443 2445//2445 2447//2447
f 2447//2447 2449//2449 2443//2443
f 2442//2442 2448//2448 2454//2454
f 2441//2441 2443//2443 2451//2451
f 2452//2452 2450//2450 2442//2442
f 2452//2452 2442//2442 2454//2454
f 2443//2443 2440//2440 2457//2457
f 2443//2443 2457//2457 2458//2458
f 2443//2443 2458//2458 2459//2459
f 2443//2443 2459//2459 2460//2460
f 2445//2445 2460//2460 2461//2461
f 2461//2461 2460//2460 2462//2462
f 2463//2463 2462//2462 2460//2460
f 2460//2460 2459//2459 2463//2463
f 2462//2462 2463//2463 2464//2464
f 2467//2467 2464//2464 2463//2463
f 2465//2465 2463//2463 2459//2459
f 2463//2463 2465//2465 2467//2467
f 2468//2468 2466//2466 2465//2465
f 2464//2464 2467//2467 2470//2470
f 2466//2466 2468//2468 2471//2471
f 2471//2471 2469//2469 2466//2466
f 2469//2469 2471//2471 2472//2472
f 2474//2474 2472//2472 2471//2471
f 2471//2471 2476//2476 2474//2474
f 2476//2476 2471//2471 2468//2468
f 2477//2477 2476//2476 2480//2480
f 2476//2476 2477//2477 2478//2478
f 2478//2478 2474//2474 2476//2476
f 2468//2468 2480//2480 2476//2476
f 2480//2480 2439//2439 2438//2438
f 2481//2481 2439//2439 2480//2480
f 2480//2480 2468//2468 2481//2481
f 2480//2480 2482//2482 2477//2477
f 2438//2438 2482//2482 2480//2480
f 2483//2483 2482//2482 2438//2438
f 2477//2477 2482//2482 2483//2483
f 2485//2485 2483//2483 2484//2484
f 2433//2433 2484//2484 2483//2483
f 2483//2483 2435//2435 2433//2433
f 2438//2438 2435//2435 2483//2483
f 2483//2483 2485//2485 2477//2477
f 2486//2486 2485//2485 2488//2488
f 2485//2485 2486//2486 2478//2478
f 2478//2478 2477//2477 2485//2485
f 2484//2484 2488//2488 2485//2485
f 2488//2488 2489//2489 2486//2486
f 2489//2489 2488//2488 2491//2491
f 2428//2428 2491//2491 2488//2488
f 2488//2488 2484//2484 2428//2428
f 2491//2491 2493//2493 2489//2489
f 2494//2494 2492//2492 2496//2496
f 2426//2426 2496//2496 2492//2492
f 2492//2492 2429//2429 2426//2426
f 2496//2496 2497//2497 2494//2494
f 2497//2497 2496//2496 2499//2499
f 2424//2424 2499//2499 2496//2496
f 2496//2496 2426//2426 2424//2424
f 2499//2499 2500//2500 2497//2497
f 2500//2500 2499//2499 2502//2502
f 2422//2422 2502//2502 2499//2499
f 2499//2499 2424//2424 2422//2422
f 2502//2502 2503//2503 2500//2500
f 2503//2503 2502//2502 2505//2505
f 2421//2421 2505//2505 2502//2502
f 2502//2502 2422//2422 2421//2421
f 2505//2505 2506//2506 2503//2503
f 2506//2506 2505//2505 2508//2508
f 2510//2510 2508//2508 2505//2505
f 2505//2505 2421//2421 2510//2510
f 2509//2509 2511//2511 2399//2399
f 2407//2407 2399//2399 2511//2511
f 2511//2511 2419//2419 2407//2407
f 2419//2419 2510//2510 2421//2421
f 2508//2508 2512//2512 2506//2506
f 2513//2513 2509//2509 2394//2394
f 2399//2399 2394//2394 2509//2509
f 2390//2390 2507//2507 2514//2514
f 2390//2390 2514//2514 2396//2396
f 2394//2394 2395//2395 2513//2513
f 2390//2390 2504//2504 2507//2507
f 2515//2515 2501//2501 2504//2504
f 2390//2390 2515//2515 2504//2504
f 2516//2516 2517//2517 2452//2452
f 2518//2518 2515//2515 2390//2390
f 2453//2453 2519//2519 2515//2515
f 2515//2515 2519//2519 2487//2487
f 2515//2515 2487//2487 2490//2490
f 2515//2515 2490//2490 2495//2495
f 2515//2515 2495//2495 2498//2498
f 2515//2515 2498//2498 2501//2501
f 2519//2519 2479//2479 2487//2487
f 2475//2475 2479//2479 2519//2519
f 2475//2475 2519//2519 2361//2361
f 2453//2453 2361//2361 2519//2519
f 2523//2523 2518//2518 2521//2521
f 2390//2390 2521//2521 2518//2518
f 2517//2517 2522//2522 2452//2452
f 2528//2528 2523//2523 2525//2525
f 2521//2521 2526//2526 2523//2523
f 2522//2522 2527//2527 2529//2529
f 2522//2522 2529//2529 2531//2531
f 2522//2522 2531//2531 2452//2452
f 2531//2531 2534//2534 2413//2413
f 2535//2535 2532//2532 2537//2537
f 2539//2539 2537//2537 2533//2533
f 2533//2533 2541//2541 2539//2539
f 2529//2529 2540//2540 2531//2531
f 2531//2531 2413//2413 2452//2452
f 2539//2539 2541//2541 2530//2530
f 2536//2536 2538//2538 2542//2542
f 2530//2530 2543//2543 2539//2539
f 2543//2543 2530//2530 2528//2528
f 2528//2528 2545//2545 2543//2543
f 2542//2542 2544//2544 2524//2524
f 2536//2536 2542//2542 2524//2524
f 2525//2525 2545//2545 2528//2528
f 2537//2537 2412//2412 2535//2535
f 2411//2411 2536//2536 2369//2369
f 2536//2536 2524//2524 2369//2369
f 2414//2414 2535//2535 2412//2412
f 2524//2524 2520//2520 2389//2389
f 2524//2524 2389//2389 2369//2369
f 2484//2484 2433//2433 2430//2430
f 2430//2430 2428//2428 2484//2484
f 2439//2439 2481//2481 2457//2457
f 2465//2465 2481//2481 2468//2468
f 2481//2481 2465//2465 2458//2458
f 2458//2458 2457//2457 2481//2481
f 2473//2473 2475//2475 2361//2361
f 2548//2548 2473//2473 2361//2361
f 2472//2472 2546//2546 2469//2469
f 2550//2550 2548//2548 2361//2361
f 2547//2547 2549//2549 2551//2551
f 2551//2551 2470//2470 2547//2547
f 2551//2551 2552//2552 2553//2553
f 2552//2552 2551//2551 2549//2549
f 2470//2470 2551//2551 2464//2464
f 2553//2553 2464//2464 2551//2551
f 2464//2464 2553//2553 2462//2462
f 2554//2554 2462//2462 2553//2553
f 2553//2553 2555//2555 2554//2554
f 2555//2555 2553//2553 2552//2552
f 2556//2556 2554//2554 2555//2555
f 2555//2555 2557//2557 2556//2556
f 2557//2557 2555//2555 2558//2558
f 2552//2552 2558//2558 2555//2555
f 2558//2558 2559//2559 2557//2557
f 2559//2559 2558//2558 2374//2374
f 2560//2560 2374//2374 2558//2558
f 2558//2558 2552//2552 2560//2560
f 2549//2549 2560//2560 2552//2552
f 2561//2561 2550//2550 2361//2361
f 2375//2375 2561//2561 2361//2361
f 2559//2559 2562//2562 2564//2564
f 2562//2562 2559//2559 2376//2376
f 2374//2374 2376//2376 2559//2559
f 2564//2564 2557//2557 2559//2559
f 2557//2557 2564//2564 2566//2566
f 2567//2567 2566//2566 2565//2565
f 2565//2565 2568//2568 2567//2567
f 2568//2568 2565//2565 2563//2563
f 2402//2402 2567//2567 2568//2568
f 2568//2568 2401//2401 2402//2402
f 2401//2401 2568//2568 2569//2569
f 2563//2563 2569//2569 2568//2568
f 2569//2569 2387//2387 2401//2401
f 2387//2387 2569//2569 2381//2381
f 2379//2379 2381//2381 2569//2569
f 2569//2569 2563//2563 2379//2379
f 2567//2567 2402//2402 2405//2405
f 2566//2566 2567//2567 2570//2570
f 2405//2405 2570//2570 2567//2567
f 2445//2445 2570//2570 2405//2405
f 2445//2445 2571//2571 2570//2570
f 2570//2570 2571//2571 2566//2566
f 2556//2556 2566//2566 2571//2571
f 2445//2445 2572//2572 2571//2571
f 2571//2571 2572//2572 2556//2556
f 2554//2554 2556//2556 2572//2572
f 2445//2445 2461//2461 2572//2572
f 2572//2572 2461//2461 2554//2554
f 2566//2566 2556//2556 2557//2557
f 2376//2376 2378//2378 2562//2562
f 2462//2462 2554//2554 2461//2461
f 2459//2459 2458//2458 2465//2465
f 2457//2457 2440//2440 2439//2439
f 2456//2456 2574//2574 2578//2578
f 2574//2574 2455//2455 2449//2449
f 2454//2454 2575//2575 2579//2579
f 2578//2578 2576//2576 2456//2456
f 2452//2452 2454//2454 2581//2581
f 2454//2454 2579//2579 2581//2581
f 2452//2452 2581//2581 2363//2363
f 2366//2366 2364//2364 2582//2582
f 2582//2582 2373//2373 2366//2366
f 2372//2372 2582//2582 2584//2584
f 2579//2579 2583//2583 2581//2581
f 2584//2584 2586//2586 2372//2372
f 2588//2588 2586//2586 2584//2584
f 2584//2584 2580//2580 2588//2588
f 2371//2371 2585//2585 2587//2587
f 2578//2578 2588//2588 2580//2580
f 2587//2587 2577//2577 2573//2573
f 2371//2371 2587//2587 2573//2573
f 2580//2580 2576//2576 2578//2578
f 2369//2369 2573//2573 2446//2446
f 2449//2449 2447//2447 2574//2574
f 2369//2369 2371//2371 2573//2573
f 2413//2413 2450//2450 2452//2452
f 2362//2362 2452//2452 2363//2363
f 2441//2441 2451//2451 2414//2414
f 2444//2444 2369//2369 2446//2446
f 2370//2370 2445//2445 2405//2405
f 2408//2408 2407//2407 2419//2419
f 2399//2399 2407//2407 2398//2398
f 2401//2401 2387//2387 2388//2388
f 2390//2390 2396//2396 2392//2392
f 2389//2389 2367//2367 2369//2369
f 2381//2381 2383//2383 2387//2387
f 2605//2605 2591//2591 2590//2590
f 2590//2590 2591//2591 2594//2594
f 2594//2594 2596//2596 2590//2590
f 2589//2589 2595//2595 2601//2601
f 2616//2616 2590//2590 2598//2598
f 2599//2599 2597//2597 2589//2589
f 2599//2599 2589//2589 2601//2601
f 2607//2607 2605//2605 2590//2590
f 2610//2610 2607//2607 2590//2590
f 2612//2612 2610//2610 2590//2590
f 2614//2614 2612//2612 2590//2590
f 2616//2616 2614//2614 2590//2590
f 2617//2617 2613//2613 2615//2615
f 2616//2616 2598//2598 2620//2620
f 2615//2615 2618//2618 2617//2617
f 2623//2623 2618//2618 2615//2615
f 2616//2616 2620//2620 2622//2622
f 2615//2615 2621//2621 2623//2623
f 2627//2627 2623//2623 2624//2624
f 2625//2625 2624//2624 2623//2623
f 2623//2623 2621//2621 2625//2625
f 2618//2618 2623//2623 2627//2627
f 2630//2630 2627//2627 2628//2628
f 2628//2628 2627//2627 2629//2629
f 2624//2624 2629//2629 2627//2627
f 2627//2627 2630//2630 2618//2618
f 2618//2618 2630//2630 2631//2631
f 2632//2632 2631//2631 2630//2630
f 2630//2630 2633//2633 2632//2632
f 2628//2628 2633//2633 2630//2630
f 2632//2632 2633//2633 2634//2634
f 2634//2634 2633//2633 2628//2628
f 2634//2634 2635//2635 2632//2632
f 2600//2600 2635//2635 2634//2634
f 2600//2600 2634//2634 2636//2636
f 2628//2628 2636//2636 2634//2634
f 2636//2636 2628//2628 2637//2637
f 2637//2637 2638//2638 2636//2636
f 2636//2636 2638//2638 2640//2640
f 2600//2600 2636//2636 2640//2640
f 2639//2639 2641//2641 2599//2599
f 2642//2642 2640//2640 2644//2644
f 2645//2645 2644//2644 2640//2640
f 2646//2646 2645//2645 2640//2640
f 2647//2647 2646//2646 2640//2640
f 2648//2648 2647//2647 2640//2640
f 2638//2638 2648//2648 2640//2640
f 2648//2648 2649//2649 2650//2650
f 2649//2649 2648//2648 2638//2638
f 2650//2650 2647//2647 2648//2648
f 2650//2650 2651//2651 2652//2652
f 2651//2651 2650//2650 2649//2649
f 2652//2652 2653//2653 2650//2650
f 2647//2647 2650//2650 2653//2653
f 2653//2653 2652//2652 2654//2654
f 2654//2654 2655//2655 2653//2653
f 2646//2646 2653//2653 2655//2655
f 2653//2653 2646//2646 2647//2647
f 2655//2655 2654//2654 2656//2656
f 2656//2656 2657//2657 2655//2655
f 2645//2645 2655//2655 2657//2657
f 2655//2655 2645//2645 2646//2646
f 2657//2657 2656//2656 2659//2659
f 2659//2659 2660//2660 2657//2657
f 2661//2661 2657//2657 2660//2660
f 2657//2657 2661//2661 2645//2645
f 2645//2645 2661//2661 2644//2644
f 2660//2660 2662//2662 2661//2661
f 2661//2661 2662//2662 2644//2644
f 2662//2662 2660//2660 2663//2663
f 2663//2663 2664//2664 2662//2662
f 2662//2662 2664//2664 2644//2644
f 2664//2664 2663//2663 2665//2665
f 2665//2665 2666//2666 2664//2664
f 2664//2664 2666//2666 2644//2644
f 2667//2667 2666//2666 2665//2665
f 2666//2666 2667//2667 2644//2644
f 2665//2665 2668//2668 2667//2667
f 2667//2667 2668//2668 2669//2669
f 2669//2669 2670//2670 2667//2667
f 2673//2673 2667//2667 2670//2670
f 2667//2667 2671//2671 2644//2644
f 2673//2673 2671//2671 2667//2667
f 2675//2675 2673//2673 2690//2690
f 2673//2673 2675//2675 2677//2677
f 2677//2677 2679//2679 2673//2673
f 2672//2672 2678//2678 2684//2684
f 2671//2671 2673//2673 2681//2681
f 2682//2682 2680//2680 2672//2672
f 2682//2682 2672//2672 2684//2684
f 2673//2673 2670//2670 2687//2687
f 2673//2673 2687//2687 2688//2688
f 2673//2673 2688//2688 2689//2689
f 2673//2673 2689//2689 2690//2690
f 2675//2675 2690//2690 2691//2691
f 2691//2691 2690//2690 2692//2692
f 2693//2693 2692//2692 2690//2690
f 2690//2690 2689//2689 2693//2693
f 2692//2692 2693//2693 2694//2694
f 2697//2697 2694//2694 2693//2693
f 2695//2695 2693//2693 2689//2689
f 2693//2693 2695//2695 2697//2697
f 2698//2698 2696//2696 2695//2695
f 2694//2694 2697//2697 2700//2700
f 2696//2696 2698//2698 2701//2701
f 2701//2701 2699//2699 2696//2696
f 2699//2699 2701//2701 2702//2702
f 2704//2704 2702//2702 2701//2701
f 2701//2701 2706//2706 2704//2704
f 2706//2706 2701//2701 2698//2698
f 2707//2707 2706//2706 2710//2710
f 2706//2706 2707//2707 2708//2708
f 2708//2708 2704//2704 2706//2706
f 2698//2698 2710//2710 2706//2706
f 2710//2710 2669//2669 2668//2668
f 2711//2711 2669//2669 2710//2710
f 2710//2710 2698//2698 2711//2711
f 2710//2710 2712//2712 2707//2707
f 2668//2668 2712//2712 2710//2710
f 2713//2713 2712//2712 2668//2668
f 2707//2707 2712//2712 2713//2713
f 2715//2715 2713//2713 2714//2714
f 2663//2663 2714//2714 2713//2713
f 2713//2713 2665//2665 2663//2663
f 2668//2668 2665//2665 2713//2713
f 2713//2713 2715//2715 2707//2707
f 2716//2716 2715//2715 2718//2718
f 2715//2715 2716//2716 2708//2708
f 2708//2708 2707//2707 2715//2715
f 2714//2714 2718//2718 2715//2715
f 2718//2718 2719//2719 2716//2716
f 2719//2719 2718//2718 2721//2721
f 2658//2658 2721//2721 2718//2718
f 2718//2718 2714//2714 2658//2658
f 2721//2721 2723//2723 2719//2719
f 2724//2724 2722//2722 2726//2726
f 2656//2656 2726//2726 2722//2722
f 2722//2722 2659//2659 2656//2656
f 2726//2726 2727//2727 2724//2724
f 2727//2727 2726//2726 2729//2729
f 2654//2654 2729//2729 2726//2726
f 2726//2726 2656//2656 2654//2654
f 2729//2729 2730//2730 2727//2727
f 2730//2730 2729//2729 2732//2732
f 2652//2652 2732//2732 2729//2729
f 2729//2729 2654//2654 2652//2652
f 2732//2732 2733//2733 2730//2730
f 2733//2733 2732//2732 2735//2735
f 2651//2651 2735//2735 2732//2732
f 2732//2732 2652//2652 2651//2651
f 2735//2735 2736//2736 2733//2733
f 2736//2736 2735//2735 2738//2738
f 2740//2740 2738//2738 2735//2735
f 2735//2735 2651//2651 2740//2740
f 2739//2739 2741//2741 2629//2629
f 2637//2637 2629//2629 2741//2741
f 2741//2741 2649//2649 2637//2637
f 2649//2649 2740//2740 2651//2651
f 2738//2738 2742//2742 2736//2736
f 2743//2743 2739//2739 2624//2624
f 2629//2629 2624//2624 2739//2739
f 2620//2620 2737//2737 2744//2744
f 2620//2620 2744//2744 2626//2626
f 2624//2624 2625//2625 2743//2743
f 2620//2620 2734//2734 2737//2737
f 2746//2746 2731//2731 2734//2734
f 2620//2620 2746//2746 2734//2734
f 2745//2745 2748//2748 2682//2682
f 2747//2747 2746//2746 2620//2620
f 2683//2683 2749//2749 2746//2746
f 2746//2746 2749//2749 2717//2717
f 2746//2746 2717//2717 2720//2720
f 2746//2746 2720//2720 2725//2725
f 2746//2746 2725//2725 2728//2728
f 2746//2746 2728//2728 2731//2731
f 2749//2749 2709//2709 2717//2717
f 2705//2705 2709//2709 2749//2749
f 2705//2705 2749//2749 2591//2591
f 2683//2683 2591//2591 2749//2749
f 2753//2753 2747//2747 2751//2751
f 2620//2620 2751//2751 2747//2747
f 2748//2748 2752//2752 2682//2682
f 2758//2758 2753//2753 2755//2755
f 2751//2751 2756//2756 2753//2753
f 2752//2752 2757//2757 2759//2759
f 2752//2752 2759//2759 2761//2761
f 2752//2752 2761//2761 2682//2682
f 2761//2761 2764//2764 2643//2643
f 2765//2765 2762//2762 2767//2767
f 2769//2769 2767//2767 2763//2763
f 2763//2763 2771//2771 2769//2769
f 2759//2759 2770//2770 2761//2761
f 2761//2761 2643//2643 2682//2682
f 2769//2769 2771//2771 2760//2760
f 2766//2766 2768//2768 2772//2772
f 2760//2760 2773//2773 2769//2769
f 2773//2773 2760//2760 2758//2758
f 2758//2758 2775//2775 2773//2773
f 2772//2772 2774//2774 2754//2754
f 2766//2766 2772//2772 2754//2754
f 2755//2755 2775//2775 2758//2758
f 2767//2767 2642//2642 2765//2765
f 2641//2641 2766//2766 2599//2599
f 2766//2766 2754//2754 2599//2599
f 2644//2644 2765//2765 2642//2642
f 2754//2754 2750//2750 2619//2619
f 2754//2754 2619//2619 2599//2599
f 2714//2714 2663//2663 2660//2660
f 2660//2660 2658//2658 2714//2714
f 2669//2669 2711//2711 2687//2687
f 2695//2695 2711//2711 2698//2698
f 2711//2711 2695//2695 2688//2688
f 2688//2688 2687//2687 2711//2711
f 2703//2703 2705//2705 2591//2591
f 2778//2778 2703//2703 2591//2591
f 2702//2702 2776//2776 2699//2699
f 2780//2780 2778//2778 2591//2591
f 2777//2777 2779//2779 2781//2781
f 2781//2781 2700//2700 2777//2777
f 2781//2781 2782//2782 2783//2783
f 2782//2782 2781//2781 2779//2779
f 2700//2700 2781//2781 2694//2694
f 2783//2783 2694//2694 2781//2781
f 2694//2694 2783//2783 2692//2692
f 2784//2784 2692//2692 2783//2783
f 2783//2783 2785//2785 2784//2784
f 2785//2785 2783//2783 2782//2782
f 2786//2786 2784//2784 2785//2785
f 2785//2785 2787//2787 2786//2786
f 2787//2787 2785//2785 2788//2788
f 2782//2782 2788//2788 2785//2785
f 2788//2788 2789//2789 2787//2787
f 2789//2789 2788//2788 2604//2604
f 2790//2790 2604//2604 2788//2788
f 2788//2788 2782//2782 2790//2790
f 2779//2779 2790//2790 2782//2782
f 2791//2791 2780//2780 2591//2591
f 2605//2605 2791//2791 2591//2591
f 2789//2789 2792//2792 2794//2794
f 2792//2792 2789//2789 2606//2606
f 2604//2604 2606//2606 2789//2789
f 2794//2794 2787//2787 2789//2789
f 2787//2787 2794//2794 2796//2796
f 2797//2797 2796//2796 2795//2795
f 2795//2795 2798//2798 2797//2797
f 2798//2798 2795//2795 2793//2793
f 2632//2632 2797//2797 2798//2798
f 2798//2798 2631//2631 2632//2632
f 2631//2631 2798//2798 2799//2799
f 2793//2793 2799//2799 2798//2798
f 2799//2799 2617//2617 2631//2631
f 2617//2617 2799//2799 2611//2611
f 2609//2609 2611//2611 2799//2799
f 2799//2799 2793//2793 2609//2609
f 2797//2797 2632//2632 2635//2635
f 2796//2796 2797//2797 2800//2800
f 2635//2635 2800//2800 2797//2797
f 2675//2675 2800//2800 2635//2635
f 2675//2675 2801//2801 2800//2800
f 2800//2800 2801//2801 2796//2796
f 2786//2786 2796//2796 2801//2801
f 2675//2675 2802//2802 2801//2801
f 2801//2801 2802//2802 2786//2786
f 2784//2784 2786//2786 2802//2802
f 2675//2675 2691//2691 2802//2802
f 2802//2802 2691//2691 2784//2784
f 2796//2796 2786//2786 2787//2787
f 2606//2606 2608//2608 2792//2792
f 2692//2692 2784//2784 2691//2691
f 2689//2689 2688//2688 2695//2695
f 2687//2687 2670//2670 2669//2669
f 2686//2686 2804//2804 2808//2808
f 2804//2804 2685//2685 2679//2679
f 2684//2684 2805//2805 2809//2809
f 2808//2808 2806//2806 2686//2686
f 2682//2682 2684//2684 2811//2811
f 2684//2684 2809//2809 2811//2811
f 2682//2682 2811//2811 2593//2593
f 2596//2596 2594//2594 2812//2812
f 2812//2812 2603//2603 2596//2596
f 2602//2602 2812//2812 2814//2814
f 2809//2809 2813//2813 2811//2811
f 2814//2814 2816//2816 2602//2602
f 2818//2818 2816//2816 2814//2814
f 2814//2814 2810//2810 2818//2818
f 2601//2601 2815//2815 2817//2817
f 2808//2808 2818//2818 2810//2810
f 2817//2817 2807//2807 2803//2803
f 2601//2601 2817//2817 2803//2803
f 2810//2810 2806//2806 2808//2808
f 2599//2599 2803//2803 2676//2676
f 2679//2679 2677//2677 2804//2804
f 2599//2599 2601//2601 2803//2803
f 2643//2643 2680//2680 2682//2682
f 2592//2592 2682//2682 2593//2593
f 2671//2671 2681//2681 2644//2644
f 2674//2674 2599//2599 2676//2676
f 2600//2600 2675//2675 2635//2635
f 2638//2638 2637//2637 2649//2649
f 2629//2629 2637//2637 2628//2628
f 2631//2631 2617//2617 2618//2618
f 2620//2620 2626//2626 2622//2622
f 2619//2619 2597//2597 2599//2599
f 2611//2611 2613//2613 2617//2617
f 2835//2835 2822//2822 2820//2820
f 2820//2820 2822//2822 2824//2824
f 2824//2824 2826//2826 2820//2820
f 2819//2819 2825//2825 2831//2831
f 2846//2846 2820//2820 2828//2828
f 2829//2829 2827//2827 2819//2819
f 2829//2829 2819//2819 2831//2831
f 2837//2837 2835//2835 2820//2820
f 2840//2840 2837//2837 2820//2820
f 2842//2842 2840//2840 2820//2820
f 2844//2844 2842//2842 2820//2820
f 2846//2846 2844//2844 2820//2820
f 2847//2847 2843//2843 2845//2845
f 2846//2846 2828//2828 2850//2850
f 2845//2845 2848//2848 2847//2847
f 2853//2853 2848//2848 2845//2845
f 2846//2846 2850//2850 2852//2852
f 2845//2845 2851//2851 2853//2853
f 2857//2857 2853//2853 2854//2854
f 2855//2855 2854//2854 2853//2853
f 2853//2853 2851//2851 2855//2855
f 2848//2848 2853//2853 2857//2857
f 2860//2860 2857//2857 2858//2858
f 2858//2858 2857//2857 2859//2859
f 2854//2854 2859//2859 2857//2857
f 2857//2857 2860//2860 2848//2848
f 2848//2848 2860//2860 2861//2861
f 2862//2862 2861//2861 2860//2860
f 2860//2860 2863//2863 2862//2862
f 2858//2858 2863//2863 2860//2860
f 2862//2862 2863//2863 2864//2864
f 2864//2864 2863//2863 2858//2858
f 2864//2864 2865//2865 2862//2862
f 2830//2830 2865//2865 2864//2864
f 2830//2830 2864//2864 2866//2866
f 2858//2858 2866//2866 2864//2864
f 2866//2866 2858//2858 2867//2867
f 2867//2867 2868//2868 2866//2866
f 2866//2866 2868//2868 2870//2870
f 2830//2830 2866//2866 2870//2870
f 2869//2869 2871//2871 2829//2829
f 2872//2872 2870//2870 2874//2874
f 2875//2875 2874//2874 2870//2870
f 2876//2876 2875//2875 2870//2870
f 2877//2877 2876//2876 2870//2870
f 2878//2878 2877//2877 2870//2870
f 2868//2868 2878//2878 2870//2870
f 2878//2878 2879//2879 2880//2880
f 2879//2879 2878//2878 2868//2868
f 2880//2880 2877//2877 2878//2878
f 2880//2880 2881//2881 2882//2882
f 2881//2881 2880//2880 2879//2879
f 2882//2882 2883//2883 2880//2880
f 2877//2877 2880//2880 2883//2883
f 2883//2883 2882//2882 2884//2884
f 2884//2884 2885//2885 2883//2883
f 2876//2876 2883//2883 2885//2885
f 2883//2883 2876//2876 2877//2877
f 2885//2885 2884//2884 2886//2886
f 2886//2886 2887//2887 2885//2885
f 2875//2875 2885//2885 2887//2887
f 2885//2885 2875//2875 2876//2876
f 2887//2887 2886//2886 2889//2889
f 2889//2889 2890//2890 2887//2887
f 2891//2891 2887//2887 2890//2890
f 2887//2887 2891//2891 2875//2875
f 2875//2875 2891//2891 2874//2874
f 2890//2890 2892//2892 2891//2891
f 2891//2891 2892//2892 2874//2874
f 2892//2892 2890//2890 2893//2893
f 2893//2893 2894//2894 2892//2892
f 2892//2892 2894//2894 2874//2874
f 2894//2894 2893//2893 2895//2895
f 2895//2895 2896//2896 2894//2894
f 2894//2894 2896//2896 2874//2874
f 2897//2897 2896//2896 2895//2895
f 2896//2896 2897//2897 2874//2874
f 2895//2895 2898//2898 2897//2897
f 2897//2897 2898//2898 2899//2899
f 2899//2899 2900//2900 2897//2897
f 2903//2903 2897//2897 2900//2900
f 2897//2897 2901//2901 2874//2874
f 2903//2903 2901//2901 2897//2897
f 2905//2905 2903//2903 2920//2920
f 2903//2903 2905//2905 2907//2907
f 2907//2907 2909//2909 2903//2903
f 2902//2902 2908//2908 2914//2914
f 2901//2901 2903//2903 2911//2911
f 2912//2912 2910//2910 2902//2902
f 2912//2912 2902//2902 2914//2914
f 2903//2903 2900//2900 2917//2917
f 2903//2903 2917//2917 2918//2918
f 2903//2903 2918//2918 2919//2919
f 2903//2903 2919//2919 2920//2920
f 2905//2905 2920//2920 2921//2921
f 2921//2921 2920//2920 2922//2922
f 2923//2923 2922//2922 2920//2920
f 2920//2920 2919//2919 2923//2923
f 2922//2922 2923//2923 2924//2924
f 2927//2927 2924//2924 2923//2923
f 2925//2925 2923//2923 2919//2919
f 2923//2923 2925//2925 2927//2927
f 2928//2928 2926//2926 2925//2925
f 2924//2924 2927//2927 2930//2930
f 2926//2926 2928//2928 2931//2931
f 2931//2931 2929//2929 2926//2926
f 2929//2929 2931//2931 2932//2932
f 2934//2934 2932//2932 2931//2931
f 2931//2931 2936//2936 2934//2934
f 2936//2936 2931//2931 2928//2928
f 2937//2937 2936//2936 2940//2940
f 2936//2936 2937//2937 2938//2938
f 2938//2938 2934//2934 2936//2936
f 2928//2928 2940//2940 2936//2936
f 2940//2940 2899//2899 2898//2898
f 2941//2941 2899//2899 2940//2940
f 2940//2940 2928//2928 2941//2941
f 2940//2940 2942//2942 2937//2937
f 2898//2898 2942//2942 2940//2940
f 2943//2943 2942//2942 2898//2898
f 2937//2937 2942//2942 2943//2943
f 2945//2945 2943//2943 2944//2944
f 2893//2893 2944//2944 2943//2943
f 2943//2943 2895//2895 2893//2893
f 2898//2898 2895//2895 2943//2943
f 2943//2943 2945//2945 2937//2937
f 2946//2946 2945//2945 2948//2948
f 2945//2945 2946//2946 2938//2938
f 2938//2938 2937//2937 2945//2945
f 2944//2944 2948//2948 2945//2945
f 2948//2948 2949//2949 2946//2946
f 2949//2949 2948//2948 2951//2951
f 2888//2888 2951//2951 2948//2948
f 2948//2948 2944//2944 2888//2888
f 2951//2951 2953//2953 2949//2949
f 2954//2954 2952//2952 2956//2956
f 2886//2886 2956//2956 2952//2952
f 2952//2952 2889//2889 2886//2886
f 2956//2956 2957//2957 2954//2954
f 2957//2957 2956//2956 2959//2959
f 2884//2884 2959//2959 2956//2956
f 2956//2956 2886//2886 2884//2884
f 2959//2959 2960//2960 2957//2957
f 2960//2960 2959//2959 2962//2962
f 2882//2882 2962//2962 2959//2959
f 2959//2959 2884//2884 2882//2882
f 2962//2962 2963//2963 2960//2960
f 2963//2963 2962//2962 2965//2965
f 2881//2881 2965//2965 2962//2962
f 2962//2962 2882//2882 2881//2881
f 2965//2965 2966//2966 2963//2963
f 2966//2966 2965//2965 2968//2968
f 2970//2970 2968//2968 2965//2965
f 2965//2965 2881//2881 2970//2970
f 2969//2969 2971//2971 2859//2859
f 2867//2867 2859//2859 2971//2971
f 2971//2971 2879//2879 2867//2867
f 2879//2879 2970//2970 2881//2881
f 2968//2968 2972//2972 2966//2966
f 2973//2973 2969//2969 2854//2854
f 2859//2859 2854//2854 2969//2969
f 2850//2850 2967//2967 2974//2974
f 2850//2850 2974//2974 2856//2856
f 2854//2854 2855//2855 2973//2973
f 2850//2850 2964//2964 2967//2967
f 2976//2976 2961//2961 2964//2964
f 2850//2850 2976//2976 2964//2964
f 2975//2975 2977//2977 2912//2912
f 2978//2978 2976//2976 2850//2850
f 2913//2913 2979//2979 2976//2976
f 2976//2976 2979//2979 2947//2947
f 2976//2976 2947//2947 2950//2950
f 2976//2976 2950//2950 2955//2955
f 2976//2976 2955//2955 2958//2958
f 2976//2976 2958//2958 2961//2961
f 2979//2979 2939//2939 2947//2947
f 2935//2935 2939//2939 2979//2979
f 2935//2935 2979//2979 2822//2822
f 2913//2913 2822//2822 2979//2979
f 2983//2983 2978//2978 2981//2981
f 2850//2850 2981//2981 2978//2978
f 2977//2977 2982//2982 2912//2912
f 2988//2988 2983//2983 2985//2985
f 2981//2981 2986//2986 2983//2983
f 2982//2982 2987//2987 2989//2989
f 2982//2982 2989//2989 2991//2991
f 2982//2982 2991//2991 2912//2912
f 2991//2991 2994//2994 2873//2873
f 2995//2995 2992//2992 2997//2997
f 2999//2999 2997//2997 2993//2993
f 2993//2993 3001//3001 2999//2999
f 2989//2989 3000//3000 2991//2991
f 2991//2991 2873//2873 2912//2912
f 2999//2999 3001//3001 2990//2990
f 2996//2996 2998//2998 3002//3002
f 2990//2990 3003//3003 2999//2999
f 3003//3003 2990//2990 2988//2988
f 2988//2988 3005//3005 3003//3003
f 3002//3002 3004//3004 2984//2984
f 2996//2996 3002//3002 2984//2984
f 2985//2985 3005//3005 2988//2988
f 2997//2997 2872//2872 2995//2995
f 2871//2871 2996//2996 2829//2829
f 2996//2996 2984//2984 2829//2829
f 2874//2874 2995//2995 2872//2872
f 2984//2984 2980//2980 2849//2849
f 2984//2984 2849//2849 2829//2829
f 2944//2944 2893//2893 2890//2890
f 2890//2890 2888//2888 2944//2944
f 2899//2899 2941//2941 2917//2917
f 2925//2925 2941//2941 2928//2928
f 2941//2941 2925//2925 2918//2918
f 2918//2918 2917//2917 2941//2941
f 2933//2933 2935//2935 2822//2822
f 3008//3008 2933//2933 2822//2822
f 2932//2932 3006//3006 2929//2929
f 3010//3010 3008//3008 2822//2822
f 3007//3007 3009//3009 3011//3011
f 3011//3011 2930//2930 3007//3007
f 3011//3011 3012//3012 3013//3013
f 3012//3012 3011//3011 3009//3009
f 2930//2930 3011//3011 2924//2924
f 3013//3013 2924//2924 3011//3011
f 2924//2924 3013//3013 2922//2922
f 3014//3014 2922//2922 3013//3013
f 3013//3013 3015//3015 3014//3014
f 3015//3015 3013//3013 3012//3012
f 3016//3016 3014//3014 3015//3015
f 3015//3015 3017//3017 3016//3016
f 3017//3017 3015//3015 3018//3018
f 3012//3012 3018//3018 3015//3015
f 3018//3018 3019//3019 3017//3017
f 3019//3019 3018//3018 2834//2834
f 3020//3020 2834//2834 3018//3018
f 3018//3018 3012//3012 3020//3020
f 3009//3009 3020//3020 3012//3012
f 3021//3021 3010//3010 2822//2822
f 2835//2835 3021//3021 2822//2822
f 3019//3019 3022//3022 3024//3024
f 3022//3022 3019//3019 2836//2836
f 2834//2834 2836//2836 3019//3019
f 3024//3024 3017//3017 3019//3019
f 3017//3017 3024//3024 3026//3026
f 3027//3027 3026//3026 3025//3025
f 3025//3025 3028//3028 3027//3027
f 3028//3028 3025//3025 3023//3023
f 2862//2862 3027//3027 3028//3028
f 3028//3028 2861//2861 2862//2862
f 2861//2861 3028//3028 3029//3029
f 3023//3023 3029//3029 3028//3028
f 3029//3029 2847//2847 2861//2861
f 2847//2847 3029//3029 2841//2841
f 2839//2839 2841//2841 3029//3029
f 3029//3029 3023//3023 2839//2839
f 3027//3027 2862//2862 2865//2865
f 3026//3026 3027//3027 3030//3030
f 2865//2865 3030//3030 3027//3027
f 2905//2905 3030//3030 2865//2865
f 2905//2905 3031//3031 3030//3030
f 3030//3030 3031//3031 3026//3026
f 3016//3016 3026//3026 3031//3031
f 2905//2905 3032//3032 3031//3031
f 3031//3031 3032//3032 3016//3016
f 3014//3014 3016//3016 3032//3032
f 2905//2905 2921//2921 3032//3032
f 3032//3032 2921//2921 3014//3014
f 3026//3026 3016//3016 3017//3017
f 2836//2836 2838//2838 3022//3022
f 2922//2922 3014//3014 2921//2921
f 2919//2919 2918//2918 2925//2925
f 2917//2917 2900//2900 2899//2899
f 2916//2916 3034//3034 3038//3038
f 3034//3034 2915//2915 2909//2909
f 2914//2914 3035//3035 3039//3039
f 3038//3038 3036//3036 2916//2916
f 2912//2912 2914//2914 3041//3041
f 2914//2914 3039//3039 3041//3041
f 2912//2912 3041//3041 2823//2823
f 2826//2826 2824//2824 3042//3042
f 3042//3042 2833//2833 2826//2826
f 2832//2832 3042//3042 3044//3044
f 3039//3039 3043//3043 3041//3041
f 3044//3044 3046//3046 2832//2832
f 3048//3048 3046//3046 3044//3044
f 3044//3044 3040//3040 3048//3048
f 2831//2831 3045//3045 3047//3047
f 3038//3038 3048//3048 3040//3040
f 3047//3047 3037//3037 3033//3033
f 2831//2831 3047//3047 3033//3033
f 3040//3040 3036//3036 3038//3038
f 2829//2829 3033//3033 2906//2906
f 2909//2909 2907//2907 3034//3034
f 2829//2829 2831//2831 3033//3033
f 2873//2873 2910//2910 2912//2912
f 2821//2821 2912//2912 2823//2823
f 2901//2901 2911//2911 2874//2874
f 2904//2904 2829//2829 2906//2906
f 2830//2830 2905//2905 2865//2865
f 2868//2868 2867//2867 2879//2879
f 2859//2859 2867//2867 2858//2858
f 2861//2861 2847//2847 2848//2848
f 2850//2850 2856//2856 2852//2852
f 2849//2849 2827//2827 2829//2829
f 2841//2841 2843//2843 2847//2847
f 3065//3065 3052//3052 3050//3050
f 3050//3050 3052//3052 3054//3054
f 3054//3054 3056//3056 3050//3050
f 3049//3049 3055//3055 3061//3061
f 3076//3076 3050//3050 3058//3058
f 3059//3059 3057//3057 3049//3049
f 3059//3059 3049//3049 3061//3061
f 3067//3067 3065//3065 3050//3050
f 3070//3070 3067//3067 3050//3050
f 3072//3072 3070//3070 3050//3050
f 3074//3074 3072//3072 3050//3050
f 3076//3076 3074//3074 3050//3050
f 3077//3077 3073//3073 3075//3075
f 3076//3076 3058//3058 3080//3080
f 3075//3075 3078//3078 3077//3077
f 3083//3083 3078//3078 3075//3075
f 3076//3076 3080//3080 3082//3082
f 3075//3075 3081//3081 3083//3083
f 3087//3087 3083//3083 3084//3084
f 3085//3085 3084//3084 3083//3083
f 3083//3083 3081//3081 3085//3085
f 3078//3078 3083//3083 3087//3087
f 3090//3090 3087//3087 3088//3088
f 3088//3088 3087//3087 3089//3089
f 3084//3084 3089//3089 3087//3087
f 3087//3087 3090//3090 3078//3078
f 3078//3078 3090//3090 3091//3091
f 3092//3092 3091//3091 3090//3090
f 3090//3090 3093//3093 3092//3092
f 3088//3088 3093//3093 3090//3090
f 3092//3092 3093//3093 3094//3094
f 3094//3094 3093//3093 3088//3088
f 3094//3094 3095//3095 3092//3092
f 3060//3060 3095//3095 3094//3094
f 3060//3060 3094//3094 3096//3096
f 3088//3088 3096//3096 3094//3094
f 3096//3096 3088//3088 3097//3097
f 3097//3097 3098//3098 3096//3096
f 3096//3096 3098//3098 3100//3100
f 3060//3060 3096//3096 3100//3100
f 3099//3099 3101//3101 3059//3059
f 3102//3102 3100//3100 3104//3104
f 3105//3105 3104//3104 3100//3100
f 3106//3106 3105//3105 3100//3100
f 3107//3107 3106//3106 3100//3100
f 3108//3108 3107//3107 3100//3100
f 3098//3098 3108//3108 3100//3100
f 3108//3108 3109//3109 3110//3110
f 3109//3109 3108//3108 3098//3098
f 3110//3110 3107//3107 3108//3108
f 3110//3110 3111//3111 3112//3112
f 3111//3111 3110//3110 3109//3109
f 3112//3112 3113//3113 3110//3110
f 3107//3107 3110//3110 3113//3113
f 3113//3113 3112//3112 3114//3114
f 3114//3114 3115//3115 3113//3113
f 3106//3106 3113//3113 3115//3115
f 3113//3113 3106//3106 3107//3107
f 3115//3115 3114//3114 3116//3116
f 3116//3116 3117//3117 3115//3115
f 3105//3105 3115//3115 3117//3117
f 3115//3115 3105//3105 3106//3106
f 3117//3117 3116//3116 3119//3119
f 3119//3119 3120//3120 3117//3117
f 3121//3121 3117//3117 3120//3120
f 3117//3117 3121//3121 3105//3105
f 3105//3105 3121//3121 3104//3104
f 3120//3120 3122//3122 3121//3121
f 3121//3121 3122//3122 3104//3104
f 3122//3122 3120//3120 3123//3123
f 3123//3123 3124//3124 3122//3122
f 3122//3122 3124//3124 3104//3104
f 3124//3124 3123//3123 3125//3125
f 3125//3125 3126//3126 3124//3124
f 3124//3124 3126//3126 3104//3104
f 3127//3127 3126//3126 3125//3125
f 3126//3126 3127//3127 3104//3104
f 3125//3125 3128//3128 3127//3127
f 3127//3127 3128//3128 3129//3129
f 3129//3129 3130//3130 3127//3127
f 3133//3133 3127//3127 3130//3130
f 3127//3127 3131//3131 3104//3104
f 3133//3133 3131//3131 3127//3127
f 3135//3135 3133//3133 3150//3150
f 3133//3133 3135//3135 3137//3137
f 3137//3137 3139//3139 3133//3133
f 3132//3132 3138//3138 3144//3144
f 3131//3131 3133//3133 3141//3141
f 3142//3142 3140//3140 3132//3132
f 3142//3142 3132//3132 3144//3144
f 3133//3133 3130//3130 3147//3147
f 3133//3133 3147//3147 3148//3148
f 3133//3133 3148//3148 3149//3149
f 3133//3133 3149//3149 3150//3150
f 3135//3135 3150//3150 3151//3151
f 3151//3151 3150//3150 3152//3152
f 3153//3153 3152//3152 3150//3150
f 3150//3150 3149//3149 3153//3153
f 3152//3152 3153//3153 3154//3154
f 3157//3157 3154//3154 3153//3153
f 3155//3155 3153//3153 3149//3149
f 3153//3153 3155//3155 3157//3157
f 3158//3158 3156//3156 3155//3155
f 3154//3154 3157//3157 3160//3160
f 3156//3156 3158//3158 3161//3161
f 3161//3161 3159//3159 3156//3156
f 3159//3159 3161//3161 3162//3162
f 3164//3164 3162//3162 3161//3161
f 3161//3161 3166//3166 3164//3164
f 3166//3166 3161//3161 3158//3158
f 3167//3167 3166//3166 3170//3170
f 3166//3166 3167//3167 3168//3168
f 3168//3168 3164//3164 3166//3166
f 3158//3158 3170//3170 3166//3166
f 3170//3170 3129//3129 3128//3128
f 3171//3171 3129//3129 3170//3170
f 3170//3170 3158//3158 3171//3171
f 3170//3170 3172//3172 3167//3167
f 3128//3128 3172//3172 3170//3170
f 3173//3173 3172//3172 3128//3128
f 3167//3167 3172//3172 3173//3173
f 3175//3175 3173//3173 3174//3174
f 3123//3123 3174//3174 3173//3173
f 3173//3173 3125//3125 3123//3123
f 3128//3128 3125//3125 3173//3173
f 3173//3173 3175//3175 3167//3167
f 3176//3176 3175//3175 3178//3178
f 3175//3175 3176//3176 3168//3168
f 3168//3168 3167//3167 3175//3175
f 3174//3174 3178//3178 3175//3175
f 3178//3178 3179//3179 3176//3176
f 3179//3179 3178//3178 3181//3181
f 3118//3118 3181//3181 3178//3178
f 3178//3178 3174//3174 3118//3118
f 3181//3181 3183//3183 3179//3179
f 3184//3184 3182//3182 3186//3186
f 3116//3116 3186//3186 3182//3182
f 3182//3182 3119//3119 3116//3116
f 3186//3186 3187//3187 3184//3184
f 3187//3187 3186//3186 3189//3189
f 3114//3114 3189//3189 3186//3186
f 3186//3186 3116//3116 3114//3114
f 3189//3189 3190//3190 3187//3187
f 3190//3190 3189//3189 3192//3192
f 3112//3112 3192//3192 3189//3189
f 3189//3189 3114//3114 3112//3112
f 3192//3192 3193//3193 3190//3190
f 3193//3193 3192//3192 3195//3195
f 3111//3111 3195//3195 3192//3192
f 3192//3192 3112//3112 3111//3111
f 3195//3195 3196//3196 3193//3193
f 3196//3196 3195//3195 3198//3198
f 3200//3200 3198//3198 3195//3195
f 3195//3195 3111//3111 3200//3200
f 3199//3199 3201//3201 3089//3089
f 3097//3097 3089//3089 3201//3201
f 3201//3201 3109//3109 3097//3097
f 3109//3109 3200//3200 3111//3111
f 3198//3198 3202//3202 3196//3196
f 3203//3203 3199//3199 3084//3084
f 3089//3089 3084//3084 3199//3199
f 3080//3080 3197//3197 3204//3204
f 3080//3080 3204//3204 3086//3086
f 3084//3084 3085//3085 3203//3203
f 3080//3080 3194//3194 3197//3197
f 3206//3206 3191//3191 3194//3194
f 3080//3080 3206//3206 3194//3194
f 3205//3205 3207//3207 3142//3142
f 3208//3208 3206//3206 3080//3080
f 3143//3143 3209//3209 3206//3206
f 3206//3206 3209//3209 3177//3177
f 3206//3206 3177//3177 3180//3180
f 3206//3206 3180//3180 3185//3185
f 3206//3206 3185//3185 3188//3188
f 3206//3206 3188//3188 3191//3191
f 3209//3209 3169//3169 3177//3177
f 3165//3165 3169//3169 3209//3209
f 3165//3165 3209//3209 3052//3052
f 3143//3143 3052//3052 3209//3209
f 3213//3213 3208//3208 3211//3211
f 3080//3080 3211//3211 3208//3208
f 3207//3207 3212//3212 3142//3142
f 3218//3218 3213//3213 3215//3215
f 3211//3211 3216//3216 3213//3213
f 3212//3212 3217//3217 3219//3219
f 3212//3212 3219//3219 3221//3221
f 3212//3212 3221//3221 3142//3142
f 3221//3221 3224//3224 3103//3103
f 3225//3225 3222//3222 3227//3227
f 3229//3229 3227//3227 3223//3223
f 3223//3223 3231//3231 3229//3229
f 3219//3219 3230//3230 3221//3221
f 3221//3221 3103//3103 3142//3142
f 3229//3229 3231//3231 3220//3220
f 3226//3226 3228//3228 3232//3232
f 3220//3220 3233//3233 3229//3229
f 3233//3233 3220//3220 3218//3218
f 3218//3218 3235//3235 3233//3233
f 3232//3232 3234//3234 3214//3214
f 3226//3226 3232//3232 3214//3214
f 3215//3215 3235//3235 3218//3218
f 3227//3227 3102//3102 3225//3225
f 3101//3101 3226//3226 3059//3059
f 3226//3226 3214//3214 3059//3059
f 3104//3104 3225//3225 3102//3102
f 3214//3214 3210//3210 3079//3079
f 3214//3214 3079//3079 3059//3059
f 3174//3174 3123//3123 3120//3120
f 3120//3120 3118//3118 3174//3174
f 3129//3129 3171//3171 3147//3147
f 3155//3155 3171//3171 3158//3158
f 3171//3171 3155//3155 3148//3148
f 3148//3148 3147//3147 3171//3171
f 3163//3163 3165//3165 3052//3052
f 3238//3238 3163//3163 3052//3052
f 3162//3162 3236//3236 3159//3159
f 3240//3240 3238//3238 3052//3052
f 3237//3237 3239//3239 3241//3241
f 3241//3241 3160//3160 3237//3237
f 3241//3241 3242//3242 3243//3243
f 3242//3242 3241//3241 3239//3239
f 3160//3160 3241//3241 3154//3154
f 3243//3243 3154//3154 3241//3241
f 3154//3154 3243//3243 3152//3152
f 3244//3244 3152//3152 3243//3243
f 3243//3243 3245//3245 3244//3244
f 3245//3245 3243//3243 3242//3242
f 3246//3246 3244//3244 3245//3245
f 3245//3245 3247//3247 3246//3246
f 3247//3247 3245//3245 3248//3248
f 3242//3242 3248//3248 3245//3245
f 3248//3248 3249//3249 3247//3247
f 3249//3249 3248//3248 3064//3064
f 3250//3250 3064//3064 3248//3248
f 3248//3248 3242//3242 3250//3250
f 3239//3239 3250//3250 3242//3242
f 3251//3251 3240//3240 3052//3052
f 3065//3065 3251//3251 3052//3052
f 3249//3249 3252//3252 3254//3254
f 3252//3252 3249//3249 3066//3066
f 3064//3064 3066//3066 3249//3249
f 3254//3254 3247//3247 3249//3249
f 3247//3247 3254//3254 3256//3256
f 3257//3257 3256//3256 3255//3255
f 3255//3255 3258//3258 3257//3257
f 3258//3258 3255//3255 3253//3253
f 3092//3092 3257//3257 3258//3258
f 3258//3258 3091//3091 3092//3092
f 3091//3091 3258//3258 3259//3259
f 3253//3253 3259//3259 3258//3258
f 3259//3259 3077//3077 3091//3091
f 3077//3077 3259//3259 3071//3071
f 3069//3069 3071//3071 3259//3259
f 3259//3259 3253//3253 3069//3069
f 3257//3257 3092//3092 3095//3095
f 3256//3256 3257//3257 3260//3260
f 3095//3095 3260//3260 3257//3257
f 3135//3135 3260//3260 3095//3095
f 3135//3135 3261//3261 3260//3260
f 3260//3260 3261//3261 3256//3256
f 3246//3246 3256//3256 3261//3261
f 3135//3135 3262//3262 3261//3261
f 3261//3261 3262//3262 3246//3246
f 3244//3244 3246//3246 3262//3262
f 3135//3135 3151//3151 3262//3262
f 3262//3262 3151//3151 3244//3244
f 3256//3256 3246//3246 3247//3247
f 3066//3066 3068//3068 3252//3252
f 3152//3152 3244//3244 3151//3151
f 3149//3149 3148//3148 3155//3155
f 3147//3147 3130//3130 3129//3129
f 3146//3146 3264//3264 3268//3268
f 3264//3264 3145//3145 3139//3139
f 3144//3144 3265//3265 3269//3269
f 3268//3268 3266//3266 3146//3146
f 3142//3142 3144//3144 3271//3271
f 3144//3144 3269//3269 3271//3271
f 3142//3142 3271//3271 3053//3053
f 3056//3056 3054//3054 3272//3272
f 3272//3272 3063//3063 3056//3056
f 3062//3062 3272//3272 3274//3274
f 3269//3269 3273//3273 3271//3271
f 3274//3274 3276//3276 3062//3062
f 3278//3278 3276//3276 3274//3274
f 3274//3274 3270//3270 3278//3278
f 3061//3061 3275//3275 3277//3277
f 3268//3268 3278//3278 3270//3270
f 3277//3277 3267//3267 3263//3263
f 3061//3061 3277//3277 3263//3263
f 3270//3270 3266//3266 3268//3268
f 3059//3059 3263//3263 3136//3136
f 3139//3139 3137//3137 3264//3264
f 3059//3059 3061//3061 3263//3263
f 3103//3103 3140//3140 3142//3142
f 3051//3051 3142//3142 3053//3053
f 3131//3131 3141//3141 3104//3104
f 3134//3134 3059//3059 3136//3136
f 3060//3060 3135//3135 3095//3095
f 3098//3098 3097//3097 3109//3109
f 3089//3089 3097//3097 3088//3088
f 3091//3091 3077//3077 3078//3078
f 3080//3080 3086//3086 3082//3082
f 3079//3079 3057//3057 3059//3059
f 3071//3071 3073//3073 3077//3077
f 3295//3295 3282//3282 3280//3280
f 3280//3280 3282//3282 3284//3284
f 3284//3284 3286//3286 3280//3280
f 3279//3279 3285//3285 3291//3291
f 3306//3306 3280//3280 3288//3288
f 3289//3289 3287//3287 3279//3279
f 3289//3289 3279//3279 3291//3291
f 3297//3297 3295//3295 3280//3280
f 3300//3300 3297//3297 3280//3280
f 3302//3302 3300//3300 3280//3280
f 3304//3304 3302//3302 3280//3280
f 3306//3306 3304//3304 3280//3280
f 3307//3307 3303//3303 3305//3305
f 3306//3306 3288//3288 3310//3310
f 3305//3305 3308//3308 3307//3307
f 3313//3313 3308//3308 3305//3305
f 3306//3306 3310//3310 3312//3312
f 3305//3305 3311//3311 3313//3313
f 3317//3317 3313//3313 3314//3314
f 3315//3315 3314//3314 3313//3313
f 3313//3313 3311//3311 3315//3315
f 3308//3308 3313//3313 3317//3317
f 3320//3320 3317//3317 3318//3318
f 3318//3318 3317//3317 3319//3319
f 3314//3314 3319//3319 3317//3317
f 3317//3317 3320//3320 3308//3308
f 3308//3308 3320//3320 3321//3321
f 3322//3322 3321//3321 3320//3320
f 3320//3320 3323//3323 3322//3322
f 3318//3318 3323//3323 3320//3320
f 3322//3322 3323//3323 3324//3324
f 3324//3324 3323//3323 3318//3318
f 3324//3324 3325//3325 3322//3322
f 3290//3290 3325//3325 3324//3324
f 3290//3290 3324//3324 3326//3326
f 3318//3318 3326//3326 3324//3324
f 3326//3326 3318//3318 3327//3327
f 3327//3327 3328//3328 3326//3326
f 3326//3326 3328//3328 3330//3330
f 3290//3290 3326//3326 3330//3330
f 3329//3329 3331//3331 3289//3289
f 3332//3332 3330//3330 3334//3334
f 3335//3335 3334//3334 3330//3330
f 3336//3336 3335//3335 3330//3330
f 3337//3337 3336//3336 3330//3330
f 3338//3338 3337//3337 3330//3330
f 3328//3328 3338//3338 3330//3330
f 3338//3338 3339//3339 3340//3340
f 3339//3339 3338//3338 3328//3328
f 3340//3340 3337//3337 3338//3338
f 3340//3340 3341//3341 3342//3342
f 3341//3341 3340//3340 3339//3339
f 3342//3342 3343//3343 3340//3340
f 3337//3337 3340//3340 3343//3343
f 3343//3343 3342//3342 3344//3344
f 3344//3344 3345//3345 3343//3343
f 3336//3336 3343//3343 3345//3345
f 3343//3343 3336//3336 3337//3337
f 3345//3345 3344//3344 3346//3346
f 3346//3346 3347//3347 3345//3345
f 3335//3335 3345//3345 3347//3347
f 3345//3345 3335//3335 3336//3336
f 3347//3347 3346//3346 3349//3349
f 3349//3349 3350//3350 3347//3347
f 3351//3351 3347//3347 3350//3350
f 3347//3347 3351//3351 3335//3335
f 3335//3335 3351//3351 3334//3334
f 3350//3350 3352//3352 3351//3351
f 3351//3351 3352//3352 3334//3334
f 3352//3352 3350//3350 3353//3353
f 3353//3353 3354//3354 3352//3352
f 3352//3352 3354//3354 3334//3334
f 3354//3354 3353//3353 3355//3355
f 3355//3355 3356//3356 3354//3354
f 3354//3354 3356//3356 3334//3334
f 3357//3357 3356//3356 3355//3355
f 3356//3356 3357//3357 3334//3334
f 3355//3355 3358//3358 3357//3357
f 3357//3357 3358//3358 3359//3359
f 3359//3359 3360//3360 3357//3357
f 3363//3363 3357//3357 3360//3360
f 3357//3357 3361//3361 3334//3334
f 3363//3363 3361//3361 3357//3357
f 3365//3365 3363//3363 3380//3380
f 3363//3363 3365//3365 3367//3367
f 3367//3367 3369//3369 3363//3363
f 3362//3362 3368//3368 3374//3374
f 3361//3361 3363//3363 3371//3371
f 3372//3372 3370//3370 3362//3362
f 3372//3372 3362//3362 3374//3374
f 3363//3363 3360//3360 3377//3377
f 3363//3363 3377//3377 3378//3378
f 3363//3363 3378//3378 3379//3379
f 3363//3363 3379//3379 3380//3380
f 3365//3365 3380//3380 3381//3381
f 3381//3381 3380//3380 3382//3382
f 3383//3383 3382//3382 3380//3380
f 3380//3380 3379//3379 3383//3383
f 3382//3382 3383//3383 3384//3384
f 3387//3387 3384//3384 3383//3383
f 3385//3385 3383//3383 3379//3379
f 3383//3383 3385//3385 3387//3387
f 3388//3388 3386//3386 3385//3385
f 3384//3384 3387//3387 3390//3390
f 3386//3386 3388//3388 3391//3391
f 3391//3391 3389//3389 3386//3386
f 3389//3389 3391//3391 3392//3392
f 3394//3394 3392//3392 3391//3391
f 3391//3391 3396//3396 3394//3394
f 3396//3396 3391//3391 3388//3388
f 3397//3397 3396//3396 3400//3400
f 3396//3396 3397//3397 3398//3398
f 3398//3398 3394//3394 3396//3396
f 3388//3388 3400//3400 3396//3396
f 3400//3400 3359//3359 3358//3358
f 3401//3401 3359//3359 3400//3400
f 3400//3400 3388//3388 3401//3401
f 3400//3400 3402//3402 3397//3397
f 3358//3358 3402//3402 3400//3400
f 3403//3403 3402//3402 3358//3358
f 3397//3397 3402//3402 3403//3403
f 3405//3405 3403//3403 3404//3404
f 3353//3353 3404//3404 3403//3403
f 3403//3403 3355//3355 3353//3353
f 3358//3358 3355//3355 3403//3403
f 3403//3403 3405//3405 3397//3397
f 3406//3406 3405//3405 3408//3408
f 3405//3405 3406//3406 3398//3398
f 3398//3398 3397//3397 3405//3405
f 3404//3404 3408//3408 3405//3405
f 3408//3408 3409//3409 3406//3406
f 3409//3409 3408//3408 3411//3411
f 3348//3348 3411//3411 3408//3408
f 3408//3408 3404//3404 3348//3348
f 3411//3411 3413//3413 3409//3409
f 3414//3414 3412//3412 3416//3416
f 3346//3346 3416//3416 3412//3412
f 3412//3412 3349//3349 3346//3346
f 3416//3416 3417//3417 3414//3414
f 3417//3417 3416//3416 3419//3419
f 3344//3344 3419//3419 3416//3416
f 3416//3416 3346//3346 3344//3344
f 3419//3419 3420//3420 3417//3417
f 3420//3420 3419//3419 3422//3422
f 3342//3342 3422//3422 3419//3419
f 3419//3419 3344//3344 3342//3342
f 3422//3422 3423//3423 3420//3420
f 3423//3423 3422//3422 3425//3425
f 3341//3341 3425//3425 3422//3422
f 3422//3422 3342//3342 3341//3341
f 3425//3425 3426//3426 3423//3423
f 3426//3426 3425//3425 3428//3428
f 3430//3430 3428//3428 3425//3425
f 3425//3425 3341//3341 3430//3430
f 3429//3429 3431//3431 3319//3319
f 3327//3327 3319//3319 3431//3431
f 3431//3431 3339//3339 3327//3327
f 3339//3339 3430//3430 3341//3341
f 3428//3428 3432//3432 3426//3426
f 3433//3433 3429//3429 3314//3314
f 3319//3319 3314//3314 3429//3429
f 3310//3310 3427//3427 3434//3434
f 3310//3310 3434//3434 3316//3316
f 3314//3314 3315//3315 3433//3433
f 3310//3310 3424//3424 3427//3427
f 3436//3436 3421//3421 3424//3424
f 3310//3310 3436//3436 3424//3424
f 3435//3435 3437//3437 3372//3372
f 3438//3438 3436//3436 3310//3310
f 3373//3373 3439//3439 3436//3436
f 3436//3436 3439//3439 3407//3407
f 3436//3436 3407//3407 3410//3410
f 3436//3436 3410//3410 3415//3415
f 3436//3436 3415//3415 3418//3418
f 3436//3436 3418//3418 3421//3421
f 3439//3439 3399//3399 3407//3407
f 3395//3395 3399//3399 3439//3439
f 3395//3395 3439//3439 3282//3282
f 3373//3373 3282//3282 3439//3439
f 3443//3443 3438//3438 3441//3441
f 3310//3310 3441//3441 3438//3438
f 3437//3437 3442//3442 3372//3372
f 3448//3448 3443//3443 3445//3445
f 3441//3441 3446//3446 3443//3443
f 3442//3442 3447//3447 3449//3449
f 3442//3442 3449//3449 3451//3451
f 3442//3442 3451//3451 3372//3372
f 3451//3451 3454//3454 3333//3333
f 3455//3455 3452//3452 3457//3457
f 3459//3459 3457//3457 3453//3453
f 3453//3453 3461//3461 3459//3459
f 3449//3449 3460//3460 3451//3451
f 3451//3451 3333//3333 3372//3372
f 3459//3459 3461//3461 3450//3450
f 3456//3456 3458//3458 3462//3462
f 3450//3450 3463//3463 3459//3459
f 3463//3463 3450//3450 3448//3448
f 3448//3448 3464//3464 3463//3463
f 3462//3462 3465//3465 3444//3444
f 3456//3456 3462//3462 3444//3444
f 3445//3445 3464//3464 3448//3448
f 3457//3457 3332//3332 3455//3455
f 3331//3331 3456//3456 3289//3289
f 3456//3456 3444//3444 3289//3289
f 3334//3334 3455//3455 3332//3332
f 3444//3444 3440//3440 3309//3309
f 3444//3444 3309//3309 3289//3289
f 3404//3404 3353//3353 3350//3350
f 3350//3350 3348//3348 3404//3404
f 3359//3359 3401//3401 3377//3377
f 3385//3385 3401//3401 3388//3388
f 3401//3401 3385//3385 3378//3378
f 3378//3378 3377//3377 3401//3401
f 3393//3393 3395//3395 3282//3282
f 3468//3468 3393//3393 3282//3282
f 3392//3392 3466//3466 3389//3389
f 3470//3470 3468//3468 3282//3282
f 3467//3467 3469//3469 3471//3471
f 3471//3471 3390//3390 3467//3467
f 3471//3471 3472//3472 3473//3473
f 3472//3472 3471//3471 3469//3469
f 3390//3390 3471//3471 3384//3384
f 3473//3473 3384//3384 3471//3471
f 3384//3384 3473//3473 3382//3382
f 3474//3474 3382//3382 3473//3473
f 3473//3473 3475//3475 3474//3474
f 3475//3475 3473//3473 3472//3472
f 3476//3476 3474//3474 3475//3475
f 3475//3475 3477//3477 3476//3476
f 3477//3477 3475//3475 3478//3478
f 3472//3472 3478//3478 3475//3475
f 3478//3478 3479//3479 3477//3477
f 3479//3479 3478//3478 3294//3294
f 3480//3480 3294//3294 3478//3478
f 3478//3478 3472//3472 3480//3480
f 3469//3469 3480//3480 3472//3472
f 3481//3481 3470//3470 3282//3282
f 3295//3295 3481//3481 3282//3282
f 3479//3479 3482//3482 3484//3484
f 3482//3482 3479//3479 3296//3296
f 3294//3294 3296//3296 3479//3479
f 3484//3484 3477//3477 3479//3479
f 3477//3477 3484//3484 3486//3486
f 3487//3487 3486//3486 3485//3485
f 3485//3485 3488//3488 3487//3487
f 3488//3488 3485//3485 3483//3483
f 3322//3322 3487//3487 3488//3488
f 3488//3488 3321//3321 3322//3322
f 3321//3321 3488//3488 3489//3489
f 3483//3483 3489//3489 3488//3488
f 3489//3489 3307//3307 3321//3321
f 3307//3307 3489//3489 3301//3301
f 3299//3299 3301//3301 3489//3489
f 3489//3489 3483//3483 3299//3299
f 3487//3487 3322//3322 3325//3325
f 3486//3486 3487//3487 3490//3490
f 3325//3325 3490//3490 3487//3487
f 3365//3365 3490//3490 3325//3325
f 3365//3365 3491//3491 3490//3490
f 3490//3490 3491//3491 3486//3486
f 3476//3476 3486//3486 3491//3491
f 3365//3365 3492//3492 3491//3491
f 3491//3491 3492//3492 3476//3476
f 3474//3474 3476//3476 3492//3492
f 3365//3365 3381//3381 3492//3492
f 3492//3492 3381//3381 3474//3474
f 3486//3486 3476//3476 3477//3477
f 3296//3296 3298//3298 3482//3482
f 3382//3382 3474//3474 3381//3381
f 3379//3379 3378//3378 3385//3385
f 3377//3377 3360//3360 3359//3359
f 3376//3376 3494//3494 3498//3498
f 3494//3494 3375//3375 3369//3369
f 3374//3374 3495//3495 3499//3499
f 3498//3498 3496//3496 3376//3376
f 3372//3372 3374//3374 3501//3501
f 3374//3374 3499//3499 3501//3501
f 3372//3372 3501//3501 3283//3283
f 3286//3286 3284//3284 3502//3502
f 3502//3502 3293//3293 3286//3286
f 3292//3292 3502//3502 3504//3504
f 3499//3499 3503//3503 3501//3501
f 3504//3504 3506//3506 3292//3292
f 3508//3508 3506//3506 3504//3504
f 3504//3504 3500//3500 3508//3508
f 3291//3291 3505//3505 3507//3507
f 3498//3498 3508//3508 3500//3500
f 3507//3507 3497//3497 3493//3493
f 3291//3291 3507//3507 3493//3493
f 3500//3500 3496//3496 3498//3498
f 3289//3289 3493//3493 3366//3366
f 3369//3369 3367//3367 3494//3494
f 3289//3289 3291//3291 3493//3493
f 3333//3333 3370//3370 3372//3372
f 3281//3281 3372//3372 3283//3283
f 3361//3361 3371//3371 3334//3334
f 3364//3364 3289//3289 3366//3366
f 3290//3290 3365//3365 3325//3325
f 3328//3328 3327//3327 3339//3339
f 3319//3319 3327//3327 3318//3318
f 3321//3321 3307//3307 3308//3308
f 3310//3310 3316//3316 3312//3312
f 3309//3309 3287//3287 3289//3289
f 3301//3301 3303//3303 3307//3307
f 3525//3525 3511//3511 3510//3510
f 3510//3510 3511//3511 3514//3514
f 3514//3514 3516//3516 3510//3510
f 3509//3509 3515//3515 3521//3521
f 3536//3536 3510//3510 3518//3518
f 3519//3519 3517//3517 3509//3509
f 3519//3519 3509//3509 3521//3521
f 3527//3527 3525//3525 3510//3510
f 3530//3530 3527//3527 3510//3510
f 3532//3532 3530//3530 3510//3510
f 3534//3534 3532//3532 3510//3510
f 3536//3536 3534//3534 3510//3510
f 3537//3537 3533//3533 3535//3535
f 3536//3536 3518//3518 3540//3540
f 3535//3535 3538//3538 3537//3537
f 3543//3543 3538//3538 3535//3535
f 3536//3536 3540//3540 3542//3542
f 3535//3535 3541//3541 3543//3543
f 3547//3547 3543//3543 3544//3544
f 3545//3545 3544//3544 3543//3543
f 3543//3543 3541//3541 3545//3545
f 3538//3538 3543//3543 3547//3547
f 3550//3550 3547//3547 3548//3548
f 3548//3548 3547//3547 3549//3549
f 3544//3544 3549//3549 3547//3547
f 3547//3547 3550//3550 3538//3538
f 3538//3538 3550//3550 3551//3551
f 3552//3552 3551//3551 3550//3550
f 3550//3550 3553//3553 3552//3552
f 3548//3548 3553//3553 3550//3550
f 3552//3552 3553//3553 3554//3554
f 3554//3554 3553//3553 3548//3548
f 3554//3554 3555//3555 3552//3552
f 3520//3520 3555//3555 3554//3554
f 3520//3520 3554//3554 3556//3556
f 3548//3548 3556//3556 3554//3554
f 3556//3556 3548//3548 3557//3557
f 3557//3557 3558//3558 3556//3556
f 3556//3556 3558//3558 3560//3560
f 3520//3520 3556//3556 3560//3560
f 3559//3559 3561//3561 3519//3519
f 3562//3562 3560//3560 3564//3564
f 3565//3565 3564//3564 3560//3560
f 3566//3566 3565//3565 3560//3560
f 3567//3567 3566//3566 3560//3560
f 3568//3568 3567//3567 3560//3560
f 3558//3558 3568//3568 3560//3560
f 3568//3568 3569//3569 3570//3570
f 3569//3569 3568//3568 3558//3558
f 3570//3570 3567//3567 3568//3568
f 3570//3570 3571//3571 3572//3572
f 3571//3571 3570//3570 3569//3569
f 3572//3572 3573//3573 3570//3570
f 3567//3567 3570//3570 3573//3573
f 3573//3573 3572//3572 3574//3574
f 3574//3574 3575//3575 3573//3573
f 3566//3566 3573//3573 3575//3575
f 3573//3573 3566//3566 3567//3567
f 3575//3575 3574//3574 3576//3576
f 3576//3576 3577//3577 3575//3575
f 3565//3565 3575//3575 3577//3577
f 3575//3575 3565//3565 3566//3566
f 3577//3577 3576//3576 3579//3579
f 3579//3579 3580//3580 3577//3577
f 3581//3581 3577//3577 3580//3580
f 3577//3577 3581//3581 3565//3565
f 3565//3565 3581//3581 3564//3564
f 3580//3580 3582//3582 3581//3581
f 3581//3581 3582//3582 3564//3564
f 3582//3582 3580//3580 3583//3583
f 3583//3583 3584//3584 3582//3582
f 3582//3582 3584//3584 3564//3564
f 3584//3584 3583//3583 3585//3585
f 3585//3585 3586//3586 3584//3584
f 3584//3584 3586//3586 3564//3564
f 3587//3587 3586//3586 3585//3585
f 3586//3586 3587//3587 3564//3564
f 3585//3585 3588//3588 3587//3587
f 3587//3587 3588//3588 3589//3589
f 3589//3589 3590//3590 3587//3587
f 3593//3593 3587//3587 3590//3590
f 3587//3587 3591//3591 3564//3564
f 3593//3593 3591//3591 3587//3587
f 3595//3595 3593//3593 3610//3610
f 3593//3593 3595//3595 3597//3597
f 3597//3597 3599//3599 3593//3593
f 3592//3592 3598//3598 3604//3604
f 3591//3591 3593//3593 3601//3601
f 3602//3602 3600//3600 3592//3592
f 3602//3602 3592//3592 3604//3604
f 3593//3593 3590//3590 3607//3607
f 3593//3593 3607//3607 3608//3608
f 3593//3593 3608//3608 3609//3609
f 3593//3593 3609//3609 3610//3610
f 3595//3595 3610//3610 3611//3611
f 3611//3611 3610//3610 3612//3612
f 3613//3613 3612//3612 3610//3610
f 3610//3610 3609//3609 3613//3613
f 3612//3612 3613//3613 3614//3614
f 3617//3617 3614//3614 3613//3613
f 3615//3615 3613//3613 3609//3609
f 3613//3613 3615//3615 3617//3617
f 3618//3618 3616//3616 3615//3615
f 3614//3614 3617//3617 3620//3620
f 3616//3616 3618//3618 3621//3621
f 3621//3621 3619//3619 3616//3616
f 3619//3619 3621//3621 3622//3622
f 3624//3624 3622//3622 3621//3621
f 3621//3621 3626//3626 3624//3624
f 3626//3626 3621//3621 3618//3618
f 3627//3627 3626//3626 3630//3630
f 3626//3626 3627//3627 3628//3628
f 3628//3628 3624//3624 3626//3626
f 3618//3618 3630//3630 3626//3626
f 3630//3630 3589//3589 3588//3588
f 3631//3631 3589//3589 3630//3630
f 3630//3630 3618//3618 3631//3631
f 3630//3630 3632//3632 3627//3627
f 3588//3588 3632//3632 3630//3630
f 3633//3633 3632//3632 3588//3588
f 3627//3627 3632//3632 3633//3633
f 3635//3635 3633//3633 3634//3634
f 3583//3583 3634//3634 3633//3633
f 3633//3633 3585//3585 3583//3583
f 3588//3588 3585//3585 3633//3633
f 3633//3633 3635//3635 3627//3627
f 3636//3636 3635//3635 3638//3638
f 3635//3635 3636//3636 3628//3628
f 3628//3628 3627//3627 3635//3635
f 3634//3634 3638//3638 3635//3635
f 3638//3638 3639//3639 3636//3636
f 3639//3639 3638//3638 3641//3641
f 3578//3578 3641//3641 3638//3638
f 3638//3638 3634//3634 3578//3578
f 3641//3641 3643//3643 3639//3639
f 3644//3644 3642//3642 3646//3646
f 3576//3576 3646//3646 3642//3642
f 3642//3642 3579//3579 3576//3576
f 3646//3646 3647//3647 3644//3644
f 3647//3647 3646//3646 3649//3649
f 3574//3574 3649//3649 3646//3646
f 3646//3646 3576//3576 3574//3574
f 3649//3649 3650//3650 3647//3647
f 3650//3650 3649//3649 3652//3652
f 3572//3572 3652//3652 3649//3649
f 3649//3649 3574//3574 3572//3572
f 3652//3652 3653//3653 3650//3650
f 3653//3653 3652//3652 3655//3655
f 3571//3571 3655//3655 3652//3652
f 3652//3652 3572//3572 3571//3571
f 3655//3655 3656//3656 3653//3653
f 3656//3656 3655//3655 3658//3658
f 3660//3660 3658//3658 3655//3655
f 3655//3655 3571//3571 3660//3660
f 3659//3659 3661//3661 3549//3549
f 3557//3557 3549//3549 3661//3661
f 3661//3661 3569//3569 3557//3557
f 3569//3569 3660//3660 3571//3571
f 3658//3658 3662//3662 3656//3656
f 3663//3663 3659//3659 3544//3544
f 3549//3549 3544//3544 3659//3659
f 3540//3540 3657//3657 3664//3664
f 3540//3540 3664//3664 3546//3546
f 3544//3544 3545//3545 3663//3663
f 3540//3540 3654//3654 3657//3657
f 3665//3665 3651//3651 3654//3654
f 3540//3540 3665//3665 3654//3654
f 3666//3666 3667//3667 3602//3602
f 3668//3668 3665//3665 3540//3540
f 3603//3603 3669//3669 3665//3665
f 3665//3665 3669//3669 3637//3637
f 3665//3665 3637//3637 3640//3640
f 3665//3665 3640//3640 3645//3645
f 3665//3665 3645//3645 3648//3648
f 3665//3665 3648//3648 3651//3651
f 3669//3669 3629//3629 3637//3637
f 3625//3625 3629//3629 3669//3669
f 3625//3625 3669//3669 3511//3511
f 3603//3603 3511//3511 3669//3669
f 3673//3673 3668//3668 3671//3671
f 3540//3540 3671//3671 3668//3668
f 3667//3667 3672//3672 3602//3602
f 3678//3678 3673//3673 3675//3675
f 3671//3671 3676//3676 3673//3673
f 3672//3672 3677//3677 3679//3679
f 3672//3672 3679//3679 3681//3681
f 3672//3672 3681//3681 3602//3602
f 3681//3681 3684//3684 3563//3563
f 3685//3685 3682//3682 3687//3687
f 3689//3689 3687//3687 3683//3683
f 3683//3683 3691//3691 3689//3689
f 3679//3679 3690//3690 3681//3681
f 3681//3681 3563//3563 3602//3602
f 3689//3689 3691//3691 3680//3680
f 3686//3686 3688//3688 3692//3692
f 3680//3680 3693//3693 3689//3689
f 3693//3693 3680//3680 3678//3678
f 3678//3678 3695//3695 3693//3693
f 3692//3692 3694//3694 3674//3674
f 3686//3686 3692//3692 3674//3674
f 3675//3675 3695//3695 3678//3678
f 3687//3687 3562//3562 3685//3685
f 3561//3561 3686//3686 3519//3519
f 3686//3686 3674//3674 3519//3519
f 3564//3564 3685//3685 3562//3562
f 3674//3674 3670//3670 3539//3539
f 3674//3674 3539//3539 3519//3519
f 3634//3634 3583//3583 3580//3580
f 3580//3580 3578//3578 3634//3634
f 3589//3589 3631//3631 3607//3607
f 3615//3615 3631//3631 3618//3618
f 3631//3631 3615//3615 3608//3608
f 3608//3608 3607//3607 3631//3631
f 3623//3623 3625//3625 3511//3511
f 3698//3698 3623//3623 3511//3511
f 3622//3622 3696//3696 3619//3619
f 3700//3700 3698//3698 3511//3511
f 3697//3697 3699//3699 3701//3701
f 3701//3701 3620//3620 3697//3697
f 3701//3701 3702//3702 3703//3703
f 3702//3702 3701//3701 3699//3699
f 3620//3620 3701//3701 3614//3614
f 3703//3703 3614//3614 3701//3701
f 3614//3614 3703//3703 3612//3612
f 3704//3704 3612//3612 3703//3703
f 3703//3703 3705//3705 3704//3704
f 3705//3705 3703//3703 3702//3702
f 3706//3706 3704//3704 3705//3705
f 3705//3705 3707//3707 3706//3706
f 3707//3707 3705//3705 3708//3708
f 3702//3702 3708//3708 3705//3705
f 3708//3708 3709//3709 3707//3707
f 3709//3709 3708//3708 3524//3524
f 3710//3710 3524//3524 3708//3708
f 3708//3708 3702//3702 3710//3710
f 3699//3699 3710//3710 3702//3702
f 3711//3711 3700//3700 3511//3511
f 3525//3525 3711//3711 3511//3511
f 3709//3709 3712//3712 3714//3714
f 3712//3712 3709//3709 3526//3526
f 3524//3524 3526//3526 3709//3709
f 3714//3714 3707//3707 3709//3709
f 3707//3707 3714//3714 3716//3716
f 3717//3717 3716//3716 3715//3715
f 3715//3715 3718//3718 3717//3717
f 3718//3718 3715//3715 3713//3713
f 3552//3552 3717//3717 3718//3718
f 3718//3718 3551//3551 3552//3552
f 3551//3551 3718//3718 3719//3719
f 3713//3713 3719//3719 3718//3718
f 3719//3719 3537//3537 3551//3551
f 3537//3537 3719//3719 3531//3531
f 3529//3529 3531//3531 3719//3719
f 3719//3719 3713//3713 3529//3529
f 3717//3717 3552//3552 3555//3555
f 3716//3716 3717//3717 3720//3720
f 3555//3555 3720//3720 3717//3717
f 3595//3595 3720//3720 3555//3555
f 3595//3595 3721//3721 3720//3720
f 3720//3720 3721//3721 3716//3716
f 3706//3706 3716//3716 3721//3721
f 3595//3595 3722//3722 3721//3721
f 3721//3721 3722//3722 3706//3706
f 3704//3704 3706//3706 3722//3722
f 3595//3595 3611//3611 3722//3722
f 3722//3722 3611//3611 3704//3704
f 3716//3716 3706//3706 3707//3707
f 3526//3526 3528//3528 3712//3712
f 3612//3612 3704//3704 3611//3611
f 3609//3609 3608//3608 3615//3615
f 3607//3607 3590//3590 3589//3589
f 3606//3606 3724//3724 3728//3728
f 3724//3724 3605//3605 3599//3599
f 3604//3604 3725//3725 3729//3729
f 3728//3728 3726//3726 3606//3606
f 3602//3602 3604//3604 3731//3731
f 3604//3604 3729//3729 3731//3731
f 3602//3602 3731//3731 3513//3513
f 3516//3516 3514//3514 3732//3732
f 3732//3732 3523//3523 3516//3516
f 3522//3522 3732//3732 3734//3734
f 3729//3729 3733//3733 3731//3731
f 3734//3734 3736//3736 3522//3522
f 3738//3738 3736//3736 3734//3734
f 3734//3734 3730//3730 3738//3738
f 3521//3521 3735//3735 3737//3737
f 3728//3728 3738//3738 3730//3730
f 3737//3737 3727//3727 3723//3723
f 3521//3521 3737//3737 3723//3723
f 3730//3730 3726//3726 3728//3728
f 3519//3519 3723//3723 3596//3596
f 3599//3599 3597//3597 3724//3724
f 3519//3519 3521//3521 3723//3723
f 3563//3563 3600//3600 3602//3602
f 3512//3512 3602//3602 3513//3513
f 3591//3591 3601//3601 3564//3564
f 3594//3594 3519//3519 3596//3596
f 3520//3520 3595//3595 3555//3555
f 3558//3558 3557//3557 3569//3569
f 3549//3549 3557//3557 3548//3548
f 3551//3551 3537//3537 3538//3538
f 3540//3540 3546//3546 3542//3542
f 3539//3539 3517//3517 3519//3519
f 3531//3531 3533//3533 3537//3537
f 3755//3755 3741//3741 3740//3740
f 3740//3740 3741//3741 3744//3744
f 3744//3744 3746//3746 3740//3740
f 3739//3739 3745//3745 3751//3751
f 3766//3766 3740//3740 3748//3748
f 3749//3749 3747//3747 3739//3739
f 3749//3749 3739//3739 3751//3751
f 3757//3757 3755//3755 3740//3740
f 3760//3760 3757//3757 3740//3740
f 3762//3762 3760//3760 3740//3740
f 3764//3764 3762//3762 3740//3740
f 3766//3766 3764//3764 3740//3740
f 3767//3767 3763//3763 3765//3765
f 3766//3766 3748//3748 3770//3770
f 3765//3765 3768//3768 3767//3767
f 3773//3773 3768//3768 3765//3765
f 3766//3766 3770//3770 3772//3772
f 3765//3765 3771//3771 3773//3773
f 3777//3777 3773//3773 3774//3774
f 3775//3775 3774//3774 3773//3773
f 3773//3773 3771//3771 3775//3775
f 3768//3768 3773//3773 3777//3777
f 3780//3780 3777//3777 3778//3778
f 3778//3778 3777//3777 3779//3779
f 3774//3774 3779//3779 3777//3777
f 3777//3777 3780//3780 3768//3768
f 3768//3768 3780//3780 3781//3781
f 3782//3782 3781//3781 3780//3780
f 3780//3780 3783//3783 3782//3782
f 3778//3778 3783//3783 3780//3780
f 3782//3782 3783//3783 3784//3784
f 3784//3784 3783//3783 3778//3778
f 3784//3784 3785//3785 3782//3782
f 3750//3750 3785//3785 3784//3784
f 3750//3750 3784//3784 3786//3786
f 3778//3778 3786//3786 3784//3784
f 3786//3786 3778//3778 3787//3787
f 3787//3787 3788//3788 3786//3786
f 3786//3786 3788//3788 3790//3790
f 3750//3750 3786//3786 3790//3790
f 3789//3789 3791//3791 3749//3749
f 3792//3792 3790//3790 3794//3794
f 3795//3795 3794//3794 3790//3790
f 3796//3796 3795//3795 3790//3790
f 3797//3797 3796//3796 3790//3790
f 3798//3798 3797//3797 3790//3790
f 3788//3788 3798//3798 3790//3790
f 3798//3798 3799//3799 3800//3800
f 3799//3799 3798//3798 3788//3788
f 3800//3800 3797//3797 3798//3798
f 3800//3800 3801//3801 3802//3802
f 3801//3801 3800//3800 3799//3799
f 3802//3802 3803//3803 3800//3800
f 3797//3797 3800//3800 3803//3803
f 3803//3803 3802//3802 3804//3804
f 3804//3804 3805//3805 3803//3803
f 3796//3796 3803//3803 3805//3805
f 3803//3803 3796//3796 3797//3797
f 3805//3805 3804//3804 3806//3806
f 3806//3806 3807//3807 3805//3805
f 3795//3795 3805//3805 3807//3807
f 3805//3805 3795//3795 3796//3796
f 3807//3807 3806//3806 3809//3809
f 3809//3809 3810//3810 3807//3807
f 3811//3811 3807//3807 3810//3810
f 3807//3807 3811//3811 3795//3795
f 3795//3795 3811//3811 3794//3794
f 3810//3810 3812//3812 3811//3811
f 3811//3811 3812//3812 3794//3794
f 3812//3812 3810//3810 3813//3813
f 3813//3813 3814//3814 3812//3812
f 3812//3812 3814//3814 3794//3794
f 3814//3814 3813//3813 3815//3815
f 3815//3815 3816//3816 3814//3814
f 3814//3814 3816//3816 3794//3794
f 3817//3817 3816//3816 3815//3815
f 3816//3816 3817//3817 3794//3794
f 3815//3815 3818//3818 3817//3817
f 3817//3817 3818//3818 3819//3819
f 3819//3819 3820//3820 3817//3817
f 3823//3823 3817//3817 3820//3820
f 3817//3817 3821//3821 3794//3794
f 3823//3823 3821//3821 3817//3817
f 3825//3825 3823//3823 3840//3840
f 3823//3823 3825//3825 3827//3827
f 3827//3827 3829//3829 3823//3823
f 3822//3822 3828//3828 3834//3834
f 3821//3821 3823//3823 3831//3831
f 3832//3832 3830//3830 3822//3822
f 3832//3832 3822//3822 3834//3834
f 3823//3823 3820//3820 3837//3837
f 3823//3823 3837//3837 3838//3838
f 3823//3823 3838//3838 3839//3839
f 3823//3823 3839//3839 3840//3840
f 3825//3825 3840//3840 3841//3841
f 3841//3841 3840//3840 3842//3842
f 3843//3843 3842//3842 3840//3840
f 3840//3840 3839//3839 3843//3843
f 3842//3842 3843//3843 3844//3844
f 3847//3847 3844//3844 3843//3843
f 3845//3845 3843//3843 3839//3839
f 3843//3843 3845//3845 3847//3847
f 3848//3848 3846//3846 3845//3845
f 3844//3844 3847//3847 3850//3850
f 3846//3846 3848//3848 3851//3851
f 3851//3851 3849//3849 3846//3846
f 3849//3849 3851//3851 3852//3852
f 3854//3854 3852//3852 3851//3851
f 3851//3851 3856//3856 3854//3854
f 3856//3856 3851//3851 3848//3848
f 3857//3857 3856//3856 3860//3860
f 3856//3856 3857//3857 3858//3858
f 3858//3858 3854//3854 3856//3856
f 3848//3848 3860//3860 3856//3856
f 3860//3860 3819//3819 3818//3818
f 3861//3861 3819//3819 3860//3860
f 3860//3860 3848//3848 3861//3861
f 3860//3860 3862//3862 3857//3857
f 3818//3818 3862//3862 3860//3860
f 3863//3863 3862//3862 3818//3818
f 3857//3857 3862//3862 3863//3863
f 3865//3865 3863//3863 3864//3864
f 3813//3813 3864//3864 3863//3863
f 3863//3863 3815//3815 3813//3813
f 3818//3818 3815//3815 3863//3863
f 3863//3863 3865//3865 3857//3857
f 3866//3866 3865//3865 3868//3868
f 3865//3865 3866//3866 3858//3858
f 3858//3858 3857//3857 3865//3865
f 3864//3864 3868//3868 3865//3865
f 3868//3868 3869//3869 3866//3866
f 3869//3869 3868//3868 3871//3871
f 3808//3808 3871//3871 3868//3868
f 3868//3868 3864//3864 3808//3808
f 3871//3871 3873//3873 3869//3869
f 3874//3874 3872//3872 3876//3876
f 3806//3806 3876//3876 3872//3872
f 3872//3872 3809//3809 3806//3806
f 3876//3876 3877//3877 3874//3874
f 3877//3877 3876//3876 3879//3879
f 3804//3804 3879//3879 3876//3876
f 3876//3876 3806//3806 3804//3804
f 3879//3879 3880//3880 3877//3877
f 3880//3880 3879//3879 3882//3882
f 3802//3802 3882//3882 3879//3879
f 3879//3879 3804//3804 3802//3802
f 3882//3882 3883//3883 3880//3880
f 3883//3883 3882//3882 3885//3885
f 3801//3801 3885//3885 3882//3882
f 3882//3882 3802//3802 3801//3801
f 3885//3885 3886//3886 3883//3883
f 3886//3886 3885//3885 3888//3888
f 3890//3890 3888//3888 3885//3885
f 3885//3885 3801//3801 3890//3890
f 3889//3889 3891//3891 3779//3779
f 3787//3787 3779//3779 3891//3891
f 3891//3891 3799//3799 3787//3787
f 3799//3799 3890//3890 3801//3801
f 3888//3888 3892//3892 3886//3886
f 3893//3893 3889//3889 3774//3774
f 3779//3779 3774//3774 3889//3889
f 3770//3770 3887//3887 3894//3894
f 3770//3770 3894//3894 3776//3776
f 3774//3774 3775//3775 3893//3893
f 3770//3770 3884//3884 3887//3887
f 3896//3896 3881//3881 3884//3884
f 3770//3770 3896//3896 3884//3884
f 3895//3895 3897//3897 3832//3832
f 3898//3898 3896//3896 3770//3770
f 3833//3833 3899//3899 3896//3896
f 3896//3896 3899//3899 3867//3867
f 3896//3896 3867//3867 3870//3870
f 3896//3896 3870//3870 3875//3875
f 3896//3896 3875//3875 3878//3878
f 3896//3896 3878//3878 3881//3881
f 3899//3899 3859//3859 3867//3867
f 3855//3855 3859//3859 3899//3899
f 3855//3855 3899//3899 3741//3741
f 3833//3833 3741//3741 3899//3899
f 3903//3903 3898//3898 3901//3901
f 3770//3770 3901//3901 3898//3898
f 3897//3897 3902//3902 3832//3832
f 3908//3908 3903//3903 3905//3905
f 3901//3901 3906//3906 3903//3903
f 3902//3902 3907//3907 3909//3909
f 3902//3902 3909//3909 3911//3911
f 3902//3902 3911//3911 3832//3832
f 3911//3911 3914//3914 3793//3793
f 3915//3915 3912//3912 3917//3917
f 3919//3919 3917//3917 3913//3913
f 3913//3913 3921//3921 3919//3919
f 3909//3909 3920//3920 3911//3911
f 3911//3911 3793//3793 3832//3832
f 3919//3919 3921//3921 3910//3910
f 3916//3916 3918//3918 3922//3922
f 3910//3910 3923//3923 3919//3919
f 3923//3923 3910//3910 3908//3908
f 3908//3908 3925//3925 3923//3923
f 3922//3922 3924//3924 3904//3904
f 3916//3916 3922//3922 3904//3904
f 3905//3905 3925//3925 3908//3908
f 3917//3917 3792//3792 3915//3915
f 3791//3791 3916//3916 3749//3749
f 3916//3916 3904//3904 3749//3749
f 3794//3794 3915//3915 3792//3792
f 3904//3904 3900//3900 3769//3769
f 3904//3904 3769//3769 3749//3749
f 3864//3864 3813//3813 3810//3810
f 3810//3810 3808//3808 3864//3864
f 3819//3819 3861//3861 3837//3837
f 3845//3845 3861//3861 3848//3848
f 3861//3861 3845//3845 3838//3838
f 3838//3838 3837//3837 3861//3861
f 3853//3853 3855//3855 3741//3741
f 3928//3928 3853//3853 3741//3741
f 3852//3852 3926//3926 3849//3849
f 3930//3930 3928//3928 3741//3741
f 3927//3927 3929//3929 3931//3931
f 3931//3931 3850//3850 3927//3927
f 3931//3931 3932//3932 3933//3933
f 3932//3932 3931//3931 3929//3929
f 3850//3850 3931//3931 3844//3844
f 3933//3933 3844//3844 3931//3931
f 3844//3844 3933//3933 3842//3842
f 3934//3934 3842//3842 3933//3933
f 3933//3933 3935//3935 3934//3934
f 3935//3935 3933//3933 3932//3932
f 3936//3936 3934//3934 3935//3935
f 3935//3935 3937//3937 3936//3936
f 3937//3937 3935//3935 3938//3938
f 3932//3932 3938//3938 3935//3935
f 3938//3938 3939//3939 3937//3937
f 3939//3939 3938//3938 3754//3754
f 3940//3940 3754//3754 3938//3938
f 3938//3938 3932//3932 3940//3940
f 3929//3929 3940//3940 3932//3932
f 3941//3941 3930//3930 3741//3741
f 3755//3755 3941//3941 3741//3741
f 3939//3939 3942//3942 3944//3944
f 3942//3942 3939//3939 3756//3756
f 3754//3754 3756//3756 3939//3939
f 3944//3944 3937//3937 3939//3939
f 3937//3937 3944//3944 3946//3946
f 3947//3947 3946//3946 3945//3945
f 3945//3945 3948//3948 3947//3947
f 3948//3948 3945//3945 3943//3943
f 3782//3782 3947//3947 3948//3948
f 3948//3948 3781//3781 3782//3782
f 3781//3781 3948//3948 3949//3949
f 3943//3943 3949//3949 3948//3948
f 3949//3949 3767//3767 3781//3781
f 3767//3767 3949//3949 3761//3761
f 3759//3759 3761//3761 3949//3949
f 3949//3949 3943//3943 3759//3759
f 3947//3947 3782//3782 3785//3785
f 3946//3946 3947//3947 3950//3950
f 3785//3785 3950//3950 3947//3947
f 3825//3825 3950//3950 3785//3785
f 3825//3825 3951//3951 3950//3950
f 3950//3950 3951//3951 3946//3946
f 3936//3936 3946//3946 3951//3951
f 3825//3825 3952//3952 3951//3951
f 3951//3951 3952//3952 3936//3936
f 3934//3934 3936//3936 3952//3952
f 3825//3825 3841//3841 3952//3952
f 3952//3952 3841//3841 3934//3934
f 3946//3946 3936//3936 3937//3937
f 3756//3756 3758//3758 3942//3942
f 3842//3842 3934//3934 3841//3841
f 3839//3839 3838//3838 3845//3845
f 3837//3837 3820//3820 3819//3819
f 3836//3836 3954//3954 3958//3958
f 3954//3954 3835//3835 3829//3829
f 3834//3834 3955//3955 3959//3959
f 3958//3958 3956//3956 3836//3836
f 3832//3832 3834//3834 3961//3961
f 3834//3834 3959//3959 3961//3961
f 3832//3832 3961//3961 3743//3743
f 3746//3746 3744//3744 3962//3962
f 3962//3962 3753//3753 3746//3746
f 3752//3752 3962//3962 3964//3964
f 3959//3959 3963//3963 3961//3961
f 3964//3964 3966//3966 3752//3752
f 3968//3968 3966//3966 3964//3964
f 3964//3964 3960//3960 3968//3968
f 3751//3751 3965//3965 3967//3967
f 3958//3958 3968//3968 3960//3960
f 3967//3967 3957//3957 3953//3953
f 3751//3751 3967//3967 3953//3953
f 3960//3960 3956//3956 3958//3958
f 3749//3749 3953//3953 3826//3826
f 3829//3829 3827//3827 3954//3954
f 3749//3749 3751//3751 3953//3953
f 3793//3793 3830//3830 3832//3832
f 3742//3742 3832//3832 3743//3743
f 3821//3821 3831//3831 3794//3794
f 3824//3824 3749//3749 3826//3826
f 3750//3750 3825//3825 3785//3785
f 3788//3788 3787//3787 3799//3799
f 3779//3779 3787//3787 3778//3778
f 3781//3781 3767//3767 3768//3768
f 3770//3770 3776//3776 3772//3772
f 3769//3769 3747//3747 3749//3749
f 3761//3761 3763//3763 3767//3767
f 3985//3985 3972//3972 3970//3970
f 3970//3970 3972//3972 3974//3974
f 3974//3974 3976//3976 3970//3970
f 3969//3969 3975//3975 3981//3981
f 3996//3996 3970//3970 3978//3978
f 3979//3979 3977//3977 3969//3969
f 3979//3979 3969//3969 3981//3981
f 3987//3987 3985//3985 3970//3970
f 3990//3990 3987//3987 3970//3970
f 3992//3992 3990//3990 3970//3970
f 3994//3994 3992//3992 3970//3970
f 3996//3996 3994//3994 3970//3970
f 3997//3997 3993//3993 3995//3995
f 3996//3996 3978//3978 4000//4000
f 3995//3995 3998//3998 3997//3997
f 4003//4003 3998//3998 3995//3995
f 3996//3996 4000//4000 4002//4002
f 3995//3995 4001//4001 4003//4003
f 4007//4007 4003//4003 4004//4004
f 4005//4005 4004//4004 4003//4003
f 4003//4003 4001//4001 4005//4005
f 3998//3998 4003//4003 4007//4007
f 4010//4010 4007//4007 4008//4008
f 4008//4008 4007//4007 4009//4009
f 4004//4004 4009//4009 4007//4007
f 4007//4007 4010//4010 3998//3998
f 3998//3998 4010//4010 4011//4011
f 4012//4012 4011//4011 4010//4010
f 4010//4010 4013//4013 4012//4012
f 4008//4008 4013//4013 4010//4010
f 4012//4012 4013//4013 4014//4014
f 4014//4014 4013//4013 4008//4008
f 4014//4014 4015//4015 4012//4012
f 3980//3980 4015//4015 4014//4014
f 3980//3980 4014//4014 4016//4016
f 4008//4008 4016//4016 4014//4014
f 4016//4016 4008//4008 4017//4017
f 4017//4017 4018//4018 4016//4016
f 4016//4016 4018//4018 4020//4020
f 3980//3980 4016//4016 4020//4020
f 4019//4019 4021//4021 3979//3979
f 4022//4022 4020//4020 4024//4024
f 4025//4025 4024//4024 4020//4020
f 4026//4026 4025//4025 4020//4020
f 4027//4027 4026//4026 4020//4020
f 4028//4028 4027//4027 4020//4020
f 4018//4018 4028//4028 4020//4020
f 4028//4028 4029//4029 4030//4030
f 4029//4029 4028//4028 4018//4018
f 4030//4030 4027//4027 4028//4028
f 4030//4030 4031//4031 4032//4032
f 4031//4031 4030//4030 4029//4029
f 4032//4032 4033//4033 4030//4030
f 4027//4027 4030//4030 4033//4033
f 4033//4033 4032//4032 4034//4034
f 4034//4034 4035//4035 4033//4033
f 4026//4026 4033//4033 4035//4035
f 4033//4033 4026//4026 4027//4027
f 4035//4035 4034//4034 4036//4036
f 4036//4036 4037//4037 4035//4035
f 4025//4025 4035//4035 4037//4037
f 4035//4035 4025//4025 4026//4026
f 4037//4037 4036//4036 4039//4039
f 4039//4039 4040//4040 4037//4037
f 4041//4041 4037//4037 4040//4040
f 4037//4037 4041//4041 4025//4025
f 4025//4025 4041//4041 4024//4024
f 4040//4040 4042//4042 4041//4041
f 4041//4041 4042//4042 4024//4024
f 4042//4042 4040//4040 4043//4043
f 4043//4043 4044//4044 4042//4042
f 4042//4042 4044//4044 4024//4024
f 4044//4044 4043//4043 4045//4045
f 4045//4045 4046//4046 4044//4044
f 4044//4044 4046//4046 4024//4024
f 4047//4047 4046//4046 4045//4045
f 4046//4046 4047//4047 4024//4024
f 4045//4045 4048//4048 4047//4047
f 4047//4047 4048//4048 4049//4049
f 4049//4049 4050//4050 4047//4047
f 4053//4053 4047//4047 4050//4050
f 4047//4047 4051//4051 4024//4024
f 4053//4053 4051//4051 4047//4047
f 4055//4055 4053//4053 4070//4070
f 4053//4053 4055//4055 4057//4057
f 4057//4057 4059//4059 4053//4053
f 4052//4052 4058//4058 4064//4064
f 4051//4051 4053//4053 4061//4061
f 4062//4062 4060//4060 4052//4052
f 4062//4062 4052//4052 4064//4064
f 4053//4053 4050//4050 4067//4067
f 4053//4053 4067//4067 4068//4068
f 4053//4053 4068//4068 4069//4069
f 4053//4053 4069//4069 4070//4070
f 4055//4055 4070//4070 4071//4071
f 4071//4071 4070//4070 4072//4072
f 4073//4073 4072//4072 4070//4070
f 4070//4070 4069//4069 4073//4073
f 4072//4072 4073//4073 4074//4074
f 4077//4077 4074//4074 4073//4073
f 4075//4075 4073//4073 4069//4069
f 4073//4073 4075//4075 4077//4077
f 4078//4078 4076//4076 4075//4075
f 4074//4074 4077//4077 4080//4080
f 4076//4076 4078//4078 4081//4081
f 4081//4081 4079//4079 4076//4076
f 4079//4079 4081//4081 4082//4082
f 4084//4084 4082//4082 4081//4081
f 4081//4081 4086//4086 4084//4084
f 4086//4086 4081//4081 4078//4078
f 4087//4087 4086//4086 4090//4090
f 4086//4086 4087//4087 4088//4088
f 4088//4088 4084//4084 4086//4086
f 4078//4078 4090//4090 4086//4086
f 4090//4090 4049//4049 4048//4048
f 4091//4091 4049//4049 4090//4090
f 4090//4090 4078//4078 4091//4091
f 4090//4090 4092//4092 4087//4087
f 4048//4048 4092//4092 4090//4090
f 4093//4093 4092//4092 4048//4048
f 4087//4087 4092//4092 4093//4093
f 4095//4095 4093//4093 4094//4094
f 4043//4043 4094//4094 4093//4093
f 4093//4093 4045//4045 4043//4043
f 4048//4048 4045//4045 4093//4093
f 4093//4093 4095//4095 4087//4087
f 4096//4096 4095//4095 4098//4098
f 4095//4095 4096//4096 4088//4088
f 4088//4088 4087//4087 4095//4095
f 4094//4094 4098//4098 4095//4095
f 4098//4098 4099//4099 4096//4096
f 4099//4099 4098//4098 4101//4101
f 4038//4038 4101//4101 4098//4098
f 4098//4098 4094//4094 4038//4038
f 4101//4101 4103//4103 4099//4099
f 4104//4104 4102//4102 4106//4106
f 4036//4036 4106//4106 4102//4102
f 4102//4102 4039//4039 4036//4036
f 4106//4106 4107//4107 4104//4104
f 4107//4107 4106//4106 4109//4109
f 4034//4034 4109//4109 4106//4106
f 4106//4106 4036//4036 4034//4034
f 4109//4109 4110//4110 4107//4107
f 4110//4110 4109//4109 4112//4112
f 4032//4032 4112//4112 4109//4109
f 4109//4109 4034//4034 4032//4032
f 4112//4112 4113//4113 4110//4110
f 4113//4113 4112//4112 4115//4115
f 4031//4031 4115//4115 4112//4112
f 4112//4112 4032//4032 4031//4031
f 4115//4115 4116//4116 4113//4113
f 4116//4116 4115//4115 4118//4118
f 4120//4120 4118//4118 4115//4115
f 4115//4115 4031//4031 4120//4120
f 4119//4119 4121//4121 4009//4009
f 4017//4017 4009//4009 4121//4121
f 4121//4121 4029//4029 4017//4017
f 4029//4029 4120//4120 4031//4031
f 4118//4118 4122//4122 4116//4116
f 4123//4123 4119//4119 4004//4004
f 4009//4009 4004//4004 4119//4119
f 4000//4000 4117//4117 4124//4124
f 4000//4000 4124//4124 4006//4006
f 4004//4004 4005//4005 4123//4123
f 4000//4000 4114//4114 4117//4117
f 4126//4126 4111//4111 4114//4114
f 4000//4000 4126//4126 4114//4114
f 4125//4125 4127//4127 4062//4062
f 4128//4128 4126//4126 4000//4000
f 4063//4063 4129//4129 4126//4126
f 4126//4126 4129//4129 4097//4097
f 4126//4126 4097//4097 4100//4100
f 4126//4126 4100//4100 4105//4105
f 4126//4126 4105//4105 4108//4108
f 4126//4126 4108//4108 4111//4111
f 4129//4129 4089//4089 4097//4097
f 4085//4085 4089//4089 4129//4129
f 4085//4085 4129//4129 3972//3972
f 4063//4063 3972//3972 4129//4129
f 4133//4133 4128//4128 4131//4131
f 4000//4000 4131//4131 4128//4128
f 4127//4127 4132//4132 4062//4062
f 4138//4138 4133//4133 4135//4135
f 4131//4131 4136//4136 4133//4133
f 4132//4132 4137//4137 4139//4139
f 4132//4132 4139//4139 4141//4141
f 4132//4132 4141//4141 4062//4062
f 4141//4141 4144//4144 4023//4023
f 4145//4145 4142//4142 4147//4147
f 4149//4149 4147//4147 4143//4143
f 4143//4143 4151//4151 4149//4149
f 4139//4139 4150//4150 4141//4141
f 4141//4141 4023//4023 4062//4062
f 4149//4149 4151//4151 4140//4140
f 4146//4146 4148//4148 4152//4152
f 4140//4140 4153//4153 4149//4149
f 4153//4153 4140//4140 4138//4138
f 4138//4138 4155//4155 4153//4153
f 4152//4152 4154//4154 4134//4134
f 4146//4146 4152//4152 4134//4134
f 4135//4135 4155//4155 4138//4138
f 4147//4147 4022//4022 4145//4145
f 4021//4021 4146//4146 3979//3979
f 4146//4146 4134//4134 3979//3979
f 4024//4024 4145//4145 4022//4022
f 4134//4134 4130//4130 3999//3999
f 4134//4134 3999//3999 3979//3979
f 4094//4094 4043//4043 4040//4040
f 4040//4040 4038//4038 4094//4094
f 4049//4049 4091//4091 4067//4067
f 4075//4075 4091//4091 4078//4078
f 4091//4091 4075//4075 4068//4068
f 4068//4068 4067//4067 4091//4091
f 4083//4083 4085//4085 3972//3972
f 4158//4158 4083//4083 3972//3972
f 4082//4082 4156//4156 4079//4079
f 4160//4160 4158//4158 3972//3972
f 4157//4157 4159//4159 4161//4161
f 4161//4161 4080//4080 4157//4157
f 4161//4161 4162//4162 4163//4163
f 4162//4162 4161//4161 4159//4159
f 4080//4080 4161//4161 4074//4074
f 4163//4163 4074//4074 4161//4161
f 4074//4074 4163//4163 4072//4072
f 4164//4164 4072//4072 4163//4163
f 4163//4163 4165//4165 4164//4164
f 4165//4165 4163//4163 4162//4162
f 4166//4166 4164//4164 4165//4165
f 4165//4165 4167//4167 4166//4166
f 4167//4167 4165//4165 4168//4168
f 4162//4162 4168//4168 4165//4165
f 4168//4168 4169//4169 4167//4167
f 4169//4169 4168//4168 3984//3984
f 4170//4170 3984//3984 4168//4168
f 4168//4168 4162//4162 4170//4170
f 4159//4159 4170//4170 4162//4162
f 4171//4171 4160//4160 3972//3972
f 3985//3985 4171//4171 3972//3972
f 4169//4169 4172//4172 4174//4174
f 4172//4172 4169//4169 3986//3986
f 3984//3984 3986//3986 4169//4169
f 4174//4174 4167//4167 4169//4169
f 4167//4167 4174//4174 4176//4176
f 4177//4177 4176//4176 4175//4175
f 4175//4175 4178//4178 4177//4177
f 4178//4178 4175//4175 4173//4173
f 4012//4012 4177//4177 4178//4178
f 4178//4178 4011//4011 4012//4012
f 4011//4011 4178//4178 4179//4179
f 4173//4173 4179//4179 4178//4178
f 4179//4179 3997//3997 4011//4011
f 3997//3997 4179//4179 3991//3991
f 3989//3989 3991//3991 4179//4179
f 4179//4179 4173//4173 3989//3989
f 4177//4177 4012//4012 4015//4015
f 4176//4176 4177//4177 4180//4180
f 4015//4015 4180//4180 4177//4177
f 4055//4055 4180//4180 4015//4015
f 4055//4055 4181//4181 4180//4180
f 4180//4180 4181//4181 4176//4176
f 4166//4166 4176//4176 4181//4181
f 4055//4055 4182//4182 4181//4181
f 4181//4181 4182//4182 4166//4166
f 4164//4164 4166//4166 4182//4182
f 4055//4055 4071//4071 4182//4182
f 4182//4182 4071//4071 4164//4164
f 4176//4176 4166//4166 4167//4167
f 3986//3986 3988//3988 4172//4172
f 4072//4072 4164//4164 4071//4071
f 4069//4069 4068//4068 4075//4075
f 4067//4067 4050//4050 4049//4049
f 4066//4066 4184//4184 4188//4188
f 4184//4184 4065//4065 4059//4059
f 4064//4064 4185//4185 4189//4189
f 4188//4188 4186//4186 4066//4066
f 4062//4062 4064//4064 4191//4191
f 4064//4064 4189//4189 4191//4191
f 4062//4062 4191//4191 3973//3973
f 3976//3976 3974//3974 4192//4192
f 4192//4192 3983//3983 3976//3976
f 3982//3982 4192//4192 4194//4194
f 4189//4189 4193//4193 4191//4191
f 4194//4194 4196//4196 3982//3982
f 4198//4198 4196//4196 4194//4194
f 4194//4194 4190//4190 4198//4198
f 3981//3981 4195//4195 4197//4197
f 4188//4188 4198//4198 4190//4190
f 4197//4197 4187//4187 4183//4183
f 3981//3981 4197//4197 4183//4183
f 4190//4190 4186//4186 4188//4188
f 3979//3979 4183//4183 4056//4056
f 4059//4059 4057//4057 4184//4184
f 3979//3979 3981//3981 4183//4183
f 4023//4023 4060//4060 4062//4062
f 3971//3971 4062//4062 3973//3973
f 4051//4051 4061//4061 4024//4024
f 4054//4054 3979//3979 4056//4056
f 3980//3980 4055//4055 4015//4015
f 4018//4018 4017//4017 4029//4029
f 4009//4009 4017//4017 4008//4008
f 4011//4011 3997//3997 3998//3998
f 4000//4000 4006//4006 4002//4002
f 3999//3999 3977//3977 3979//3979
f 3991//3991 3993//3993 3997//3997
f 4215//4215 4202//4202 4200//4200
f 4200//4200 4202//4202 4204//4204
f 4204//4204 4206//4206 4200//4200
f 4199//4199 4205//4205 4211//4211
f 4226//4226 4200//4200 4208//4208
f 4209//4209 4207//4207 4199//4199
f 4209//4209 4199//4199 4211//4211
f 4217//4217 4215//4215 4200//4200
f 4220//4220 4217//4217 4200//4200
f 4222//4222 4220//4220 4200//4200
f 4224//4224 4222//4222 4200//4200
f 4226//4226 4224//4224 4200//4200
f 4227//4227 4223//4223 4225//4225
f 4226//4226 4208//4208 4230//4230
f 4225//4225 4228//4228 4227//4227
f 4233//4233 4228//4228 4225//4225
f 4226//4226 4230//4230 4232//4232
f 4225//4225 4231//4231 4233//4233
f 4237//4237 4233//4233 4234//4234
f 4235//4235 4234//4234 4233//4233
f 4233//4233 4231//4231 4235//4235
f 4228//4228 4233//4233 4237//4237
f 4240//4240 4237//4237 4238//4238
f 4238//4238 4237//4237 4239//4239
f 4234//4234 4239//4239 4237//4237
f 4237//4237 4240//4240 4228//4228
f 4228//4228 4240//4240 4241//4241
f 4242//4242 4241//4241 4240//4240
f 4240//4240 4243//4243 4242//4242
f 4238//4238 4243//4243 4240//4240
f 4242//4242 4243//4243 4244//4244
f 4244//4244 4243//4243 4238//4238
f 4244//4244 4245//4245 4242//4242
f 4210//4210 4245//4245 4244//4244
f 4210//4210 4244//4244 4246//4246
f 4238//4238 4246//4246 4244//4244
f 4246//4246 4238//4238 4247//4247
f 4247//4247 4248//4248 4246//4246
f 4246//4246 4248//4248 4250//4250
f 4210//4210 4246//4246 4250//4250
f 4249//4249 4251//4251 4209//4209
f 4252//4252 4250//4250 4254//4254
f 4255//4255 4254//4254 4250//4250
f 4256//4256 4255//4255 4250//4250
f 4257//4257 4256//4256 4250//4250
f 4258//4258 4257//4257 4250//4250
f 4248//4248 4258//4258 4250//4250
f 4258//4258 4259//4259 4260//4260
f 4259//4259 4258//4258 4248//4248
f 4260//4260 4257//4257 4258//4258
f 4260//4260 4261//4261 4262//4262
f 4261//4261 4260//4260 4259//4259
f 4262//4262 4263//4263 4260//4260
f 4257//4257 4260//4260 4263//4263
f 4263//4263 4262//4262 4264//4264
f 4264//4264 4265//4265 4263//4263
f 4256//4256 4263//4263 4265//4265
f 4263//4263 4256//4256 4257//4257
f 4265//4265 4264//4264 4266//4266
f 4266//4266 4267//4267 4265//4265
f 4255//4255 4265//4265 4267//4267
f 4265//4265 4255//4255 4256//4256
f 4267//4267 4266//4266 4269//4269
f 4269//4269 4270//4270 4267//4267
f 4271//4271 4267//4267 4270//4270
f 4267//4267 4271//4271 4255//4255
f 4255//4255 4271//4271 4254//4254
f 4270//4270 4272//4272 4271//4271
f 4271//4271 4272//4272 4254//4254
f 4272//4272 4270//4270 4273//4273
f 4273//4273 4274//4274 4272//4272
f 4272//4272 4274//4274 4254//4254
f 4274//4274 4273//4273 4275//4275
f 4275//4275 4276//4276 4274//4274
f 4274//4274 4276//4276 4254//4254
f 4277//4277 4276//4276 4275//4275
f 4276//4276 4277//4277 4254//4254
f 4275//4275 4278//4278 4277//4277
f 4277//4277 4278//4278 4279//4279
f 4279//4279 4280//4280 4277//4277
f 4283//4283 4277//4277 4280//4280
f 4277//4277 4281//4281 4254//4254
f 4283//4283 4281//4281 4277//4277
f 4285//4285 4283//4283 4300//4300
f 4283//4283 4285//4285 4287//4287
f 4287//4287 4289//4289 4283//4283
f 4282//4282 4288//4288 4294//4294
f 4281//4281 4283//4283 4291//4291
f 4292//4292 4290//4290 4282//4282
f 4292//4292 4282//4282 4294//4294
f 4283//4283 4280//4280 4297//4297
f 4283//4283 4297//4297 4298//4298
f 4283//4283 4298//4298 4299//4299
f 4283//4283 4299//4299 4300//4300
f 4285//4285 4300//4300 4301//4301
f 4301//4301 4300//4300 4302//4302
f 4303//4303 4302//4302 4300//4300
f 4300//4300 4299//4299 4303//4303
f 4302//4302 4303//4303 4304//4304
f 4307//4307 4304//4304 4303//4303
f 4305//4305 4303//4303 4299//4299
f 4303//4303 4305//4305 4307//4307
f 4308//4308 4306//4306 4305//4305
f 4304//4304 4307//4307 4310//4310
f 4306//4306 4308//4308 4311//4311
f 4311//4311 4309//4309 4306//4306
f 4309//4309 4311//4311 4312//4312
f 4314//4314 4312//4312 4311//4311
f 4311//4311 4316//4316 4314//4314
f 4316//4316 4311//4311 4308//4308
f 4317//4317 4316//4316 4320//4320
f 4316//4316 4317//4317 4318//4318
f 4318//4318 4314//4314 4316//4316
f 4308//4308 4320//4320 4316//4316
f 4320//4320 4279//4279 4278//4278
f 4321//4321 4279//4279 4320//4320
f 4320//4320 4308//4308 4321//4321
f 4320//4320 4322//4322 4317//4317
f 4278//4278 4322//4322 4320//4320
f 4323//4323 4322//4322 4278//4278
f 4317//4317 4322//4322 4323//4323
f 4325//4325 4323//4323 4324//4324
f 4273//4273 4324//4324 4323//4323
f 4323//4323 4275//4275 4273//4273
f 4278//4278 4275//4275 4323//4323
f 4323//4323 4325//4325 4317//4317
f 4326//4326 4325//4325 4328//4328
f 4325//4325 4326//4326 4318//4318
f 4318//4318 4317//4317 4325//4325
f 4324//4324 4328//4328 4325//4325
f 4328//4328 4329//4329 4326//4326
f 4329//4329 4328//4328 4331//4331
f 4268//4268 4331//4331 4328//4328
f 4328//4328 4324//4324 4268//4268
f 4331//4331 4333//4333 4329//4329
f 4334//4334 4332//4332 4336//4336
f 4266//4266 4336//4336 4332//4332
f 4332//4332 4269//4269 4266//4266
f 4336//4336 4337//4337 4334//4334
f 4337//4337 4336//4336 4339//4339
f 4264//4264 4339//4339 4336//4336
f 4336//4336 4266//4266 4264//4264
f 4339//4339 4340//4340 4337//4337
f 4340//4340 4339//4339 4342//4342
f 4262//4262 4342//4342 4339//4339
f 4339//4339 4264//4264 4262//4262
f 4342//4342 4343//4343 4340//4340
f 4343//4343 4342//4342 4345//4345
f 4261//4261 4345//4345 4342//4342
f 4342//4342 4262//4262 4261//4261
f 4345//4345 4346//4346 4343//4343
f 4346//4346 4345//4345 4348//4348
f 4350//4350 4348//4348 4345//4345
f 4345//4345 4261//4261 4350//4350
f 4349//4349 4351//4351 4239//4239
f 4247//4247 4239//4239 4351//4351
f 4351//4351 4259//4259 4247//4247
f 4259//4259 4350//4350 4261//4261
f 4348//4348 4352//4352 4346//4346
f 4353//4353 4349//4349 4234//4234
f 4239//4239 4234//4234 4349//4349
f 4230//4230 4347//4347 4354//4354
f 4230//4230 4354//4354 4236//4236
f 4234//4234 4235//4235 4353//4353
f 4230//4230 4344//4344 4347//4347
f 4356//4356 4341//4341 4344//4344
f 4230//4230 4356//4356 4344//4344
f 4355//4355 4357//4357 4292//4292
f 4358//4358 4356//4356 4230//4230
f 4293//4293 4359//4359 4356//4356
f 4356//4356 4359//4359 4327//4327
f 4356//4356 4327//4327 4330//4330
f 4356//4356 4330//4330 4335//4335
f 4356//4356 4335//4335 4338//4338
f 4356//4356 4338//4338 4341//4341
f 4359//4359 4319//4319 4327//4327
f 4315//4315 4319//4319 4359//4359
f 4315//4315 4359//4359 4202//4202
f 4293//4293 4202//4202 4359//4359
f 4363//4363 4358//4358 4361//4361
f 4230//4230 4361//4361 4358//4358
f 4357//4357 4362//4362 4292//4292
f 4368//4368 4363//4363 4365//4365
f 4361//4361 4366//4366 4363//4363
f 4362//4362 4367//4367 4369//4369
f 4362//4362 4369//4369 4371//4371
f 4362//4362 4371//4371 4292//4292
f 4371//4371 4374//4374 4253//4253
f 4375//4375 4372//4372 4377//4377
f 4379//4379 4377//4377 4373//4373
f 4373//4373 4381//4381 4379//4379
f 4369//4369 4380//4380 4371//4371
f 4371//4371 4253//4253 4292//4292
f 4379//4379 4381//4381 4370//4370
f 4376//4376 4378//4378 4382//4382
f 4370//4370 4383//4383 4379//4379
f 4383//4383 4370//4370 4368//4368
f 4368//4368 4384//4384 4383//4383
f 4382//4382 4385//4385 4364//4364
f 4376//4376 4382//4382 4364//4364
f 4365//4365 4384//4384 4368//4368
f 4377//4377 4252//4252 4375//4375
f 4251//4251 4376//4376 4209//4209
f 4376//4376 4364//4364 4209//4209
f 4254//4254 4375//4375 4252//4252
f 4364//4364 4360//4360 4229//4229
f 4364//4364 4229//4229 4209//4209
f 4324//4324 4273//4273 4270//4270
f 4270//4270 4268//4268 4324//4324
f 4279//4279 4321//4321 4297//4297
f 4305//4305 4321//4321 4308//4308
f 4321//4321 4305//4305 4298//4298
f 4298//4298 4297//4297 4321//4321
f 4313//4313 4315//4315 4202//4202
f 4388//4388 4313//4313 4202//4202
f 4312//4312 4386//4386 4309//4309
f 4390//4390 4388//4388 4202//4202
f 4387//4387 4389//4389 4391//4391
f 4391//4391 4310//4310 4387//4387
f 4391//4391 4392//4392 4393//4393
f 4392//4392 4391//4391 4389//4389
f 4310//4310 4391//4391 4304//4304
f 4393//4393 4304//4304 4391//4391
f 4304//4304 4393//4393 4302//4302
f 4394//4394 4302//4302 4393//4393
f 4393//4393 4395//4395 4394//4394
f 4395//4395 4393//4393 4392//4392
f 4396//4396 4394//4394 4395//4395
f 4395//4395 4397//4397 4396//4396
f 4397//4397 4395//4395 4398//4398
f 4392//4392 4398//4398 4395//4395
f 4398//4398 4399//4399 4397//4397
f 4399//4399 4398//4398 4214//4214
f 4400//4400 4214//4214 4398//4398
f 4398//4398 4392//4392 4400//4400
f 4389//4389 4400//4400 4392//4392
f 4401//4401 4390//4390 4202//4202
f 4215//4215 4401//4401 4202//4202
f 4399//4399 4402//4402 4404//4404
f 4402//4402 4399//4399 4216//4216
f 4214//4214 4216//4216 4399//4399
f 4404//4404 4397//4397 4399//4399
f 4397//4397 4404//4404 4406//4406
f 4407//4407 4406//4406 4405//4405
f 4405//4405 4408//4408 4407//4407
f 4408//4408 4405//4405 4403//4403
f 4242//4242 4407//4407 4408//4408
f 4408//4408 4241//4241 4242//4242
f 4241//4241 4408//4408 4409//4409
f 4403//4403 4409//4409 4408//4408
f 4409//4409 4227//4227 4241//4241
f 4227//4227 4409//4409 4221//4221
f 4219//4219 4221//4221 4409//4409
f 4409//4409 4403//4403 4219//4219
f 4407//4407 4242//4242 4245//4245
f 4406//4406 4407//4407 4410//4410
f 4245//4245 4410//4410 4407//4407
f 4285//4285 4410//4410 4245//4245
f 4285//4285 4411//4411 4410//4410
f 4410//4410 4411//4411 4406//4406
f 4396//4396 4406//4406 4411//4411
f 4285//4285 4412//4412 4411//4411
f 4411//4411 4412//4412 4396//4396
f 4394//4394 4396//4396 4412//4412
f 4285//4285 4301//4301 4412//4412
f 4412//4412 4301//4301 4394//4394
f 4406//4406 4396//4396 4397//4397
f 4216//4216 4218//4218 4402//4402
f 4302//4302 4394//4394 4301//4301
f 4299//4299 4298//4298 4305//4305
f 4297//4297 4280//4280 4279//4279
f 4296//4296 4414//4414 4418//4418
f 4414//4414 4295//4295 4289//4289
f 4294//4294 4415//4415 4419//4419
f 4418//4418 4416//4416 4296//4296
f 4292//4292 4294//4294 4421//4421
f 4294//4294 4419//4419 4421//4421
f 4292//4292 4421//4421 4203//4203
f 4206//4206 4204//4204 4422//4422
f 4422//4422 4213//4213 4206//4206
f 4212//4212 4422//4422 4424//4424
f 4419//4419 4423//4423 4421//4421
f 4424//4424 4426//4426 4212//4212
f 4428//4428 4426//4426 4424//4424
f 4424//4424 4420//4420 4428//4428
f 4211//4211 4425//4425 4427//4427
f 4418//4418 4428//4428 4420//4420
f 4427//4427 4417//4417 4413//4413
f 4211//4211 4427//4427 4413//4413
f 4420//4420 4416//4416 4418//4418
f 4209//4209 4413//4413 4286//4286
f 4289//4289 4287//4287 4414//4414
f 4209//4209 4211//4211 4413//4413
f 4253//4253 4290//4290 4292//4292
f 4201//4201 4292//4292 4203//4203
f 4281//4281 4291//4291 4254//4254
f 4284//4284 4209//4209 4286//4286
f 4210//4210 4285//4285 4245//4245
f 4248//4248 4247//4247 4259//4259
f 4239//4239 4247//4247 4238//4238
f 4241//4241 4227//4227 4228//4228
f 4230//4230 4236//4236 4232//4232
f 4229//4229 4207//4207 4209//4209
f 4221//4221 4223//4223 4227//4227
f 4444//4444 4432//4432 4430//4430
f 4430//4430 4432//4432 4434//4434
f 4434//4434 4436//4436 4430//4430
f 4429//4429 4435//4435 4441//4441
f 4456//4456 4430//4430 4438//4438
f 4439//4439 4437//4437 4429//4429
f 4439//4439 4429//4429 4441//4441
f 4446//4446 4444//4444 4430//4430
f 4448//4448 4446//4446 4430//4430
f 4451//4451 4448//4448 4430//4430
f 4453//4453 4451//4451 4430//4430
f 4456//4456 4453//4453 4430//4430
f 4457//4457 4454//4454 4455//4455
f 4456//4456 4438//4438 4460//4460
f 4455//4455 4458//4458 4457//4457
f 4463//4463 4458//4458 4455//4455
f 4456//4456 4460//4460 4461//4461
f 4455//4455 4462//4462 4463//4463
f 4467//4467 4463//4463 4464//4464
f 4466//4466 4464//4464 4463//4463
f 4463//4463 4462//4462 4466//4466
f 4458//4458 4463//4463 4467//4467
f 4470//4470 4467//4467 4468//4468
f 4468//4468 4467//4467 4469//4469
f 4464//4464 4469//4469 4467//4467
f 4467//4467 4470//4470 4458//4458
f 4458//4458 4470//4470 4471//4471
f 4472//4472 4471//4471 4470//4470
f 4470//4470 4473//4473 4472//4472
f 4468//4468 4473//4473 4470//4470
f 4472//4472 4473//4473 4474//4474
f 4474//4474 4473//4473 4468//4468
f 4474//4474 4475//4475 4472//4472
f 4440//4440 4475//4475 4474//4474
f 4440//4440 4474//4474 4476//4476
f 4468//4468 4476//4476 4474//4474
f 4476//4476 4468//4468 4477//4477
f 4477//4477 4478//4478 4476//4476
f 4476//4476 4478//4478 4480//4480
f 4440//4440 4476//4476 4480//4480
f 4479//4479 4481//4481 4439//4439
f 4482//4482 4480//4480 4484//4484
f 4485//4485 4484//4484 4480//4480
f 4486//4486 4485//4485 4480//4480
f 4487//4487 4486//4486 4480//4480
f 4488//4488 4487//4487 4480//4480
f 4478//4478 4488//4488 4480//4480
f 4488//4488 4489//4489 4490//4490
f 4489//4489 4488//4488 4478//4478
f 4490//4490 4487//4487 4488//4488
f 4490//4490 4491//4491 4492//4492
f 4491//4491 4490//4490 4489//4489
f 4492//4492 4493//4493 4490//4490
f 4487//4487 4490//4490 4493//4493
f 4493//4493 4492//4492 4494//4494
f 4494//4494 4495//4495 4493//4493
f 4486//4486 4493//4493 4495//4495
f 4493//4493 4486//4486 4487//4487
f 4495//4495 4494//4494 4496//4496
f 4496//4496 4497//4497 4495//4495
f 4485//4485 4495//4495 4497//4497
f 4495//4495 4485//4485 4486//4486
f 4497//4497 4496//4496 4499//4499
f 4499//4499 4500//4500 4497//4497
f 4501//4501 4497//4497 4500//4500
f 4497//4497 4501//4501 4485//4485
f 4485//4485 4501//4501 4484//4484
f 4500//4500 4502//4502 4501//4501
f 4501//4501 4502//4502 4484//4484
f 4502//4502 4500//4500 4503//4503
f 4503//4503 4504//4504 4502//4502
f 4502//4502 4504//4504 4484//4484
f 4504//4504 4503//4503 4505//4505
f 4505//4505 4506//4506 4504//4504
f 4504//4504 4506//4506 4484//4484
f 4507//4507 4506//4506 4505//4505
f 4506//4506 4507//4507 4484//4484
f 4505//4505 4508//4508 4507//4507
f 4507//4507 4508//4508 4509//4509
f 4509//4509 4510//4510 4507//4507
f 4513//4513 4507//4507 4510//4510
f 4507//4507 4511//4511 4484//4484
f 4513//4513 4511//4511 4507//4507
f 4515//4515 4513//4513 4530//4530
f 4513//4513 4515//4515 4517//4517
f 4517//4517 4519//4519 4513//4513
f 4512//4512 4518//4518 4524//4524
f 4511//4511 4513//4513 4521//4521
f 4522//4522 4520//4520 4512//4512
f 4522//4522 4512//4512 4524//4524
f 4513//4513 4510//4510 4527//4527
f 4513//4513 4527//4527 4528//4528
f 4513//4513 4528//4528 4529//4529
f 4513//4513 4529//4529 4530//4530
f 4515//4515 4530//4530 4531//4531
f 4531//4531 4530//4530 4532//4532
f 4533//4533 4532//4532 4530//4530
f 4530//4530 4529//4529 4533//4533
f 4532//4532 4533//4533 4534//4534
f 4537//4537 4534//4534 4533//4533
f 4535//4535 4533//4533 4529//4529
f 4533//4533 4535//4535 4537//4537
f 4538//4538 4536//4536 4535//4535
f 4534//4534 4537//4537 4540//4540
f 4536//4536 4538//4538 4541//4541
f 4541//4541 4539//4539 4536//4536
f 4539//4539 4541//4541 4543//4543
f 4545//4545 4543//4543 4541//4541
f 4541//4541 4546//4546 4545//4545
f 4546//4546 4541//4541 4538//4538
f 4547//4547 4546//4546 4550//4550
f 4546//4546 4547//4547 4548//4548
f 4548//4548 4545//4545 4546//4546
f 4538//4538 4550//4550 4546//4546
f 4550//4550 4509//4509 4508//4508
f 4551//4551 4509//4509 4550//4550
f 4550//4550 4538//4538 4551//4551
f 4550//4550 4552//4552 4547//4547
f 4508//4508 4552//4552 4550//4550
f 4553//4553 4552//4552 4508//4508
f 4547//4547 4552//4552 4553//4553
f 4555//4555 4553//4553 4554//4554
f 4503//4503 4554//4554 4553//4553
f 4553//4553 4505//4505 4503//4503
f 4508//4508 4505//4505 4553//4553
f 4553//4553 4555//4555 4547//4547
f 4557//4557 4555//4555 4558//4558
f 4555//4555 4557//4557 4548//4548
f 4548//4548 4547//4547 4555//4555
f 4554//4554 4558//4558 4555//4555
f 4558//4558 4560//4560 4557//4557
f 4560//4560 4558//4558 4561//4561
f 4498//4498 4561//4561 4558//4558
f 4558//4558 4554//4554 4498//4498
f 4561//4561 4564//4564 4560//4560
f 4565//4565 4562//4562 4566//4566
f 4496//4496 4566//4566 4562//4562
f 4562//4562 4499//4499 4496//4496
f 4566//4566 4568//4568 4565//4565
f 4568//4568 4566//4566 4569//4569
f 4494//4494 4569//4569 4566//4566
f 4566//4566 4496//4496 4494//4494
f 4569//4569 4571//4571 4568//4568
f 4571//4571 4569//4569 4572//4572
f 4492//4492 4572//4572 4569//4569
f 4569//4569 4494//4494 4492//4492
f 4572//4572 4574//4574 4571//4571
f 4574//4574 4572//4572 4575//4575
f 4491//4491 4575//4575 4572//4572
f 4572//4572 4492//4492 4491//4491
f 4575//4575 4577//4577 4574//4574
f 4577//4577 4575//4575 4578//4578
f 4580//4580 4578//4578 4575//4575
f 4575//4575 4491//4491 4580//4580
f 4579//4579 4581//4581 4469//4469
f 4477//4477 4469//4469 4581//4581
f 4581//4581 4489//4489 4477//4477
f 4489//4489 4580//4580 4491//4491
f 4578//4578 4583//4583 4577//4577
f 4584//4584 4579//4579 4464//4464
f 4469//4469 4464//4464 4579//4579
f 4460//4460 4576//4576 4582//4582
f 4460//4460 4582//4582 4465//4465
f 4464//4464 4466//4466 4584//4584
f 4460//4460 4573//4573 4576//4576
f 4586//4586 4570//4570 4573//4573
f 4460//4460 4586//4586 4573//4573
f 4585//4585 4587//4587 4522//4522
f 4588//4588 4586//4586 4460//4460
f 4523//4523 4589//4589 4586//4586
f 4586//4586 4589//4589 4556//4556
f 4586//4586 4556//4556 4559//4559
f 4586//4586 4559//4559 4563//4563
f 4586//4586 4563//4563 4567//4567
f 4586//4586 4567//4567 4570//4570
f 4589//4589 4549//4549 4556//4556
f 4544//4544 4549//4549 4589//4589
f 4544//4544 4589//4589 4432//4432
f 4523//4523 4432//4432 4589//4589
f 4593//4593 4588//4588 4591//4591
f 4460//4460 4591//4591 4588//4588
f 4587//4587 4592//4592 4522//4522
f 4598//4598 4593//4593 4595//4595
f 4591//4591 4596//4596 4593//4593
f 4592//4592 4597//4597 4599//4599
f 4592//4592 4599//4599 4601//4601
f 4592//4592 4601//4601 4522//4522
f 4601//4601 4604//4604 4483//4483
f 4605//4605 4602//4602 4607//4607
f 4609//4609 4607//4607 4603//4603
f 4603//4603 4611//4611 4609//4609
f 4599//4599 4610//4610 4601//4601
f 4601//4601 4483//4483 4522//4522
f 4609//4609 4611//4611 4600//4600
f 4606//4606 4608//4608 4612//4612
f 4600//4600 4613//4613 4609//4609
f 4613//4613 4600//4600 4598//4598
f 4598//4598 4615//4615 4613//4613
f 4612//4612 4614//4614 4594//4594
f 4606//4606 4612//4612 4594//4594
f 4595//4595 4615//4615 4598//4598
f 4607//4607 4482//4482 4605//4605
f 4481//4481 4606//4606 4439//4439
f 4606//4606 4594//4594 4439//4439
f 4484//4484 4605//4605 4482//4482
f 4594//4594 4590//4590 4459//4459
f 4594//4594 4459//4459 4439//4439
f 4554//4554 4503//4503 4500//4500
f 4500//4500 4498//4498 4554//4554
f 4509//4509 4551//4551 4527//4527
f 4535//4535 4551//4551 4538//4538
f 4551//4551 4535//4535 4528//4528
f 4528//4528 4527//4527 4551//4551
f 4542//4542 4544//4544 4432//4432
f 4616//4616 4542//4542 4432//4432
f 4543//4543 4617//4617 4539//4539
f 4619//4619 4616//4616 4432//4432
f 4618//4618 4620//4620 4621//4621
f 4621//4621 4540//4540 4618//4618
f 4621//4621 4622//4622 4623//4623
f 4622//4622 4621//4621 4620//4620
f 4540//4540 4621//4621 4534//4534
f 4623//4623 4534//4534 4621//4621
f 4534//4534 4623//4623 4532//4532
f 4624//4624 4532//4532 4623//4623
f 4623//4623 4625//4625 4624//4624
f 4625//4625 4623//4623 4622//4622
f 4626//4626 4624//4624 4625//4625
f 4625//4625 4627//4627 4626//4626
f 4627//4627 4625//4625 4628//4628
f 4622//4622 4628//4628 4625//4625
f 4628//4628 4629//4629 4627//4627
f 4629//4629 4628//4628 4445//4445
f 4631//4631 4445//4445 4628//4628
f 4628//4628 4622//4622 4631//4631
f 4620//4620 4631//4631 4622//4622
f 4630//4630 4619//4619 4432//4432
f 4444//4444 4630//4630 4432//4432
f 4629//4629 4632//4632 4634//4634
f 4632//4632 4629//4629 4447//4447
f 4445//4445 4447//4447 4629//4629
f 4634//4634 4627//4627 4629//4629
f 4627//4627 4634//4634 4636//4636
f 4637//4637 4636//4636 4635//4635
f 4635//4635 4638//4638 4637//4637
f 4638//4638 4635//4635 4633//4633
f 4472//4472 4637//4637 4638//4638
f 4638//4638 4471//4471 4472//4472
f 4471//4471 4638//4638 4639//4639
f 4633//4633 4639//4639 4638//4638
f 4639//4639 4457//4457 4471//4471
f 4457//4457 4639//4639 4452//4452
f 4450//4450 4452//4452 4639//4639
f 4639//4639 4633//4633 4450//4450
f 4637//4637 4472//4472 4475//4475
f 4636//4636 4637//4637 4640//4640
f 4475//4475 4640//4640 4637//4637
f 4515//4515 4640//4640 4475//4475
f 4515//4515 4641//4641 4640//4640
f 4640//4640 4641//4641 4636//4636
f 4626//4626 4636//4636 4641//4641
f 4515//4515 4642//4642 4641//4641
f 4641//4641 4642//4642 4626//4626
f 4624//4624 4626//4626 4642//4642
f 4515//4515 4531//4531 4642//4642
f 4642//4642 4531//4531 4624//4624
f 4636//4636 4626//4626 4627//4627
f 4447//4447 4449//4449 4632//4632
f 4532//4532 4624//4624 4531//4531
f 4529//4529 4528//4528 4535//4535
f 4527//4527 4510//4510 4509//4509
f 4526//4526 4644//4644 4648//4648
f 4644//4644 4525//4525 4519//4519
f 4524//4524 4645//4645 4649//4649
f 4648//4648 4646//4646 4526//4526
f 4522//4522 4524//4524 4651//4651
f 4524//4524 4649//4649 4651//4651
f 4522//4522 4651//4651 4433//4433
f 4436//4436 4434//4434 4652//4652
f 4652//4652 4443//4443 4436//4436
f 4442//4442 4652//4652 4654//4654
f 4649//4649 4653//4653 4651//4651
f 4654//4654 4656//4656 4442//4442
f 4658//4658 4656//4656 4654//4654
f 4654//4654 4650//4650 4658//4658
f 4441//4441 4655//4655 4657//4657
f 4648//4648 4658//4658 4650//4650
f 4657//4657 4647//4647 4643//4643
f 4441//4441 4657//4657 4643//4643
f 4650//4650 4646//4646 4648//4648
f 4439//4439 4643//4643 4516//4516
f 4519//4519 4517//4517 4644//4644
f 4439//4439 4441//4441 4643//4643
f 4483//4483 4520//4520 4522//4522
f 4431//4431 4522//4522 4433//4433
f 4511//4511 4521//4521 4484//4484
f 4514//4514 4439//4439 4516//4516
f 4440//4440 4515//4515 4475//4475
f 4478//4478 4477//4477 4489//4489
f 4469//4469 4477//4477 4468//4468
f 4471//4471 4457//4457 4458//4458
f 4460//4460 4465//4465 4461//4461
f 4459//4459 4437//4437 4439//4439
f 4452//4452 4454//4454 4457//4457
f 4674//4674 4662//4662 4660//4660
f 4660//4660 4662//4662 4664//4664
f 4664//4664 4666//4666 4660//4660
f 4659//4659 4665//4665 4671//4671
f 4686//4686 4660//4660 4668//4668
f 4669//4669 4667//4667 4659//4659
f 4669//4669 4659//4659 4671//4671
f 4676//4676 4674//4674 4660//4660
f 4678//4678 4676//4676 4660//4660
f 4681//4681 4678//4678 4660//4660
f 4683//4683 4681//4681 4660//4660
f 4686//4686 4683//4683 4660//4660
f 4687//4687 4684//4684 4685//4685
f 4686//4686 4668//4668 4690//4690
f 4685//4685 4688//4688 4687//4687
f 4693//4693 4688//4688 4685//4685
f 4686//4686 4690//4690 4691//4691
f 4685//4685 4692//4692 4693//4693
f 4697//4697 4693//4693 4694//4694
f 4696//4696 4694//4694 4693//4693
f 4693//4693 4692//4692 4696//4696
f 4688//4688 4693//4693 4697//4697
f 4700//4700 4697//4697 4698//4698
f 4698//4698 4697//4697 4699//4699
f 4694//4694 4699//4699 4697//4697
f 4697//4697 4700//4700 4688//4688
f 4688//4688 4700//4700 4701//4701
f 4702//4702 4701//4701 4700//4700
f 4700//4700 4703//4703 4702//4702
f 4698//4698 4703//4703 4700//4700
f 4702//4702 4703//4703 4704//4704
f 4704//4704 4703//4703 4698//4698
f 4704//4704 4705//4705 4702//4702
f 4670//4670 4705//4705 4704//4704
f 4670//4670 4704//4704 4706//4706
f 4698//4698 4706//4706 4704//4704
f 4706//4706 4698//4698 4707//4707
f 4707//4707 4708//4708 4706//4706
f 4706//4706 4708//4708 4710//4710
f 4670//4670 4706//4706 4710//4710
f 4709//4709 4711//4711 4669//4669
f 4712//4712 4710//4710 4714//4714
f 4715//4715 4714//4714 4710//4710
f 4716//4716 4715//4715 4710//4710
f 4717//4717 4716//4716 4710//4710
f 4718//4718 4717//4717 4710//4710
f 4708//4708 4718//4718 4710//4710
f 4718//4718 4719//4719 4720//4720
f 4719//4719 4718//4718 4708//4708
f 4720//4720 4717//4717 4718//4718
f 4720//4720 4721//4721 4722//4722
f 4721//4721 4720//4720 4719//4719
f 4722//4722 4723//4723 4720//4720
f 4717//4717 4720//4720 4723//4723
f 4723//4723 4722//4722 4724//4724
f 4724//4724 4725//4725 4723//4723
f 4716//4716 4723//4723 4725//4725
f 4723//4723 4716//4716 4717//4717
f 4725//4725 4724//4724 4726//4726
f 4726//4726 4727//4727 4725//4725
f 4715//4715 4725//4725 4727//4727
f 4725//4725 4715//4715 4716//4716
f 4727//4727 4726//4726 4729//4729
f 4729//4729 4730//4730 4727//4727
f 4731//4731 4727//4727 4730//4730
f 4727//4727 4731//4731 4715//4715
f 4715//4715 4731//4731 4714//4714
f 4730//4730 4732//4732 4731//4731
f 4731//4731 4732//4732 4714//4714
f 4732//4732 4730//4730 4733//4733
f 4733//4733 4734//4734 4732//4732
f 4732//4732 4734//4734 4714//4714
f 4734//4734 4733//4733 4735//4735
f 4735//4735 4736//4736 4734//4734
f 4734//4734 4736//4736 4714//4714
f 4737//4737 4736//4736 4735//4735
f 4736//4736 4737//4737 4714//4714
f 4735//4735 4738//4738 4737//4737
f 4737//4737 4738//4738 4739//4739
f 4739//4739 4740//4740 4737//4737
f 4743//4743 4737//4737 4740//4740
f 4737//4737 4741//4741 4714//4714
f 4743//4743 4741//4741 4737//4737
f 4745//4745 4743//4743 4760//4760
f 4743//4743 4745//4745 4747//4747
f 4747//4747 4749//4749 4743//4743
f 4742//4742 4748//4748 4754//4754
f 4741//4741 4743//4743 4751//4751
f 4752//4752 4750//4750 4742//4742
f 4752//4752 4742//4742 4754//4754
f 4743//4743 4740//4740 4757//4757
f 4743//4743 4757//4757 4758//4758
f 4743//4743 4758//4758 4759//4759
f 4743//4743 4759//4759 4760//4760
f 4745//4745 4760//4760 4761//4761
f 4761//4761 4760//4760 4762//4762
f 4763//4763 4762//4762 4760//4760
f 4760//4760 4759//4759 4763//4763
f 4762//4762 4763//4763 4764//4764
f 4767//4767 4764//4764 4763//4763
f 4765//4765 4763//4763 4759//4759
f 4763//4763 4765//4765 4767//4767
f 4768//4768 4766//4766 4765//4765
f 4764//4764 4767//4767 4770//4770
f 4766//4766 4768//4768 4771//4771
f 4771//4771 4769//4769 4766//4766
f 4769//4769 4771//4771 4773//4773
f 4775//4775 4773//4773 4771//4771
f 4771//4771 4776//4776 4775//4775
f 4776//4776 4771//4771 4768//4768
f 4777//4777 4776//4776 4780//4780
f 4776//4776 4777//4777 4778//4778
f 4778//4778 4775//4775 4776//4776
f 4768//4768 4780//4780 4776//4776
f 4780//4780 4739//4739 4738//4738
f 4781//4781 4739//4739 4780//4780
f 4780//4780 4768//4768 4781//4781
f 4780//4780 4782//4782 4777//4777
f 4738//4738 4782//4782 4780//4780
f 4783//4783 4782//4782 4738//4738
f 4777//4777 4782//4782 4783//4783
f 4785//4785 4783//4783 4784//4784
f 4733//4733 4784//4784 4783//4783
f 4783//4783 4735//4735 4733//4733
f 4738//4738 4735//4735 4783//4783
f 4783//4783 4785//4785 4777//4777
f 4787//4787 4785//4785 4788//4788
f 4785//4785 4787//4787 4778//4778
f 4778//4778 4777//4777 4785//4785
f 4784//4784 4788//4788 4785//4785
f 4788//4788 4790//4790 4787//4787
f 4790//4790 4788//4788 4791//4791
f 4728//4728 4791//4791 4788//4788
f 4788//4788 4784//4784 4728//4728
f 4791//4791 4794//4794 4790//4790
f 4795//4795 4792//4792 4796//4796
f 4726//4726 4796//4796 4792//4792
f 4792//4792 4729//4729 4726//4726
f 4796//4796 4798//4798 4795//4795
f 4798//4798 4796//4796 4799//4799
f 4724//4724 4799//4799 4796//4796
f 4796//4796 4726//4726 4724//4724
f 4799//4799 4801//4801 4798//4798
f 4801//4801 4799//4799 4802//4802
f 4722//4722 4802//4802 4799//4799
f 4799//4799 4724//4724 4722//4722
f 4802//4802 4804//4804 4801//4801
f 4804//4804 4802//4802 4805//4805
f 4721//4721 4805//4805 4802//4802
f 4802//4802 4722//4722 4721//4721
f 4805//4805 4807//4807 4804//4804
f 4807//4807 4805//4805 4808//4808
f 4810//4810 4808//4808 4805//4805
f 4805//4805 4721//4721 4810//4810
f 4809//4809 4811//4811 4699//4699
f 4707//4707 4699//4699 4811//4811
f 4811//4811 4719//4719 4707//4707
f 4719//4719 4810//4810 4721//4721
f 4808//4808 4813//4813 4807//4807
f 4814//4814 4809//4809 4694//4694
f 4699//4699 4694//4694 4809//4809
f 4690//4690 4806//4806 4812//4812
f 4690//4690 4812//4812 4695//4695
f 4694//4694 4696//4696 4814//4814
f 4690//4690 4803//4803 4806//4806
f 4816//4816 4800//4800 4803//4803
f 4690//4690 4816//4816 4803//4803
f 4815//4815 4817//4817 4752//4752
f 4818//4818 4816//4816 4690//4690
f 4753//4753 4819//4819 4816//4816
f 4816//4816 4819//4819 4786//4786
f 4816//4816 4786//4786 4789//4789
f 4816//4816 4789//4789 4793//4793
f 4816//4816 4793//4793 4797//4797
f 4816//4816 4797//4797 4800//4800
f 4819//4819 4779//4779 4786//4786
f 4774//4774 4779//4779 4819//4819
f 4774//4774 4819//4819 4662//4662
f 4753//4753 4662//4662 4819//4819
f 4823//4823 4818//4818 4821//4821
f 4690//4690 4821//4821 4818//4818
f 4817//4817 4822//4822 4752//4752
f 4828//4828 4823//4823 4825//4825
f 4821//4821 4826//4826 4823//4823
f 4822//4822 4827//4827 4829//4829
f 4822//4822 4829//4829 4831//4831
f 4822//4822 4831//4831 4752//4752
f 4831//4831 4834//4834 4713//4713
f 4835//4835 4832//4832 4837//4837
f 4839//4839 4837//4837 4833//4833
f 4833//4833 4841//4841 4839//4839
f 4829//4829 4840//4840 4831//4831
f 4831//4831 4713//4713 4752//4752
f 4839//4839 4841//4841 4830//4830
f 4836//4836 4838//4838 4842//4842
f 4830//4830 4843//4843 4839//4839
f 4843//4843 4830//4830 4828//4828
f 4828//4828 4845//4845 4843//4843
f 4842//4842 4844//4844 4824//4824
f 4836//4836 4842//4842 4824//4824
f 4825//4825 4845//4845 4828//4828
f 4837//4837 4712//4712 4835//4835
f 4711//4711 4836//4836 4669//4669
f 4836//4836 4824//4824 4669//4669
f 4714//4714 4835//4835 4712//4712
f 4824//4824 4820//4820 4689//4689
f 4824//4824 4689//4689 4669//4669
f 4784//4784 4733//4733 4730//4730
f 4730//4730 4728//4728 4784//4784
f 4739//4739 4781//4781 4757//4757
f 4765//4765 4781//4781 4768//4768
f 4781//4781 4765//4765 4758//4758
f 4758//4758 4757//4757 4781//4781
f 4772//4772 4774//4774 4662//4662
f 4846//4846 4772//4772 4662//4662
f 4773//4773 4847//4847 4769//4769
f 4849//4849 4846//4846 4662//4662
f 4848//4848 4850//4850 4851//4851
f 4851//4851 4770//4770 4848//4848
f 4851//4851 4852//4852 4853//4853
f 4852//4852 4851//4851 4850//4850
f 4770//4770 4851//4851 4764//4764
f 4853//4853 4764//4764 4851//4851
f 4764//4764 4853//4853 4762//4762
f 4854//4854 4762//4762 4853//4853
f 4853//4853 4855//4855 4854//4854
f 4855//4855 4853//4853 4852//4852
f 4856//4856 4854//4854 4855//4855
f 4855//4855 4857//4857 4856//4856
f 4857//4857 4855//4855 4858//4858
f 4852//4852 4858//4858 4855//4855
f 4858//4858 4859//4859 4857//4857
f 4859//4859 4858//4858 4675//4675
f 4861//4861 4675//4675 4858//4858
f 4858//4858 4852//4852 4861//4861
f 4850//4850 4861//4861 4852//4852
f 4860//4860 4849//4849 4662//4662
f 4674//4674 4860//4860 4662//4662
f 4859//4859 4862//4862 4864//4864
f 4862//4862 4859//4859 4677//4677
f 4675//4675 4677//4677 4859//4859
f 4864//4864 4857//4857 4859//4859
f 4857//4857 4864//4864 4866//4866
f 4867//4867 4866//4866 4865//4865
f 4865//4865 4868//4868 4867//4867
f 4868//4868 4865//4865 4863//4863
f 4702//4702 4867//4867 4868//4868
f 4868//4868 4701//4701 4702//4702
f 4701//4701 4868//4868 4869//4869
f 4863//4863 4869//4869 4868//4868
f 4869//4869 4687//4687 4701//4701
f 4687//4687 4869//4869 4682//4682
f 4680//4680 4682//4682 4869//4869
f 4869//4869 4863//4863 4680//4680
f 4867//4867 4702//4702 4705//4705
f 4866//4866 4867//4867 4870//4870
f 4705//4705 4870//4870 4867//4867
f 4745//4745 4870//4870 4705//4705
f 4745//4745 4871//4871 4870//4870
f 4870//4870 4871//4871 4866//4866
f 4856//4856 4866//4866 4871//4871
f 4745//4745 4872//4872 4871//4871
f 4871//4871 4872//4872 4856//4856
f 4854//4854 4856//4856 4872//4872
f 4745//4745 4761//4761 4872//4872
f 4872//4872 4761//4761 4854//4854
f 4866//4866 4856//4856 4857//4857
f 4677//4677 4679//4679 4862//4862
f 4762//4762 4854//4854 4761//4761
f 4759//4759 4758//4758 4765//4765
f 4757//4757 4740//4740 4739//4739
f 4756//4756 4874//4874 4878//4878
f 4874//4874 4755//4755 4749//4749
f 4754//4754 4875//4875 4879//4879
f 4878//4878 4876//4876 4756//4756
f 4752//4752 4754//4754 4881//4881
f 4754//4754 4879//4879 4881//4881
f 4752//4752 4881//4881 4663//4663
f 4666//4666 4664//4664 4882//4882
f 4882//4882 4673//4673 4666//4666
f 4672//4672 4882//4882 4884//4884
f 4879//4879 4883//4883 4881//4881
f 4884//4884 4886//4886 4672//4672
f 4888//4888 4886//4886 4884//4884
f 4884//4884 4880//4880 4888//4888
f 4671//4671 4885//4885 4887//4887
f 4878//4878 4888//4888 4880//4880
f 4887//4887 4877//4877 4873//4873
f 4671//4671 4887//4887 4873//4873
f 4880//4880 4876//4876 4878//4878
f 4669//4669 4873//4873 4746//4746
f 4749//4749 4747//4747 4874//4874
f 4669//4669 4671//4671 4873//4873
f 4713//4713 4750//4750 4752//4752
f 4661//4661 4752//4752 4663//4663
f 4741//4741 4751//4751 4714//4714
f 4744//4744 4669//4669 4746//4746
f 4670//4670 4745//4745 4705//4705
f 4708//4708 4707//4707 4719//4719
f 4699//4699 4707//4707 4698//4698
f 4701//4701 4687//4687 4688//4688
f 4690//4690 4695//4695 4691//4691
f 4689//4689 4667//4667 4669//4669
f 4682//4682 4684//4684 4687//4687
f 4904//4904 4892//4892 4890//4890
f 4890//4890 4892//4892 4894//4894
f 4894//4894 4896//4896 4890//4890
f 4889//4889 4895//4895 4901//4901
f 4916//4916 4890//4890 4898//4898
f 4899//4899 4897//4897 4889//4889
f 4899//4899 4889//4889 4901//4901
f 4906//4906 4904//4904 4890//4890
f 4908//4908 4906//4906 4890//4890
f 4911//4911 4908//4908 4890//4890
f 4913//4913 4911//4911 4890//4890
f 4916//4916 4913//4913 4890//4890
f 4917//4917 4914//4914 4915//4915
f 4916//4916 4898//4898 4920//4920
f 4915//4915 4918//4918 4917//4917
f 4923//4923 4918//4918 4915//4915
f 4916//4916 4920//4920 4921//4921
f 4915//4915 4922//4922 4923//4923
f 4927//4927 4923//4923 4924//4924
f 4926//4926 4924//4924 4923//4923
f 4923//4923 4922//4922 4926//4926
f 4918//4918 4923//4923 4927//4927
f 4930//4930 4927//4927 4928//4928
f 4928//4928 4927//4927 4929//4929
f 4924//4924 4929//4929 4927//4927
f 4927//4927 4930//4930 4918//4918
f 4918//4918 4930//4930 4931//4931
f 4932//4932 4931//4931 4930//4930
f 4930//4930 4933//4933 4932//4932
f 4928//4928 4933//4933 4930//4930
f 4932//4932 4933//4933 4934//4934
f 4934//4934 4933//4933 4928//4928
f 4934//4934 4935//4935 4932//4932
f 4900//4900 4935//4935 4934//4934
f 4900//4900 4934//4934 4936//4936
f 4928//4928 4936//4936 4934//4934
f 4936//4936 4928//4928 4937//4937
f 4937//4937 4938//4938 4936//4936
f 4936//4936 4938//4938 4940//4940
f 4900//4900 4936//4936 4940//4940
f 4939//4939 4941//4941 4899//4899
f 4942//4942 4940//4940 4944//4944
f 4945//4945 4944//4944 4940//4940
f 4946//4946 4945//4945 4940//4940
f 4947//4947 4946//4946 4940//4940
f 4948//4948 4947//4947 4940//4940
f 4938//4938 4948//4948 4940//4940
f 4948//4948 4949//4949 4950//4950
f 4949//4949 4948//4948 4938//4938
f 4950//4950 4947//4947 4948//4948
f 4950//4950 4951//4951 4952//4952
f 4951//4951 4950//4950 4949//4949
f 4952//4952 4953//4953 4950//4950
f 4947//4947 4950//4950 4953//4953
f 4953//4953 4952//4952 4954//4954
f 4954//4954 4955//4955 4953//4953
f 4946//4946 4953//4953 4955//4955
f 4953//4953 4946//4946 4947//4947
f 4955//4955 4954//4954 4956//4956
f 4956//4956 4957//4957 4955//4955
f 4945//4945 4955//4955 4957//4957
f 4955//4955 4945//4945 4946//4946
f 4957//4957 4956//4956 4959//4959
f 4959//4959 4960//4960 4957//4957
f 4961//4961 4957//4957 4960//4960
f 4957//4957 4961//4961 4945//4945
f 4945//4945 4961//4961 4944//4944
f 4960//4960 4962//4962 4961//4961
f 4961//4961 4962//4962 4944//4944
f 4962//4962 4960//4960 4963//4963
f 4963//4963 4964//4964 4962//4962
f 4962//4962 4964//4964 4944//4944
f 4964//4964 4963//4963 4965//4965
f 4965//4965 4966//4966 4964//4964
f 4964//4964 4966//4966 4944//4944
f 4967//4967 4966//4966 4965//4965
f 4966//4966 4967//4967 4944//4944
f 4965//4965 4968//4968 4967//4967
f 4967//4967 4968//4968 4969//4969
f 4969//4969 4970//4970 4967//4967
f 4973//4973 4967//4967 4970//4970
f 4967//4967 4971//4971 4944//4944
f 4973//4973 4971//4971 4967//4967
f 4975//4975 4973//4973 4990//4990
f 4973//4973 4975//4975 4977//4977
f 4977//4977 4979//4979 4973//4973
f 4972//4972 4978//4978 4984//4984
f 4971//4971 4973//4973 4981//4981
f 4982//4982 4980//4980 4972//4972
f 4982//4982 4972//4972 4984//4984
f 4973//4973 4970//4970 4987//4987
f 4973//4973 4987//4987 4988//4988
f 4973//4973 4988//4988 4989//4989
f 4973//4973 4989//4989 4990//4990
f 4975//4975 4990//4990 4991//4991
f 4991//4991 4990//4990 4992//4992
f 4993//4993 4992//4992 4990//4990
f 4990//4990 4989//4989 4993//4993
f 4992//4992 4993//4993 4994//4994
f 4997//4997 4994//4994 4993//4993
f 4995//4995 4993//4993 4989//4989
f 4993//4993 4995//4995 4997//4997
f 4998//4998 4996//4996 4995//4995
f 4994//4994 4997//4997 5000//5000
f 4996//4996 4998//4998 5001//5001
f 5001//5001 4999//4999 4996//4996
f 4999//4999 5001//5001 5003//5003
f 5005//5005 5003//5003 5001//5001
f 5001//5001 5006//5006 5005//5005
f 5006//5006 5001//5001 4998//4998
f 5007//5007 5006//5006 5010//5010
f 5006//5006 5007//5007 5008//5008
f 5008//5008 5005//5005 5006//5006
f 4998//4998 5010//5010 5006//5006
f 5010//5010 4969//4969 4968//4968
f 5011//5011 4969//4969 5010//5010
f 5010//5010 4998//4998 5011//5011
f 5010//5010 5012//5012 5007//5007
f 4968//4968 5012//5012 5010//5010
f 5013//5013 5012//5012 4968//4968
f 5007//5007 5012//5012 5013//5013
f 5015//5015 5013//5013 5014//5014
f 4963//4963 5014//5014 5013//5013
f 5013//5013 4965//4965 4963//4963
f 4968//4968 4965//4965 5013//5013
f 5013//5013 5015//5015 5007//5007
f 5017//5017 5015//5015 5018//5018
f 5015//5015 5017//5017 5008//5008
f 5008//5008 5007//5007 5015//5015
f 5014//5014 5018//5018 5015//5015
f 5018//5018 5020//5020 5017//5017
f 5020//5020 5018//5018 5021//5021
f 4958//4958 5021//5021 5018//5018
f 5018//5018 5014//5014 4958//4958
f 5021//5021 5024//5024 5020//5020
f 5025//5025 5022//5022 5026//5026
f 4956//4956 5026//5026 5022//5022
f 5022//5022 4959//4959 4956//4956
f 5026//5026 5028//5028 5025//5025
f 5028//5028 5026//5026 5029//5029
f 4954//4954 5029//5029 5026//5026
f 5026//5026 4956//4956 4954//4954
f 5029//5029 5031//5031 5028//5028
f 5031//5031 5029//5029 5032//5032
f 4952//4952 5032//5032 5029//5029
f 5029//5029 4954//4954 4952//4952
f 5032//5032 5034//5034 5031//5031
f 5034//5034 5032//5032 5035//5035
f 4951//4951 5035//5035 5032//5032
f 5032//5032 4952//4952 4951//4951
f 5035//5035 5037//5037 5034//5034
f 5037//5037 5035//5035 5038//5038
f 5040//5040 5038//5038 5035//5035
f 5035//5035 4951//4951 5040//5040
f 5039//5039 5041//5041 4929//4929
f 4937//4937 4929//4929 5041//5041
f 5041//5041 4949//4949 4937//4937
f 4949//4949 5040//5040 4951//4951
f 5038//5038 5043//5043 5037//5037
f 5044//5044 5039//5039 4924//4924
f 4929//4929 4924//4924 5039//5039
f 4920//4920 5036//5036 5042//5042
f 4920//4920 5042//5042 4925//4925
f 4924//4924 4926//4926 5044//5044
f 4920//4920 5033//5033 5036//5036
f 5046//5046 5030//5030 5033//5033
f 4920//4920 5046//5046 5033//5033
f 5045//5045 5047//5047 4982//4982
f 5048//5048 5046//5046 4920//4920
f 4983//4983 5049//5049 5046//5046
f 5046//5046 5049//5049 5016//5016
f 5046//5046 5016//5016 5019//5019
f 5046//5046 5019//5019 5023//5023
f 5046//5046 5023//5023 5027//5027
f 5046//5046 5027//5027 5030//5030
f 5049//5049 5009//5009 5016//5016
f 5004//5004 5009//5009 5049//5049
f 5004//5004 5049//5049 4892//4892
f 4983//4983 4892//4892 5049//5049
f 5053//5053 5048//5048 5051//5051
f 4920//4920 5051//5051 5048//5048
f 5047//5047 5052//5052 4982//4982
f 5058//5058 5053//5053 5055//5055
f 5051//5051 5056//5056 5053//5053
f 5052//5052 5057//5057 5059//5059
f 5052//5052 5059//5059 5061//5061
f 5052//5052 5061//5061 4982//4982
f 5061//5061 5064//5064 4943//4943
f 5065//5065 5062//5062 5067//5067
f 5069//5069 5067//5067 5063//5063
f 5063//5063 5071//5071 5069//5069
f 5059//5059 5070//5070 5061//5061
f 5061//5061 4943//4943 4982//4982
f 5069//5069 5071//5071 5060//5060
f 5066//5066 5068//5068 5072//5072
f 5060//5060 5073//5073 5069//5069
f 5073//5073 5060//5060 5058//5058
f 5058//5058 5075//5075 5073//5073
f 5072//5072 5074//5074 5054//5054
f 5066//5066 5072//5072 5054//5054
f 5055//5055 5075//5075 5058//5058
f 5067//5067 4942//4942 5065//5065
f 4941//4941 5066//5066 4899//4899
f 5066//5066 5054//5054 4899//4899
f 4944//4944 5065//5065 4942//4942
f 5054//5054 5050//5050 4919//4919
f 5054//5054 4919//4919 4899//4899
f 5014//5014 4963//4963 4960//4960
f 4960//4960 4958//4958 5014//5014
f 4969//4969 5011//5011 4987//4987
f 4995//4995 5011//5011 4998//4998
f 5011//5011 4995//4995 4988//4988
f 4988//4988 4987//4987 5011//5011
f 5002//5002 5004//5004 4892//4892
f 5076//5076 5002//5002 4892//4892
f 5003//5003 5077//5077 4999//4999
f 5079//5079 5076//5076 4892//4892
f 5078//5078 5080//5080 5081//5081
f 5081//5081 5000//5000 5078//5078
f 5081//5081 5082//5082 5083//5083
f 5082//5082 5081//5081 5080//5080
f 5000//5000 5081//5081 4994//4994
f 5083//5083 4994//4994 5081//5081
f 4994//4994 5083//5083 4992//4992
f 5084//5084 4992//4992 5083//5083
f 5083//5083 5085//5085 5084//5084
f 5085//5085 5083//5083 5082//5082
f 5086//5086 5084//5084 5085//5085
f 5085//5085 5087//5087 5086//5086
f 5087//5087 5085//5085 5088//5088
f 5082//5082 5088//5088 5085//5085
f 5088//5088 5089//5089 5087//5087
f 5089//5089 5088//5088 4905//4905
f 5091//5091 4905//4905 5088//5088
f 5088//5088 5082//5082 5091//5091
f 5080//5080 5091//5091 5082//5082
f 5090//5090 5079//5079 4892//4892
f 4904//4904 5090//5090 4892//4892
f 5089//5089 5092//5092 5094//5094
f 5092//5092 5089//5089 4907//4907
f 4905//4905 4907//4907 5089//5089
f 5094//5094 5087//5087 5089//5089
f 5087//5087 5094//5094 5096//5096
f 5097//5097 5096//5096 5095//5095
f 5095//5095 5098//5098 5097//5097
f 5098//5098 5095//5095 5093//5093
f 4932//4932 5097//5097 5098//5098
f 5098//5098 4931//4931 4932//4932
f 4931//4931 5098//5098 5099//5099
f 5093//5093 5099//5099 5098//5098
f 5099//5099 4917//4917 4931//4931
f 4917//4917 5099//5099 4912//4912
f 4910//4910 4912//4912 5099//5099
f 5099//5099 5093//5093 4910//4910
f 5097//5097 4932//4932 4935//4935
f 5096//5096 5097//5097 5100//5100
f 4935//4935 5100//5100 5097//5097
f 4975//4975 5100//5100 4935//4935
f 4975//4975 5101//5101 5100//5100
f 5100//5100 5101//5101 5096//5096
f 5086//5086 5096//5096 5101//5101
f 4975//4975 5102//5102 5101//5101
f 5101//5101 5102//5102 5086//5086
f 5084//5084 5086//5086 5102//5102
f 4975//4975 4991//4991 5102//5102
f 5102//5102 4991//4991 5084//5084
f 5096//5096 5086//5086 5087//5087
f 4907//4907 4909//4909 5092//5092
f 4992//4992 5084//5084 4991//4991
f 4989//4989 4988//4988 4995//4995
f 4987//4987 4970//4970 4969//4969
f 4986//4986 5104//5104 5108//5108
f 5104//5104 4985//4985 4979//4979
f 4984//4984 5105//5105 5109//5109
f 5108//5108 5106//5106 4986//4986
f 4982//4982 4984//4984 5111//5111
f 4984//4984 5109//5109 5111//5111
f 4982//4982 5111//5111 4893//4893
f 4896//4896 4894//4894 5112//5112
f 5112//5112 4903//4903 4896//4896
f 4902//4902 5112//5112 5114//5114
f 5109//5109 5113//5113 5111//5111
f 5114//5114 5116//5116 4902//4902
f 5118//5118 5116//5116 5114//5114
f 5114//5114 5110//5110 5118//5118
f 4901//4901 5115//5115 5117//5117
f 5108//5108 5118//5118 5110//5110
f 5117//5117 5107//5107 5103//5103
f 4901//4901 5117//5117 5103//5103
f 5110//5110 5106//5106 5108//5108
f 4899//4899 5103//5103 4976//4976
f 4979//4979 4977//4977 5104//5104
f 4899//4899 4901//4901 5103//5103
f 4943//4943 4980//4980 4982//4982
f 4891//4891 4982//4982 4893//4893
f 4971//4971 4981//4981 4944//4944
f 4974//4974 4899//4899 4976//4976
f 4900//4900 4975//4975 4935//4935
f 4938//4938 4937//4937 4949//4949
f 4929//4929 4937//4937 4928//4928
f 4931//4931 4917//4917 4918//4918
f 4920//4920 4925//4925 4921//4921
f 4919//4919 4897//4897 4899//4899
f 4912//4912 4914//4914 4917//4917
f 5134//5134 5122//5122 5120//5120
f 5120//5120 5122//5122 5124//5124
f 5124//5124 5126//5126 5120//5120
f 5119//5119 5125//5125 5131//5131
f 5146//5146 5120//5120 5128//5128
f 5129//5129 5127//5127 5119//5119
f 5129//5129 5119//5119 5131//5131
f 5136//5136 5134//5134 5120//5120
f 5138//5138 5136//5136 5120//5120
f 5141//5141 5138//5138 5120//5120
f 5143//5143 5141//5141 5120//5120
f 5146//5146 5143//5143 5120//5120
f 5147//5147 5144//5144 5145//5145
f 5146//5146 5128//5128 5150//5150
f 5145//5145 5148//5148 5147//5147
f 5153//5153 5148//5148 5145//5145
f 5146//5146 5150//5150 5151//5151
f 5145//5145 5152//5152 5153//5153
f 5157//5157 5153//5153 5154//5154
f 5156//5156 5154//5154 5153//5153
f 5153//5153 5152//5152 5156//5156
f 5148//5148 5153//5153 5157//5157
f 5160//5160 5157//5157 5158//5158
f 5158//5158 5157//5157 5159//5159
f 5154//5154 5159//5159 5157//5157
f 5157//5157 5160//5160 5148//5148
f 5148//5148 5160//5160 5161//5161
f 5162//5162 5161//5161 5160//5160
f 5160//5160 5163//5163 5162//5162
f 5158//5158 5163//5163 5160//5160
f 5162//5162 5163//5163 5164//5164
f 5164//5164 5163//5163 5158//5158
f 5164//5164 5165//5165 5162//5162
f 5130//5130 5165//5165 5164//5164
f 5130//5130 5164//5164 5166//5166
f 5158//5158 5166//5166 5164//5164
f 5166//5166 5158//5158 5167//5167
f 5167//5167 5168//5168 5166//5166
f 5166//5166 5168//5168 5170//5170
f 5130//5130 5166//5166 5170//5170
f 5169//5169 5171//5171 5129//5129
f 5172//5172 5170//5170 5174//5174
f 5175//5175 5174//5174 5170//5170
f 5176//5176 5175//5175 5170//5170
f 5177//5177 5176//5176 5170//5170
f 5178//5178 5177//5177 5170//5170
f 5168//5168 5178//5178 5170//5170
f 5178//5178 5179//5179 5180//5180
f 5179//5179 5178//5178 5168//5168
f 5180//5180 5177//5177 5178//5178
f 5180//5180 5181//5181 5182//5182
f 5181//5181 5180//5180 5179//5179
f 5182//5182 5183//5183 5180//5180
f 5177//5177 5180//5180 5183//5183
f 5183//5183 5182//5182 5184//5184
f 5184//5184 5185//5185 5183//5183
f 5176//5176 5183//5183 5185//5185
f 5183//5183 5176//5176 5177//5177
f 5185//5185 5184//5184 5186//5186
f 5186//5186 5187//5187 5185//5185
f 5175//5175 5185//5185 5187//5187
f 5185//5185 5175//5175 5176//5176
f 5187//5187 5186//5186 5189//5189
f 5189//5189 5190//5190 5187//5187
f 5191//5191 5187//5187 5190//5190
f 5187//5187 5191//5191 5175//5175
f 5175//5175 5191//5191 5174//5174
f 5190//5190 5192//5192 5191//5191
f 5191//5191 5192//5192 5174//5174
f 5192//5192 5190//5190 5193//5193
f 5193//5193 5194//5194 5192//5192
f 5192//5192 5194//5194 5174//5174
f 5194//5194 5193//5193 5195//5195
f 5195//5195 5196//5196 5194//5194
f 5194//5194 5196//5196 5174//5174
f 5197//5197 5196//5196 5195//5195
f 5196//5196 5197//5197 5174//5174
f 5195//5195 5198//5198 5197//5197
f 5197//5197 5198//5198 5199//5199
f 5199//5199 5200//5200 5197//5197
f 5203//5203 5197//5197 5200//5200
f 5197//5197 5201//5201 5174//5174
f 5203//5203 5201//5201 5197//5197
f 5205//5205 5203//5203 5220//5220
f 5203//5203 5205//5205 5207//5207
f 5207//5207 5209//5209 5203//5203
f 5202//5202 5208//5208 5214//5214
f 5201//5201 5203//5203 5211//5211
f 5212//5212 5210//5210 5202//5202
f 5212//5212 5202//5202 5214//5214
f 5203//5203 5200//5200 5217//5217
f 5203//5203 5217//5217 5218//5218
f 5203//5203 5218//5218 5219//5219
f 5203//5203 5219//5219 5220//5220
f 5205//5205 5220//5220 5221//5221
f 5221//5221 5220//5220 5222//5222
f 5223//5223 5222//5222 5220//5220
f 5220//5220 5219//5219 5223//5223
f 5222//5222 5223//5223 5224//5224
f 5227//5227 5224//5224 5223//5223
f 5225//5225 5223//5223 5219//5219
f 5223//5223 5225//5225 5227//5227
f 5228//5228 5226//5226 5225//5225
f 5224//5224 5227//5227 5230//5230
f 5226//5226 5228//5228 5231//5231
f 5231//5231 5229//5229 5226//5226
f 5229//5229 5231//5231 5233//5233
f 5235//5235 5233//5233 5231//5231
f 5231//5231 5236//5236 5235//5235
f 5236//5236 5231//5231 5228//5228
f 5237//5237 5236//5236 5240//5240
f 5236//5236 5237//5237 5238//5238
f 5238//5238 5235//5235 5236//5236
f 5228//5228 5240//5240 5236//5236
f 5240//5240 5199//5199 5198//5198
f 5241//5241 5199//5199 5240//5240
f 5240//5240 5228//5228 5241//5241
f 5240//5240 5242//5242 5237//5237
f 5198//5198 5242//5242 5240//5240
f 5243//5243 5242//5242 5198//5198
f 5237//5237 5242//5242 5243//5243
f 5245//5245 5243//5243 5244//5244
f 5193//5193 5244//5244 5243//5243
f 5243//5243 5195//5195 5193//5193
f 5198//5198 5195//5195 5243//5243
f 5243//5243 5245//5245 5237//5237
f 5247//5247 5245//5245 5248//5248
f 5245//5245 5247//5247 5238//5238
f 5238//5238 5237//5237 5245//5245
f 5244//5244 5248//5248 5245//5245
f 5248//5248 5250//5250 5247//5247
f 5250//5250 5248//5248 5251//5251
f 5188//5188 5251//5251 5248//5248
f 5248//5248 5244//5244 5188//5188
f 5251//5251 5254//5254 5250//5250
f 5255//5255 5252//5252 5256//5256
f 5186//5186 5256//5256 5252//5252
f 5252//5252 5189//5189 5186//5186
f 5256//5256 5258//5258 5255//5255
f 5258//5258 5256//5256 5259//5259
f 5184//5184 5259//5259 5256//5256
f 5256//5256 5186//5186 5184//5184
f 5259//5259 5261//5261 5258//5258
f 5261//5261 5259//5259 5262//5262
f 5182//5182 5262//5262 5259//5259
f 5259//5259 5184//5184 5182//5182
f 5262//5262 5264//5264 5261//5261
f 5264//5264 5262//5262 5265//5265
f 5181//5181 5265//5265 5262//5262
f 5262//5262 5182//5182 5181//5181
f 5265//5265 5267//5267 5264//5264
f 5267//5267 5265//5265 5268//5268
f 5270//5270 5268//5268 5265//5265
f 5265//5265 5181//5181 5270//5270
f 5269//5269 5271//5271 5159//5159
f 5167//5167 5159//5159 5271//5271
f 5271//5271 5179//5179 5167//5167
f 5179//5179 5270//5270 5181//5181
f 5268//5268 5273//5273 5267//5267
f 5274//5274 5269//5269 5154//5154
f 5159//5159 5154//5154 5269//5269
f 5150//5150 5266//5266 5272//5272
f 5150//5150 5272//5272 5155//5155
f 5154//5154 5156//5156 5274//5274
f 5150//5150 5263//5263 5266//5266
f 5276//5276 5260//5260 5263//5263
f 5150//5150 5276//5276 5263//5263
f 5275//5275 5277//5277 5212//5212
f 5278//5278 5276//5276 5150//5150
f 5213//5213 5279//5279 5276//5276
f 5276//5276 5279//5279 5246//5246
f 5276//5276 5246//5246 5249//5249
f 5276//5276 5249//5249 5253//5253
f 5276//5276 5253//5253 5257//5257
f 5276//5276 5257//5257 5260//5260
f 5279//5279 5239//5239 5246//5246
f 5234//5234 5239//5239 5279//5279
f 5234//5234 5279//5279 5122//5122
f 5213//5213 5122//5122 5279//5279
f 5283//5283 5278//5278 5281//5281
f 5150//5150 5281//5281 5278//5278
f 5277//5277 5282//5282 5212//5212
f 5288//5288 5283//5283 5285//5285
f 5281//5281 5286//5286 5283//5283
f 5282//5282 5287//5287 5289//5289
f 5282//5282 5289//5289 5291//5291
f 5282//5282 5291//5291 5212//5212
f 5291//5291 5294//5294 5173//5173
f 5295//5295 5292//5292 5297//5297
f 5299//5299 5297//5297 5293//5293
f 5293//5293 5301//5301 5299//5299
f 5289//5289 5300//5300 5291//5291
f 5291//5291 5173//5173 5212//5212
f 5299//5299 5301//5301 5290//5290
f 5296//5296 5298//5298 5302//5302
f 5290//5290 5303//5303 5299//5299
f 5303//5303 5290//5290 5288//5288
f 5288//5288 5305//5305 5303//5303
f 5302//5302 5304//5304 5284//5284
f 5296//5296 5302//5302 5284//5284
f 5285//5285 5305//5305 5288//5288
f 5297//5297 5172//5172 5295//5295
f 5171//5171 5296//5296 5129//5129
f 5296//5296 5284//5284 5129//5129
f 5174//5174 5295//5295 5172//5172
f 5284//5284 5280//5280 5149//5149
f 5284//5284 5149//5149 5129//5129
f 5244//5244 5193//5193 5190//5190
f 5190//5190 5188//5188 5244//5244
f 5199//5199 5241//5241 5217//5217
f 5225//5225 5241//5241 5228//5228
f 5241//5241 5225//5225 5218//5218
f 5218//5218 5217//5217 5241//5241
f 5232//5232 5234//5234 5122//5122
f 5306//5306 5232//5232 5122//5122
f 5233//5233 5307//5307 5229//5229
f 5309//5309 5306//5306 5122//5122
f 5308//5308 5310//5310 5311//5311
f 5311//5311 5230//5230 5308//5308
f 5311//5311 5312//5312 5313//5313
f 5312//5312 5311//5311 5310//5310
f 5230//5230 5311//5311 5224//5224
f 5313//5313 5224//5224 5311//5311
f 5224//5224 5313//5313 5222//5222
f 5314//5314 5222//5222 5313//5313
f 5313//5313 5315//5315 5314//5314
f 5315//5315 5313//5313 5312//5312
f 5316//5316 5314//5314 5315//5315
f 5315//5315 5317//5317 5316//5316
f 5317//5317 5315//5315 5318//5318
f 5312//5312 5318//5318 5315//5315
f 5318//5318 5319//5319 5317//5317
f 5319//5319 5318//5318 5135//5135
f 5321//5321 5135//5135 5318//5318
f 5318//5318 5312//5312 5321//5321
f 5310//5310 5321//5321 5312//5312
f 5320//5320 5309//5309 5122//5122
f 5134//5134 5320//5320 5122//5122
f 5319//5319 5322//5322 5324//5324
f 5322//5322 5319//5319 5137//5137
f 5135//5135 5137//5137 5319//5319
f 5324//5324 5317//5317 5319//5319
f 5317//5317 5324//5324 5326//5326
f 5327//5327 5326//5326 5325//5325
f 5325//5325 5328//5328 5327//5327
f 5328//5328 5325//5325 5323//5323
f 5162//5162 5327//5327 5328//5328
f 5328//5328 5161//5161 5162//5162
f 5161//5161 5328//5328 5329//5329
f 5323//5323 5329//5329 5328//5328
f 5329//5329 5147//5147 5161//5161
f 5147//5147 5329//5329 5142//5142
f 5140//5140 5142//5142 5329//5329
f 5329//5329 5323//5323 5140//5140
f 5327//5327 5162//5162 5165//5165
f 5326//5326 5327//5327 5330//5330
f 5165//5165 5330//5330 5327//5327
f 5205//5205 5330//5330 5165//5165
f 5205//5205 5331//5331 5330//5330
f 5330//5330 5331//5331 5326//5326
f 5316//5316 5326//5326 5331//5331
f 5205//5205 5332//5332 5331//5331
f 5331//5331 5332//5332 5316//5316
f 5314//5314 5316//5316 5332//5332
f 5205//5205 5221//5221 5332//5332
f 5332//5332 5221//5221 5314//5314
f 5326//5326 5316//5316 5317//5317
f 5137//5137 5139//5139 5322//5322
f 5222//5222 5314//5314 5221//5221
f 5219//5219 5218//5218 5225//5225
f 5217//5217 5200//5200 5199//5199
f 5216//5216 5334//5334 5338//5338
f 5334//5334 5215//5215 5209//5209
f 5214//5214 5335//5335 5339//5339
f 5338//5338 5336//5336 5216//5216
f 5212//5212 5214//5214 5341//5341
f 5214//5214 5339//5339 5341//5341
f 5212//5212 5341//5341 5123//5123
f 5126//5126 5124//5124 5342//5342
f 5342//5342 5133//5133 5126//5126
f 5132//5132 5342//5342 5344//5344
f 5339//5339 5343//5343 5341//5341
f 5344//5344 5346//5346 5132//5132
f 5348//5348 5346//5346 5344//5344
f 5344//5344 5340//5340 5348//5348
f 5131//5131 5345//5345 5347//5347
f 5338//5338 5348//5348 5340//5340
f 5347//5347 5337//5337 5333//5333
f 5131//5131 5347//5347 5333//5333
f 5340//5340 5336//5336 5338//5338
f 5129//5129 5333//5333 5206//5206
f 5209//5209 5207//5207 5334//5334
f 5129//5129 5131//5131 5333//5333
f 5173//5173 5210//5210 5212//5212
f 5121//5121 5212//5212 5123//5123
f 5201//5201 5211//5211 5174//5174
f 5204//5204 5129//5129 5206//5206
f 5130//5130 5205//5205 5165//5165
f 5168//5168 5167//5167 5179//5179
f 5159//5159 5167//5167 5158//5158
f 5161//5161 5147//5147 5148//5148
f 5150//5150 5155//5155 5151//5151
f 5149//5149 5127//5127 5129//5129
f 5142//5142 5144//5144 5147//5147
f 5364//5364 5352//5352 5350//5350
f 5350//5350 5352//5352 5354//5354
f 5354//5354 5356//5356 5350//5350
f 5349//5349 5355//5355 5361//5361
f 5376//5376 5350//5350 5358//5358
f 5359//5359 5357//5357 5349//5349
f 5359//5359 5349//5349 5361//5361
f 5366//5366 5364//5364 5350//5350
f 5368//5368 5366//5366 5350//5350
f 5371//5371 5368//5368 5350//5350
f 5373//5373 5371//5371 5350//5350
f 5376//5376 5373//5373 5350//5350
f 5377//5377 5374//5374 5375//5375
f 5376//5376 5358//5358 5380//5380
f 5375//5375 5378//5378 5377//5377
f 5383//5383 5378//5378 5375//5375
f 5376//5376 5380//5380 5381//5381
f 5375//5375 5382//5382 5383//5383
f 5387//5387 5383//5383 5384//5384
f 5386//5386 5384//5384 5383//5383
f 5383//5383 5382//5382 5386//5386
f 5378//5378 5383//5383 5387//5387
f 5390//5390 5387//5387 5388//5388
f 5388//5388 5387//5387 5389//5389
f 5384//5384 5389//5389 5387//5387
f 5387//5387 5390//5390 5378//5378
f 5378//5378 5390//5390 5391//5391
f 5392//5392 5391//5391 5390//5390
f 5390//5390 5393//5393 5392//5392
f 5388//5388 5393//5393 5390//5390
f 5392//5392 5393//5393 5394//5394
f 5394//5394 5393//5393 5388//5388
f 5394//5394 5395//5395 5392//5392
f 5360//5360 5395//5395 5394//5394
f 5360//5360 5394//5394 5396//5396
f 5388//5388 5396//5396 5394//5394
f 5396//5396 5388//5388 5397//5397
f 5397//5397 5398//5398 5396//5396
f 5396//5396 5398//5398 5400//5400
f 5360//5360 5396//5396 5400//5400
f 5399//5399 5401//5401 5359//5359
f 5402//5402 5400//5400 5404//5404
f 5405//5405 5404//5404 5400//5400
f 5406//5406 5405//5405 5400//5400
f 5407//5407 5406//5406 5400//5400
f 5408//5408 5407//5407 5400//5400
f 5398//5398 5408//5408 5400//5400
f 5408//5408 5409//5409 5410//5410
f 5409//5409 5408//5408 5398//5398
f 5410//5410 5407//5407 5408//5408
f 5410//5410 5411//5411 5412//5412
f 5411//5411 5410//5410 5409//5409
f 5412//5412 5413//5413 5410//5410
f 5407//5407 5410//5410 5413//5413
f 5413//5413 5412//5412 5414//5414
f 5414//5414 5415//5415 5413//5413
f 5406//5406 5413//5413 5415//5415
f 5413//5413 5406//5406 5407//5407
f 5415//5415 5414//5414 5416//5416
f 5416//5416 5417//5417 5415//5415
f 5405//5405 5415//5415 5417//5417
f 5415//5415 5405//5405 5406//5406
f 5417//5417 5416//5416 5419//5419
f 5419//5419 5420//5420 5417//5417
f 5421//5421 5417//5417 5420//5420
f 5417//5417 5421//5421 5405//5405
f 5405//5405 5421//5421 5404//5404
f 5420//5420 5422//5422 5421//5421
f 5421//5421 5422//5422 5404//5404
f 5422//5422 5420//5420 5423//5423
f 5423//5423 5424//5424 5422//5422
f 5422//5422 5424//5424 5404//5404
f 5424//5424 5423//5423 5425//5425
f 5425//5425 5426//5426 5424//5424
f 5424//5424 5426//5426 5404//5404
f 5427//5427 5426//5426 5425//5425
f 5426//5426 5427//5427 5404//5404
f 5425//5425 5428//5428 5427//5427
f 5427//5427 5428//5428 5429//5429
f 5429//5429 5430//5430 5427//5427
f 5433//5433 5427//5427 5430//5430
f 5427//5427 5431//5431 5404//5404
f 5433//5433 5431//5431 5427//5427
f 5435//5435 5433//5433 5450//5450
f 5433//5433 5435//5435 5437//5437
f 5437//5437 5439//5439 5433//5433
f 5432//5432 5438//5438 5444//5444
f 5431//5431 5433//5433 5441//5441
f 5442//5442 5440//5440 5432//5432
f 5442//5442 5432//5432 5444//5444
f 5433//5433 5430//5430 5447//5447
f 5433//5433 5447//5447 5448//5448
f 5433//5433 5448//5448 5449//5449
f 5433//5433 5449//5449 5450//5450
f 5435//5435 5450//5450 5451//5451
f 5451//5451 5450//5450 5452//5452
f 5453//5453 5452//5452 5450//5450
f 5450//5450 5449//5449 5453//5453
f 5452//5452 5453//5453 5454//5454
f 5457//5457 5454//5454 5453//5453
f 5455//5455 5453//5453 5449//5449
f 5453//5453 5455//5455 5457//5457
f 5458//5458 5456//5456 5455//5455
f 5454//5454 5457//5457 5460//5460
f 5456//5456 5458//5458 5461//5461
f 5461//5461 5459//5459 5456//5456
f 5459//5459 5461//5461 5463//5463
f 5465//5465 5463//5463 5461//5461
f 5461//5461 5466//5466 5465//5465
f 5466//5466 5461//5461 5458//5458
f 5467//5467 5466//5466 5470//5470
f 5466//5466 5467//5467 5468//5468
f 5468//5468 5465//5465 5466//5466
f 5458//5458 5470//5470 5466//5466
f 5470//5470 5429//5429 5428//5428
f 5471//5471 5429//5429 5470//5470
f 5470//5470 5458//5458 5471//5471
f 5470//5470 5472//5472 5467//5467
f 5428//5428 5472//5472 5470//5470
f 5473//5473 5472//5472 5428//5428
f 5467//5467 5472//5472 5473//5473
f 5475//5475 5473//5473 5474//5474
f 5423//5423 5474//5474 5473//5473
f 5473//5473 5425//5425 5423//5423
f 5428//5428 5425//5425 5473//5473
f 5473//5473 5475//5475 5467//5467
f 5477//5477 5475//5475 5478//5478
f 5475//5475 5477//5477 5468//5468
f 5468//5468 5467//5467 5475//5475
f 5474//5474 5478//5478 5475//5475
f 5478//5478 5480//5480 5477//5477
f 5480//5480 5478//5478 5481//5481
f 5418//5418 5481//5481 5478//5478
f 5478//5478 5474//5474 5418//5418
f 5481//5481 5484//5484 5480//5480
f 5485//5485 5482//5482 5486//5486
f 5416//5416 5486//5486 5482//5482
f 5482//5482 5419//5419 5416//5416
f 5486//5486 5488//5488 5485//5485
f 5488//5488 5486//5486 5489//5489
f 5414//5414 5489//5489 5486//5486
f 5486//5486 5416//5416 5414//5414
f 5489//5489 5491//5491 5488//5488
f 5491//5491 5489//5489 5492//5492
f 5412//5412 5492//5492 5489//5489
f 5489//5489 5414//5414 5412//5412
f 5492//5492 5494//5494 5491//5491
f 5494//5494 5492//5492 5495//5495
f 5411//5411 5495//5495 5492//5492
f 5492//5492 5412//5412 5411//5411
f 5495//5495 5497//5497 5494//5494
f 5497//5497 5495//5495 5498//5498
f 5500//5500 5498//5498 5495//5495
f 5495//5495 5411//5411 5500//5500
f 5499//5499 5501//5501 5389//5389
f 5397//5397 5389//5389 5501//5501
f 5501//5501 5409//5409 5397//5397
f 5409//5409 5500//5500 5411//5411
f 5498//5498 5503//5503 5497//5497
f 5504//5504 5499//5499 5384//5384
f 5389//5389 5384//5384 5499//5499
f 5380//5380 5496//5496 5502//5502
f 5380//5380 5502//5502 5385//5385
f 5384//5384 5386//5386 5504//5504
f 5380//5380 5493//5493 5496//5496
f 5506//5506 5490//5490 5493//5493
f 5380//5380 5506//5506 5493//5493
f 5505//5505 5507//5507 5442//5442
f 5508//5508 5506//5506 5380//5380
f 5443//5443 5509//5509 5506//5506
f 5506//5506 5509//5509 5476//5476
f 5506//5506 5476//5476 5479//5479
f 5506//5506 5479//5479 5483//5483
f 5506//5506 5483//5483 5487//5487
f 5506//5506 5487//5487 5490//5490
f 5509//5509 5469//5469 5476//5476
f 5464//5464 5469//5469 5509//5509
f 5464//5464 5509//5509 5352//5352
f 5443//5443 5352//5352 5509//5509
f 5513//5513 5508//5508 5511//5511
f 5380//5380 5511//5511 5508//5508
f 5507//5507 5512//5512 5442//5442
f 5518//5518 5513//5513 5515//5515
f 5511//5511 5516//5516 5513//5513
f 5512//5512 5517//5517 5519//5519
f 5512//5512 5519//5519 5521//5521
f 5512//5512 5521//5521 5442//5442
f 5521//5521 5524//5524 5403//5403
f 5525//5525 5522//5522 5527//5527
f 5529//5529 5527//5527 5523//5523
f 5523//5523 5531//5531 5529//5529
f 5519//5519 5530//5530 5521//5521
f 5521//5521 5403//5403 5442//5442
f 5529//5529 5531//5531 5520//5520
f 5526//5526 5528//5528 5532//5532
f 5520//5520 5533//5533 5529//5529
f 5533//5533 5520//5520 5518//5518
f 5518//5518 5535//5535 5533//5533
f 5532//5532 5534//5534 5514//5514
f 5526//5526 5532//5532 5514//5514
f 5515//5515 5535//5535 5518//5518
f 5527//5527 5402//5402 5525//5525
f 5401//5401 5526//5526 5359//5359
f 5526//5526 5514//5514 5359//5359
f 5404//5404 5525//5525 5402//5402
f 5514//5514 5510//5510 5379//5379
f 5514//5514 5379//5379 5359//5359
f 5474//5474 5423//5423 5420//5420
f 5420//5420 5418//5418 5474//5474
f 5429//5429 5471//5471 5447//5447
f 5455//5455 5471//5471 5458//5458
f 5471//5471 5455//5455 5448//5448
f 5448//5448 5447//5447 5471//5471
f 5462//5462 5464//5464 5352//5352
f 5536//5536 5462//5462 5352//5352
f 5463//5463 5537//5537 5459//5459
f 5539//5539 5536//5536 5352//5352
f 5538//5538 5540//5540 5541//5541
f 5541//5541 5460//5460 5538//5538
f 5541//5541 5542//5542 5543//5543
f 5542//5542 5541//5541 5540//5540
f 5460//5460 5541//5541 5454//5454
f 5543//5543 5454//5454 5541//5541
f 5454//5454 5543//5543 5452//5452
f 5544//5544 5452//5452 5543//5543
f 5543//5543 5545//5545 5544//5544
f 5545//5545 5543//5543 5542//5542
f 5546//5546 5544//5544 5545//5545
f 5545//5545 5547//5547 5546//5546
f 5547//5547 5545//5545 5548//5548
f 5542//5542 5548//5548 5545//5545
f 5548//5548 5549//5549 5547//5547
f 5549//5549 5548//5548 5365//5365
f 5551//5551 5365//5365 5548//5548
f 5548//5548 5542//5542 5551//5551
f 5540//5540 5551//5551 5542//5542
f 5550//5550 5539//5539 5352//5352
f 5364//5364 5550//5550 5352//5352
f 5549//5549 5552//5552 5554//5554
f 5552//5552 5549//5549 5367//5367
f 5365//5365 5367//5367 5549//5549
f 5554//5554 5547//5547 5549//5549
f 5547//5547 5554//5554 5556//5556
f 5557//5557 5556//5556 5555//5555
f 5555//5555 5558//5558 5557//5557
f 5558//5558 5555//5555 5553//5553
f 5392//5392 5557//5557 5558//5558
f 5558//5558 5391//5391 5392//5392
f 5391//5391 5558//5558 5559//5559
f 5553//5553 5559//5559 5558//5558
f 5559//5559 5377//5377 5391//5391
f 5377//5377 5559//5559 5372//5372
f 5370//5370 5372//5372 5559//5559
f 5559//5559 5553//5553 5370//5370
f 5557//5557 5392//5392 5395//5395
f 5556//5556 5557//5557 5560//5560
f 5395//5395 5560//5560 5557//5557
f 5435//5435 5560//5560 5395//5395
f 5435//5435 5561//5561 5560//5560
f 5560//5560 5561//5561 5556//5556
f 5546//5546 5556//5556 5561//5561
f 5435//5435 5562//5562 5561//5561
f 5561//5561 5562//5562 5546//5546
f 5544//5544 5546//5546 5562//5562
f 5435//5435 5451//5451 5562//5562
f 5562//5562 5451//5451 5544//5544
f 5556//5556 5546//5546 5547//5547
f 5367//5367 5369//5369 5552//5552
f 5452//5452 5544//5544 5451//5451
f 5449//5449 5448//5448 5455//5455
f 5447//5447 5430//5430 5429//5429
f 5446//5446 5564//5564 5568//5568
f 5564//5564 5445//5445 5439//5439
f 5444//5444 5565//5565 5569//5569
f 5568//5568 5566//5566 5446//5446
f 5442//5442 5444//5444 5571//5571
f 5444//5444 5569//5569 5571//5571
f 5442//5442 5571//5571 5353//5353
f 5356//5356 5354//5354 5572//5572
f 5572//5572 5363//5363 5356//5356
f 5362//5362 5572//5572 5574//5574
f 5569//5569 5573//5573 5571//5571
f 5574//5574 5576//5576 5362//5362
f 5578//5578 5576//5576 5574//5574
f 5574//5574 5570//5570 5578//5578
f 5361//5361 5575//5575 5577//5577
f 5568//5568 5578//5578 5570//5570
f 5577//5577 5567//5567 5563//5563
f 5361//5361 5577//5577 5563//5563
f 5570//5570 5566//5566 5568//5568
f 5359//5359 5563//5563 5436//5436
f 5439//5439 5437//5437 5564//5564
f 5359//5359 5361//5361 5563//5563
f 5403//5403 5440//5440 5442//5442
f 5351//5351 5442//5442 5353//5353
f 5431//5431 5441//5441 5404//5404
f 5434//5434 5359//5359 5436//5436
f 5360//5360 5435//5435 5395//5395
f 5398//5398 5397//5397 5409//5409
f 5389//5389 5397//5397 5388//5388
f 5391//5391 5377//5377 5378//5378
f 5380//5380 5385//5385 5381//5381
f 5379//5379 5357//5357 5359//5359
f 5372//5372 5374//5374 5377//5377
f 5594//5594 5582//5582 5580//5580
f 5580//5580 5582//5582 5584//5584
f 5584//5584 5586//5586 5580//5580
f 5579//5579 5585//5585 5591//5591
f 5606//5606 5580//5580 5588//5588
f 5589//5589 5587//5587 5579//5579
f 5589//5589 5579//5579 5591//5591
f 5596//5596 5594//5594 5580//5580
f 5598//5598 5596//5596 5580//5580
f 5601//5601 5598//5598 5580//5580
f 5603//5603 5601//5601 5580//5580
f 5606//5606 5603//5603 5580//5580
f 5607//5607 5604//5604 5605//5605
f 5606//5606 5588//5588 5610//5610
f 5605//5605 5608//5608 5607//5607
f 5613//5613 5608//5608 5605//5605
f 5606//5606 5610//5610 5611//5611
f 5605//5605 5612//5612 5613//5613
f 5617//5617 5613//5613 5614//5614
f 5616//5616 5614//5614 5613//5613
f 5613//5613 5612//5612 5616//5616
f 5608//5608 5613//5613 5617//5617
f 5620//5620 5617//5617 5618//5618
f 5618//5618 5617//5617 5619//5619
f 5614//5614 5619//5619 5617//5617
f 5617//5617 5620//5620 5608//5608
f 5608//5608 5620//5620 5621//5621
f 5622//5622 5621//5621 5620//5620
f 5620//5620 5623//5623 5622//5622
f 5618//5618 5623//5623 5620//5620
f 5622//5622 5623//5623 5624//5624
f 5624//5624 5623//5623 5618//5618
f 5624//5624 5625//5625 5622//5622
f 5590//5590 5625//5625 5624//5624
f 5590//5590 5624//5624 5626//5626
f 5618//5618 5626//5626 5624//5624
f 5626//5626 5618//5618 5627//5627
f 5627//5627 5628//5628 5626//5626
f 5626//5626 5628//5628 5630//5630
f 5590//5590 5626//5626 5630//5630
f 5629//5629 5631//5631 5589//5589
f 5632//5632 5630//5630 5634//5634
f 5635//5635 5634//5634 5630//5630
f 5636//5636 5635//5635 5630//5630
f 5637//5637 5636//5636 5630//5630
f 5638//5638 5637//5637 5630//5630
f 5628//5628 5638//5638 5630//5630
f 5638//5638 5639//5639 5640//5640
f 5639//5639 5638//5638 5628//5628
f 5640//5640 5637//5637 5638//5638
f 5640//5640 5641//5641 5642//5642
f 5641//5641 5640//5640 5639//5639
f 5642//5642 5643//5643 5640//5640
f 5637//5637 5640//5640 5643//5643
f 5643//5643 5642//5642 5644//5644
f 5644//5644 5645//5645 5643//5643
f 5636//5636 5643//5643 5645//5645
f 5643//5643 5636//5636 5637//5637
f 5645//5645 5644//5644 5646//5646
f 5646//5646 5647//5647 5645//5645
f 5635//5635 5645//5645 5647//5647
f 5645//5645 5635//5635 5636//5636
f 5647//5647 5646//5646 5649//5649
f 5649//5649 5650//5650 5647//5647
f 5651//5651 5647//5647 5650//5650
f 5647//5647 5651//5651 5635//5635
f 5635//5635 5651//5651 5634//5634
f 5650//5650 5652//5652 5651//5651
f 5651//5651 5652//5652 5634//5634
f 5652//5652 5650//5650 5653//5653
f 5653//5653 5654//5654 5652//5652
f 5652//5652 5654//5654 5634//5634
f 5654//5654 5653//5653 5655//5655
f 5655//5655 5656//5656 5654//5654
f 5654//5654 5656//5656 5634//5634
f 5657//5657 5656//5656 5655//5655
f 5656//5656 5657//5657 5634//5634
f 5655//5655 5658//5658 5657//5657
f 5657//5657 5658//5658 5659//5659
f 5659//5659 5660//5660 5657//5657
f 5663//5663 5657//5657 5660//5660
f 5657//5657 5661//5661 5634//5634
f 5663//5663 5661//5661 5657//5657
f 5665//5665 5663//5663 5680//5680
f 5663//5663 5665//5665 5667//5667
f 5667//5667 5669//5669 5663//5663
f 5662//5662 5668//5668 5674//5674
f 5661//5661 5663//5663 5671//5671
f 5672//5672 5670//5670 5662//5662
f 5672//5672 5662//5662 5674//5674
f 5663//5663 5660//5660 5677//5677
f 5663//5663 5677//5677 5678//5678
f 5663//5663 5678//5678 5679//5679
f 5663//5663 5679//5679 5680//5680
f 5665//5665 5680//5680 5681//5681
f 5681//5681 5680//5680 5682//5682
f 5683//5683 5682//5682 5680//5680
f 5680//5680 5679//5679 5683//5683
f 5682//5682 5683//5683 5684//5684
f 5687//5687 5684//5684 5683//5683
f 5685//5685 5683//5683 5679//5679
f 5683//5683 5685//5685 5687//5687
f 5688//5688 5686//5686 5685//5685
f 5684//5684 5687//5687 5690//5690
f 5686//5686 5688//5688 5691//5691
f 5691//5691 5689//5689 5686//5686
f 5689//5689 5691//5691 5693//5693
f 5695//5695 5693//5693 5691//5691
f 5691//5691 5696//5696 5695//5695
f 5696//5696 5691//5691 5688//5688
f 5697//5697 5696//5696 5700//5700
f 5696//5696 5697//5697 5698//5698
f 5698//5698 5695//5695 5696//5696
f 5688//5688 5700//5700 5696//5696
f 5700//5700 5659//5659 5658//5658
f 5701//5701 5659//5659 5700//5700
f 5700//5700 5688//5688 5701//5701
f 5700//5700 5702//5702 5697//5697
f 5658//5658 5702//5702 5700//5700
f 5703//5703 5702//5702 5658//5658
f 5697//5697 5702//5702 5703//5703
f 5705//5705 5703//5703 5704//5704
f 5653//5653 5704//5704 5703//5703
f 5703//5703 5655//5655 5653//5653
f 5658//5658 5655//5655 5703//5703
f 5703//5703 5705//5705 5697//5697
f 5707//5707 5705//5705 5708//5708
f 5705//5705 5707//5707 5698//5698
f 5698//5698 5697//5697 5705//5705
f 5704//5704 5708//5708 5705//5705
f 5708//5708 5710//5710 5707//5707
f 5710//5710 5708//5708 5711//5711
f 5648//5648 5711//5711 5708//5708
f 5708//5708 5704//5704 5648//5648
f 5711//5711 5714//5714 5710//5710
f 5715//5715 5712//5712 5716//5716
f 5646//5646 5716//5716 5712//5712
f 5712//5712 5649//5649 5646//5646
f 5716//5716 5718//5718 5715//5715
f 5718//5718 5716//5716 5719//5719
f 5644//5644 5719//5719 5716//5716
f 5716//5716 5646//5646 5644//5644
f 5719//5719 5721//5721 5718//5718
f 5721//5721 5719//5719 5722//5722
f 5642//5642 5722//5722 5719//5719
f 5719//5719 5644//5644 5642//5642
f 5722//5722 5724//5724 5721//5721
f 5724//5724 5722//5722 5725//5725
f 5641//5641 5725//5725 5722//5722
f 5722//5722 5642//5642 5641//5641
f 5725//5725 5727//5727 5724//5724
f 5727//5727 5725//5725 5728//5728
f 5730//5730 5728//5728 5725//5725
f 5725//5725 5641//5641 5730//5730
f 5729//5729 5731//5731 5619//5619
f 5627//5627 5619//5619 5731//5731
f 5731//5731 5639//5639 5627//5627
f 5639//5639 5730//5730 5641//5641
f 5728//5728 5733//5733 5727//5727
f 5734//5734 5729//5729 5614//5614
f 5619//5619 5614//5614 5729//5729
f 5610//5610 5726//5726 5732//5732
f 5610//5610 5732//5732 5615//5615
f 5614//5614 5616//5616 5734//5734
f 5610//5610 5723//5723 5726//5726
f 5736//5736 5720//5720 5723//5723
f 5610//5610 5736//5736 5723//5723
f 5735//5735 5737//5737 5672//5672
f 5738//5738 5736//5736 5610//5610
f 5673//5673 5739//5739 5736//5736
f 5736//5736 5739//5739 5706//5706
f 5736//5736 5706//5706 5709//5709
f 5736//5736 5709//5709 5713//5713
f 5736//5736 5713//5713 5717//5717
f 5736//5736 5717//5717 5720//5720
f 5739//5739 5699//5699 5706//5706
f 5694//5694 5699//5699 5739//5739
f 5694//5694 5739//5739 5582//5582
f 5673//5673 5582//5582 5739//5739
f 5743//5743 5738//5738 5741//5741
f 5610//5610 5741//5741 5738//5738
f 5737//5737 5742//5742 5672//5672
f 5748//5748 5743//5743 5745//5745
f 5741//5741 5746//5746 5743//5743
f 5742//5742 5747//5747 5749//5749
f 5742//5742 5749//5749 5751//5751
f 5742//5742 5751//5751 5672//5672
f 5751//5751 5754//5754 5633//5633
f 5755//5755 5752//5752 5757//5757
f 5759//5759 5757//5757 5753//5753
f 5753//5753 5761//5761 5759//5759
f 5749//5749 5760//5760 5751//5751
f 5751//5751 5633//5633 5672//5672
f 5759//5759 5761//5761 5750//5750
f 5756//5756 5758//5758 5762//5762
f 5750//5750 5763//5763 5759//5759
f 5763//5763 5750//5750 5748//5748
f 5748//5748 5765//5765 5763//5763
f 5762//5762 5764//5764 5744//5744
f 5756//5756 5762//5762 5744//5744
f 5745//5745 5765//5765 5748//5748
f 5757//5757 5632//5632 5755//5755
f 5631//5631 5756//5756 5589//5589
f 5756//5756 5744//5744 5589//5589
f 5634//5634 5755//5755 5632//5632
f 5744//5744 5740//5740 5609//5609
f 5744//5744 5609//5609 5589//5589
f 5704//5704 5653//5653 5650//5650
f 5650//5650 5648//5648 5704//5704
f 5659//5659 5701//5701 5677//5677
f 5685//5685 5701//5701 5688//5688
f 5701//5701 5685//5685 5678//5678
f 5678//5678 5677//5677 5701//5701
f 5692//5692 5694//5694 5582//5582
f 5766//5766 5692//5692 5582//5582
f 5693//5693 5767//5767 5689//5689
f 5769//5769 5766//5766 5582//5582
f 5768//5768 5770//5770 5771//5771
f 5771//5771 5690//5690 5768//5768
f 5771//5771 5772//5772 5773//5773
f 5772//5772 5771//5771 5770//5770
f 5690//5690 5771//5771 5684//5684
f 5773//5773 5684//5684 5771//5771
f 5684//5684 5773//5773 5682//5682
f 5774//5774 5682//5682 5773//5773
f 5773//5773 5775//5775 5774//5774
f 5775//5775 5773//5773 5772//5772
f 5776//5776 5774//5774 5775//5775
f 5775//5775 5777//5777 5776//5776
f 5777//5777 5775//5775 5778//5778
f 5772//5772 5778//5778 5775//5775
f 5778//5778 5779//5779 5777//5777
f 5779//5779 5778//5778 5595//5595
f 5781//5781 5595//5595 5778//5778
f 5778//5778 5772//5772 5781//5781
f 5770//5770 5781//5781 5772//5772
f 5780//5780 5769//5769 5582//5582
f 5594//5594 5780//5780 5582//5582
f 5779//5779 5782//5782 5784//5784
f 5782//5782 5779//5779 5597//5597
f 5595//5595 5597//5597 5779//5779
f 5784//5784 5777//5777 5779//5779
f 5777//5777 5784//5784 5786//5786
f 5787//5787 5786//5786 5785//5785
f 5785//5785 5788//5788 5787//5787
f 5788//5788 5785//5785 5783//5783
f 5622//5622 5787//5787 5788//5788
f 5788//5788 5621//5621 5622//5622
f 5621//5621 5788//5788 5789//5789
f 5783//5783 5789//5789 5788//5788
f 5789//5789 5607//5607 5621//5621
f 5607//5607 5789//5789 5602//5602
f 5600//5600 5602//5602 5789//5789
f 5789//5789 5783//5783 5600//5600
f 5787//5787 5622//5622 5625//5625
f 5786//5786 5787//5787 5790//5790
f 5625//5625 5790//5790 5787//5787
f 5665//5665 5790//5790 5625//5625
f 5665//5665 5791//5791 5790//5790
f 5790//5790 5791//5791 5786//5786
f 5776//5776 5786//5786 5791//5791
f 5665//5665 5792//5792 5791//5791
f 5791//5791 5792//5792 5776//5776
f 5774//5774 5776//5776 5792//5792
f 5665//5665 5681//5681 5792//5792
f 5792//5792 5681//5681 5774//5774
f 5786//5786 5776//5776 5777//5777
f 5597//5597 5599//5599 5782//5782
f 5682//5682 5774//5774 5681//5681
f 5679//5679 5678//5678 5685//5685
f 5677//5677 5660//5660 5659//5659
f 5676//5676 5794//5794 5798//5798
f 5794//5794 5675//5675 5669//5669
f 5674//5674 5795//5795 5799//5799
f 5798//5798 5796//5796 5676//5676
f 5672//5672 5674//5674 5801//5801
f 5674//5674 5799//5799 5801//5801
f 5672//5672 5801//5801 5583//5583
f 5586//5586 5584//5584 5802//5802
f 5802//5802 5593//5593 5586//5586
f 5592//5592 5802//5802 5804//5804
f 5799//5799 5803//5803 5801//5801
f 5804//5804 5806//5806 5592//5592
f 5808//5808 5806//5806 5804//5804
f 5804//5804 5800//5800 5808//5808
f 5591//5591 5805//5805 5807//5807
f 5798//5798 5808//5808 5800//5800
f 5807//5807 5797//5797 5793//5793
f 5591//5591 5807//5807 5793//5793
f 5800//5800 5796//5796 5798//5798
f 5589//5589 5793//5793 5666//5666
f 5669//5669 5667//5667 5794//5794
f 5589//5589 5591//5591 5793//5793
f 5633//5633 5670//5670 5672//5672
f 5581//5581 5672//5672 5583//5583
f 5661//5661 5671//5671 5634//5634
f 5664//5664 5589//5589 5666//5666
f 5590//5590 5665//5665 5625//5625
f 5628//5628 5627//5627 5639//5639
f 5619//5619 5627//5627 5618//5618
f 5621//5621 5607//5607 5608//5608
f 5610//5610 5615//5615 5611//5611
f 5609//5609 5587//5587 5589//5589
f 5602//5602 5604//5604 5607//5607
f 5825//5825 5812//5812 5810//5810
f 5810//5810 5812//5812 5814//5814
f 5814//5814 5816//5816 5810//5810
f 5809//5809 5815//5815 5821//5821
f 5836//5836 5810//5810 5818//5818
f 5819//5819 5817//5817 5809//5809
f 5819//5819 5809//5809 5821//5821
f 5827//5827 5825//5825 5810//5810
f 5830//5830 5827//5827 5810//5810
f 5832//5832 5830//5830 5810//5810
f 5834//5834 5832//5832 5810//5810
f 5836//5836 5834//5834 5810//5810
f 5837//5837 5833//5833 5835//5835
f 5836//5836 5818//5818 5840//5840
f 5835//5835 5838//5838 5837//5837
f 5843//5843 5838//5838 5835//5835
f 5836//5836 5840//5840 5842//5842
f 5835//5835 5841//5841 5843//5843
f 5847//5847 5843//5843 5844//5844
f 5845//5845 5844//5844 5843//5843
f 5843//5843 5841//5841 5845//5845
f 5838//5838 5843//5843 5847//5847
f 5850//5850 5847//5847 5848//5848
f 5848//5848 5847//5847 5849//5849
f 5844//5844 5849//5849 5847//5847
f 5847//5847 5850//5850 5838//5838
f 5838//5838 5850//5850 5851//5851
f 5852//5852 5851//5851 5850//5850
f 5850//5850 5853//5853 5852//5852
f 5848//5848 5853//5853 5850//5850
f 5852//5852 5853//5853 5854//5854
f 5854//5854 5853//5853 5848//5848
f 5854//5854 5855//5855 5852//5852
f 5820//5820 5855//5855 5854//5854
f 5820//5820 5854//5854 5856//5856
f 5848//5848 5856//5856 5854//5854
f 5856//5856 5848//5848 5857//5857
f 5857//5857 5858//5858 5856//5856
f 5856//5856 5858//5858 5860//5860
f 5820//5820 5856//5856 5860//5860
f 5859//5859 5861//5861 5819//5819
f 5862//5862 5860//5860 5864//5864
f 5865//5865 5864//5864 5860//5860
f 5866//5866 5865//5865 5860//5860
f 5867//5867 5866//5866 5860//5860
f 5868//5868 5867//5867 5860//5860
f 5858//5858 5868//5868 5860//5860
f 5868//5868 5869//5869 5870//5870
f 5869//5869 5868//5868 5858//5858
f 5870//5870 5867//5867 5868//5868
f 5870//5870 5871//5871 5872//5872
f 5871//5871 5870//5870 5869//5869
f 5872//5872 5873//5873 5870//5870
f 5867//5867 5870//5870 5873//5873
f 5873//5873 5872//5872 5874//5874
f 5874//5874 5875//5875 5873//5873
f 5866//5866 5873//5873 5875//5875
f 5873//5873 5866//5866 5867//5867
f 5875//5875 5874//5874 5876//5876
f 5876//5876 5877//5877 5875//5875
f 5865//5865 5875//5875 5877//5877
f 5875//5875 5865//5865 5866//5866
f 5877//5877 5876//5876 5879//5879
f 5879//5879 5880//5880 5877//5877
f 5881//5881 5877//5877 5880//5880
f 5877//5877 5881//5881 5865//5865
f 5865//5865 5881//5881 5864//5864
f 5880//5880 5882//5882 5881//5881
f 5881//5881 5882//5882 5864//5864
f 5882//5882 5880//5880 5883//5883
f 5883//5883 5884//5884 5882//5882
f 5882//5882 5884//5884 5864//5864
f 5884//5884 5883//5883 5885//5885
f 5885//5885 5886//5886 5884//5884
f 5884//5884 5886//5886 5864//5864
f 5887//5887 5886//5886 5885//5885
f 5886//5886 5887//5887 5864//5864
f 5885//5885 5888//5888 5887//5887
f 5887//5887 5888//5888 5889//5889
f 5889//5889 5890//5890 5887//5887
f 5893//5893 5887//5887 5890//5890
f 5887//5887 5891//5891 5864//5864
f 5893//5893 5891//5891 5887//5887
f 5895//5895 5893//5893 5910//5910
f 5893//5893 5895//5895 5897//5897
f 5897//5897 5899//5899 5893//5893
f 5892//5892 5898//5898 5904//5904
f 5891//5891 5893//5893 5901//5901
f 5902//5902 5900//5900 5892//5892
f 5902//5902 5892//5892 5904//5904
f 5893//5893 5890//5890 5907//5907
f 5893//5893 5907//5907 5908//5908
f 5893//5893 5908//5908 5909//5909
f 5893//5893 5909//5909 5910//5910
f 5895//5895 5910//5910 5911//5911
f 5911//5911 5910//5910 5912//5912
f 5913//5913 5912//5912 5910//5910
f 5910//5910 5909//5909 5913//5913
f 5912//5912 5913//5913 5914//5914
f 5917//5917 5914//5914 5913//5913
f 5915//5915 5913//5913 5909//5909
f 5913//5913 5915//5915 5917//5917
f 5918//5918 5916//5916 5915//5915
f 5914//5914 5917//5917 5920//5920
f 5916//5916 5918//5918 5921//5921
f 5921//5921 5919//5919 5916//5916
f 5919//5919 5921//5921 5922//5922
f 5924//5924 5922//5922 5921//5921
f 5921//5921 5926//5926 5924//5924
f 5926//5926 5921//5921 5918//5918
f 5927//5927 5926//5926 5930//5930
f 5926//5926 5927//5927 5928//5928
f 5928//5928 5924//5924 5926//5926
f 5918//5918 5930//5930 5926//5926
f 5930//5930 5889//5889 5888//5888
f 5931//5931 5889//5889 5930//5930
f 5930//5930 5918//5918 5931//5931
f 5930//5930 5932//5932 5927//5927
f 5888//5888 5932//5932 5930//5930
f 5933//5933 5932//5932 5888//5888
f 5927//5927 5932//5932 5933//5933
f 5935//5935 5933//5933 5934//5934
f 5883//5883 5934//5934 5933//5933
f 5933//5933 5885//5885 5883//5883
f 5888//5888 5885//5885 5933//5933
f 5933//5933 5935//5935 5927//5927
f 5936//5936 5935//5935 5938//5938
f 5935//5935 5936//5936 5928//5928
f 5928//5928 5927//5927 5935//5935
f 5934//5934 5938//5938 5935//5935
f 5938//5938 5939//5939 5936//5936
f 5939//5939 5938//5938 5941//5941
f 5878//5878 5941//5941 5938//5938
f 5938//5938 5934//5934 5878//5878
f 5941//5941 5943//5943 5939//5939
f 5944//5944 5942//5942 5946//5946
f 5876//5876 5946//5946 5942//5942
f 5942//5942 5879//5879 5876//5876
f 5946//5946 5947//5947 5944//5944
f 5947//5947 5946//5946 5949//5949
f 5874//5874 5949//5949 5946//5946
f 5946//5946 5876//5876 5874//5874
f 5949//5949 5950//5950 5947//5947
f 5950//5950 5949//5949 5952//5952
f 5872//5872 5952//5952 5949//5949
f 5949//5949 5874//5874 5872//5872
f 5952//5952 5953//5953 5950//5950
f 5953//5953 5952//5952 5955//5955
f 5871//5871 5955//5955 5952//5952
f 5952//5952 5872//5872 5871//5871
f 5955//5955 5956//5956 5953//5953
f 5956//5956 5955//5955 5958//5958
f 5960//5960 5958//5958 5955//5955
f 5955//5955 5871//5871 5960//5960
f 5959//5959 5961//5961 5849//5849
f 5857//5857 5849//5849 5961//5961
f 5961//5961 5869//5869 5857//5857
f 5869//5869 5960//5960 5871//5871
f 5958//5958 5962//5962 5956//5956
f 5963//5963 5959//5959 5844//5844
f 5849//5849 5844//5844 5959//5959
f 5840//5840 5957//5957 5964//5964
f 5840//5840 5964//5964 5846//5846
f 5844//5844 5845//5845 5963//5963
f 5840//5840 5954//5954 5957//5957
f 5966//5966 5951//5951 5954//5954
f 5840//5840 5966//5966 5954//5954
f 5965//5965 5967//5967 5902//5902
f 5968//5968 5966//5966 5840//5840
f 5903//5903 5969//5969 5966//5966
f 5966//5966 5969//5969 5937//5937
f 5966//5966 5937//5937 5940//5940
f 5966//5966 5940//5940 5945//5945
f 5966//5966 5945//5945 5948//5948
f 5966//5966 5948//5948 5951//5951
f 5969//5969 5929//5929 5937//5937
f 5925//5925 5929//5929 5969//5969
f 5925//5925 5969//5969 5812//5812
f 5903//5903 5812//5812 5969//5969
f 5973//5973 5968//5968 5971//5971
f 5840//5840 5971//5971 5968//5968
f 5967//5967 5972//5972 5902//5902
f 5978//5978 5973//5973 5975//5975
f 5971//5971 5976//5976 5973//5973
f 5972//5972 5977//5977 5979//5979
f 5972//5972 5979//5979 5981//5981
f 5972//5972 5981//5981 5902//5902
f 5981//5981 5984//5984 5863//5863
f 5985//5985 5982//5982 5987//5987
f 5989//5989 5987//5987 5983//5983
f 5983//5983 5991//5991 5989//5989
f 5979//5979 5990//5990 5981//5981
f 5981//5981 5863//5863 5902//5902
f 5989//5989 5991//5991 5980//5980
f 5986//5986 5988//5988 5992//5992
f 5980//5980 5993//5993 5989//5989
f 5993//5993 5980//5980 5978//5978
f 5978//5978 5995//5995 5993//5993
f 5992//5992 5994//5994 5974//5974
f 5986//5986 5992//5992 5974//5974
f 5975//5975 5995//5995 5978//5978
f 5987//5987 5862//5862 5985//5985
f 5861//5861 5986//5986 5819//5819
f 5986//5986 5974//5974 5819//5819
f 5864//5864 5985//5985 5862//5862
f 5974//5974 5970//5970 5839//5839
f 5974//5974 5839//5839 5819//5819
f 5934//5934 5883//5883 5880//5880
f 5880//5880 5878//5878 5934//5934
f 5889//5889 5931//5931 5907//5907
f 5915//5915 5931//5931 5918//5918
f 5931//5931 5915//5915 5908//5908
f 5908//5908 5907//5907 5931//5931
f 5923//5923 5925//5925 5812//5812
f 5998//5998 5923//5923 5812//5812
f 5922//5922 5996//5996 5919//5919
f 6000//6000 5998//5998 5812//5812
f 5997//5997 5999//5999 6001//6001
f 6001//6001 5920//5920 5997//5997
f 6001//6001 6002//6002 6003//6003
f 6002//6002 6001//6001 5999//5999
f 5920//5920 6001//6001 5914//5914
f 6003//6003 5914//5914 6001//6001
f 5914//5914 6003//6003 5912//5912
f 6004//6004 5912//5912 6003//6003
f 6003//6003 6005//6005 6004//6004
f 6005//6005 6003//6003 6002//6002
f 6006//6006 6004//6004 6005//6005
f 6005//6005 6007//6007 6006//6006
f 6007//6007 6005//6005 6008//6008
f 6002//6002 6008//6008 6005//6005
f 6008//6008 6009//6009 6007//6007
f 6009//6009 6008//6008 5824//5824
f 6010//6010 5824//5824 6008//6008
f 6008//6008 6002//6002 6010//6010
f 5999//5999 6010//6010 6002//6002
f 6011//6011 6000//6000 5812//5812
f 5825//5825 6011//6011 5812//5812
f 6009//6009 6012//6012 6014//6014
f 6012//6012 6009//6009 5826//5826
f 5824//5824 5826//5826 6009//6009
f 6014//6014 6007//6007 6009//6009
f 6007//6007 6014//6014 6016//6016
f 6017//6017 6016//6016 6015//6015
f 6015//6015 6018//6018 6017//6017
f 6018//6018 6015//6015 6013//6013
f 5852//5852 6017//6017 6018//6018
f 6018//6018 5851//5851 5852//5852
f 5851//5851 6018//6018 6019//6019
f 6013//6013 6019//6019 6018//6018
f 6019//6019 5837//5837 5851//5851
f 5837//5837 6019//6019 5831//5831
f 5829//5829 5831//5831 6019//6019
f 6019//6019 6013//6013 5829//5829
f 6017//6017 5852//5852 5855//5855
f 6016//6016 6017//6017 6020//6020
f 5855//5855 6020//6020 6017//6017
f 5895//5895 6020//6020 5855//5855
f 5895//5895 6021//6021 6020//6020
f 6020//6020 6021//6021 6016//6016
f 6006//6006 6016//6016 6021//6021
f 5895//5895 6022//6022 6021//6021
f 6021//6021 6022//6022 6006//6006
f 6004//6004 6006//6006 6022//6022
f 5895//5895 5911//5911 6022//6022
f 6022//6022 5911//5911 6004//6004
f 6016//6016 6006//6006 6007//6007
f 5826//5826 5828//5828 6012//6012
f 5912//5912 6004//6004 5911//5911
f 5909//5909 5908//5908 5915//5915
f 5907//5907 5890//5890 5889//5889
f 5906//5906 6024//6024 6028//6028
f 6024//6024 5905//5905 5899//5899
f 5904//5904 6025//6025 6029//6029
f 6028//6028 6026//6026 5906//5906
f 5902//5902 5904//5904 6031//6031
f 5904//5904 6029//6029 6031//6031
f 5902//5902 6031//6031 5813//5813
f 5816//5816 5814//5814 6032//6032
f 6032//6032 5823//5823 5816//5816
f 5822//5822 6032//6032 6034//6034
f 6029//6029 6033//6033 6031//6031
f 6034//6034 6036//6036 5822//5822
f 6038//6038 6036//6036 6034//6034
f 6034//6034 6030//6030 6038//6038
f 5821//5821 6035//6035 6037//6037
f 6028//6028 6038//6038 6030//6030
f 6037//6037 6027//6027 6023//6023
f 5821//5821 6037//6037 6023//6023
f 6030//6030 6026//6026 6028//6028
f 5819//5819 6023//6023 5896//5896
f 5899//5899 5897//5897 6024//6024
f 5819//5819 5821//5821 6023//6023
f 5863//5863 5900//5900 5902//5902
f 5811//5811 5902//5902 5813//5813
f 5891//5891 5901//5901 5864//5864
f 5894//5894 5819//5819 5896//5896
f 5820//5820 5895//5895 5855//5855
f 5858//5858 5857//5857 5869//5869
f 5849//5849 5857//5857 5848//5848
f 5851//5851 5837//5837 5838//5838
f 5840//5840 5846//5846 5842//5842
f 5839//5839 5817//5817 5819//5819
f 5831//5831 5833//5833 5837//5837
f 6054//6054 6042//6042 6040//6040
f 6040//6040 6042//6042 6044//6044
f 6044//6044 6046//6046 6040//6040
f 6039//6039 6045//6045 6051//6051
f 6066//6066 6040//6040 6048//6048
f 6049//6049 6047//6047 6039//6039
f 6049//6049 6039//6039 6051//6051
f 6056//6056 6054//6054 6040//6040
f 6058//6058 6056//6056 6040//6040
f 6061//6061 6058//6058 6040//6040
f 6063//6063 6061//6061 6040//6040
f 6066//6066 6063//6063 6040//6040
f 6067//6067 6064//6064 6065//6065
f 6066//6066 6048//6048 6070//6070
f 6065//6065 6068//6068 6067//6067
f 6073//6073 6068//6068 6065//6065
f 6066//6066 6070//6070 6071//6071
f 6065//6065 6072//6072 6073//6073
f 6077//6077 6073//6073 6074//6074
f 6076//6076 6074//6074 6073//6073
f 6073//6073 6072//6072 6076//6076
f 6068//6068 6073//6073 6077//6077
f 6080//6080 6077//6077 6078//6078
f 6078//6078 6077//6077 6079//6079
f 6074//6074 6079//6079 6077//6077
f 6077//6077 6080//6080 6068//6068
f 6068//6068 6080//6080 6081//6081
f 6082//6082 6081//6081 6080//6080
f 6080//6080 6083//6083 6082//6082
f 6078//6078 6083//6083 6080//6080
f 6082//6082 6083//6083 6084//6084
f 6084//6084 6083//6083 6078//6078
f 6084//6084 6085//6085 6082//6082
f 6050//6050 6085//6085 6084//6084
f 6050//6050 6084//6084 6086//6086
f 6078//6078 6086//6086 6084//6084
f 6086//6086 6078//6078 6087//6087
f 6087//6087 6088//6088 6086//6086
f 6086//6086 6088//6088 6090//6090
f 6050//6050 6086//6086 6090//6090
f 6089//6089 6091//6091 6049//6049
f 6092//6092 6090//6090 6094//6094
f 6095//6095 6094//6094 6090//6090
f 6096//6096 6095//6095 6090//6090
f 6097//6097 6096//6096 6090//6090
f 6098//6098 6097//6097 6090//6090
f 6088//6088 6098//6098 6090//6090
f 6098//6098 6099//6099 6100//6100
f 6099//6099 6098//6098 6088//6088
f 6100//6100 6097//6097 6098//6098
f 6100//6100 6101//6101 6102//6102
f 6101//6101 6100//6100 6099//6099
f 6102//6102 6103//6103 6100//6100
f 6097//6097 6100//6100 6103//6103
f 6103//6103 6102//6102 6104//6104
f 6104//6104 6105//6105 6103//6103
f 6096//6096 6103//6103 6105//6105
f 6103//6103 6096//6096 6097//6097
f 6105//6105 6104//6104 6106//6106
f 6106//6106 6107//6107 6105//6105
f 6095//6095 6105//6105 6107//6107
f 6105//6105 6095//6095 6096//6096
f 6107//6107 6106//6106 6109//6109
f 6109//6109 6110//6110 6107//6107
f 6111//6111 6107//6107 6110//6110
f 6107//6107 6111//6111 6095//6095
f 6095//6095 6111//6111 6094//6094
f 6110//6110 6112//6112 6111//6111
f 6111//6111 6112//6112 6094//6094
f 6112//6112 6110//6110 6113//6113
f 6113//6113 6114//6114 6112//6112
f 6112//6112 6114//6114 6094//6094
f 6114//6114 6113//6113 6115//6115
f 6115//6115 6116//6116 6114//6114
f 6114//6114 6116//6116 6094//6094
f 6117//6117 6116//6116 6115//6115
f 6116//6116 6117//6117 6094//6094
f 6115//6115 6118//6118 6117//6117
f 6117//6117 6118//6118 6119//6119
f 6119//6119 6120//6120 6117//6117
f 6123//6123 6117//6117 6120//6120
f 6117//6117 6121//6121 6094//6094
f 6123//6123 6121//6121 6117//6117
f 6125//6125 6123//6123 6140//6140
f 6123//6123 6125//6125 6127//6127
f 6127//6127 6129//6129 6123//6123
f 6122//6122 6128//6128 6134//6134
f 6121//6121 6123//6123 6131//6131
f 6132//6132 6130//6130 6122//6122
f 6132//6132 6122//6122 6134//6134
f 6123//6123 6120//6120 6137//6137
f 6123//6123 6137//6137 6138//6138
f 6123//6123 6138//6138 6139//6139
f 6123//6123 6139//6139 6140//6140
f 6125//6125 6140//6140 6141//6141
f 6141//6141 6140//6140 6142//6142
f 6143//6143 6142//6142 6140//6140
f 6140//6140 6139//6139 6143//6143
f 6142//6142 6143//6143 6144//6144
f 6147//6147 6144//6144 6143//6143
f 6145//6145 6143//6143 6139//6139
f 6143//6143 6145//6145 6147//6147
f 6148//6148 6146//6146 6145//6145
f 6144//6144 6147//6147 6150//6150
f 6146//6146 6148//6148 6151//6151
f 6151//6151 6149//6149 6146//6146
f 6149//6149 6151//6151 6153//6153
f 6155//6155 6153//6153 6151//6151
f 6151//6151 6156//6156 6155//6155
f 6156//6156 6151//6151 6148//6148
f 6157//6157 6156//6156 6160//6160
f 6156//6156 6157//6157 6158//6158
f 6158//6158 6155//6155 6156//6156
f 6148//6148 6160//6160 6156//6156
f 6160//6160 6119//6119 6118//6118
f 6161//6161 6119//6119 6160//6160
f 6160//6160 6148//6148 6161//6161
f 6160//6160 6162//6162 6157//6157
f 6118//6118 6162//6162 6160//6160
f 6163//6163 6162//6162 6118//6118
f 6157//6157 6162//6162 6163//6163
f 6165//6165 6163//6163 6164//6164
f 6113//6113 6164//6164 6163//6163
f 6163//6163 6115//6115 6113//6113
f 6118//6118 6115//6115 6163//6163
f 6163//6163 6165//6165 6157//6157
f 6167//6167 6165//6165 6168//6168
f 6165//6165 6167//6167 6158//6158
f 6158//6158 6157//6157 6165//6165
f 6164//6164 6168//6168 6165//6165
f 6168//6168 6170//6170 6167//6167
f 6170//6170 6168//6168 6171//6171
f 6108//6108 6171//6171 6168//6168
f 6168//6168 6164//6164 6108//6108
f 6171//6171 6174//6174 6170//6170
f 6175//6175 6172//6172 6176//6176
f 6106//6106 6176//6176 6172//6172
f 6172//6172 6109//6109 6106//6106
f 6176//6176 6178//6178 6175//6175
f 6178//6178 6176//6176 6179//6179
f 6104//6104 6179//6179 6176//6176
f 6176//6176 6106//6106 6104//6104
f 6179//6179 6181//6181 6178//6178
f 6181//6181 6179//6179 6182//6182
f 6102//6102 6182//6182 6179//6179
f 6179//6179 6104//6104 6102//6102
f 6182//6182 6184//6184 6181//6181
f 6184//6184 6182//6182 6185//6185
f 6101//6101 6185//6185 6182//6182
f 6182//6182 6102//6102 6101//6101
f 6185//6185 6187//6187 6184//6184
f 6187//6187 6185//6185 6188//6188
f 6190//6190 6188//6188 6185//6185
f 6185//6185 6101//6101 6190//6190
f 6189//6189 6191//6191 6079//6079
f 6087//6087 6079//6079 6191//6191
f 6191//6191 6099//6099 6087//6087
f 6099//6099 6190//6190 6101//6101
f 6188//6188 6193//6193 6187//6187
f 6194//6194 6189//6189 6074//6074
f 6079//6079 6074//6074 6189//6189
f 6070//6070 6186//6186 6192//6192
f 6070//6070 6192//6192 6075//6075
f 6074//6074 6076//6076 6194//6194
f 6070//6070 6183//6183 6186//6186
f 6196//6196 6180//6180 6183//6183
f 6070//6070 6196//6196 6183//6183
f 6195//6195 6197//6197 6132//6132
f 6198//6198 6196//6196 6070//6070
f 6133//6133 6199//6199 6196//6196
f 6196//6196 6199//6199 6166//6166
f 6196//6196 6166//6166 6169//6169
f 6196//6196 6169//6169 6173//6173
f 6196//6196 6173//6173 6177//6177
f 6196//6196 6177//6177 6180//6180
f 6199//6199 6159//6159 6166//6166
f 6154//6154 6159//6159 6199//6199
f 6154//6154 6199//6199 6042//6042
f 6133//6133 6042//6042 6199//6199
f 6203//6203 6198//6198 6201//6201
f 6070//6070 6201//6201 6198//6198
f 6197//6197 6202//6202 6132//6132
f 6208//6208 6203//6203 6205//6205
f 6201//6201 6206//6206 6203//6203
f 6202//6202 6207//6207 6209//6209
f 6202//6202 6209//6209 6211//6211
f 6202//6202 6211//6211 6132//6132
f 6211//6211 6214//6214 6093//6093
f 6215//6215 6212//6212 6217//6217
f 6219//6219 6217//6217 6213//6213
f 6213//6213 6221//6221 6219//6219
f 6209//6209 6220//6220 6211//6211
f 6211//6211 6093//6093 6132//6132
f 6219//6219 6221//6221 6210//6210
f 6216//6216 6218//6218 6222//6222
f 6210//6210 6223//6223 6219//6219
f 6223//6223 6210//6210 6208//6208
f 6208//6208 6225//6225 6223//6223
f 6222//6222 6224//6224 6204//6204
f 6216//6216 6222//6222 6204//6204
f 6205//6205 6225//6225 6208//6208
f 6217//6217 6092//6092 6215//6215
f 6091//6091 6216//6216 6049//6049
f 6216//6216 6204//6204 6049//6049
f 6094//6094 6215//6215 6092//6092
f 6204//6204 6200//6200 6069//6069
f 6204//6204 6069//6069 6049//6049
f 6164//6164 6113//6113 6110//6110
f 6110//6110 6108//6108 6164//6164
f 6119//6119 6161//6161 6137//6137
f 6145//6145 6161//6161 6148//6148
f 6161//6161 6145//6145 6138//6138
f 6138//6138 6137//6137 6161//6161
f 6152//6152 6154//6154 6042//6042
f 6226//6226 6152//6152 6042//6042
f 6153//6153 6227//6227 6149//6149
f 6229//6229 6226//6226 6042//6042
f 6228//6228 6230//6230 6231//6231
f 6231//6231 6150//6150 6228//6228
f 6231//6231 6232//6232 6233//6233
f 6232//6232 6231//6231 6230//6230
f 6150//6150 6231//6231 6144//6144
f 6233//6233 6144//6144 6231//6231
f 6144//6144 6233//6233 6142//6142
f 6234//6234 6142//6142 6233//6233
f 6233//6233 6235//6235 6234//6234
f 6235//6235 6233//6233 6232//6232
f 6236//6236 6234//6234 6235//6235
f 6235//6235 6237//6237 6236//6236
f 6237//6237 6235//6235 6238//6238
f 6232//6232 6238//6238 6235//6235
f 6238//6238 6239//6239 6237//6237
f 6239//6239 6238//6238 6055//6055
f 6241//6241 6055//6055 6238//6238
f 6238//6238 6232//6232 6241//6241
f 6230//6230 6241//6241 6232//6232
f 6240//6240 6229//6229 6042//6042
f 6054//6054 6240//6240 6042//6042
f 6239//6239 6242//6242 6244//6244
f 6242//6242 6239//6239 6057//6057
f 6055//6055 6057//6057 6239//6239
f 6244//6244 6237//6237 6239//6239
f 6237//6237 6244//6244 6246//6246
f 6247//6247 6246//6246 6245//6245
f 6245//6245 6248//6248 6247//6247
f 6248//6248 6245//6245 6243//6243
f 6082//6082 6247//6247 6248//6248
f 6248//6248 6081//6081 6082//6082
f 6081//6081 6248//6248 6249//6249
f 6243//6243 6249//6249 6248//6248
f 6249//6249 6067//6067 6081//6081
f 6067//6067 6249//6249 6062//6062
f 6060//6060 6062//6062 6249//6249
f 6249//6249 6243//6243 6060//6060
f 6247//6247 6082//6082 6085//6085
f 6246//6246 6247//6247 6250//6250
f 6085//6085 6250//6250 6247//6247
f 6125//6125 6250//6250 6085//6085
f 6125//6125 6251//6251 6250//6250
f 6250//6250 6251//6251 6246//6246
f 6236//6236 6246//6246 6251//6251
f 6125//6125 6252//6252 6251//6251
f 6251//6251 6252//6252 6236//6236
f 6234//6234 6236//6236 6252//6252
f 6125//6125 6141//6141 6252//6252
f 6252//6252 6141//6141 6234//6234
f 6246//6246 6236//6236 6237//6237
f 6057//6057 6059//6059 6242//6242
f 6142//6142 6234//6234 6141//6141
f 6139//6139 6138//6138 6145//6145
f 6137//6137 6120//6120 6119//6119
f 6136//6136 6254//6254 6258//6258
f 6254//6254 6135//6135 6129//6129
f 6134//6134 6255//6255 6259//6259
f 6258//6258 6256//6256 6136//6136
f 6132//6132 6134//6134 6261//6261
f 6134//6134 6259//6259 6261//6261
f 6132//6132 6261//6261 6043//6043
f 6046//6046 6044//6044 6262//6262
f 6262//6262 6053//6053 6046//6046
f 6052//6052 6262//6262 6264//6264
f 6259//6259 6263//6263 6261//6261
f 6264//6264 6266//6266 6052//6052
f 6268//6268 6266//6266 6264//6264
f 6264//6264 6260//6260 6268//6268
f 6051//6051 6265//6265 6267//6267
f 6258//6258 6268//6268 6260//6260
f 6267//6267 6257//6257 6253//6253
f 6051//6051 6267//6267 6253//6253
f 6260//6260 6256//6256 6258//6258
f 6049//6049 6253//6253 6126//6126
f 6129//6129 6127//6127 6254//6254
f 6049//6049 6051//6051 6253//6253
f 6093//6093 6130//6130 6132//6132
f 6041//6041 6132//6132 6043//6043
f 6121//6121 6131//6131 6094//6094
f 6124//6124 6049//6049 6126//6126
f 6050//6050 6125//6125 6085//6085
f 6088//6088 6087//6087 6099//6099
f 6079//6079 6087//6087 6078//6078
f 6081//6081 6067//6067 6068//6068
f 6070//6070 6075//6075 6071//6071
f 6069//6069 6047//6047 6049//6049
f 6062//6062 6064//6064 6067//6067
f 6284//6284 6272//6272 6270//6270
f 6270//6270 6272//6272 6274//6274
f 6274//6274 6276//6276 6270//6270
f 6269//6269 6275//6275 6281//6281
f 6296//6296 6270//6270 6278//6278
f 6279//6279 6277//6277 6269//6269
f 6279//6279 6269//6269 6281//6281
f 6286//6286 6284//6284 6270//6270
f 6288//6288 6286//6286 6270//6270
f 6291//6291 6288//6288 6270//6270
f 6293//6293 6291//6291 6270//6270
f 6296//6296 6293//6293 6270//6270
f 6297//6297 6294//6294 6295//6295
f 6296//6296 6278//6278 6300//6300
f 6295//6295 6298//6298 6297//6297
f 6303//6303 6298//6298 6295//6295
f 6296//6296 6300//6300 6301//6301
f 6295//6295 6302//6302 6303//6303
f 6307//6307 6303//6303 6304//6304
f 6306//6306 6304//6304 6303//6303
f 6303//6303 6302//6302 6306//6306
f 6298//6298 6303//6303 6307//6307
f 6310//6310 6307//6307 6308//6308
f 6308//6308 6307//6307 6309//6309
f 6304//6304 6309//6309 6307//6307
f 6307//6307 6310//6310 6298//6298
f 6298//6298 6310//6310 6311//6311
f 6312//6312 6311//6311 6310//6310
f 6310//6310 6313//6313 6312//6312
f 6308//6308 6313//6313 6310//6310
f 6312//6312 6313//6313 6314//6314
f 6314//6314 6313//6313 6308//6308
f 6314//6314 6315//6315 6312//6312
f 6280//6280 6315//6315 6314//6314
f 6280//6280 6314//6314 6316//6316
f 6308//6308 6316//6316 6314//6314
f 6316//6316 6308//6308 6317//6317
f 6317//6317 6318//6318 6316//6316
f 6316//6316 6318//6318 6320//6320
f 6280//6280 6316//6316 6320//6320
f 6319//6319 6321//6321 6279//6279
f 6322//6322 6320//6320 6324//6324
f 6325//6325 6324//6324 6320//6320
f 6326//6326 6325//6325 6320//6320
f 6327//6327 6326//6326 6320//6320
f 6328//6328 6327//6327 6320//6320
f 6318//6318 6328//6328 6320//6320
f 6328//6328 6329//6329 6330//6330
f 6329//6329 6328//6328 6318//6318
f 6330//6330 6327//6327 6328//6328
f 6330//6330 6331//6331 6332//6332
f 6331//6331 6330//6330 6329//6329
f 6332//6332 6333//6333 6330//6330
f 6327//6327 6330//6330 6333//6333
f 6333//6333 6332//6332 6334//6334
f 6334//6334 6335//6335 6333//6333
f 6326//6326 6333//6333 6335//6335
f 6333//6333 6326//6326 6327//6327
f 6335//6335 6334//6334 6336//6336
f 6336//6336 6337//6337 6335//6335
f 6325//6325 6335//6335 6337//6337
f 6335//6335 6325//6325 6326//6326
f 6337//6337 6336//6336 6339//6339
f 6339//6339 6340//6340 6337//6337
f 6341//6341 6337//6337 6340//6340
f 6337//6337 6341//6341 6325//6325
f 6325//6325 6341//6341 6324//6324
f 6340//6340 6342//6342 6341//6341
f 6341//6341 6342//6342 6324//6324
f 6342//6342 6340//6340 6343//6343
f 6343//6343 6344//6344 6342//6342
f 6342//6342 6344//6344 6324//6324
f 6344//6344 6343//6343 6345//6345
f 6345//6345 6346//6346 6344//6344
f 6344//6344 6346//6346 6324//6324
f 6347//6347 6346//6346 6345//6345
f 6346//6346 6347//6347 6324//6324
f 6345//6345 6348//6348 6347//6347
f 6347//6347 6348//6348 6349//6349
f 6349//6349 6350//6350 6347//6347
f 6353//6353 6347//6347 6350//6350
f 6347//6347 6351//6351 6324//6324
f 6353//6353 6351//6351 6347//6347
f 6355//6355 6353//6353 6370//6370
f 6353//6353 6355//6355 6357//6357
f 6357//6357 6359//6359 6353//6353
f 6352//6352 6358//6358 6364//6364
f 6351//6351 6353//6353 6361//6361
f 6362//6362 6360//6360 6352//6352
f 6362//6362 6352//6352 6364//6364
f 6353//6353 6350//6350 6367//6367
f 6353//6353 6367//6367 6368//6368
f 6353//6353 6368//6368 6369//6369
f 6353//6353 6369//6369 6370//6370
f 6355//6355 6370//6370 6371//6371
f 6371//6371 6370//6370 6372//6372
f 6373//6373 6372//6372 6370//6370
f 6370//6370 6369//6369 6373//6373
f 6372//6372 6373//6373 6374//6374
f 6377//6377 6374//6374 6373//6373
f 6375//6375 6373//6373 6369//6369
f 6373//6373 6375//6375 6377//6377
f 6378//6378 6376//6376 6375//6375
f 6374//6374 6377//6377 6380//6380
f 6376//6376 6378//6378 6381//6381
f 6381//6381 6379//6379 6376//6376
f 6379//6379 6381//6381 6383//6383
f 6385//6385 6383//6383 6381//6381
f 6381//6381 6386//6386 6385//6385
f 6386//6386 6381//6381 6378//6378
f 6387//6387 6386//6386 6390//6390
f 6386//6386 6387//6387 6388//6388
f 6388//6388 6385//6385 6386//6386
f 6378//6378 6390//6390 6386//6386
f 6390//6390 6349//6349 6348//6348
f 6391//6391 6349//6349 6390//6390
f 6390//6390 6378//6378 6391//6391
f 6390//6390 6392//6392 6387//6387
f 6348//6348 6392//6392 6390//6390
f 6393//6393 6392//6392 6348//6348
f 6387//6387 6392//6392 6393//6393
f 6395//6395 6393//6393 6394//6394
f 6343//6343 6394//6394 6393//6393
f 6393//6393 6345//6345 6343//6343
f 6348//6348 6345//6345 6393//6393
f 6393//6393 6395//6395 6387//6387
f 6397//6397 6395//6395 6398//6398
f 6395//6395 6397//6397 6388//6388
f 6388//6388 6387//6387 6395//6395
f 6394//6394 6398//6398 6395//6395
f 6398//6398 6400//6400 6397//6397
f 6400//6400 6398//6398 6401//6401
f 6338//6338 6401//6401 6398//6398
f 6398//6398 6394//6394 6338//6338
f 6401//6401 6404//6404 6400//6400
f 6405//6405 6402//6402 6406//6406
f 6336//6336 6406//6406 6402//6402
f 6402//6402 6339//6339 6336//6336
f 6406//6406 6408//6408 6405//6405
f 6408//6408 6406//6406 6409//6409
f 6334//6334 6409//6409 6406//6406
f 6406//6406 6336//6336 6334//6334
f 6409//6409 6411//6411 6408//6408
f 6411//6411 6409//6409 6412//6412
f 6332//6332 6412//6412 6409//6409
f 6409//6409 6334//6334 6332//6332
f 6412//6412 6414//6414 6411//6411
f 6414//6414 6412//6412 6415//6415
f 6331//6331 6415//6415 6412//6412
f 6412//6412 6332//6332 6331//6331
f 6415//6415 6417//6417 6414//6414
f 6417//6417 6415//6415 6418//6418
f 6420//6420 6418//6418 6415//6415
f 6415//6415 6331//6331 6420//6420
f 6419//6419 6421//6421 6309//6309
f 6317//6317 6309//6309 6421//6421
f 6421//6421 6329//6329 6317//6317
f 6329//6329 6420//6420 6331//6331
f 6418//6418 6423//6423 6417//6417
f 6424//6424 6419//6419 6304//6304
f 6309//6309 6304//6304 6419//6419
f 6300//6300 6416//6416 6422//6422
f 6300//6300 6422//6422 6305//6305
f 6304//6304 6306//6306 6424//6424
f 6300//6300 6413//6413 6416//6416
f 6426//6426 6410//6410 6413//6413
f 6300//6300 6426//6426 6413//6413
f 6425//6425 6427//6427 6362//6362
f 6428//6428 6426//6426 6300//6300
f 6363//6363 6429//6429 6426//6426
f 6426//6426 6429//6429 6396//6396
f 6426//6426 6396//6396 6399//6399
f 6426//6426 6399//6399 6403//6403
f 6426//6426 6403//6403 6407//6407
f 6426//6426 6407//6407 6410//6410
f 6429//6429 6389//6389 6396//6396
f 6384//6384 6389//6389 6429//6429
f 6384//6384 6429//6429 6272//6272
f 6363//6363 6272//6272 6429//6429
f 6433//6433 6428//6428 6431//6431
f 6300//6300 6431//6431 6428//6428
f 6427//6427 6432//6432 6362//6362
f 6438//6438 6433//6433 6435//6435
f 6431//6431 6436//6436 6433//6433
f 6432//6432 6437//6437 6439//6439
f 6432//6432 6439//6439 6441//6441
f 6432//6432 6441//6441 6362//6362
f 6441//6441 6444//6444 6323//6323
f 6445//6445 6442//6442 6447//6447
f 6449//6449 6447//6447 6443//6443
f 6443//6443 6451//6451 6449//6449
f 6439//6439 6450//6450 6441//6441
f 6441//6441 6323//6323 6362//6362
f 6449//6449 6451//6451 6440//6440
f 6446//6446 6448//6448 6452//6452
f 6440//6440 6453//6453 6449//6449
f 6453//6453 6440//6440 6438//6438
f 6438//6438 6455//6455 6453//6453
f 6452//6452 6454//6454 6434//6434
f 6446//6446 6452//6452 6434//6434
f 6435//6435 6455//6455 6438//6438
f 6447//6447 6322//6322 6445//6445
f 6321//6321 6446//6446 6279//6279
f 6446//6446 6434//6434 6279//6279
f 6324//6324 6445//6445 6322//6322
f 6434//6434 6430//6430 6299//6299
f 6434//6434 6299//6299 6279//6279
f 6394//6394 6343//6343 6340//6340
f 6340//6340 6338//6338 6394//6394
f 6349//6349 6391//6391 6367//6367
f 6375//6375 6391//6391 6378//6378
f 6391//6391 6375//6375 6368//6368
f 6368//6368 6367//6367 6391//6391
f 6382//6382 6384//6384 6272//6272
f 6456//6456 6382//6382 6272//6272
f 6383//6383 6457//6457 6379//6379
f 6459//6459 6456//6456 6272//6272
f 6458//6458 6460//6460 6461//6461
f 6461//6461 6380//6380 6458//6458
f 6461//6461 6462//6462 6463//6463
f 6462//6462 6461//6461 6460//6460
f 6380//6380 6461//6461 6374//6374
f 6463//6463 6374//6374 6461//6461
f 6374//6374 6463//6463 6372//6372
f 6464//6464 6372//6372 6463//6463
f 6463//6463 6465//6465 6464//6464
f 6465//6465 6463//6463 6462//6462
f 6466//6466 6464//6464 6465//6465
f 6465//6465 6467//6467 6466//6466
f 6467//6467 6465//6465 6468//6468
f 6462//6462 6468//6468 6465//6465
f 6468//6468 6469//6469 6467//6467
f 6469//6469 6468//6468 6285//6285
f 6471//6471 6285//6285 6468//6468
f 6468//6468 6462//6462 6471//6471
f 6460//6460 6471//6471 6462//6462
f 6470//6470 6459//6459 6272//6272
f 6284//6284 6470//6470 6272//6272
f 6469//6469 6472//6472 6474//6474
f 6472//6472 6469//6469 6287//6287
f 6285//6285 6287//6287 6469//6469
f 6474//6474 6467//6467 6469//6469
f 6467//6467 6474//6474 6476//6476
f 6477//6477 6476//6476 6475//6475
f 6475//6475 6478//6478 6477//6477
f 6478//6478 6475//6475 6473//6473
f 6312//6312 6477//6477 6478//6478
f 6478//6478 6311//6311 6312//6312
f 6311//6311 6478//6478 6479//6479
f 6473//6473 6479//6479 6478//6478
f 6479//6479 6297//6297 6311//6311
f 6297//6297 6479//6479 6292//6292
f 6290//6290 6292//6292 6479//6479
f 6479//6479 6473//6473 6290//6290
f 6477//6477 6312//6312 6315//6315
f 6476//6476 6477//6477 6480//6480
f 6315//6315 6480//6480 6477//6477
f 6355//6355 6480//6480 6315//6315
f 6355//6355 6481//6481 6480//6480
f 6480//6480 6481//6481 6476//6476
f 6466//6466 6476//6476 6481//6481
f 6355//6355 6482//6482 6481//6481
f 6481//6481 6482//6482 6466//6466
f 6464//6464 6466//6466 6482//6482
f 6355//6355 6371//6371 6482//6482
f 6482//6482 6371//6371 6464//6464
f 6476//6476 6466//6466 6467//6467
f 6287//6287 6289//6289 6472//6472
f 6372//6372 6464//6464 6371//6371
f 6369//6369 6368//6368 6375//6375
f 6367//6367 6350//6350 6349//6349
f 6366//6366 6484//6484 6488//6488
f 6484//6484 6365//6365 6359//6359
f 6364//6364 6485//6485 6489//6489
f 6488//6488 6486//6486 6366//6366
f 6362//6362 6364//6364 6491//6491
f 6364//6364 6489//6489 6491//6491
f 6362//6362 6491//6491 6273//6273
f 6276//6276 6274//6274 6492//6492
f 6492//6492 6283//6283 6276//6276
f 6282//6282 6492//6492 6494//6494
f 6489//6489 6493//6493 6491//6491
f 6494//6494 6496//6496 6282//6282
f 6498//6498 6496//6496 6494//6494
f 6494//6494 6490//6490 6498//6498
f 6281//6281 6495//6495 6497//6497
f 6488//6488 6498//6498 6490//6490
f 6497//6497 6487//6487 6483//6483
f 6281//6281 6497//6497 6483//6483
f 6490//6490 6486//6486 6488//6488
f 6279//6279 6483//6483 6356//6356
f 6359//6359 6357//6357 6484//6484
f 6279//6279 6281//6281 6483//6483
f 6323//6323 6360//6360 6362//6362
f 6271//6271 6362//6362 6273//6273
f 6351//6351 6361//6361 6324//6324
f 6354//6354 6279//6279 6356//6356
f 6280//6280 6355//6355 6315//6315
f 6318//6318 6317//6317 6329//6329
f 6309//6309 6317//6317 6308//6308
f 6311//6311 6297//6297 6298//6298
f 6300//6300 6305//6305 6301//6301
f 6299//6299 6277//6277 6279//6279
f 6292//6292 6294//6294 6297//6297
f 6515//6515 6502//6502 6500//6500
f 6500//6500 6502//6502 6504//6504
f 6504//6504 6506//6506 6500//6500
f 6499//6499 6505//6505 6511//6511
f 6526//6526 6500//6500 6508//6508
f 6509//6509 6507//6507 6499//6499
f 6509//6509 6499//6499 6511//6511
f 6517//6517 6515//6515 6500//6500
f 6520//6520 6517//6517 6500//6500
f 6522//6522 6520//6520 6500//6500
f 6524//6524 6522//6522 6500//6500
f 6526//6526 6524//6524 6500//6500
f 6527//6527 6523//6523 6525//6525
f 6526//6526 6508//6508 6530//6530
f 6525//6525 6528//6528 6527//6527
f 6533//6533 6528//6528 6525//6525
f 6526//6526 6530//6530 6532//6532
f 6525//6525 6531//6531 6533//6533
f 6537//6537 6533//6533 6534//6534
f 6535//6535 6534//6534 6533//6533
f 6533//6533 6531//6531 6535//6535
f 6528//6528 6533//6533 6537//6537
f 6540//6540 6537//6537 6538//6538
f 6538//6538 6537//6537 6539//6539
f 6534//6534 6539//6539 6537//6537
f 6537//6537 6540//6540 6528//6528
f 6528//6528 6540//6540 6541//6541
f 6542//6542 6541//6541 6540//6540
f 6540//6540 6543//6543 6542//6542
f 6538//6538 6543//6543 6540//6540
f 6542//6542 6543//6543 6544//6544
f 6544//6544 6543//6543 6538//6538
f 6544//6544 6545//6545 6542//6542
f 6510//6510 6545//6545 6544//6544
f 6510//6510 6544//6544 6546//6546
f 6538//6538 6546//6546 6544//6544
f 6546//6546 6538//6538 6547//6547
f 6547//6547 6548//6548 6546//6546
f 6546//6546 6548//6548 6550//6550
f 6510//6510 6546//6546 6550//6550
f 6549//6549 6551//6551 6509//6509
f 6552//6552 6550//6550 6554//6554
f 6555//6555 6554//6554 6550//6550
f 6556//6556 6555//6555 6550//6550
f 6557//6557 6556//6556 6550//6550
f 6558//6558 6557//6557 6550//6550
f 6548//6548 6558//6558 6550//6550
f 6558//6558 6559//6559 6560//6560
f 6559//6559 6558//6558 6548//6548
f 6560//6560 6557//6557 6558//6558
f 6560//6560 6561//6561 6562//6562
f 6561//6561 6560//6560 6559//6559
f 6562//6562 6563//6563 6560//6560
f 6557//6557 6560//6560 6563//6563
f 6563//6563 6562//6562 6564//6564
f 6564//6564 6565//6565 6563//6563
f 6556//6556 6563//6563 6565//6565
f 6563//6563 6556//6556 6557//6557
f 6565//6565 6564//6564 6566//6566
f 6566//6566 6567//6567 6565//6565
f 6555//6555 6565//6565 6567//6567
f 6565//6565 6555//6555 6556//6556
f 6567//6567 6566//6566 6569//6569
f 6569//6569 6570//6570 6567//6567
f 6571//6571 6567//6567 6570//6570
f 6567//6567 6571//6571 6555//6555
f 6555//6555 6571//6571 6554//6554
f 6570//6570 6572//6572 6571//6571
f 6571//6571 6572//6572 6554//6554
f 6572//6572 6570//6570 6573//6573
f 6573//6573 6574//6574 6572//6572
f 6572//6572 6574//6574 6554//6554
f 6574//6574 6573//6573 6575//6575
f 6575//6575 6576//6576 6574//6574
f 6574//6574 6576//6576 6554//6554
f 6577//6577 6576//6576 6575//6575
f 6576//6576 6577//6577 6554//6554
f 6575//6575 6578//6578 6577//6577
f 6577//6577 6578//6578 6579//6579
f 6579//6579 6580//6580 6577//6577
f 6583//6583 6577//6577 6580//6580
f 6577//6577 6581//6581 6554//6554
f 6583//6583 6581//6581 6577//6577
f 6585//6585 6583//6583 6600//6600
f 6583//6583 6585//6585 6587//6587
f 6587//6587 6589//6589 6583//6583
f 6582//6582 6588//6588 6594//6594
f 6581//6581 6583//6583 6591//6591
f 6592//6592 6590//6590 6582//6582
f 6592//6592 6582//6582 6594//6594
f 6583//6583 6580//6580 6597//6597
f 6583//6583 6597//6597 6598//6598
f 6583//6583 6598//6598 6599//6599
f 6583//6583 6599//6599 6600//6600
f 6585//6585 6600//6600 6601//6601
f 6601//6601 6600//6600 6602//6602
f 6603//6603 6602//6602 6600//6600
f 6600//6600 6599//6599 6603//6603
f 6602//6602 6603//6603 6604//6604
f 6607//6607 6604//6604 6603//6603
f 6605//6605 6603//6603 6599//6599
f 6603//6603 6605//6605 6607//6607
f 6608//6608 6606//6606 6605//6605
f 6604//6604 6607//6607 6610//6610
f 6606//6606 6608//6608 6611//6611
f 6611//6611 6609//6609 6606//6606
f 6609//6609 6611//6611 6612//6612
f 6614//6614 6612//6612 6611//6611
f 6611//6611 6616//6616 6614//6614
f 6616//6616 6611//6611 6608//6608
f 6617//6617 6616//6616 6620//6620
f 6616//6616 6617//6617 6618//6618
f 6618//6618 6614//6614 6616//6616
f 6608//6608 6620//6620 6616//6616
f 6620//6620 6579//6579 6578//6578
f 6621//6621 6579//6579 6620//6620
f 6620//6620 6608//6608 6621//6621
f 6620//6620 6622//6622 6617//6617
f 6578//6578 6622//6622 6620//6620
f 6623//6623 6622//6622 6578//6578
f 6617//6617 6622//6622 6623//6623
f 6625//6625 6623//6623 6624//6624
f 6573//6573 6624//6624 6623//6623
f 6623//6623 6575//6575 6573//6573
f 6578//6578 6575//6575 6623//6623
f 6623//6623 6625//6625 6617//6617
f 6626//6626 6625//6625 6628//6628
f 6625//6625 6626//6626 6618//6618
f 6618//6618 6617//6617 6625//6625
f 6624//6624 6628//6628 6625//6625
f 6628//6628 6629//6629 6626//6626
f 6629//6629 6628//6628 6631//6631
f 6568//6568 6631//6631 6628//6628
f 6628//6628 6624//6624 6568//6568
f 6631//6631 6633//6633 6629//6629
f 6634//6634 6632//6632 6636//6636
f 6566//6566 6636//6636 6632//6632
f 6632//6632 6569//6569 6566//6566
f 6636//6636 6637//6637 6634//6634
f 6637//6637 6636//6636 6639//6639
f 6564//6564 6639//6639 6636//6636
f 6636//6636 6566//6566 6564//6564
f 6639//6639 6640//6640 6637//6637
f 6640//6640 6639//6639 6642//6642
f 6562//6562 6642//6642 6639//6639
f 6639//6639 6564//6564 6562//6562
f 6642//6642 6643//6643 6640//6640
f 6643//6643 6642//6642 6645//6645
f 6561//6561 6645//6645 6642//6642
f 6642//6642 6562//6562 6561//6561
f 6645//6645 6646//6646 6643//6643
f 6646//6646 6645//6645 6648//6648
f 6650//6650 6648//6648 6645//6645
f 6645//6645 6561//6561 6650//6650
f 6649//6649 6651//6651 6539//6539
f 6547//6547 6539//6539 6651//6651
f 6651//6651 6559//6559 6547//6547
f 6559//6559 6650//6650 6561//6561
f 6648//6648 6652//6652 6646//6646
f 6653//6653 6649//6649 6534//6534
f 6539//6539 6534//6534 6649//6649
f 6530//6530 6647//6647 6654//6654
f 6530//6530 6654//6654 6536//6536
f 6534//6534 6535//6535 6653//6653
f 6530//6530 6644//6644 6647//6647
f 6656//6656 6641//6641 6644//6644
f 6530//6530 6656//6656 6644//6644
f 6655//6655 6657//6657 6592//6592
f 6658//6658 6656//6656 6530//6530
f 6593//6593 6659//6659 6656//6656
f 6656//6656 6659//6659 6627//6627
f 6656//6656 6627//6627 6630//6630
f 6656//6656 6630//6630 6635//6635
f 6656//6656 6635//6635 6638//6638
f 6656//6656 6638//6638 6641//6641
f 6659//6659 6619//6619 6627//6627
f 6615//6615 6619//6619 6659//6659
f 6615//6615 6659//6659 6502//6502
f 6593//6593 6502//6502 6659//6659
f 6663//6663 6658//6658 6661//6661
f 6530//6530 6661//6661 6658//6658
f 6657//6657 6662//6662 6592//6592
f 6668//6668 6663//6663 6665//6665
f 6661//6661 6666//6666 6663//6663
f 6662//6662 6667//6667 6669//6669
f 6662//6662 6669//6669 6671//6671
f 6662//6662 6671//6671 6592//6592
f 6671//6671 6674//6674 6553//6553
f 6675//6675 6672//6672 6677//6677
f 6679//6679 6677//6677 6673//6673
f 6673//6673 6681//6681 6679//6679
f 6669//6669 6680//6680 6671//6671
f 6671//6671 6553//6553 6592//6592
f 6679//6679 6681//6681 6670//6670
f 6676//6676 6678//6678 6682//6682
f 6670//6670 6683//6683 6679//6679
f 6683//6683 6670//6670 6668//6668
f 6668//6668 6685//6685 6683//6683
f 6682//6682 6684//6684 6664//6664
f 6676//6676 6682//6682 6664//6664
f 6665//6665 6685//6685 6668//6668
f 6677//6677 6552//6552 6675//6675
f 6551//6551 6676//6676 6509//6509
f 6676//6676 6664//6664 6509//6509
f 6554//6554 6675//6675 6552//6552
f 6664//6664 6660//6660 6529//6529
f 6664//6664 6529//6529 6509//6509
f 6624//6624 6573//6573 6570//6570
f 6570//6570 6568//6568 6624//6624
f 6579//6579 6621//6621 6597//6597
f 6605//6605 6621//6621 6608//6608
f 6621//6621 6605//6605 6598//6598
f 6598//6598 6597//6597 6621//6621
f 6613//6613 6615//6615 6502//6502
f 6688//6688 6613//6613 6502//6502
f 6612//6612 6686//6686 6609//6609
f 6690//6690 6688//6688 6502//6502
f 6687//6687 6689//6689 6691//6691
f 6691//6691 6610//6610 6687//6687
f 6691//6691 6692//6692 6693//6693
f 6692//6692 6691//6691 6689//6689
f 6610//6610 6691//6691 6604//6604
f 6693//6693 6604//6604 6691//6691
f 6604//6604 6693//6693 6602//6602
f 6694//6694 6602//6602 6693//6693
f 6693//6693 6695//6695 6694//6694
f 6695//6695 6693//6693 6692//6692
f 6696//6696 6694//6694 6695//6695
f 6695//6695 6697//6697 6696//6696
f 6697//6697 6695//6695 6698//6698
f 6692//6692 6698//6698 6695//6695
f 6698//6698 6699//6699 6697//6697
f 6699//6699 6698//6698 6514//6514
f 6700//6700 6514//6514 6698//6698
f 6698//6698 6692//6692 6700//6700
f 6689//6689 6700//6700 6692//6692
f 6701//6701 6690//6690 6502//6502
f 6515//6515 6701//6701 6502//6502
f 6699//6699 6702//6702 6704//6704
f 6702//6702 6699//6699 6516//6516
f 6514//6514 6516//6516 6699//6699
f 6704//6704 6697//6697 6699//6699
f 6697//6697 6704//6704 6706//6706
f 6707//6707 6706//6706 6705//6705
f 6705//6705 6708//6708 6707//6707
f 6708//6708 6705//6705 6703//6703
f 6542//6542 6707//6707 6708//6708
f 6708//6708 6541//6541 6542//6542
f 6541//6541 6708//6708 6709//6709
f 6703//6703 6709//6709 6708//6708
f 6709//6709 6527//6527 6541//6541
f 6527//6527 6709//6709 6521//6521
f 6519//6519 6521//6521 6709//6709
f 6709//6709 6703//6703 6519//6519
f 6707//6707 6542//6542 6545//6545
f 6706//6706 6707//6707 6710//6710
f 6545//6545 6710//6710 6707//6707
f 6585//6585 6710//6710 6545//6545
f 6585//6585 6711//6711 6710//6710
f 6710//6710 6711//6711 6706//6706
f 6696//6696 6706//6706 6711//6711
f 6585//6585 6712//6712 6711//6711
f 6711//6711 6712//6712 6696//6696
f 6694//6694 6696//6696 6712//6712
f 6585//6585 6601//6601 6712//6712
f 6712//6712 6601//6601 6694//6694
f 6706//6706 6696//6696 6697//6697
f 6516//6516 6518//6518 6702//6702
f 6602//6602 6694//6694 6601//6601
f 6599//6599 6598//6598 6605//6605
f 6597//6597 6580//6580 6579//6579
f 6596//6596 6714//6714 6718//6718
f 6714//6714 6595//6595 6589//6589
f 6594//6594 6715//6715 6719//6719
f 6718//6718 6716//6716 6596//6596
f 6592//6592 6594//6594 6721//6721
f 6594//6594 6719//6719 6721//6721
f 6592//6592 6721//6721 6503//6503
f 6506//6506 6504//6504 6722//6722
f 6722//6722 6513//6513 6506//6506
f 6512//6512 6722//6722 6724//6724
f 6719//6719 6723//6723 6721//6721
f 6724//6724 6726//6726 6512//6512
f 6728//6728 6726//6726 6724//6724
f 6724//6724 6720//6720 6728//6728
f 6511//6511 6725//6725 6727//6727
f 6718//6718 6728//6728 6720//6720
f 6727//6727 6717//6717 6713//6713
f 6511//6511 6727//6727 6713//6713
f 6720//6720 6716//6716 6718//6718
f 6509//6509 6713//6713 6586//6586
f 6589//6589 6587//6587 6714//6714
f 6509//6509 6511//6511 6713//6713
f 6553//6553 6590//6590 6592//6592
f 6501//6501 6592//6592 6503//6503
f 6581//6581 6591//6591 6554//6554
f 6584//6584 6509//6509 6586//6586
f 6510//6510 6585//6585 6545//6545
f 6548//6548 6547//6547 6559//6559
f 6539//6539 6547//6547 6538//6538
f 6541//6541 6527//6527 6528//6528
f 6530//6530 6536//6536 6532//6532
f 6529//6529 6507//6507 6509//6509
f 6521//6521 6523//6523 6527//6527
f 6744//6744 6732//6732 6730//6730
f 6730//6730 6732//6732 6734//6734
f 6734//6734 6736//6736 6730//6730
f 6729//6729 6735//6735 6741//6741
f 6756//6756 6730//6730 6738//6738
f 6739//6739 6737//6737 6729//6729
f 6739//6739 6729//6729 6741//6741
f 6746//6746 6744//6744 6730//6730
f 6748//6748 6746//6746 6730//6730
f 6751//6751 6748//6748 6730//6730
f 6753//6753 6751//6751 6730//6730
f 6756//6756 6753//6753 6730//6730
f 6757//6757 6754//6754 6755//6755
f 6756//6756 6738//6738 6760//6760
f 6755//6755 6758//6758 6757//6757
f 6763//6763 6758//6758 6755//6755
f 6756//6756 6760//6760 6761//6761
f 6755//6755 6762//6762 6763//6763
f 6767//6767 6763//6763 6764//6764
f 6766//6766 6764//6764 6763//6763
f 6763//6763 6762//6762 6766//6766
f 6758//6758 6763//6763 6767//6767
f 6770//6770 6767//6767 6768//6768
f 6768//6768 6767//6767 6769//6769
f 6764//6764 6769//6769 6767//6767
f 6767//6767 6770//6770 6758//6758
f 6758//6758 6770//6770 6771//6771
f 6772//6772 6771//6771 6770//6770
f 6770//6770 6773//6773 6772//6772
f 6768//6768 6773//6773 6770//6770
f 6772//6772 6773//6773 6774//6774
f 6774//6774 6773//6773 6768//6768
f 6774//6774 6775//6775 6772//6772
f 6740//6740 6775//6775 6774//6774
f 6740//6740 6774//6774 6776//6776
f 6768//6768 6776//6776 6774//6774
f 6776//6776 6768//6768 6777//6777
f 6777//6777 6778//6778 6776//6776
f 6776//6776 6778//6778 6780//6780
f 6740//6740 6776//6776 6780//6780
f 6779//6779 6781//6781 6739//6739
f 6782//6782 6780//6780 6784//6784
f 6785//6785 6784//6784 6780//6780
f 6786//6786 6785//6785 6780//6780
f 6787//6787 6786//6786 6780//6780
f 6788//6788 6787//6787 6780//6780
f 6778//6778 6788//6788 6780//6780
f 6788//6788 6789//6789 6790//6790
f 6789//6789 6788//6788 6778//6778
f 6790//6790 6787//6787 6788//6788
f 6790//6790 6791//6791 6792//6792
f 6791//6791 6790//6790 6789//6789
f 6792//6792 6793//6793 6790//6790
f 6787//6787 6790//6790 6793//6793
f 6793//6793 6792//6792 6794//6794
f 6794//6794 6795//6795 6793//6793
f 6786//6786 6793//6793 6795//6795
f 6793//6793 6786//6786 6787//6787
f 6795//6795 6794//6794 6796//6796
f 6796//6796 6797//6797 6795//6795
f 6785//6785 6795//6795 6797//6797
f 6795//6795 6785//6785 6786//6786
f 6797//6797 6796//6796 6799//6799
f 6799//6799 6800//6800 6797//6797
f 6801//6801 6797//6797 6800//6800
f 6797//6797 6801//6801 6785//6785
f 6785//6785 6801//6801 6784//6784
f 6800//6800 6802//6802 6801//6801
f 6801//6801 6802//6802 6784//6784
f 6802//6802 6800//6800 6803//6803
f 6803//6803 6804//6804 6802//6802
f 6802//6802 6804//6804 6784//6784
f 6804//6804 6803//6803 6805//6805
f 6805//6805 6806//6806 6804//6804
f 6804//6804 6806//6806 6784//6784
f 6807//6807 6806//6806 6805//6805
f 6806//6806 6807//6807 6784//6784
f 6805//6805 6808//6808 6807//6807
f 6807//6807 6808//6808 6809//6809
f 6809//6809 6810//6810 6807//6807
f 6813//6813 6807//6807 6810//6810
f 6807//6807 6811//6811 6784//6784
f 6813//6813 6811//6811 6807//6807
f 6815//6815 6813//6813 6830//6830
f 6813//6813 6815//6815 6817//6817
f 6817//6817 6819//6819 6813//6813
f 6812//6812 6818//6818 6824//6824
f 6811//6811 6813//6813 6821//6821
f 6822//6822 6820//6820 6812//6812
f 6822//6822 6812//6812 6824//6824
f 6813//6813 6810//6810 6827//6827
f 6813//6813 6827//6827 6828//6828
f 6813//6813 6828//6828 6829//6829
f 6813//6813 6829//6829 6830//6830
f 6815//6815 6830//6830 6831//6831
f 6831//6831 6830//6830 6832//6832
f 6833//6833 6832//6832 6830//6830
f 6830//6830 6829//6829 6833//6833
f 6832//6832 6833//6833 6834//6834
f 6837//6837 6834//6834 6833//6833
f 6835//6835 6833//6833 6829//6829
f 6833//6833 6835//6835 6837//6837
f 6838//6838 6836//6836 6835//6835
f 6834//6834 6837//6837 6840//6840
f 6836//6836 6838//6838 6841//6841
f 6841//6841 6839//6839 6836//6836
f 6839//6839 6841//6841 6843//6843
f 6845//6845 6843//6843 6841//6841
f 6841//6841 6846//6846 6845//6845
f 6846//6846 6841//6841 6838//6838
f 6847//6847 6846//6846 6850//6850
f 6846//6846 6847//6847 6848//6848
f 6848//6848 6845//6845 6846//6846
f 6838//6838 6850//6850 6846//6846
f 6850//6850 6809//6809 6808//6808
f 6851//6851 6809//6809 6850//6850
f 6850//6850 6838//6838 6851//6851
f 6850//6850 6852//6852 6847//6847
f 6808//6808 6852//6852 6850//6850
f 6853//6853 6852//6852 6808//6808
f 6847//6847 6852//6852 6853//6853
f 6855//6855 6853//6853 6854//6854
f 6803//6803 6854//6854 6853//6853
f 6853//6853 6805//6805 6803//6803
f 6808//6808 6805//6805 6853//6853
f 6853//6853 6855//6855 6847//6847
f 6857//6857 6855//6855 6858//6858
f 6855//6855 6857//6857 6848//6848
f 6848//6848 6847//6847 6855//6855
f 6854//6854 6858//6858 6855//6855
f 6858//6858 6860//6860 6857//6857
f 6860//6860 6858//6858 6861//6861
f 6798//6798 6861//6861 6858//6858
f 6858//6858 6854//6854 6798//6798
f 6861//6861 6864//6864 6860//6860
f 6865//6865 6862//6862 6866//6866
f 6796//6796 6866//6866 6862//6862
f 6862//6862 6799//6799 6796//6796
f 6866//6866 6868//6868 6865//6865
f 6868//6868 6866//6866 6869//6869
f 6794//6794 6869//6869 6866//6866
f 6866//6866 6796//6796 6794//6794
f 6869//6869 6871//6871 6868//6868
f 6871//6871 6869//6869 6872//6872
f 6792//6792 6872//6872 6869//6869
f 6869//6869 6794//6794 6792//6792
f 6872//6872 6874//6874 6871//6871
f 6874//6874 6872//6872 6875//6875
f 6791//6791 6875//6875 6872//6872
f 6872//6872 6792//6792 6791//6791
f 6875//6875 6877//6877 6874//6874
f 6877//6877 6875//6875 6878//6878
f 6880//6880 6878//6878 6875//6875
f 6875//6875 6791//6791 6880//6880
f 6879//6879 6881//6881 6769//6769
f 6777//6777 6769//6769 6881//6881
f 6881//6881 6789//6789 6777//6777
f 6789//6789 6880//6880 6791//6791
f 6878//6878 6883//6883 6877//6877
f 6884//6884 6879//6879 6764//6764
f 6769//6769 6764//6764 6879//6879
f 6760//6760 6876//6876 6882//6882
f 6760//6760 6882//6882 6765//6765
f 6764//6764 6766//6766 6884//6884
f 6760//6760 6873//6873 6876//6876
f 6886//6886 6870//6870 6873//6873
f 6760//6760 6886//6886 6873//6873
f 6885//6885 6887//6887 6822//6822
f 6888//6888 6886//6886 6760//6760
f 6823//6823 6889//6889 6886//6886
f 6886//6886 6889//6889 6856//6856
f 6886//6886 6856//6856 6859//6859
f 6886//6886 6859//6859 6863//6863
f 6886//6886 6863//6863 6867//6867
f 6886//6886 6867//6867 6870//6870
f 6889//6889 6849//6849 6856//6856
f 6844//6844 6849//6849 6889//6889
f 6844//6844 6889//6889 6732//6732
f 6823//6823 6732//6732 6889//6889
f 6893//6893 6888//6888 6891//6891
f 6760//6760 6891//6891 6888//6888
f 6887//6887 6892//6892 6822//6822
f 6898//6898 6893//6893 6895//6895
f 6891//6891 6896//6896 6893//6893
f 6892//6892 6897//6897 6899//6899
f 6892//6892 6899//6899 6901//6901
f 6892//6892 6901//6901 6822//6822
f 6901//6901 6904//6904 6783//6783
f 6905//6905 6902//6902 6907//6907
f 6909//6909 6907//6907 6903//6903
f 6903//6903 6911//6911 6909//6909
f 6899//6899 6910//6910 6901//6901
f 6901//6901 6783//6783 6822//6822
f 6909//6909 6911//6911 6900//6900
f 6906//6906 6908//6908 6912//6912
f 6900//6900 6913//6913 6909//6909
f 6913//6913 6900//6900 6898//6898
f 6898//6898 6915//6915 6913//6913
f 6912//6912 6914//6914 6894//6894
f 6906//6906 6912//6912 6894//6894
f 6895//6895 6915//6915 6898//6898
f 6907//6907 6782//6782 6905//6905
f 6781//6781 6906//6906 6739//6739
f 6906//6906 6894//6894 6739//6739
f 6784//6784 6905//6905 6782//6782
f 6894//6894 6890//6890 6759//6759
f 6894//6894 6759//6759 6739//6739
f 6854//6854 6803//6803 6800//6800
f 6800//6800 6798//6798 6854//6854
f 6809//6809 6851//6851 6827//6827
f 6835//6835 6851//6851 6838//6838
f 6851//6851 6835//6835 6828//6828
f 6828//6828 6827//6827 6851//6851
f 6842//6842 6844//6844 6732//6732
f 6916//6916 6842//6842 6732//6732
f 6843//6843 6917//6917 6839//6839
f 6919//6919 6916//6916 6732//6732
f 6918//6918 6920//6920 6921//6921
f 6921//6921 6840//6840 6918//6918
f 6921//6921 6922//6922 6923//6923
f 6922//6922 6921//6921 6920//6920
f 6840//6840 6921//6921 6834//6834
f 6923//6923 6834//6834 6921//6921
f 6834//6834 6923//6923 6832//6832
f 6924//6924 6832//6832 6923//6923
f 6923//6923 6925//6925 6924//6924
f 6925//6925 6923//6923 6922//6922
f 6926//6926 6924//6924 6925//6925
f 6925//6925 6927//6927 6926//6926
f 6927//6927 6925//6925 6928//6928
f 6922//6922 6928//6928 6925//6925
f 6928//6928 6929//6929 6927//6927
f 6929//6929 6928//6928 6745//6745
f 6931//6931 6745//6745 6928//6928
f 6928//6928 6922//6922 6931//6931
f 6920//6920 6931//6931 6922//6922
f 6930//6930 6919//6919 6732//6732
f 6744//6744 6930//6930 6732//6732
f 6929//6929 6932//6932 6934//6934
f 6932//6932 6929//6929 6747//6747
f 6745//6745 6747//6747 6929//6929
f 6934//6934 6927//6927 6929//6929
f 6927//6927 6934//6934 6936//6936
f 6937//6937 6936//6936 6935//6935
f 6935//6935 6938//6938 6937//6937
f 6938//6938 6935//6935 6933//6933
f 6772//6772 6937//6937 6938//6938
f 6938//6938 6771//6771 6772//6772
f 6771//6771 6938//6938 6939//6939
f 6933//6933 6939//6939 6938//6938
f 6939//6939 6757//6757 6771//6771
f 6757//6757 6939//6939 6752//6752
f 6750//6750 6752//6752 6939//6939
f 6939//6939 6933//6933 6750//6750
f 6937//6937 6772//6772 6775//6775
f 6936//6936 6937//6937 6940//6940
f 6775//6775 6940//6940 6937//6937
f 6815//6815 6940//6940 6775//6775
f 6815//6815 6941//6941 6940//6940
f 6940//6940 6941//6941 6936//6936
f 6926//6926 6936//6936 6941//6941
f 6815//6815 6942//6942 6941//6941
f 6941//6941 6942//6942 6926//6926
f 6924//6924 6926//6926 6942//6942
f 6815//6815 6831//6831 6942//6942
f 6942//6942 6831//6831 6924//6924
f 6936//6936 6926//6926 6927//6927
f 6747//6747 6749//6749 6932//6932
f 6832//6832 6924//6924 6831//6831
f 6829//6829 6828//6828 6835//6835
f 6827//6827 6810//6810 6809//6809
f 6826//6826 6944//6944 6948//6948
f 6944//6944 6825//6825 6819//6819
f 6824//6824 6945//6945 6949//6949
f 6948//6948 6946//6946 6826//6826
f 6822//6822 6824//6824 6951//6951
f 6824//6824 6949//6949 6951//6951
f 6822//6822 6951//6951 6733//6733
f 6736//6736 6734//6734 6952//6952
f 6952//6952 6743//6743 6736//6736
f 6742//6742 6952//6952 6954//6954
f 6949//6949 6953//6953 6951//6951
f 6954//6954 6956//6956 6742//6742
f 6958//6958 6956//6956 6954//6954
f 6954//6954 6950//6950 6958//6958
f 6741//6741 6955//6955 6957//6957
f 6948//6948 6958//6958 6950//6950
f 6957//6957 6947//6947 6943//6943
f 6741//6741 6957//6957 6943//6943
f 6950//6950 6946//6946 6948//6948
f 6739//6739 6943//6943 6816//6816
f 6819//6819 6817//6817 6944//6944
f 6739//6739 6741//6741 6943//6943
f 6783//6783 6820//6820 6822//6822
f 6731//6731 6822//6822 6733//6733
f 6811//6811 6821//6821 6784//6784
f 6814//6814 6739//6739 6816//6816
f 6740//6740 6815//6815 6775//6775
f 6778//6778 6777//6777 6789//6789
f 6769//6769 6777//6777 6768//6768
f 6771//6771 6757//6757 6758//6758
f 6760//6760 6765//6765 6761//6761
f 6759//6759 6737//6737 6739//6739
f 6752//6752 6754//6754 6757//6757
f 6974//6974 6962//6962 6960//6960
f 6960//6960 6962//6962 6964//6964
f 6964//6964 6966//6966 6960//6960
f 6959//6959 6965//6965 6971//6971
f 6986//6986 6960//6960 6968//6968
f 6969//6969 6967//6967 6959//6959
f 6969//6969 6959//6959 6971//6971
f 6976//6976 6974//6974 6960//6960
f 6978//6978 6976//6976 6960//6960
f 6981//6981 6978//6978 6960//6960
f 6983//6983 6981//6981 6960//6960
f 6986//6986 6983//6983 6960//6960
f 6987//6987 6984//6984 6985//6985
f 6986//6986 6968//6968 6990//6990
f 6985//6985 6988//6988 6987//6987
f 6993//6993 6988//6988 6985//6985
f 6986//6986 6990//6990 6991//6991
f 6985//6985 6992//6992 6993//6993
f 6997//6997 6993//6993 6994//6994
f 6996//6996 6994//6994 6993//6993
f 6993//6993 6992//6992 6996//6996
f 6988//6988 6993//6993 6997//6997
f 7000//7000 6997//6997 6998//6998
f 6998//6998 6997//6997 6999//6999
f 6994//6994 6999//6999 6997//6997
f 6997//6997 7000//7000 6988//6988
f 6988//6988 7000//7000 7001//7001
f 7002//7002 7001//7001 7000//7000
f 7000//7000 7003//7003 7002//7002
f 6998//6998 7003//7003 7000//7000
f 7002//7002 7003//7003 7004//7004
f 7004//7004 7003//7003 6998//6998
f 7004//7004 7005//7005 7002//7002
f 6970//6970 7005//7005 7004//7004
f 6970//6970 7004//7004 7006//7006
f 6998//6998 7006//7006 7004//7004
f 7006//7006 6998//6998 7007//7007
f 7007//7007 7008//7008 7006//7006
f 7006//7006 7008//7008 7010//7010
f 6970//6970 7006//7006 7010//7010
f 7009//7009 7011//7011 6969//6969
f 7012//7012 7010//7010 7014//7014
f 7015//7015 7014//7014 7010//7010
f 7016//7016 7015//7015 7010//7010
f 7017//7017 7016//7016 7010//7010
f 7018//7018 7017//7017 7010//7010
f 7008//7008 7018//7018 7010//7010
f 7018//7018 7019//7019 7020//7020
f 7019//7019 7018//7018 7008//7008
f 7020//7020 7017//7017 7018//7018
f 7020//7020 7021//7021 7022//7022
f 7021//7021 7020//7020 7019//7019
f 7022//7022 7023//7023 7020//7020
f 7017//7017 7020//7020 7023//7023
f 7023//7023 7022//7022 7024//7024
f 7024//7024 7025//7025 7023//7023
f 7016//7016 7023//7023 7025//7025
f 7023//7023 7016//7016 7017//7017
f 7025//7025 7024//7024 7026//7026
f 7026//7026 7027//7027 7025//7025
f 7015//7015 7025//7025 7027//7027
f 7025//7025 7015//7015 7016//7016
f 7027//7027 7026//7026 7029//7029
f 7029//7029 7030//7030 7027//7027
f 7031//7031 7027//7027 7030//7030
f 7027//7027 7031//7031 7015//7015
f 7015//7015 7031//7031 7014//7014
f 7030//7030 7032//7032 7031//7031
f 7031//7031 7032//7032 7014//7014
f 7032//7032 7030//7030 7033//7033
f 7033//7033 7034//7034 7032//7032
f 7032//7032 7034//7034 7014//7014
f 7034//7034 7033//7033 7035//7035
f 7035//7035 7036//7036 7034//7034
f 7034//7034 7036//7036 7014//7014
f 7037//7037 7036//7036 7035//7035
f 7036//7036 7037//7037 7014//7014
f 7035//7035 7038//7038 7037//7037
f 7037//7037 7038//7038 7039//7039
f 7039//7039 7040//7040 7037//7037
f 7043//7043 7037//7037 7040//7040
f 7037//7037 7041//7041 7014//7014
f 7043//7043 7041//7041 7037//7037
f 7045//7045 7043//7043 7060//7060
f 7043//7043 7045//7045 7047//7047
f 7047//7047 7049//7049 7043//7043
f 7042//7042 7048//7048 7054//7054
f 7041//7041 7043//7043 7051//7051
f 7052//7052 7050//7050 7042//7042
f 7052//7052 7042//7042 7054//7054
f 7043//7043 7040//7040 7057//7057
f 7043//7043 7057//7057 7058//7058
f 7043//7043 7058//7058 7059//7059
f 7043//7043 7059//7059 7060//7060
f 7045//7045 7060//7060 7061//7061
f 7061//7061 7060//7060 7062//7062
f 7063//7063 7062//7062 7060//7060
f 7060//7060 7059//7059 7063//7063
f 7062//7062 7063//7063 7064//7064
f 7067//7067 7064//7064 7063//7063
f 7065//7065 7063//7063 7059//7059
f 7063//7063 7065//7065 7067//7067
f 7068//7068 7066//7066 7065//7065
f 7064//7064 7067//7067 7070//7070
f 7066//7066 7068//7068 7071//7071
f 7071//7071 7069//7069 7066//7066
f 7069//7069 7071//7071 7073//7073
f 7075//7075 7073//7073 7071//7071
f 7071//7071 7076//7076 7075//7075
f 7076//7076 7071//7071 7068//7068
f 7077//7077 7076//7076 7080//7080
f 7076//7076 7077//7077 7078//7078
f 7078//7078 7075//7075 7076//7076
f 7068//7068 7080//7080 7076//7076
f 7080//7080 7039//7039 7038//7038
f 7081//7081 7039//7039 7080//7080
f 7080//7080 7068//7068 7081//7081
f 7080//7080 7082//7082 7077//7077
f 7038//7038 7082//7082 7080//7080
f 7083//7083 7082//7082 7038//7038
f 7077//7077 7082//7082 7083//7083
f 7085//7085 7083//7083 7084//7084
f 7033//7033 7084//7084 7083//7083
f 7083//7083 7035//7035 7033//7033
f 7038//7038 7035//7035 7083//7083
f 7083//7083 7085//7085 7077//7077
f 7087//7087 7085//7085 7088//7088
f 7085//7085 7087//7087 7078//7078
f 7078//7078 7077//7077 7085//7085
f 7084//7084 7088//7088 7085//7085
f 7088//7088 7090//7090 7087//7087
f 7090//7090 7088//7088 7091//7091
f 7028//7028 7091//7091 7088//7088
f 7088//7088 7084//7084 7028//7028
f 7091//7091 7094//7094 7090//7090
f 7095//7095 7092//7092 7096//7096
f 7026//7026 7096//7096 7092//7092
f 7092//7092 7029//7029 7026//7026
f 7096//7096 7098//7098 7095//7095
f 7098//7098 7096//7096 7099//7099
f 7024//7024 7099//7099 7096//7096
f 7096//7096 7026//7026 7024//7024
f 7099//7099 7101//7101 7098//7098
f 7101//7101 7099//7099 7102//7102
f 7022//7022 7102//7102 7099//7099
f 7099//7099 7024//7024 7022//7022
f 7102//7102 7104//7104 7101//7101
f 7104//7104 7102//7102 7105//7105
f 7021//7021 7105//7105 7102//7102
f 7102//7102 7022//7022 7021//7021
f 7105//7105 7107//7107 7104//7104
f 7107//7107 7105//7105 7108//7108
f 7110//7110 7108//7108 7105//7105
f 7105//7105 7021//7021 7110//7110
f 7109//7109 7111//7111 6999//6999
f 7007//7007 6999//6999 7111//7111
f 7111//7111 7019//7019 7007//7007
f 7019//7019 7110//7110 7021//7021
f 7108//7108 7113//7113 7107//7107
f 7114//7114 7109//7109 6994//6994
f 6999//6999 6994//6994 7109//7109
f 6990//6990 7106//7106 7112//7112
f 6990//6990 7112//7112 6995//6995
f 6994//6994 6996//6996 7114//7114
f 6990//6990 7103//7103 7106//7106
f 7116//7116 7100//7100 7103//7103
f 6990//6990 7116//7116 7103//7103
f 7115//7115 7117//7117 7052//7052
f 7118//7118 7116//7116 6990//6990
f 7053//7053 7119//7119 7116//7116
f 7116//7116 7119//7119 7086//7086
f 7116//7116 7086//7086 7089//7089
f 7116//7116 7089//7089 7093//7093
f 7116//7116 7093//7093 7097//7097
f 7116//7116 7097//7097 7100//7100
f 7119//7119 7079//7079 7086//7086
f 7074//7074 7079//7079 7119//7119
f 7074//7074 7119//7119 6962//6962
f 7053//7053 6962//6962 7119//7119
f 7123//7123 7118//7118 7121//7121
f 6990//6990 7121//7121 7118//7118
f 7117//7117 7122//7122 7052//7052
f 7128//7128 7123//7123 7125//7125
f 7121//7121 7126//7126 7123//7123
f 7122//7122 7127//7127 7129//7129
f 7122//7122 7129//7129 7131//7131
f 7122//7122 7131//7131 7052//7052
f 7131//7131 7134//7134 7013//7013
f 7135//7135 7132//7132 7137//7137
f 7139//7139 7137//7137 7133//7133
f 7133//7133 7141//7141 7139//7139
f 7129//7129 7140//7140 7131//7131
f 7131//7131 7013//7013 7052//7052
f 7139//7139 7141//7141 7130//7130
f 7136//7136 7138//7138 7142//7142
f 7130//7130 7143//7143 7139//7139
f 7143//7143 7130//7130 7128//7128
f 7128//7128 7145//7145 7143//7143
f 7142//7142 7144//7144 7124//7124
f 7136//7136 7142//7142 7124//7124
f 7125//7125 7145//7145 7128//7128
f 7137//7137 7012//7012 7135//7135
f 7011//7011 7136//7136 6969//6969
f 7136//7136 7124//7124 6969//6969
f 7014//7014 7135//7135 7012//7012
f 7124//7124 7120//7120 6989//6989
f 7124//7124 6989//6989 6969//6969
f 7084//7084 7033//7033 7030//7030
f 7030//7030 7028//7028 7084//7084
f 7039//7039 7081//7081 7057//7057
f 7065//7065 7081//7081 7068//7068
f 7081//7081 7065//7065 7058//7058
f 7058//7058 7057//7057 7081//7081
f 7072//7072 7074//7074 6962//6962
f 7146//7146 7072//7072 6962//6962
f 7073//7073 7147//7147 7069//7069
f 7149//7149 7146//7146 6962//6962
f 7148//7148 7150//7150 7151//7151
f 7151//7151 7070//7070 7148//7148
f 7151//7151 7152//7152 7153//7153
f 7152//7152 7151//7151 7150//7150
f 7070//7070 7151//7151 7064//7064
f 7153//7153 7064//7064 7151//7151
f 7064//7064 7153//7153 7062//7062
f 7154//7154 7062//7062 7153//7153
f 7153//7153 7155//7155 7154//7154
f 7155//7155 7153//7153 7152//7152
f 7156//7156 7154//7154 7155//7155
f 7155//7155 7157//7157 7156//7156
f 7157//7157 7155//7155 7158//7158
f 7152//7152 7158//7158 7155//7155
f 7158//7158 7159//7159 7157//7157
f 7159//7159 7158//7158 6975//6975
f 7161//7161 6975//6975 7158//7158
f 7158//7158 7152//7152 7161//7161
f 7150//7150 7161//7161 7152//7152
f 7160//7160 7149//7149 6962//6962
f 6974//6974 7160//7160 6962//6962
f 7159//7159 7162//7162 7164//7164
f 7162//7162 7159//7159 6977//6977
f 6975//6975 6977//6977 7159//7159
f 7164//7164 7157//7157 7159//7159
f 7157//7157 7164//7164 7166//7166
f 7167//7167 7166//7166 7165//7165
f 7165//7165 7168//7168 7167//7167
f 7168//7168 7165//7165 7163//7163
f 7002//7002 7167//7167 7168//7168
f 7168//7168 7001//7001 7002//7002
f 7001//7001 7168//7168 7169//7169
f 7163//7163 7169//7169 7168//7168
f 7169//7169 6987//6987 7001//7001
f 6987//6987 7169//7169 6982//6982
f 6980//6980 6982//6982 7169//7169
f 7169//7169 7163//7163 6980//6980
f 7167//7167 7002//7002 7005//7005
f 7166//7166 7167//7167 7170//7170
f 7005//7005 7170//7170 7167//7167
f 7045//7045 7170//7170 7005//7005
f 7045//7045 7171//7171 7170//7170
f 7170//7170 7171//7171 7166//7166
f 7156//7156 7166//7166 7171//7171
f 7045//7045 7172//7172 7171//7171
f 7171//7171 7172//7172 7156//7156
f 7154//7154 7156//7156 7172//7172
f 7045//7045 7061//7061 7172//7172
f 7172//7172 7061//7061 7154//7154
f 7166//7166 7156//7156 7157//7157
f 6977//6977 6979//6979 7162//7162
f 7062//7062 7154//7154 7061//7061
f 7059//7059 7058//7058 7065//7065
f 7057//7057 7040//7040 7039//7039
f 7056//7056 7174//7174 7178//7178
f 7174//7174 7055//7055 7049//7049
f 7054//7054 7175//7175 7179//7179
f 7178//7178 7176//7176 7056//7056
f 7052//7052 7054//7054 7181//7181
f 7054//7054 7179//7179 7181//7181
f 7052//7052 7181//7181 6963//6963
f 6966//6966 6964//6964 7182//7182
f 7182//7182 6973//6973 6966//6966
f 6972//6972 7182//7182 7184//7184
f 7179//7179 7183//7183 7181//7181
f 7184//7184 7186//7186 6972//6972
f 7188//7188 7186//7186 7184//7184
f 7184//7184 7180//7180 7188//7188
f 6971//6971 7185//7185 7187//7187
f 7178//7178 7188//7188 7180//7180
f 7187//7187 7177//7177 7173//7173
f 6971//6971 7187//7187 7173//7173
f 7180//7180 7176//7176 7178//7178
f 6969//6969 7173//7173 7046//7046
f 7049//7049 7047//7047 7174//7174
f 6969//6969 6971//6971 7173//7173
f 7013//7013 7050//7050 7052//7052
f 6961//6961 7052//7052 6963//6963
f 7041//7041 7051//7051 7014//7014
f 7044//7044 6969//6969 7046//7046
f 6970//6970 7045//7045 7005//7005
f 7008//7008 7007//7007 7019//7019
f 6999//6999 7007//7007 6998//6998
f 7001//7001 6987//6987 6988//6988
f 6990//6990 6995//6995 6991//6991
f 6989//6989 6967//6967 6969//6969
f 6982//6982 6984//6984 6987//6987
f 7204//7204 7192//7192 7190//7190
f 7190//7190 7192//7192 7194//7194
f 7194//7194 7196//7196 7190//7190
f 7189//7189 7195//7195 7201//7201
f 7216//7216 7190//7190 7198//7198
f 7199//7199 7197//7197 7189//7189
f 7199//7199 7189//7189 7201//7201
f 7206//7206 7204//7204 7190//7190
f 7208//7208 7206//7206 7190//7190
f 7211//7211 7208//7208 7190//7190
f 7213//7213 7211//7211 7190//7190
f 7216//7216 7213//7213 7190//7190
f 7217//7217 7214//7214 7215//7215
f 7216//7216 7198//7198 7220//7220
f 7215//7215 7218//7218 7217//7217
f 7223//7223 7218//7218 7215//7215
f 7216//7216 7220//7220 7221//7221
f 7215//7215 7222//7222 7223//7223
f 7227//7227 7223//7223 7224//7224
f 7226//7226 7224//7224 7223//7223
f 7223//7223 7222//7222 7226//7226
f 7218//7218 7223//7223 7227//7227
f 7230//7230 7227//7227 7228//7228
f 7228//7228 7227//7227 7229//7229
f 7224//7224 7229//7229 7227//7227
f 7227//7227 7230//7230 7218//7218
f 7218//7218 7230//7230 7231//7231
f 7232//7232 7231//7231 7230//7230
f 7230//7230 7233//7233 7232//7232
f 7228//7228 7233//7233 7230//7230
f 7232//7232 7233//7233 7234//7234
f 7234//7234 7233//7233 7228//7228
f 7234//7234 7235//7235 7232//7232
f 7200//7200 7235//7235 7234//7234
f 7200//7200 7234//7234 7236//7236
f 7228//7228 7236//7236 7234//7234
f 7236//7236 7228//7228 7237//7237
f 7237//7237 7238//7238 7236//7236
f 7236//7236 7238//7238 7240//7240
f 7200//7200 7236//7236 7240//7240
f 7239//7239 7241//7241 7199//7199
f 7242//7242 7240//7240 7244//7244
f 7245//7245 7244//7244 7240//7240
f 7246//7246 7245//7245 7240//7240
f 7247//7247 7246//7246 7240//7240
f 7248//7248 7247//7247 7240//7240
f 7238//7238 7248//7248 7240//7240
f 7248//7248 7249//7249 7250//7250
f 7249//7249 7248//7248 7238//7238
f 7250//7250 7247//7247 7248//7248
f 7250//7250 7251//7251 7252//7252
f 7251//7251 7250//7250 7249//7249
f 7252//7252 7253//7253 7250//7250
f 7247//7247 7250//7250 7253//7253
f 7253//7253 7252//7252 7254//7254
f 7254//7254 7255//7255 7253//7253
f 7246//7246 7253//7253 7255//7255
f 7253//7253 7246//7246 7247//7247
f 7255//7255 7254//7254 7256//7256
f 7256//7256 7257//7257 7255//7255
f 7245//7245 7255//7255 7257//7257
f 7255//7255 7245//7245 7246//7246
f 7257//7257 7256//7256 7259//7259
f 7259//7259 7260//7260 7257//7257
f 7261//7261 7257//7257 7260//7260
f 7257//7257 7261//7261 7245//7245
f 7245//7245 7261//7261 7244//7244
f 7260//7260 7262//7262 7261//7261
f 7261//7261 7262//7262 7244//7244
f 7262//7262 7260//7260 7263//7263
f 7263//7263 7264//7264 7262//7262
f 7262//7262 7264//7264 7244//7244
f 7264//7264 7263//7263 7265//7265
f 7265//7265 7266//7266 7264//7264
f 7264//7264 7266//7266 7244//7244
f 7267//7267 7266//7266 7265//7265
f 7266//7266 7267//7267 7244//7244
f 7265//7265 7268//7268 7267//7267
f 7267//7267 7268//7268 7269//7269
f 7269//7269 7270//7270 7267//7267
f 7273//7273 7267//7267 7270//7270
f 7267//7267 7271//7271 7244//7244
f 7273//7273 7271//7271 7267//7267
f 7275//7275 7273//7273 7290//7290
f 7273//7273 7275//7275 7277//7277
f 7277//7277 7279//7279 7273//7273
f 7272//7272 7278//7278 7284//7284
f 7271//7271 7273//7273 7281//7281
f 7282//7282 7280//7280 7272//7272
f 7282//7282 7272//7272 7284//7284
f 7273//7273 7270//7270 7287//7287
f 7273//7273 7287//7287 7288//7288
f 7273//7273 7288//7288 7289//7289
f 7273//7273 7289//7289 7290//7290
f 7275//7275 7290//7290 7291//7291
f 7291//7291 7290//7290 7292//7292
f 7293//7293 7292//7292 7290//7290
f 7290//7290 7289//7289 7293//7293
f 7292//7292 7293//7293 7294//7294
f 7297//7297 7294//7294 7293//7293
f 7295//7295 7293//7293 7289//7289
f 7293//7293 7295//7295 7297//7297
f 7298//7298 7296//7296 7295//7295
f 7294//7294 7297//7297 7300//7300
f 7296//7296 7298//7298 7301//7301
f 7301//7301 7299//7299 7296//7296
f 7299//7299 7301//7301 7303//7303
f 7305//7305 7303//7303 7301//7301
f 7301//7301 7306//7306 7305//7305
f 7306//7306 7301//7301 7298//7298
f 7307//7307 7306//7306 7310//7310
f 7306//7306 7307//7307 7308//7308
f 7308//7308 7305//7305 7306//7306
f 7298//7298 7310//7310 7306//7306
f 7310//7310 7269//7269 7268//7268
f 7311//7311 7269//7269 7310//7310
f 7310//7310 7298//7298 7311//7311
f 7310//7310 7312//7312 7307//7307
f 7268//7268 7312//7312 7310//7310
f 7313//7313 7312//7312 7268//7268
f 7307//7307 7312//7312 7313//7313
f 7315//7315 7313//7313 7314//7314
f 7263//7263 7314//7314 7313//7313
f 7313//7313 7265//7265 7263//7263
f 7268//7268 7265//7265 7313//7313
f 7313//7313 7315//7315 7307//7307
f 7317//7317 7315//7315 7318//7318
f 7315//7315 7317//7317 7308//7308
f 7308//7308 7307//7307 7315//7315
f 7314//7314 7318//7318 7315//7315
f 7318//7318 7320//7320 7317//7317
f 7320//7320 7318//7318 7321//7321
f 7258//7258 7321//7321 7318//7318
f 7318//7318 7314//7314 7258//7258
f 7321//7321 7324//7324 7320//7320
f 7325//7325 7322//7322 7326//7326
f 7256//7256 7326//7326 7322//7322
f 7322//7322 7259//7259 7256//7256
f 7326//7326 7328//7328 7325//7325
f 7328//7328 7326//7326 7329//7329
f 7254//7254 7329//7329 7326//7326
f 7326//7326 7256//7256 7254//7254
f 7329//7329 7331//7331 7328//7328
f 7331//7331 7329//7329 7332//7332
f 7252//7252 7332//7332 7329//7329
f 7329//7329 7254//7254 7252//7252
f 7332//7332 7334//7334 7331//7331
f 7334//7334 7332//7332 7335//7335
f 7251//7251 7335//7335 7332//7332
f 7332//7332 7252//7252 7251//7251
f 7335//7335 7337//7337 7334//7334
f 7337//7337 7335//7335 7338//7338
f 7340//7340 7338//7338 7335//7335
f 7335//7335 7251//7251 7340//7340
f 7339//7339 7341//7341 7229//7229
f 7237//7237 7229//7229 7341//7341
f 7341//7341 7249//7249 7237//7237
f 7249//7249 7340//7340 7251//7251
f 7338//7338 7343//7343 7337//7337
f 7344//7344 7339//7339 7224//7224
f 7229//7229 7224//7224 7339//7339
f 7220//7220 7336//7336 7342//7342
f 7220//7220 7342//7342 7225//7225
f 7224//7224 7226//7226 7344//7344
f 7220//7220 7333//7333 7336//7336
f 7346//7346 7330//7330 7333//7333
f 7220//7220 7346//7346 7333//7333
f 7345//7345 7347//7347 7282//7282
f 7348//7348 7346//7346 7220//7220
f 7283//7283 7349//7349 7346//7346
f 7346//7346 7349//7349 7316//7316
f 7346//7346 7316//7316 7319//7319
f 7346//7346 7319//7319 7323//7323
f 7346//7346 7323//7323 7327//7327
f 7346//7346 7327//7327 7330//7330
f 7349//7349 7309//7309 7316//7316
f 7304//7304 7309//7309 7349//7349
f 7304//7304 7349//7349 7192//7192
f 7283//7283 7192//7192 7349//7349
f 7353//7353 7348//7348 7351//7351
f 7220//7220 7351//7351 7348//7348
f 7347//7347 7352//7352 7282//7282
f 7358//7358 7353//7353 7355//7355
f 7351//7351 7356//7356 7353//7353
f 7352//7352 7357//7357 7359//7359
f 7352//7352 7359//7359 7361//7361
f 7352//7352 7361//7361 7282//7282
f 7361//7361 7364//7364 7243//7243
f 7365//7365 7362//7362 7367//7367
f 7369//7369 7367//7367 7363//7363
f 7363//7363 7371//7371 7369//7369
f 7359//7359 7370//7370 7361//7361
f 7361//7361 7243//7243 7282//7282
f 7369//7369 7371//7371 7360//7360
f 7366//7366 7368//7368 7372//7372
f 7360//7360 7373//7373 7369//7369
f 7373//7373 7360//7360 7358//7358
f 7358//7358 7375//7375 7373//7373
f 7372//7372 7374//7374 7354//7354
f 7366//7366 7372//7372 7354//7354
f 7355//7355 7375//7375 7358//7358
f 7367//7367 7242//7242 7365//7365
f 7241//7241 7366//7366 7199//7199
f 7366//7366 7354//7354 7199//7199
f 7244//7244 7365//7365 7242//7242
f 7354//7354 7350//7350 7219//7219
f 7354//7354 7219//7219 7199//7199
f 7314//7314 7263//7263 7260//7260
f 7260//7260 7258//7258 7314//7314
f 7269//7269 7311//7311 7287//7287
f 7295//7295 7311//7311 7298//7298
f 7311//7311 7295//7295 7288//7288
f 7288//7288 7287//7287 7311//7311
f 7302//7302 7304//7304 7192//7192
f 7376//7376 7302//7302 7192//7192
f 7303//7303 7377//7377 7299//7299
f 7379//7379 7376//7376 7192//7192
f 7378//7378 7380//7380 7381//7381
f 7381//7381 7300//7300 7378//7378
f 7381//7381 7382//7382 7383//7383
f 7382//7382 7381//7381 7380//7380
f 7300//7300 7381//7381 7294//7294
f 7383//7383 7294//7294 7381//7381
f 7294//7294 7383//7383 7292//7292
f 7384//7384 7292//7292 7383//7383
f 7383//7383 7385//7385 7384//7384
f 7385//7385 7383//7383 7382//7382
f 7386//7386 7384//7384 7385//7385
f 7385//7385 7387//7387 7386//7386
f 7387//7387 7385//7385 7388//7388
f 7382//7382 7388//7388 7385//7385
f 7388//7388 7389//7389 7387//7387
f 7389//7389 7388//7388 7205//7205
f 7391//7391 7205//7205 7388//7388
f 7388//7388 7382//7382 7391//7391
f 7380//7380 7391//7391 7382//7382
f 7390//7390 7379//7379 7192//7192
f 7204//7204 7390//7390 7192//7192
f 7389//7389 7392//7392 7394//7394
f 7392//7392 7389//7389 7207//7207
f 7205//7205 7207//7207 7389//7389
f 7394//7394 7387//7387 7389//7389
f 7387//7387 7394//7394 7396//7396
f 7397//7397 7396//7396 7395//7395
f 7395//7395 7398//7398 7397//7397
f 7398//7398 7395//7395 7393//7393
f 7232//7232 7397//7397 7398//7398
f 7398//7398 7231//7231 7232//7232
f 7231//7231 7398//7398 7399//7399
f 7393//7393 7399//7399 7398//7398
f 7399//7399 7217//7217 7231//7231
f 7217//7217 7399//7399 7212//7212
f 7210//7210 7212//7212 7399//7399
f 7399//7399 7393//7393 7210//7210
f 7397//7397 7232//7232 7235//7235
f 7396//7396 7397//7397 7400//7400
f 7235//7235 7400//7400 7397//7397
f 7275//7275 7400//7400 7235//7235
f 7275//7275 7401//7401 7400//7400
f 7400//7400 7401//7401 7396//7396
f 7386//7386 7396//7396 7401//7401
f 7275//7275 7402//7402 7401//7401
f 7401//7401 7402//7402 7386//7386
f 7384//7384 7386//7386 7402//7402
f 7275//7275 7291//7291 7402//7402
f 7402//7402 7291//7291 7384//7384
f 7396//7396 7386//7386 7387//7387
f 7207//7207 7209//7209 7392//7392
f 7292//7292 7384//7384 7291//7291
f 7289//7289 7288//7288 7295//7295
f 7287//7287 7270//7270 7269//7269
f 7286//7286 7404//7404 7408//7408
f 7404//7404 7285//7285 7279//7279
f 7284//7284 7405//7405 7409//7409
f 7408//7408 7406//7406 7286//7286
f 7282//7282 7284//7284 7411//7411
f 7284//7284 7409//7409 7411//7411
f 7282//7282 7411//7411 7193//7193
f 7196//7196 7194//7194 7412//7412
f 7412//7412 7203//7203 7196//7196
f 7202//7202 7412//7412 7414//7414
f 7409//7409 7413//7413 7411//7411
f 7414//7414 7416//7416 7202//7202
f 7418//7418 7416//7416 7414//7414
f 7414//7414 7410//7410 7418//7418
f 7201//7201 7415//7415 7417//7417
f 7408//7408 7418//7418 7410//7410
f 7417//7417 7407//7407 7403//7403
f 7201//7201 7417//7417 7403//7403
f 7410//7410 7406//7406 7408//7408
f 7199//7199 7403//7403 7276//7276
f 7279//7279 7277//7277 7404//7404
f 7199//7199 7201//7201 7403//7403
f 7243//7243 7280//7280 7282//7282
f 7191//7191 7282//7282 7193//7193
f 7271//7271 7281//7281 7244//7244
f 7274//7274 7199//7199 7276//7276
f 7200//7200 7275//7275 7235//7235
f 7238//7238 7237//7237 7249//7249
f 7229//7229 7237//7237 7228//7228
f 7231//7231 7217//7217 7218//7218
f 7220//7220 7225//7225 7221//7221
f 7219//7219 7197//7197 7199//7199
f 7212//7212 7214//7214 7217//7217
f 7435//7435 7422//7422 7420//7420
f 7420//7420 7422//7422 7424//7424
f 7424//7424 7426//7426 7420//7420
f 7419//7419 7425//7425 7431//7431
f 7446//7446 7420//7420 7428//7428
f 7429//7429 7427//7427 7419//7419
f 7429//7429 7419//7419 7431//7431
f 7437//7437 7435//7435 7420//7420
f 7440//7440 7437//7437 7420//7420
f 7442//7442 7440//7440 7420//7420
f 7444//7444 7442//7442 7420//7420
f 7446//7446 7444//7444 7420//7420
f 7447//7447 7443//7443 7445//7445
f 7446//7446 7428//7428 7450//7450
f 7445//7445 7448//7448 7447//7447
f 7453//7453 7448//7448 7445//7445
f 7446//7446 7450//7450 7452//7452
f 7445//7445 7451//7451 7453//7453
f 7457//7457 7453//7453 7454//7454
f 7455//7455 7454//7454 7453//7453
f 7453//7453 7451//7451 7455//7455
f 7448//7448 7453//7453 7457//7457
f 7460//7460 7457//7457 7458//7458
f 7458//7458 7457//7457 7459//7459
f 7454//7454 7459//7459 7457//7457
f 7457//7457 7460//7460 7448//7448
f 7448//7448 7460//7460 7461//7461
f 7462//7462 7461//7461 7460//7460
f 7460//7460 7463//7463 7462//7462
f 7458//7458 7463//7463 7460//7460
f 7462//7462 7463//7463 7464//7464
f 7464//7464 7463//7463 7458//7458
f 7464//7464 7465//7465 7462//7462
f 7430//7430 7465//7465 7464//7464
f 7430//7430 7464//7464 7466//7466
f 7458//7458 7466//7466 7464//7464
f 7466//7466 7458//7458 7467//7467
f 7467//7467 7468//7468 7466//7466
f 7466//7466 7468//7468 7470//7470
f 7430//7430 7466//7466 7470//7470
f 7469//7469 7471//7471 7429//7429
f 7472//7472 7470//7470 7474//7474
f 7475//7475 7474//7474 7470//7470
f 7476//7476 7475//7475 7470//7470
f 7477//7477 7476//7476 7470//7470
f 7478//7478 7477//7477 7470//7470
f 7468//7468 7478//7478 7470//7470
f 7478//7478 7479//7479 7480//7480
f 7479//7479 7478//7478 7468//7468
f 7480//7480 7477//7477 7478//7478
f 7480//7480 7481//7481 7482//7482
f 7481//7481 7480//7480 7479//7479
f 7482//7482 7483//7483 7480//7480
f 7477//7477 7480//7480 7483//7483
f 7483//7483 7482//7482 7484//7484
f 7484//7484 7485//7485 7483//7483
f 7476//7476 7483//7483 7485//7485
f 7483//7483 7476//7476 7477//7477
f 7485//7485 7484//7484 7486//7486
f 7486//7486 7487//7487 7485//7485
f 7475//7475 7485//7485 7487//7487
f 7485//7485 7475//7475 7476//7476
f 7487//7487 7486//7486 7489//7489
f 7489//7489 7490//7490 7487//7487
f 7491//7491 7487//7487 7490//7490
f 7487//7487 7491//7491 7475//7475
f 7475//7475 7491//7491 7474//7474
f 7490//7490 7492//7492 7491//7491
f 7491//7491 7492//7492 7474//7474
f 7492//7492 7490//7490 7493//7493
f 7493//7493 7494//7494 7492//7492
f 7492//7492 7494//7494 7474//7474
f 7494//7494 7493//7493 7495//7495
f 7495//7495 7496//7496 7494//7494
f 7494//7494 7496//7496 7474//7474
f 7497//7497 7496//7496 7495//7495
f 7496//7496 7497//7497 7474//7474
f 7495//7495 7498//7498 7497//7497
f 7497//7497 7498//7498 7499//7499
f 7499//7499 7500//7500 7497//7497
f 7503//7503 7497//7497 7500//7500
f 7497//7497 7501//7501 7474//7474
f 7503//7503 7501//7501 7497//7497
f 7505//7505 7503//7503 7520//7520
f 7503//7503 7505//7505 7507//7507
f 7507//7507 7509//7509 7503//7503
f 7502//7502 7508//7508 7514//7514
f 7501//7501 7503//7503 7511//7511
f 7512//7512 7510//7510 7502//7502
f 7512//7512 7502//7502 7514//7514
f 7503//7503 7500//7500 7517//7517
f 7503//7503 7517//7517 7518//7518
f 7503//7503 7518//7518 7519//7519
f 7503//7503 7519//7519 7520//7520
f 7505//7505 7520//7520 7521//7521
f 7521//7521 7520//7520 7522//7522
f 7523//7523 7522//7522 7520//7520
f 7520//7520 7519//7519 7523//7523
f 7522//7522 7523//7523 7524//7524
f 7527//7527 7524//7524 7523//7523
f 7525//7525 7523//7523 7519//7519
f 7523//7523 7525//7525 7527//7527
f 7528//7528 7526//7526 7525//7525
f 7524//7524 7527//7527 7530//7530
f 7526//7526 7528//7528 7531//7531
f 7531//7531 7529//7529 7526//7526
f 7529//7529 7531//7531 7532//7532
f 7534//7534 7532//7532 7531//7531
f 7531//7531 7536//7536 7534//7534
f 7536//7536 7531//7531 7528//7528
f 7537//7537 7536//7536 7540//7540
f 7536//7536 7537//7537 7538//7538
f 7538//7538 7534//7534 7536//7536
f 7528//7528 7540//7540 7536//7536
f 7540//7540 7499//7499 7498//7498
f 7541//7541 7499//7499 7540//7540
f 7540//7540 7528//7528 7541//7541
f 7540//7540 7542//7542 7537//7537
f 7498//7498 7542//7542 7540//7540
f 7543//7543 7542//7542 7498//7498
f 7537//7537 7542//7542 7543//7543
f 7545//7545 7543//7543 7544//7544
f 7493//7493 7544//7544 7543//7543
f 7543//7543 7495//7495 7493//7493
f 7498//7498 7495//7495 7543//7543
f 7543//7543 7545//7545 7537//7537
f 7546//7546 7545//7545 7548//7548
f 7545//7545 7546//7546 7538//7538
f 7538//7538 7537//7537 7545//7545
f 7544//7544 7548//7548 7545//7545
f 7548//7548 7549//7549 7546//7546
f 7549//7549 7548//7548 7551//7551
f 7488//7488 7551//7551 7548//7548
f 7548//7548 7544//7544 7488//7488
f 7551//7551 7553//7553 7549//7549
f 7554//7554 7552//7552 7556//7556
f 7486//7486 7556//7556 7552//7552
f 7552//7552 7489//7489 7486//7486
f 7556//7556 7557//7557 7554//7554
f 7557//7557 7556//7556 7559//7559
f 7484//7484 7559//7559 7556//7556
f 7556//7556 7486//7486 7484//7484
f 7559//7559 7560//7560 7557//7557
f 7560//7560 7559//7559 7562//7562
f 7482//7482 7562//7562 7559//7559
f 7559//7559 7484//7484 7482//7482
f 7562//7562 7563//7563 7560//7560
f 7563//7563 7562//7562 7565//7565
f 7481//7481 7565//7565 7562//7562
f 7562//7562 7482//7482 7481//7481
f 7565//7565 7566//7566 7563//7563
f 7566//7566 7565//7565 7568//7568
f 7570//7570 7568//7568 7565//7565
f 7565//7565 7481//7481 7570//7570
f 7569//7569 7571//7571 7459//7459
f 7467//7467 7459//7459 7571//7571
f 7571//7571 7479//7479 7467//7467
f 7479//7479 7570//7570 7481//7481
f 7568//7568 7572//7572 7566//7566
f 7573//7573 7569//7569 7454//7454
f 7459//7459 7454//7454 7569//7569
f 7450//7450 7567//7567 7574//7574
f 7450//7450 7574//7574 7456//7456
f 7454//7454 7455//7455 7573//7573
f 7450//7450 7564//7564 7567//7567
f 7576//7576 7561//7561 7564//7564
f 7450//7450 7576//7576 7564//7564
f 7575//7575 7577//7577 7512//7512
f 7578//7578 7576//7576 7450//7450
f 7513//7513 7579//7579 7576//7576
f 7576//7576 7579//7579 7547//7547
f 7576//7576 7547//7547 7550//7550
f 7576//7576 7550//7550 7555//7555
f 7576//7576 7555//7555 7558//7558
f 7576//7576 7558//7558 7561//7561
f 7579//7579 7539//7539 7547//7547
f 7535//7535 7539//7539 7579//7579
f 7535//7535 7579//7579 7422//7422
f 7513//7513 7422//7422 7579//7579
f 7583//7583 7578//7578 7581//7581
f 7450//7450 7581//7581 7578//7578
f 7577//7577 7582//7582 7512//7512
f 7588//7588 7583//7583 7585//7585
f 7581//7581 7586//7586 7583//7583
f 7582//7582 7587//7587 7589//7589
f 7582//7582 7589//7589 7591//7591
f 7582//7582 7591//7591 7512//7512
f 7591//7591 7594//7594 7473//7473
f 7595//7595 7592//7592 7597//7597
f 7599//7599 7597//7597 7593//7593
f 7593//7593 7601//7601 7599//7599
f 7589//7589 7600//7600 7591//7591
f 7591//7591 7473//7473 7512//7512
f 7599//7599 7601//7601 7590//7590
f 7596//7596 7598//7598 7602//7602
f 7590//7590 7603//7603 7599//7599
f 7603//7603 7590//7590 7588//7588
f 7588//7588 7605//7605 7603//7603
f 7602//7602 7604//7604 7584//7584
f 7596//7596 7602//7602 7584//7584
f 7585//7585 7605//7605 7588//7588
f 7597//7597 7472//7472 7595//7595
f 7471//7471 7596//7596 7429//7429
f 7596//7596 7584//7584 7429//7429
f 7474//7474 7595//7595 7472//7472
f 7584//7584 7580//7580 7449//7449
f 7584//7584 7449//7449 7429//7429
f 7544//7544 7493//7493 7490//7490
f 7490//7490 7488//7488 7544//7544
f 7499//7499 7541//7541 7517//7517
f 7525//7525 7541//7541 7528//7528
f 7541//7541 7525//7525 7518//7518
f 7518//7518 7517//7517 7541//7541
f 7533//7533 7535//7535 7422//7422
f 7608//7608 7533//7533 7422//7422
f 7532//7532 7606//7606 7529//7529
f 7610//7610 7608//7608 7422//7422
f 7607//7607 7609//7609 7611//7611
f 7611//7611 7530//7530 7607//7607
f 7611//7611 7612//7612 7613//7613
f 7612//7612 7611//7611 7609//7609
f 7530//7530 7611//7611 7524//7524
f 7613//7613 7524//7524 7611//7611
f 7524//7524 7613//7613 7522//7522
f 7614//7614 7522//7522 7613//7613
f 7613//7613 7615//7615 7614//7614
f 7615//7615 7613//7613 7612//7612
f 7616//7616 7614//7614 7615//7615
f 7615//7615 7617//7617 7616//7616
f 7617//7617 7615//7615 7618//7618
f 7612//7612 7618//7618 7615//7615
f 7618//7618 7619//7619 7617//7617
f 7619//7619 7618//7618 7434//7434
f 7620//7620 7434//7434 7618//7618
f 7618//7618 7612//7612 7620//7620
f 7609//7609 7620//7620 7612//7612
f 7621//7621 7610//7610 7422//7422
f 7435//7435 7621//7621 7422//7422
f 7619//7619 7622//7622 7624//7624
f 7622//7622 7619//7619 7436//7436
f 7434//7434 7436//7436 7619//7619
f 7624//7624 7617//7617 7619//7619
f 7617//7617 7624//7624 7626//7626
f 7627//7627 7626//7626 7625//7625
f 7625//7625 7628//7628 7627//7627
f 7628//7628 7625//7625 7623//7623
f 7462//7462 7627//7627 7628//7628
f 7628//7628 7461//7461 7462//7462
f 7461//7461 7628//7628 7629//7629
f 7623//7623 7629//7629 7628//7628
f 7629//7629 7447//7447 7461//7461
f 7447//7447 7629//7629 7441//7441
f 7439//7439 7441//7441 7629//7629
f 7629//7629 7623//7623 7439//7439
f 7627//7627 7462//7462 7465//7465
f 7626//7626 7627//7627 7630//7630
f 7465//7465 7630//7630 7627//7627
f 7505//7505 7630//7630 7465//7465
f 7505//7505 7631//7631 7630//7630
f 7630//7630 7631//7631 7626//7626
f 7616//7616 7626//7626 7631//7631
f 7505//7505 7632//7632 7631//7631
f 7631//7631 7632//7632 7616//7616
f 7614//7614 7616//7616 7632//7632
f 7505//7505 7521//7521 7632//7632
f 7632//7632 7521//7521 7614//7614
f 7626//7626 7616//7616 7617//7617
f 7436//7436 7438//7438 7622//7622
f 7522//7522 7614//7614 7521//7521
f 7519//7519 7518//7518 7525//7525
f 7517//7517 7500//7500 7499//7499
f 7516//7516 7634//7634 7638//7638
f 7634//7634 7515//7515 7509//7509
f 7514//7514 7635//7635 7639//7639
f 7638//7638 7636//7636 7516//7516
f 7512//7512 7514//7514 7641//7641
f 7514//7514 7639//7639 7641//7641
f 7512//7512 7641//7641 7423//7423
f 7426//7426 7424//7424 7642//7642
f 7642//7642 7433//7433 7426//7426
f 7432//7432 7642//7642 7644//7644
f 7639//7639 7643//7643 7641//7641
f 7644//7644 7646//7646 7432//7432
f 7648//7648 7646//7646 7644//7644
f 7644//7644 7640//7640 7648//7648
f 7431//7431 7645//7645 7647//7647
f 7638//7638 7648//7648 7640//7640
f 7647//7647 7637//7637 7633//7633
f 7431//7431 7647//7647 7633//7633
f 7640//7640 7636//7636 7638//7638
f 7429//7429 7633//7633 7506//7506
f 7509//7509 7507//7507 7634//7634
f 7429//7429 7431//7431 7633//7633
f 7473//7473 7510//7510 7512//7512
f 7421//7421 7512//7512 7423//7423
f 7501//7501 7511//7511 7474//7474
f 7504//7504 7429//7429 7506//7506
f 7430//7430 7505//7505 7465//7465
f 7468//7468 7467//7467 7479//7479
f 7459//7459 7467//7467 7458//7458
f 7461//7461 7447//7447 7448//7448
f 7450//7450 7456//7456 7452//7452
f 7449//7449 7427//7427 7429//7429
f 7441//7441 7443//7443 7447//7447
f 7665//7665 7652//7652 7650//7650
f 7650//7650 7652//7652 7654//7654
f 7654//7654 7656//7656 7650//7650
f 7649//7649 7655//7655 7661//7661
f 7676//7676 7650//7650 7658//7658
f 7659//7659 7657//7657 7649//7649
f 7659//7659 7649//7649 7661//7661
f 7667//7667 7665//7665 7650//7650
f 7670//7670 7667//7667 7650//7650
f 7672//7672 7670//7670 7650//7650
f 7674//7674 7672//7672 7650//7650
f 7676//7676 7674//7674 7650//7650
f 7677//7677 7673//7673 7675//7675
f 7676//7676 7658//7658 7680//7680
f 7675//7675 7678//7678 7677//7677
f 7683//7683 7678//7678 7675//7675
f 7676//7676 7680//7680 7682//7682
f 7675//7675 7681//7681 7683//7683
f 7687//7687 7683//7683 7684//7684
f 7685//7685 7684//7684 7683//7683
f 7683//7683 7681//7681 7685//7685
f 7678//7678 7683//7683 7687//7687
f 7690//7690 7687//7687 7688//7688
f 7688//7688 7687//7687 7689//7689
f 7684//7684 7689//7689 7687//7687
f 7687//7687 7690//7690 7678//7678
f 7678//7678 7690//7690 7691//7691
f 7692//7692 7691//7691 7690//7690
f 7690//7690 7693//7693 7692//7692
f 7688//7688 7693//7693 7690//7690
f 7692//7692 7693//7693 7694//7694
f 7694//7694 7693//7693 7688//7688
f 7694//7694 7695//7695 7692//7692
f 7660//7660 7695//7695 7694//7694
f 7660//7660 7694//7694 7696//7696
f 7688//7688 7696//7696 7694//7694
f 7696//7696 7688//7688 7697//7697
f 7697//7697 7698//7698 7696//7696
f 7696//7696 7698//7698 7700//7700
f 7660//7660 7696//7696 7700//7700
f 7699//7699 7701//7701 7659//7659
f 7702//7702 7700//7700 7704//7704
f 7705//7705 7704//7704 7700//7700
f 7706//7706 7705//7705 7700//7700
f 7707//7707 7706//7706 7700//7700
f 7708//7708 7707//7707 7700//7700
f 7698//7698 7708//7708 7700//7700
f 7708//7708 7709//7709 7710//7710
f 7709//7709 7708//7708 7698//7698
f 7710//7710 7707//7707 7708//7708
f 7710//7710 7711//7711 7712//7712
f 7711//7711 7710//7710 7709//7709
f 7712//7712 7713//7713 7710//7710
f 7707//7707 7710//7710 7713//7713
f 7713//7713 7712//7712 7714//7714
f 7714//7714 7715//7715 7713//7713
f 7706//7706 7713//7713 7715//7715
f 7713//7713 7706//7706 7707//7707
f 7715//7715 7714//7714 7716//7716
f 7716//7716 7717//7717 7715//7715
f 7705//7705 7715//7715 7717//7717
f 7715//7715 7705//7705 7706//7706
f 7717//7717 7716//7716 7719//7719
f 7719//7719 7720//7720 7717//7717
f 7721//7721 7717//7717 7720//7720
f 7717//7717 7721//7721 7705//7705
f 7705//7705 7721//7721 7704//7704
f 7720//7720 7722//7722 7721//7721
f 7721//7721 7722//7722 7704//7704
f 7722//7722 7720//7720 7723//7723
f 7723//7723 7724//7724 7722//7722
f 7722//7722 7724//7724 7704//7704
f 7724//7724 7723//7723 7725//7725
f 7725//7725 7726//7726 7724//7724
f 7724//7724 7726//7726 7704//7704
f 7727//7727 7726//7726 7725//7725
f 7726//7726 7727//7727 7704//7704
f 7725//7725 7728//7728 7727//7727
f 7727//7727 7728//7728 7729//7729
f 7729//7729 7730//7730 7727//7727
f 7733//7733 7727//7727 7730//7730
f 7727//7727 7731//7731 7704//7704
f 7733//7733 7731//7731 7727//7727
f 7735//7735 7733//7733 7750//7750
f 7733//7733 7735//7735 7737//7737
f 7737//7737 7739//7739 7733//7733
f 7732//7732 7738//7738 7744//7744
f 7731//7731 7733//7733 7741//7741
f 7742//7742 7740//7740 7732//7732
f 7742//7742 7732//7732 7744//7744
f 7733//7733 7730//7730 7747//7747
f 7733//7733 7747//7747 7748//7748
f 7733//7733 7748//7748 7749//7749
f 7733//7733 7749//7749 7750//7750
f 7735//7735 7750//7750 7751//7751
f 7751//7751 7750//7750 7752//7752
f 7753//7753 7752//7752 7750//7750
f 7750//7750 7749//7749 7753//7753
f 7752//7752 7753//7753 7754//7754
f 7757//7757 7754//7754 7753//7753
f 7755//7755 7753//7753 7749//7749
f 7753//7753 7755//7755 7757//7757
f 7758//7758 7756//7756 7755//7755
f 7754//7754 7757//7757 7760//7760
f 7756//7756 7758//7758 7761//7761
f 7761//7761 7759//7759 7756//7756
f 7759//7759 7761//7761 7762//7762
f 7764//7764 7762//7762 7761//7761
f 7761//7761 7766//7766 7764//7764
f 7766//7766 7761//7761 7758//7758
f 7767//7767 7766//7766 7770//7770
f 7766//7766 7767//7767 7768//7768
f 7768//7768 7764//7764 7766//7766
f 7758//7758 7770//7770 7766//7766
f 7770//7770 7729//7729 7728//7728
f 7771//7771 7729//7729 7770//7770
f 7770//7770 7758//7758 7771//7771
f 7770//7770 7772//7772 7767//7767
f 7728//7728 7772//7772 7770//7770
f 7773//7773 7772//7772 7728//7728
f 7767//7767 7772//7772 7773//7773
f 7775//7775 7773//7773 7774//7774
f 7723//7723 7774//7774 7773//7773
f 7773//7773 7725//7725 7723//7723
f 7728//7728 7725//7725 7773//7773
f 7773//7773 7775//7775 7767//7767
f 7776//7776 7775//7775 7778//7778
f 7775//7775 7776//7776 7768//7768
f 7768//7768 7767//7767 7775//7775
f 7774//7774 7778//7778 7775//7775
f 7778//7778 7779//7779 7776//7776
f 7779//7779 7778//7778 7781//7781
f 7718//7718 7781//7781 7778//7778
f 7778//7778 7774//7774 7718//7718
f 7781//7781 7783//7783 7779//7779
f 7784//7784 7782//7782 7786//7786
f 7716//7716 7786//7786 7782//7782
f 7782//7782 7719//7719 7716//7716
f 7786//7786 7787//7787 7784//7784
f 7787//7787 7786//7786 7789//7789
f 7714//7714 7789//7789 7786//7786
f 7786//7786 7716//7716 7714//7714
f 7789//7789 7790//7790 7787//7787
f 7790//7790 7789//7789 7792//7792
f 7712//7712 7792//7792 7789//7789
f 7789//7789 7714//7714 7712//7712
f 7792//7792 7793//7793 7790//7790
f 7793//7793 7792//7792 7795//7795
f 7711//7711 7795//7795 7792//7792
f 7792//7792 7712//7712 7711//7711
f 7795//7795 7796//7796 7793//7793
f 7796//7796 7795//7795 7798//7798
f 7800//7800 7798//7798 7795//7795
f 7795//7795 7711//7711 7800//7800
f 7799//7799 7801//7801 7689//7689
f 7697//7697 7689//7689 7801//7801
f 7801//7801 7709//7709 7697//7697
f 7709//7709 7800//7800 7711//7711
f 7798//7798 7802//7802 7796//7796
f 7803//7803 7799//7799 7684//7684
f 7689//7689 7684//7684 7799//7799
f 7680//7680 7797//7797 7804//7804
f 7680//7680 7804//7804 7686//7686
f 7684//7684 7685//7685 7803//7803
f 7680//7680 7794//7794 7797//7797
f 7806//7806 7791//7791 7794//7794
f 7680//7680 7806//7806 7794//7794
f 7805//7805 7807//7807 7742//7742
f 7808//7808 7806//7806 7680//7680
f 7743//7743 7809//7809 7806//7806
f 7806//7806 7809//7809 7777//7777
f 7806//7806 7777//7777 7780//7780
f 7806//7806 7780//7780 7785//7785
f 7806//7806 7785//7785 7788//7788
f 7806//7806 7788//7788 7791//7791
f 7809//7809 7769//7769 7777//7777
f 7765//7765 7769//7769 7809//7809
f 7765//7765 7809//7809 7652//7652
f 7743//7743 7652//7652 7809//7809
f 7813//7813 7808//7808 7811//7811
f 7680//7680 7811//7811 7808//7808
f 7807//7807 7812//7812 7742//7742
f 7818//7818 7813//7813 7815//7815
f 7811//7811 7816//7816 7813//7813
f 7812//7812 7817//7817 7819//7819
f 7812//7812 7819//7819 7821//7821
f 7812//7812 7821//7821 7742//7742
f 7821//7821 7824//7824 7703//7703
f 7825//7825 7822//7822 7827//7827
f 7829//7829 7827//7827 7823//7823
f 7823//7823 7831//7831 7829//7829
f 7819//7819 7830//7830 7821//7821
f 7821//7821 7703//7703 7742//7742
f 7829//7829 7831//7831 7820//7820
f 7826//7826 7828//7828 7832//7832
f 7820//7820 7833//7833 7829//7829
f 7833//7833 7820//7820 7818//7818
f 7818//7818 7835//7835 7833//7833
f 7832//7832 7834//7834 7814//7814
f 7826//7826 7832//7832 7814//7814
f 7815//7815 7835//7835 7818//7818
f 7827//7827 7702//7702 7825//7825
f 7701//7701 7826//7826 7659//7659
f 7826//7826 7814//7814 7659//7659
f 7704//7704 7825//7825 7702//7702
f 7814//7814 7810//7810 7679//7679
f 7814//7814 7679//7679 7659//7659
f 7774//7774 7723//7723 7720//7720
f 7720//7720 7718//7718 7774//7774
f 7729//7729 7771//7771 7747//7747
f 7755//7755 7771//7771 7758//7758
f 7771//7771 7755//7755 7748//7748
f 7748//7748 7747//7747 7771//7771
f 7763//7763 7765//7765 7652//7652
f 7838//7838 7763//7763 7652//7652
f 7762//7762 7836//7836 7759//7759
f 7840//7840 7838//7838 7652//7652
f 7837//7837 7839//7839 7841//7841
f 7841//7841 7760//7760 7837//7837
f 7841//7841 7842//7842 7843//7843
f 7842//7842 7841//7841 7839//7839
f 7760//7760 7841//7841 7754//7754
f 7843//7843 7754//7754 7841//7841
f 7754//7754 7843//7843 7752//7752
f 7844//7844 7752//7752 7843//7843
f 7843//7843 7845//7845 7844//7844
f 7845//7845 7843//7843 7842//7842
f 7846//7846 7844//7844 7845//7845
f 7845//7845 7847//7847 7846//7846
f 7847//7847 7845//7845 7848//7848
f 7842//7842 7848//7848 7845//7845
f 7848//7848 7849//7849 7847//7847
f 7849//7849 7848//7848 7664//7664
f 7850//7850 7664//7664 7848//7848
f 7848//7848 7842//7842 7850//7850
f 7839//7839 7850//7850 7842//7842
f 7851//7851 7840//7840 7652//7652
f 7665//7665 7851//7851 7652//7652
f 7849//7849 7852//7852 7854//7854
f 7852//7852 7849//7849 7666//7666
f 7664//7664 7666//7666 7849//7849
f 7854//7854 7847//7847 7849//7849
f 7847//7847 7854//7854 7856//7856
f 7857//7857 7856//7856 7855//7855
f 7855//7855 7858//7858 7857//7857
f 7858//7858 7855//7855 7853//7853
f 7692//7692 7857//7857 7858//7858
f 7858//7858 7691//7691 7692//7692
f 7691//7691 7858//7858 7859//7859
f 7853//7853 7859//7859 7858//7858
f 7859//7859 7677//7677 7691//7691
f 7677//7677 7859//7859 7671//7671
f 7669//7669 7671//7671 7859//7859
f 7859//7859 7853//7853 7669//7669
f 7857//7857 7692//7692 7695//7695
f 7856//7856 7857//7857 7860//7860
f 7695//7695 7860//7860 7857//7857
f 7735//7735 7860//7860 7695//7695
f 7735//7735 7861//7861 7860//7860
f 7860//7860 7861//7861 7856//7856
f 7846//7846 7856//7856 7861//7861
f 7735//7735 7862//7862 7861//7861
f 7861//7861 7862//7862 7846//7846
f 7844//7844 7846//7846 7862//7862
f 7735//7735 7751//7751 7862//7862
f 7862//7862 7751//7751 7844//7844
f 7856//7856 7846//7846 7847//7847
f 7666//7666 7668//7668 7852//7852
f 7752//7752 7844//7844 7751//7751
f 7749//7749 7748//7748 7755//7755
f 7747//7747 7730//7730 7729//7729
f 7746//7746 7864//7864 7868//7868
f 7864//7864 7745//7745 7739//7739
f 7744//7744 7865//7865 7869//7869
f 7868//7868 7866//7866 7746//7746
f 7742//7742 7744//7744 7871//7871
f 7744//7744 7869//7869 7871//7871
f 7742//7742 7871//7871 7653//7653
f 7656//7656 7654//7654 7872//7872
f 7872//7872 7663//7663 7656//7656
f 7662//7662 7872//7872 7874//7874
f 7869//7869 7873//7873 7871//7871
f 7874//7874 7876//7876 7662//7662
f 7878//7878 7876//7876 7874//7874
f 7874//7874 7870//7870 7878//7878
f 7661//7661 7875//7875 7877//7877
f 7868//7868 7878//7878 7870//7870
f 7877//7877 7867//7867 7863//7863
f 7661//7661 7877//7877 7863//7863
f 7870//7870 7866//7866 7868//7868
f 7659//7659 7863//7863 7736//7736
f 7739//7739 7737//7737 7864//7864
f 7659//7659 7661//7661 7863//7863
f 7703//7703 7740//7740 7742//7742
f 7651//7651 7742//7742 7653//7653
f 7731//7731 7741//7741 7704//7704
f 7734//7734 7659//7659 7736//7736
f 7660//7660 7735//7735 7695//7695
f 7698//7698 7697//7697 7709//7709
f 7689//7689 7697//7697 7688//7688
f 7691//7691 7677//7677 7678//7678
f 7680//7680 7686//7686 7682//7682
f 7679//7679 7657//7657 7659//7659
f 7671//7671 7673//7673 7677//7677

