# https://github.com/mikedh/trimesh
v 0.20502049 -0.76300007 1.03713250
v 0.20502049 -0.76300007 1.03713250
v 0.21966514 -0.76300007 1.07248783
v 0.21966514 -0.76300007 1.07248783
v 0.21600398 -0.76300007 1.05329359
v 0.21600398 -0.76300007 1.05329359
v 0.16966514 -0.76300001 1.02248776
v 0.16966514 -0.76300001 1.02248776
v 0.18885933 -0.76300001 1.02614892
v 0.18885933 -0.76300001 1.02614892
v 0.20502049 -0.77300006 1.03713250
v 0.20502049 -0.77300006 1.03713250
v 0.20502049 -0.77300006 1.03713250
v 0.16966514 -0.77300000 1.02248776
v 0.16966514 -0.77300000 1.02248776
v 0.18885933 -0.77300006 1.02614892
v 0.18885933 -0.77300006 1.02614892
v 0.21966514 -0.77300006 1.07248783
v 0.21966514 -0.77300006 1.07248783
v 0.21600398 -0.77300006 1.05329359
v 0.21600398 -0.77300006 1.05329359
v -0.20569012 -0.77300000 1.03713250
v -0.20569012 -0.77300000 1.03713250
v -0.20569012 -0.77300000 1.03713250
v -0.22033477 -0.77300006 1.07248783
v -0.22033477 -0.77300006 1.07248783
v -0.21667361 -0.77300000 1.05329370
v -0.21667361 -0.77300000 1.05329370
v -0.17033477 -0.77300000 1.02248788
v -0.17033477 -0.77300000 1.02248788
v -0.18952896 -0.77300000 1.02614903
v -0.18952896 -0.77300000 1.02614903
v -0.20569012 -0.76300001 1.03713250
v -0.20569012 -0.76300001 1.03713250
v -0.17033477 -0.76300001 1.02248788
v -0.17033477 -0.76300001 1.02248788
v -0.18952896 -0.76300001 1.02614903
v -0.18952896 -0.76300001 1.02614903
v -0.22033477 -0.76300007 1.07248783
v -0.22033477 -0.76300007 1.07248783
v -0.21667361 -0.76300001 1.05329370
v -0.21667361 -0.76300001 1.05329370
v 0.20502046 -0.76300097 1.95784307
v 0.20502046 -0.76300097 1.95784307
v 0.20502046 -0.76300097 1.95784307
v 0.16966511 -0.76300097 1.97248781
v 0.16966511 -0.76300097 1.97248781
v 0.18885930 -0.76300097 1.96882665
v 0.18885930 -0.76300097 1.96882665
v 0.21966511 -0.76300091 1.92248774
v 0.21966511 -0.76300091 1.92248774
v 0.21600395 -0.76300097 1.94168198
v 0.21600395 -0.76300097 1.94168198
v 0.20502046 -0.77300096 1.95784307
v 0.20502046 -0.77300096 1.95784307
v 0.21966511 -0.77300096 1.92248774
v 0.21966511 -0.77300096 1.92248774
v 0.21600395 -0.77300096 1.94168198
v 0.21600395 -0.77300096 1.94168198
v 0.16966511 -0.77300096 1.97248781
v 0.16966511 -0.77300096 1.97248781
v 0.18885930 -0.77300096 1.96882665
v 0.18885930 -0.77300096 1.96882665
v -0.20569015 -0.76300091 1.95784318
v -0.20569015 -0.76300091 1.95784318
v -0.20569015 -0.76300091 1.95784318
v -0.22033480 -0.76300091 1.92248785
v -0.22033480 -0.76300091 1.92248785
v -0.21667364 -0.76300091 1.94168198
v -0.21667364 -0.76300091 1.94168198
v -0.17033480 -0.76300097 1.97248781
v -0.17033480 -0.76300097 1.97248781
v -0.18952899 -0.76300097 1.96882665
v -0.18952899 -0.76300097 1.96882665
v -0.20569015 -0.77300096 1.95784318
v -0.20569015 -0.77300096 1.95784318
v -0.17033480 -0.77300096 1.97248781
v -0.17033480 -0.77300096 1.97248781
v -0.18952899 -0.77300096 1.96882665
v -0.18952899 -0.77300096 1.96882665
v -0.22033480 -0.77300090 1.92248785
v -0.22033480 -0.77300090 1.92248785
v -0.21667364 -0.77300090 1.94168198
v -0.21667364 -0.77300090 1.94168198
v 0.70502079 -0.76300013 1.03713262
v 0.70502079 -0.76300013 1.03713262
v 0.71600425 -0.76300013 1.05329370
v 0.71600425 -0.76300013 1.05329370
v 0.71966541 -0.76300013 1.07248795
v 0.71966541 -0.76300013 1.07248795
v 0.68885970 -0.76300007 1.02614903
v 0.68885970 -0.76300007 1.02614903
v 0.66966546 -0.76300007 1.02248788
v 0.66966546 -0.76300007 1.02248788
v 0.68885970 -0.77300012 1.02614903
v 0.68885970 -0.77300012 1.02614903
v 0.70502079 -0.77300012 1.03713262
v 0.70502079 -0.77300012 1.03713262
v 0.70502079 -0.77300012 1.03713262
v 0.66966546 -0.77300006 1.02248788
v 0.66966546 -0.77300006 1.02248788
v 0.31047133 -0.77300006 1.02614903
v 0.31047133 -0.77300006 1.02614903
v 0.71600425 -0.77300012 1.05329370
v 0.71600425 -0.77300012 1.05329370
v 0.71966541 -0.77300012 1.07248795
v 0.71966541 -0.77300012 1.07248795
v 0.71600425 -0.77300102 1.94168210
v 0.71600425 -0.77300102 1.94168210
v 0.27966550 -0.77300096 1.92248797
v 0.27966550 -0.77300096 1.92248797
v 0.28332666 -0.77300096 1.94168210
v 0.28332666 -0.77300096 1.94168210
v 0.29431018 -0.77300096 1.95784330
v 0.29431018 -0.77300096 1.95784330
v 0.32966551 -0.77300102 1.97248793
v 0.32966551 -0.77300102 1.97248793
v 0.28332666 -0.77300006 1.05329370
v 0.28332666 -0.77300006 1.05329370
v 0.27966550 -0.77300012 1.07248795
v 0.27966550 -0.77300012 1.07248795
v 0.27966550 -0.76300013 1.07248795
v 0.27966550 -0.76300013 1.07248795
v 0.27966550 -0.76300097 1.92248797
v 0.27966550 -0.76300097 1.92248797
v 0.28332666 -0.76300007 1.05329370
v 0.28332666 -0.76300007 1.05329370
v 0.28332666 -0.76300097 1.94168210
v 0.28332666 -0.76300097 1.94168210
v 0.29431018 -0.76300097 1.95784330
v 0.29431018 -0.76300097 1.95784330
v 0.29431018 -0.76300097 1.95784330
v 0.31047133 -0.76300102 1.96882677
v 0.31047133 -0.76300102 1.96882677
v 0.32966551 -0.76300102 1.97248793
v 0.32966551 -0.76300102 1.97248793
v 0.68885970 -0.76300102 1.96882677
v 0.68885970 -0.76300102 1.96882677
v 0.31047133 -0.77300102 1.96882677
v 0.31047133 -0.77300102 1.96882677
v 0.66966546 -0.76300102 1.97248793
v 0.66966546 -0.76300102 1.97248793
v 0.70502079 -0.76300102 1.95784330
v 0.70502079 -0.76300102 1.95784330
v 0.70502079 -0.76300102 1.95784330
v 0.71600425 -0.76300102 1.94168210
v 0.71600425 -0.76300102 1.94168210
v 0.68885970 -0.77300102 1.96882677
v 0.68885970 -0.77300102 1.96882677
v 0.70502079 -0.77300102 1.95784330
v 0.70502079 -0.77300102 1.95784330
v 0.66966546 -0.77300102 1.97248793
v 0.66966546 -0.77300102 1.97248793
v 0.71966541 -0.76300097 1.92248797
v 0.71966541 -0.76300097 1.92248797
v 0.71966541 -0.77300102 1.92248797
v 0.71966541 -0.77300102 1.92248797
v 0.29431018 -0.76300007 1.03713262
v 0.29431018 -0.76300007 1.03713262
v 0.31047133 -0.76300007 1.02614903
v 0.31047133 -0.76300007 1.02614903
v 0.32966551 -0.76300007 1.02248788
v 0.32966551 -0.76300007 1.02248788
v 0.29431018 -0.77300006 1.03713262
v 0.29431018 -0.77300006 1.03713262
v 0.29431018 -0.77300006 1.03713262
v 0.32966551 -0.77300006 1.02248788
v 0.32966551 -0.77300006 1.02248788
v 0.66947758 -0.77500004 0.52448082
v 0.66947758 -0.76250005 0.52448082
v 0.49999991 -0.77499998 0.52448976
v 0.68809462 -0.77500004 0.52799869
v 0.68809462 -0.76250005 0.52799869
v 0.70360684 -0.76250005 0.53854859
v 0.70360684 -0.76250005 0.53854859
v 0.70360684 -0.77500004 0.53854859
v 0.70360684 -0.77500004 0.53854859
v 0.71415687 -0.76250005 0.55406088
v 0.71767461 -0.76249999 0.57267791
v 0.71767461 -0.77500004 0.57267791
v 0.71767461 -0.76249981 0.92230147
v 0.71415687 -0.77500004 0.55406088
v 0.71415687 -0.76249981 0.94091851
v 0.68809462 -0.76249981 0.96698076
v 0.68809462 -0.77499980 0.96698076
v 0.66947758 -0.76249981 0.97049856
v 0.70360684 -0.77499980 0.95643079
v 0.70360684 -0.77499980 0.95643079
v 0.70360684 -0.76249981 0.95643079
v 0.70360684 -0.76249981 0.95643079
v 0.49999991 -0.76249981 0.97048968
v 0.49999991 -0.77499980 0.97048968
v 0.33052233 -0.76249975 0.97049856
v 0.31190529 -0.76249975 0.96698076
v 0.28584301 -0.76249975 0.94091851
v 0.29639301 -0.76249999 0.53854859
v 0.29639301 -0.76249999 0.53854859
v 0.33052233 -0.76249999 0.52448082
v 0.49999991 -0.76249999 0.52448976
v 0.33052233 -0.77499998 0.52448082
v 0.31190529 -0.76249999 0.52799869
v 0.31190529 -0.77499998 0.52799869
v 0.29639301 -0.77499998 0.53854859
v 0.29639301 -0.77499998 0.53854859
v 0.28584304 -0.77499998 0.55406088
v 0.28584304 -0.76249993 0.55406088
v 0.28232524 -0.76249993 0.57267791
v 0.28232524 -0.77499998 0.57267791
v 0.28232524 -0.77499980 0.92230153
v 0.29639301 -0.77499974 0.95643085
v 0.29639301 -0.77499974 0.95643085
v 0.28584301 -0.77499974 0.94091851
v 0.29639301 -0.76249975 0.95643079
v 0.29639301 -0.76249975 0.95643079
v 0.31190529 -0.77499974 0.96698076
v 0.33052233 -0.77499974 0.97049856
v 0.28232524 -0.76249975 0.92230147
v 0.66947758 -0.77499980 0.97049856
v 0.71415687 -0.77499986 0.94091851
v 0.71767461 -0.77499986 0.92230147
v -0.29497918 -0.76300037 0.53713423
v -0.29497918 -0.76300037 0.53713423
v -0.28399569 -0.76300043 0.55329543
v -0.28399569 -0.76300043 0.55329543
v -0.28033453 -0.76300043 0.57248962
v -0.28033453 -0.76300043 0.57248962
v -0.31114033 -0.76300037 0.52615082
v -0.31114033 -0.76300037 0.52615082
v -0.33033451 -0.76300037 0.52248961
v -0.33033451 -0.76300037 0.52248961
v -0.31114033 -0.77300036 0.52615082
v -0.31114033 -0.77300036 0.52615082
v -0.29497918 -0.77300042 0.53713423
v -0.29497918 -0.77300042 0.53713423
v -0.29497918 -0.77300042 0.53713423
v -0.33033451 -0.77300036 0.52248961
v -0.33033451 -0.77300036 0.52248961
v -0.68952870 -0.77300036 0.52615082
v -0.68952870 -0.77300036 0.52615082
v -0.28399569 -0.77300042 0.55329543
v -0.28399569 -0.77300042 0.55329543
v -0.28033453 -0.77300042 0.57248962
v -0.28033453 -0.77300042 0.57248962
v -0.28399572 -0.77300131 1.44168377
v -0.28399572 -0.77300131 1.44168377
v -0.72033453 -0.77300125 1.42248964
v -0.72033453 -0.77300125 1.42248964
v -0.71667325 -0.77300125 1.44168377
v -0.71667325 -0.77300125 1.44168377
v -0.70568979 -0.77300125 1.45784497
v -0.70568979 -0.77300125 1.45784497
v -0.67033446 -0.77300131 1.47248960
v -0.67033446 -0.77300131 1.47248960
v -0.71667325 -0.77300036 0.55329543
v -0.71667325 -0.77300036 0.55329543
v -0.72033453 -0.77300036 0.57248962
v -0.72033453 -0.77300036 0.57248962
v -0.72033453 -0.76300037 0.57248962
v -0.72033453 -0.76300037 0.57248962
v -0.72033453 -0.76300126 1.42248964
v -0.72033453 -0.76300126 1.42248964
v -0.71667325 -0.76300037 0.55329543
v -0.71667325 -0.76300037 0.55329543
v -0.71667325 -0.76300126 1.44168377
v -0.71667325 -0.76300126 1.44168377
v -0.70568979 -0.76300126 1.45784497
v -0.70568979 -0.76300126 1.45784497
v -0.70568979 -0.76300126 1.45784497
v -0.68952870 -0.76300126 1.46882844
v -0.68952870 -0.76300126 1.46882844
v -0.67033446 -0.76300132 1.47248960
v -0.67033446 -0.76300132 1.47248960
v -0.31114036 -0.76300132 1.46882844
v -0.31114036 -0.76300132 1.46882844
v -0.68952870 -0.77300131 1.46882844
v -0.68952870 -0.77300131 1.46882844
v -0.33033454 -0.76300132 1.47248960
v -0.33033454 -0.76300132 1.47248960
v -0.29497921 -0.76300132 1.45784497
v -0.29497921 -0.76300132 1.45784497
v -0.29497921 -0.76300132 1.45784497
v -0.28399572 -0.76300132 1.44168377
v -0.28399572 -0.76300132 1.44168377
v -0.31114036 -0.77300131 1.46882844
v -0.31114036 -0.77300131 1.46882844
v -0.29497921 -0.77300131 1.45784497
v -0.29497921 -0.77300131 1.45784497
v -0.33033454 -0.77300131 1.47248960
v -0.33033454 -0.77300131 1.47248960
v -0.28033456 -0.76300126 1.42248964
v -0.28033456 -0.76300126 1.42248964
v -0.28033456 -0.77300125 1.42248964
v -0.28033456 -0.77300125 1.42248964
v -0.70568979 -0.76300037 0.53713435
v -0.70568979 -0.76300037 0.53713435
v -0.68952870 -0.76300037 0.52615082
v -0.68952870 -0.76300037 0.52615082
v -0.67033446 -0.76300037 0.52248961
v -0.67033446 -0.76300037 0.52248961
v -0.70568979 -0.77300036 0.53713435
v -0.70568979 -0.77300036 0.53713435
v -0.70568979 -0.77300036 0.53713435
v -0.67033446 -0.77300036 0.52248961
v -0.67033446 -0.77300036 0.52248961
v -0.33052242 -0.77499998 1.52448082
v -0.33052242 -0.76249999 1.52448082
v -0.50000000 -0.77499998 1.52448964
v -0.31190541 -0.77499998 1.52799857
v -0.31190541 -0.76249999 1.52799857
v -0.29639313 -0.76249999 1.53854859
v -0.29639313 -0.76249999 1.53854859
v -0.29639313 -0.77499998 1.53854859
v -0.29639313 -0.77499998 1.53854859
v -0.28584316 -0.76249999 1.55406082
v -0.28232536 -0.76249999 1.57267785
v -0.28232536 -0.77499998 1.57267785
v -0.28232533 -0.76249981 1.92230141
v -0.28584316 -0.77499998 1.55406082
v -0.28584313 -0.76249981 1.94091845
v -0.31190538 -0.76249981 1.96698070
v -0.31190538 -0.77499980 1.96698070
v -0.33052242 -0.76249975 1.97049856
v -0.29639310 -0.77499980 1.95643079
v -0.29639310 -0.77499980 1.95643079
v -0.29639310 -0.76249981 1.95643079
v -0.29639310 -0.76249981 1.95643079
v -0.50000000 -0.76249975 1.97048962
v -0.50000000 -0.77499974 1.97048962
v -0.66947770 -0.76249975 1.97049844
v -0.68809462 -0.76249975 1.96698070
v -0.71415699 -0.76249975 1.94091845
v -0.70360696 -0.76249993 1.53854859
v -0.70360696 -0.76249993 1.53854859
v -0.66947770 -0.76249993 1.52448082
v -0.50000000 -0.76249993 1.52448964
v -0.66947770 -0.77499992 1.52448082
v -0.68809462 -0.76249993 1.52799857
v -0.68809462 -0.77499992 1.52799857
v -0.70360696 -0.77499992 1.53854859
v -0.70360696 -0.77499992 1.53854859
v -0.71415699 -0.77499992 1.55406082
v -0.71415699 -0.76249993 1.55406082
v -0.71767473 -0.76249993 1.57267785
v -0.71767473 -0.77499992 1.57267785
v -0.71767473 -0.77499974 1.92230153
v -0.70360696 -0.77499974 1.95643079
v -0.70360696 -0.77499974 1.95643079
v -0.71415699 -0.77499974 1.94091845
v -0.70360696 -0.76249975 1.95643079
v -0.70360696 -0.76249975 1.95643079
v -0.68809462 -0.77499974 1.96698070
v -0.66947770 -0.77499974 1.97049856
v -0.71767473 -0.76249975 1.92230141
v -0.33052242 -0.77499980 1.97049856
v -0.28584313 -0.77499980 1.94091845
v -0.28232533 -0.77499980 1.92230141
v 0.76299930 -0.29497850 0.53713441
v 0.76299930 -0.29497850 0.53713441
v 0.76299930 -0.28399497 0.55329555
v 0.76299930 -0.28399497 0.55329555
v 0.76299930 -0.28033385 0.57248974
v 0.76299930 -0.28033385 0.57248974
v 0.76299918 -0.31113964 0.52615094
v 0.76299918 -0.31113964 0.52615094
v 0.76299918 -0.33033383 0.52248973
v 0.76299918 -0.33033383 0.52248973
v 0.77299917 -0.31113964 0.52615094
v 0.77299917 -0.31113964 0.52615094
v 0.77299929 -0.29497850 0.53713441
v 0.77299929 -0.29497850 0.53713441
v 0.77299929 -0.29497850 0.53713441
v 0.77299917 -0.33033383 0.52248973
v 0.77299917 -0.33033383 0.52248973
v 0.77299905 -0.68952793 0.52615088
v 0.77299905 -0.68952793 0.52615088
v 0.77299929 -0.28399497 0.55329555
v 0.77299929 -0.28399497 0.55329555
v 0.77299929 -0.28033385 0.57248974
v 0.77299929 -0.28033385 0.57248974
v 0.77300060 -0.28399494 1.44168389
v 0.77300060 -0.28399494 1.44168389
v 0.77300036 -0.72033370 1.42248976
v 0.77300036 -0.72033370 1.42248976
v 0.77300048 -0.71667254 1.44168401
v 0.77300048 -0.71667254 1.44168401
v 0.77300048 -0.70568901 1.45784509
v 0.77300048 -0.70568901 1.45784509
v 0.77300048 -0.67033368 1.47248983
v 0.77300048 -0.67033368 1.47248983
v 0.77299905 -0.71667260 0.55329567
v 0.77299905 -0.71667260 0.55329567
v 0.77299917 -0.72033376 0.57248986
v 0.77299917 -0.72033376 0.57248986
v 0.76299918 -0.72033376 0.57248986
v 0.76299918 -0.72033376 0.57248986
v 0.76300037 -0.72033370 1.42248976
v 0.76300037 -0.72033370 1.42248976
v 0.76299906 -0.71667260 0.55329567
v 0.76299906 -0.71667260 0.55329567
v 0.76300037 -0.71667254 1.44168401
v 0.76300037 -0.71667254 1.44168401
v 0.76300037 -0.70568901 1.45784509
v 0.76300037 -0.70568901 1.45784509
v 0.76300037 -0.70568901 1.45784509
v 0.76300049 -0.68952787 1.46882868
v 0.76300049 -0.68952787 1.46882868
v 0.76300049 -0.67033368 1.47248983
v 0.76300049 -0.67033368 1.47248983
v 0.76300061 -0.31113958 1.46882856
v 0.76300061 -0.31113958 1.46882856
v 0.77300048 -0.68952787 1.46882868
v 0.77300048 -0.68952787 1.46882868
v 0.76300061 -0.33033377 1.47248971
v 0.76300061 -0.33033377 1.47248971
v 0.76300061 -0.29497841 1.45784509
v 0.76300061 -0.29497841 1.45784509
v 0.76300061 -0.29497841 1.45784509
v 0.76300061 -0.28399494 1.44168389
v 0.76300061 -0.28399494 1.44168389
v 0.77300060 -0.31113958 1.46882856
v 0.77300060 -0.31113958 1.46882856
v 0.77300060 -0.29497844 1.45784509
v 0.77300060 -0.29497844 1.45784509
v 0.77300060 -0.33033377 1.47248971
v 0.77300060 -0.33033377 1.47248971
v 0.76300061 -0.28033376 1.42248976
v 0.76300061 -0.28033376 1.42248976
v 0.77300060 -0.28033376 1.42248976
v 0.77300060 -0.28033376 1.42248976
v 0.76299906 -0.70568907 0.53713447
v 0.76299906 -0.70568907 0.53713447
v 0.76299906 -0.68952793 0.52615088
v 0.76299906 -0.68952793 0.52615088
v 0.76299906 -0.67033374 0.52248985
v 0.76299906 -0.67033374 0.52248985
v 0.77299905 -0.70568907 0.53713447
v 0.77299905 -0.70568907 0.53713447
v 0.77299905 -0.70568907 0.53713447
v 0.77299905 -0.67033374 0.52248985
v 0.77299905 -0.67033374 0.52248985
v -0.76200068 -0.29497865 0.53713441
v -0.76200068 -0.29497865 0.53713441
v -0.76200068 -0.28399509 0.55329561
v -0.76200068 -0.28399509 0.55329561
v -0.76200056 -0.28033397 0.57248980
v -0.76200056 -0.28033397 0.57248980
v -0.76200080 -0.31113976 0.52615100
v -0.76200080 -0.31113976 0.52615100
v -0.76200080 -0.33033395 0.52248973
v -0.76200080 -0.33033395 0.52248973
v -0.75200081 -0.31113976 0.52615100
v -0.75200081 -0.31113976 0.52615100
v -0.75200069 -0.29497865 0.53713441
v -0.75200069 -0.29497865 0.53713441
v -0.75200069 -0.29497865 0.53713441
v -0.75200081 -0.33033395 0.52248973
v -0.75200081 -0.33033395 0.52248973
v -0.75200093 -0.68952805 0.52615094
v -0.75200093 -0.68952805 0.52615094
v -0.75200069 -0.28399509 0.55329561
v -0.75200069 -0.28399509 0.55329561
v -0.75200069 -0.28033397 0.57248980
v -0.75200069 -0.28033397 0.57248980
v -0.75199926 -0.28399506 1.44168389
v -0.75199926 -0.28399506 1.44168389
v -0.75199962 -0.72033381 1.42248976
v -0.75199962 -0.72033381 1.42248976
v -0.75199950 -0.71667266 1.44168401
v -0.75199950 -0.71667266 1.44168401
v -0.75199950 -0.70568913 1.45784509
v -0.75199950 -0.70568913 1.45784509
v -0.75199950 -0.67033380 1.47248983
v -0.75199950 -0.67033380 1.47248983
v -0.75200093 -0.71667272 0.55329567
v -0.75200093 -0.71667272 0.55329567
v -0.75200081 -0.72033387 0.57248986
v -0.75200081 -0.72033387 0.57248986
v -0.76200080 -0.72033387 0.57248986
v -0.76200080 -0.72033387 0.57248986
v -0.76199961 -0.72033381 1.42248976
v -0.76199961 -0.72033381 1.42248976
v -0.76200092 -0.71667272 0.55329567
v -0.76200092 -0.71667272 0.55329567
v -0.76199949 -0.71667266 1.44168401
v -0.76199949 -0.71667266 1.44168401
v -0.76199949 -0.70568913 1.45784509
v -0.76199949 -0.70568913 1.45784509
v -0.76199949 -0.70568913 1.45784509
v -0.76199949 -0.68952799 1.46882868
v -0.76199949 -0.68952799 1.46882868
v -0.76199949 -0.67033380 1.47248983
v -0.76199949 -0.67033380 1.47248983
v -0.76199937 -0.31113973 1.46882856
v -0.76199937 -0.31113973 1.46882856
v -0.75199950 -0.68952799 1.46882868
v -0.75199950 -0.68952799 1.46882868
v -0.76199937 -0.33033392 1.47248971
v -0.76199937 -0.33033392 1.47248971
v -0.76199937 -0.29497853 1.45784509
v -0.76199937 -0.29497853 1.45784509
v -0.76199937 -0.29497853 1.45784509
v -0.76199937 -0.28399506 1.44168389
v -0.76199937 -0.28399506 1.44168389
v -0.75199926 -0.31113973 1.46882856
v -0.75199926 -0.31113973 1.46882856
v -0.75199926 -0.29497856 1.45784509
v -0.75199926 -0.29497856 1.45784509
v -0.75199926 -0.33033392 1.47248971
v -0.75199926 -0.33033392 1.47248971
v -0.76199937 -0.28033388 1.42248976
v -0.76199937 -0.28033388 1.42248976
v -0.75199938 -0.28033388 1.42248976
v -0.75199938 -0.28033388 1.42248976
v -0.76200092 -0.70568919 0.53713447
v -0.76200092 -0.70568919 0.53713447
v -0.76200092 -0.68952805 0.52615094
v -0.76200092 -0.68952805 0.52615094
v -0.76200092 -0.67033386 0.52248991
v -0.76200092 -0.67033386 0.52248991
v -0.75200093 -0.70568919 0.53713447
v -0.75200093 -0.70568919 0.53713447
v -0.75200093 -0.70568919 0.53713447
v -0.75200093 -0.67033386 0.52248991
v -0.75200093 -0.67033386 0.52248991
v 0.77500010 -0.33052236 1.52448082
v 0.76250005 -0.33052236 1.52448082
v 0.77500010 -0.50000000 1.52448964
v 0.77500010 -0.31190535 1.52799857
v 0.76250005 -0.31190535 1.52799857
v 0.76250005 -0.29639304 1.53854859
v 0.76250005 -0.29639304 1.53854859
v 0.77499998 -0.29639304 1.53854859
v 0.77499998 -0.29639304 1.53854859
v 0.76250005 -0.28584304 1.55406082
v 0.76250005 -0.28232527 1.57267785
v 0.77499998 -0.28232527 1.57267785
v 0.76249981 -0.28232527 1.92230153
v 0.77499998 -0.28584304 1.55406082
v 0.76249981 -0.28584307 1.94091845
v 0.76249981 -0.31190532 1.96698070
v 0.77499974 -0.31190532 1.96698070
v 0.76249981 -0.33052236 1.97049856
v 0.77499974 -0.29639304 1.95643079
v 0.77499974 -0.29639304 1.95643079
v 0.76249981 -0.29639304 1.95643079
v 0.76249981 -0.29639304 1.95643079
v 0.76249993 -0.50000000 1.97048962
v 0.77499986 -0.50000000 1.97048962
v 0.76250005 -0.66947764 1.97049856
v 0.76250005 -0.68809462 1.96698070
v 0.76250005 -0.71415687 1.94091845
v 0.76250029 -0.70360690 1.53854847
v 0.76250029 -0.70360690 1.53854847
v 0.76250029 -0.66947758 1.52448070
v 0.76250017 -0.50000000 1.52448964
v 0.77500021 -0.66947758 1.52448070
v 0.76250029 -0.68809462 1.52799857
v 0.77500021 -0.68809462 1.52799857
v 0.77500021 -0.70360690 1.53854847
v 0.77500021 -0.70360690 1.53854847
v 0.77500021 -0.71415687 1.55406082
v 0.76250029 -0.71415687 1.55406082
v 0.76250029 -0.71767467 1.57267785
v 0.77500021 -0.71767467 1.57267785
v 0.77499998 -0.71767467 1.92230153
v 0.77499998 -0.70360690 1.95643079
v 0.77499998 -0.70360690 1.95643079
v 0.77499998 -0.71415687 1.94091845
v 0.76250005 -0.70360690 1.95643079
v 0.76250005 -0.70360690 1.95643079
v 0.77499998 -0.68809462 1.96698070
v 0.77499998 -0.66947764 1.97049856
v 0.76250005 -0.71767467 1.92230153
v 0.77499986 -0.33052236 1.97049856
v 0.77499974 -0.28584307 1.94091845
v 0.77499974 -0.28232527 1.92230153
v -0.74999988 -0.33052248 1.52448082
v -0.76249993 -0.33052248 1.52448082
v -0.74999976 -0.50000012 1.52448964
v -0.74999988 -0.31190547 1.52799857
v -0.76249993 -0.31190547 1.52799857
v -0.76249993 -0.29639316 1.53854859
v -0.76249993 -0.29639316 1.53854859
v -0.75000000 -0.29639316 1.53854859
v -0.75000000 -0.29639316 1.53854859
v -0.76249993 -0.28584319 1.55406082
v -0.76249993 -0.28232539 1.57267785
v -0.75000000 -0.28232539 1.57267785
v -0.76250017 -0.28232539 1.92230141
v -0.75000000 -0.28584319 1.55406082
v -0.76250017 -0.28584319 1.94091845
v -0.76250017 -0.31190544 1.96698070
v -0.75000024 -0.31190544 1.96698070
v -0.76250005 -0.33052248 1.97049844
v -0.75000024 -0.29639316 1.95643079
v -0.75000024 -0.29639316 1.95643079
v -0.76250017 -0.29639316 1.95643079
v -0.76250017 -0.29639316 1.95643079
v -0.76250005 -0.50000012 1.97048962
v -0.75000000 -0.50000012 1.97048962
v -0.76249993 -0.66947776 1.97049856
v -0.76249993 -0.68809474 1.96698070
v -0.76249993 -0.71415699 1.94091845
v -0.76249969 -0.70360702 1.53854859
v -0.76249969 -0.70360702 1.53854859
v -0.76249969 -0.66947776 1.52448082
v -0.76249981 -0.50000012 1.52448964
v -0.74999976 -0.66947776 1.52448082
v -0.76249969 -0.68809474 1.52799857
v -0.74999976 -0.68809474 1.52799857
v -0.74999976 -0.70360702 1.53854859
v -0.74999976 -0.70360702 1.53854859
v -0.74999976 -0.71415699 1.55406082
v -0.76249969 -0.71415699 1.55406082
v -0.76249969 -0.71767479 1.57267785
v -0.74999976 -0.71767479 1.57267785
v -0.74999988 -0.71767479 1.92230141
v -0.74999988 -0.70360702 1.95643079
v -0.74999988 -0.70360702 1.95643079
v -0.74999988 -0.71415704 1.94091845
v -0.76249993 -0.70360702 1.95643079
v -0.76249993 -0.70360702 1.95643079
v -0.74999988 -0.68809474 1.96698070
v -0.74999988 -0.66947776 1.97049856
v -0.76249993 -0.71767479 1.92230141
v -0.75000012 -0.33052248 1.97049856
v -0.75000024 -0.28584319 1.94091845
v -0.75000024 -0.28232539 1.92230141
v 0.77499986 0.16947764 1.52448082
v 0.76249981 0.16947764 1.52448082
v 0.77499986 0.00000000 1.52448964
v 0.77499986 0.18809468 1.52799857
v 0.76249981 0.18809468 1.52799857
v 0.76249969 0.20360696 1.53854859
v 0.76249969 0.20360696 1.53854859
v 0.77499974 0.20360696 1.53854859
v 0.77499974 0.20360696 1.53854859
v 0.76249969 0.21415699 1.55406082
v 0.76249969 0.21767467 1.57267785
v 0.77499974 0.21767467 1.57267785
v 0.76249957 0.21767467 1.92230153
v 0.77499974 0.21415699 1.55406082
v 0.76249957 0.21415693 1.94091845
v 0.76249957 0.18809468 1.96698070
v 0.77499950 0.18809468 1.96698070
v 0.76249957 0.16947764 1.97049856
v 0.77499950 0.20360690 1.95643079
v 0.77499950 0.20360690 1.95643079
v 0.76249957 0.20360690 1.95643079
v 0.76249957 0.20360690 1.95643079
v 0.76249969 0.00000006 1.97048974
v 0.77499962 0.00000006 1.97048974
v 0.76249981 -0.16947764 1.97049856
v 0.76249981 -0.18809468 1.96698070
v 0.76249981 -0.21415687 1.94091845
v 0.76250005 -0.20360690 1.53854859
v 0.76250005 -0.20360690 1.53854859
v 0.76250005 -0.16947764 1.52448082
v 0.76249993 0.00000000 1.52448964
v 0.77499998 -0.16947764 1.52448082
v 0.76250005 -0.18809468 1.52799857
v 0.77499998 -0.18809468 1.52799857
v 0.77499998 -0.20360690 1.53854859
v 0.77499998 -0.20360690 1.53854859
v 0.77499998 -0.21415687 1.55406082
v 0.76250005 -0.21415687 1.55406082
v 0.76250005 -0.21767473 1.57267785
v 0.77499998 -0.21767473 1.57267785
v 0.77499974 -0.21767473 1.92230141
v 0.77499974 -0.20360690 1.95643079
v 0.77499974 -0.20360690 1.95643079
v 0.77499974 -0.21415687 1.94091845
v 0.76249981 -0.20360690 1.95643079
v 0.76249981 -0.20360690 1.95643079
v 0.77499974 -0.18809468 1.96698070
v 0.77499974 -0.16947764 1.97049856
v 0.76249981 -0.21767473 1.92230141
v 0.77499962 0.16947764 1.97049856
v 0.77499950 0.21415693 1.94091845
v 0.77499950 0.21767467 1.92230153
v -0.75000012 0.16947752 1.52448082
v -0.76250017 0.16947752 1.52448082
v -0.75000000 -0.00000012 1.52448964
v -0.75000012 0.18809450 1.52799857
v -0.76250017 0.18809450 1.52799857
v -0.76250017 0.20360684 1.53854859
v -0.76250017 0.20360684 1.53854859
v -0.75000024 0.20360684 1.53854859
v -0.75000024 0.20360684 1.53854859
v -0.76250017 0.21415687 1.55406082
v -0.76250017 0.21767455 1.57267785
v -0.75000024 0.21767455 1.57267785
v -0.76250041 0.21767455 1.92230141
v -0.75000024 0.21415687 1.55406082
v -0.76250041 0.21415681 1.94091845
v -0.76250041 0.18809456 1.96698070
v -0.75000048 0.18809456 1.96698070
v -0.76250041 0.16947752 1.97049856
v -0.75000048 0.20360678 1.95643079
v -0.75000048 0.20360678 1.95643079
v -0.76250041 0.20360678 1.95643079
v -0.76250041 0.20360678 1.95643079
v -0.76250029 -0.00000006 1.97048962
v -0.75000024 -0.00000006 1.97048962
v -0.76250017 -0.16947776 1.97049856
v -0.76250017 -0.18809479 1.96698070
v -0.76250017 -0.21415704 1.94091845
v -0.76249993 -0.20360708 1.53854859
v -0.76249993 -0.20360708 1.53854859
v -0.76249993 -0.16947776 1.52448082
v -0.76250005 -0.00000012 1.52448964
v -0.75000000 -0.16947776 1.52448082
v -0.76249993 -0.18809479 1.52799857
v -0.75000000 -0.18809479 1.52799857
v -0.75000000 -0.20360708 1.53854859
v -0.75000000 -0.20360708 1.53854859
v -0.75000000 -0.21415699 1.55406094
v -0.76249993 -0.21415699 1.55406094
v -0.76249993 -0.21767485 1.57267785
v -0.75000000 -0.21767485 1.57267785
v -0.75000024 -0.21767485 1.92230141
v -0.75000024 -0.20360702 1.95643079
v -0.75000024 -0.20360702 1.95643079
v -0.75000024 -0.21415704 1.94091845
v -0.76250017 -0.20360702 1.95643079
v -0.76250017 -0.20360702 1.95643079
v -0.75000024 -0.18809479 1.96698070
v -0.75000024 -0.16947776 1.97049856
v -0.76250017 -0.21767485 1.92230141
v -0.75000036 0.16947752 1.97049856
v -0.75000048 0.21415681 1.94091845
v -0.75000048 0.21767455 1.92230141
v 0.76299906 0.70502138 0.53713435
v 0.76299906 0.70502138 0.53713435
v 0.76299906 0.71600497 0.55329555
v 0.76299906 0.71600497 0.55329555
v 0.76299918 0.71966612 0.57248974
v 0.76299918 0.71966612 0.57248974
v 0.76299894 0.68886042 0.52615088
v 0.76299894 0.68886042 0.52615088
v 0.76299894 0.66966605 0.52248967
v 0.76299894 0.66966605 0.52248967
v 0.77299905 0.68886042 0.52615088
v 0.77299905 0.68886042 0.52615088
v 0.77299905 0.70502138 0.53713435
v 0.77299905 0.70502138 0.53713435
v 0.77299905 0.70502138 0.53713435
v 0.77299905 0.66966605 0.52248967
v 0.77299905 0.66966605 0.52248967
v 0.77299881 0.31047201 0.52615100
v 0.77299881 0.31047201 0.52615100
v 0.77299905 0.71600497 0.55329555
v 0.77299905 0.71600497 0.55329555
v 0.77299905 0.71966612 0.57248974
v 0.77299905 0.71966612 0.57248974
v 0.77300048 0.71600509 1.44168389
v 0.77300048 0.71600509 1.44168389
v 0.77300012 0.27966630 1.42248976
v 0.77300012 0.27966630 1.42248976
v 0.77300024 0.28332746 1.44168401
v 0.77300024 0.28332746 1.44168401
v 0.77300024 0.29431105 1.45784509
v 0.77300024 0.29431105 1.45784509
v 0.77300036 0.32966626 1.47248983
v 0.77300036 0.32966626 1.47248983
v 0.77299881 0.28332734 0.55329561
v 0.77299881 0.28332734 0.55329561
v 0.77299893 0.27966619 0.57248974
v 0.77299893 0.27966619 0.57248974
v 0.76299894 0.27966619 0.57248974
v 0.76299894 0.27966619 0.57248974
v 0.76300013 0.27966630 1.42248976
v 0.76300013 0.27966630 1.42248976
v 0.76299882 0.28332734 0.55329561
v 0.76299882 0.28332734 0.55329561
v 0.76300025 0.28332746 1.44168401
v 0.76300025 0.28332746 1.44168401
v 0.76300025 0.29431105 1.45784509
v 0.76300025 0.29431105 1.45784509
v 0.76300025 0.29431105 1.45784509
v 0.76300037 0.31047213 1.46882868
v 0.76300037 0.31047213 1.46882868
v 0.76300037 0.32966638 1.47248983
v 0.76300037 0.32966638 1.47248983
v 0.76300049 0.68886042 1.46882856
v 0.76300049 0.68886042 1.46882856
v 0.77300024 0.31047213 1.46882868
v 0.77300024 0.31047213 1.46882868
v 0.76300049 0.66966629 1.47248971
v 0.76300049 0.66966629 1.47248971
v 0.76300049 0.70502162 1.45784509
v 0.76300049 0.70502162 1.45784509
v 0.76300049 0.70502162 1.45784509
v 0.76300049 0.71600509 1.44168389
v 0.76300049 0.71600509 1.44168389
v 0.77300048 0.68886042 1.46882856
v 0.77300048 0.68886042 1.46882856
v 0.77300048 0.70502162 1.45784509
v 0.77300048 0.70502162 1.45784509
v 0.77300048 0.66966617 1.47248971
v 0.77300048 0.66966617 1.47248971
v 0.76300037 0.71966624 1.42248976
v 0.76300037 0.71966624 1.42248976
v 0.77300036 0.71966624 1.42248976
v 0.77300036 0.71966624 1.42248976
v 0.76299882 0.29431081 0.53713447
v 0.76299882 0.29431081 0.53713447
v 0.76299882 0.31047201 0.52615100
v 0.76299882 0.31047201 0.52615100
v 0.76299882 0.32966614 0.52248979
v 0.76299882 0.32966614 0.52248979
v 0.77299881 0.29431081 0.53713447
v 0.77299881 0.29431081 0.53713447
v 0.77299881 0.29431081 0.53713447
v 0.77299881 0.32966614 0.52248979
v 0.77299881 0.32966614 0.52248979
v -0.76200092 0.70502138 0.53713447
v -0.76200092 0.70502138 0.53713447
v -0.76200092 0.71600497 0.55329555
v -0.76200092 0.71600497 0.55329555
v -0.76200080 0.71966612 0.57248974
v -0.76200080 0.71966612 0.57248974
v -0.76200092 0.68886030 0.52615088
v -0.76200092 0.68886030 0.52615088
v -0.76200092 0.66966593 0.52248979
v -0.76200092 0.66966593 0.52248979
v -0.75200093 0.68886030 0.52615088
v -0.75200093 0.68886030 0.52615088
v -0.75200093 0.70502138 0.53713447
v -0.75200093 0.70502138 0.53713447
v -0.75200093 0.70502138 0.53713447
v -0.75200093 0.66966593 0.52248979
v -0.75200093 0.66966593 0.52248979
v -0.75200105 0.31047189 0.52615100
v -0.75200105 0.31047189 0.52615100
v -0.75200093 0.71600497 0.55329555
v -0.75200093 0.71600497 0.55329555
v -0.75200093 0.71966612 0.57248974
v -0.75200093 0.71966612 0.57248974
v -0.75199950 0.71600485 1.44168389
v -0.75199950 0.71600485 1.44168389
v -0.75199974 0.27966607 1.42248976
v -0.75199974 0.27966607 1.42248976
v -0.75199974 0.28332722 1.44168401
v -0.75199974 0.28332722 1.44168401
v -0.75199974 0.29431081 1.45784509
v -0.75199974 0.29431081 1.45784509
v -0.75199962 0.32966614 1.47248983
v -0.75199962 0.32966614 1.47248983
v -0.75200105 0.28332734 0.55329567
v -0.75200105 0.28332734 0.55329567
v -0.75200105 0.27966607 0.57248980
v -0.75200105 0.27966607 0.57248980
v -0.76200104 0.27966607 0.57248980
v -0.76200104 0.27966607 0.57248980
v -0.76199973 0.27966607 1.42248976
v -0.76199973 0.27966607 1.42248976
v -0.76200104 0.28332734 0.55329567
v -0.76200104 0.28332734 0.55329567
v -0.76199973 0.28332722 1.44168401
v -0.76199973 0.28332722 1.44168401
v -0.76199973 0.29431081 1.45784509
v -0.76199973 0.29431081 1.45784509
v -0.76199973 0.29431081 1.45784509
v -0.76199961 0.31047201 1.46882868
v -0.76199961 0.31047201 1.46882868
v -0.76199961 0.32966614 1.47248983
v -0.76199961 0.32966614 1.47248983
v -0.76199949 0.68886030 1.46882856
v -0.76199949 0.68886030 1.46882856
v -0.75199974 0.31047201 1.46882868
v -0.75199974 0.31047201 1.46882868
v -0.76199949 0.66966605 1.47248971
v -0.76199949 0.66966605 1.47248971
v -0.76199949 0.70502150 1.45784509
v -0.76199949 0.70502150 1.45784509
v -0.76199949 0.70502150 1.45784509
v -0.76199949 0.71600485 1.44168389
v -0.76199949 0.71600485 1.44168389
v -0.75199950 0.68886030 1.46882856
v -0.75199950 0.68886030 1.46882856
v -0.75199950 0.70502150 1.45784509
v -0.75199950 0.70502150 1.45784509
v -0.75199950 0.66966605 1.47248971
v -0.75199950 0.66966605 1.47248971
v -0.76199961 0.71966612 1.42248976
v -0.76199961 0.71966612 1.42248976
v -0.75199962 0.71966612 1.42248976
v -0.75199962 0.71966612 1.42248976
v -0.76200104 0.29431069 0.53713459
v -0.76200104 0.29431069 0.53713459
v -0.76200104 0.31047189 0.52615100
v -0.76200104 0.31047189 0.52615100
v -0.76200104 0.32966614 0.52248979
v -0.76200104 0.32966614 0.52248979
v -0.75200105 0.29431069 0.53713459
v -0.75200105 0.29431069 0.53713459
v -0.75200105 0.29431069 0.53713459
v -0.75200105 0.32966614 0.52248979
v -0.75200105 0.32966614 0.52248979
v 0.77499986 0.66947770 1.52448082
v 0.76249993 0.66947770 1.52448082
v 0.77499998 0.50000000 1.52448964
v 0.77499986 0.68809462 1.52799857
v 0.76249993 0.68809462 1.52799857
v 0.76249981 0.70360708 1.53854859
v 0.76249981 0.70360708 1.53854859
v 0.77499986 0.70360708 1.53854859
v 0.77499986 0.70360708 1.53854859
v 0.76249981 0.71415699 1.55406082
v 0.76249981 0.71767473 1.57267785
v 0.77499986 0.71767473 1.57267785
v 0.76249957 0.71767461 1.92230153
v 0.77499986 0.71415699 1.55406082
v 0.76249957 0.71415687 1.94091845
v 0.76249957 0.68809462 1.96698070
v 0.77499962 0.68809462 1.96698070
v 0.76249969 0.66947746 1.97049856
v 0.77499962 0.70360684 1.95643079
v 0.77499962 0.70360684 1.95643079
v 0.76249957 0.70360684 1.95643079
v 0.76249957 0.70360684 1.95643079
v 0.76249969 0.50000000 1.97048962
v 0.77499974 0.50000000 1.97048962
v 0.76249981 0.33052230 1.97049856
v 0.76249981 0.31190526 1.96698070
v 0.76249981 0.28584313 1.94091845
v 0.76250005 0.29639304 1.53854859
v 0.76250005 0.29639304 1.53854859
v 0.76250005 0.33052230 1.52448082
v 0.76249993 0.50000000 1.52448964
v 0.77500010 0.33052230 1.52448082
v 0.76250005 0.31190538 1.52799857
v 0.77500010 0.31190538 1.52799857
v 0.77500010 0.29639304 1.53854859
v 0.77500010 0.29639304 1.53854859
v 0.77500010 0.28584313 1.55406094
v 0.76250005 0.28584313 1.55406094
v 0.76250005 0.28232527 1.57267785
v 0.77500010 0.28232527 1.57267785
v 0.77499986 0.28232527 1.92230153
v 0.77499986 0.29639292 1.95643079
v 0.77499986 0.29639292 1.95643079
v 0.77499986 0.28584313 1.94091845
v 0.76249981 0.29639292 1.95643079
v 0.76249981 0.29639292 1.95643079
v 0.77499986 0.31190526 1.96698070
v 0.77499986 0.33052230 1.97049856
v 0.76249981 0.28232527 1.92230153
v 0.77499962 0.66947746 1.97049856
v 0.77499962 0.71415687 1.94091845
v 0.77499962 0.71767461 1.92230153
v -0.75000012 0.66947758 1.52448082
v -0.76250005 0.66947758 1.52448082
v -0.75000000 0.49999988 1.52448964
v -0.75000012 0.68809462 1.52799857
v -0.76250005 0.68809462 1.52799857
v -0.76250017 0.70360684 1.53854859
v -0.76250017 0.70360684 1.53854859
v -0.75000012 0.70360684 1.53854859
v -0.75000012 0.70360684 1.53854859
v -0.76250017 0.71415675 1.55406082
v -0.76250017 0.71767449 1.57267785
v -0.75000012 0.71767449 1.57267785
v -0.76250041 0.71767449 1.92230153
v -0.75000012 0.71415675 1.55406082
v -0.76250041 0.71415675 1.94091845
v -0.76250041 0.68809450 1.96698070
v -0.75000036 0.68809450 1.96698070
v -0.76250029 0.66947746 1.97049856
v -0.75000036 0.70360684 1.95643079
v -0.75000036 0.70360684 1.95643079
v -0.76250041 0.70360684 1.95643079
v -0.76250041 0.70360684 1.95643079
v -0.76250017 0.49999988 1.97048962
v -0.75000024 0.49999988 1.97048962
v -0.76250017 0.33052218 1.97049856
v -0.76250017 0.31190526 1.96698070
v -0.76250017 0.28584301 1.94091845
v -0.76249993 0.29639292 1.53854859
v -0.76249993 0.29639292 1.53854859
v -0.76249993 0.33052230 1.52448082
v -0.76249993 0.49999988 1.52448964
v -0.74999988 0.33052230 1.52448082
v -0.76249993 0.31190526 1.52799857
v -0.74999988 0.31190526 1.52799857
v -0.74999988 0.29639292 1.53854859
v -0.74999988 0.29639292 1.53854859
v -0.74999988 0.28584290 1.55406094
v -0.76249993 0.28584290 1.55406094
v -0.76249993 0.28232515 1.57267785
v -0.74999988 0.28232515 1.57267785
v -0.75000012 0.28232515 1.92230141
v -0.75000012 0.29639292 1.95643079
v -0.75000012 0.29639292 1.95643079
v -0.75000012 0.28584301 1.94091845
v -0.76250017 0.29639292 1.95643079
v -0.76250017 0.29639292 1.95643079
v -0.75000012 0.31190526 1.96698070
v -0.75000012 0.33052218 1.97049856
v -0.76250017 0.28232515 1.92230141
v -0.75000024 0.66947746 1.97049856
v -0.75000036 0.71415675 1.94091845
v -0.75000036 0.71767449 1.92230153
v -0.20502149 0.76299977 0.53713459
v -0.20502149 0.76299977 0.53713459
v -0.21600498 0.76299977 0.55329567
v -0.21600498 0.76299977 0.55329567
v -0.21966612 0.76299989 0.57248986
v -0.21966612 0.76299989 0.57248986
v -0.18886033 0.76299977 0.52615100
v -0.18886033 0.76299977 0.52615100
v -0.16966614 0.76299977 0.52248991
v -0.16966614 0.76299977 0.52248991
v -0.18886033 0.77299976 0.52615100
v -0.18886033 0.77299976 0.52615100
v -0.20502149 0.77299976 0.53713453
v -0.20502149 0.77299976 0.53713453
v -0.20502149 0.77299976 0.53713453
v -0.16966614 0.77299976 0.52248979
v -0.16966614 0.77299976 0.52248979
v 0.18952796 0.77299988 0.52615082
v 0.18952796 0.77299988 0.52615082
v -0.21600498 0.77299976 0.55329561
v -0.21600498 0.77299976 0.55329561
v -0.21966612 0.77299988 0.57248980
v -0.21966612 0.77299988 0.57248980
v -0.21600462 0.77300084 1.44168401
v -0.21600462 0.77300084 1.44168401
v 0.22033411 0.77300072 1.42248964
v 0.22033411 0.77300072 1.42248964
v 0.21667299 0.77300096 1.44168389
v 0.21667299 0.77300096 1.44168389
v 0.20568947 0.77300096 1.45784497
v 0.20568947 0.77300096 1.45784497
v 0.17033415 0.77300096 1.47248971
v 0.17033415 0.77300096 1.47248971
v 0.21667261 0.77299988 0.55329555
v 0.21667261 0.77299988 0.55329555
v 0.22033378 0.77299988 0.57248974
v 0.22033378 0.77299988 0.57248974
v 0.22033378 0.76299989 0.57248980
v 0.22033378 0.76299989 0.57248980
v 0.22033411 0.76300073 1.42248976
v 0.22033411 0.76300073 1.42248976
v 0.21667261 0.76299989 0.55329561
v 0.21667261 0.76299989 0.55329561
v 0.21667299 0.76300097 1.44168389
v 0.21667299 0.76300097 1.44168389
v 0.20568947 0.76300097 1.45784509
v 0.20568947 0.76300097 1.45784509
v 0.20568947 0.76300097 1.45784509
v 0.18952832 0.76300097 1.46882856
v 0.18952832 0.76300097 1.46882856
v 0.17033415 0.76300097 1.47248971
v 0.17033415 0.76300097 1.47248971
v -0.18885995 0.76300073 1.46882868
v -0.18885995 0.76300073 1.46882868
v 0.18952832 0.77300096 1.46882856
v 0.18952832 0.77300096 1.46882856
v -0.16966578 0.76300073 1.47248983
v -0.16966578 0.76300073 1.47248983
v -0.20502111 0.76300085 1.45784521
v -0.20502111 0.76300085 1.45784521
v -0.20502111 0.76300085 1.45784521
v -0.21600462 0.76300085 1.44168401
v -0.21600462 0.76300085 1.44168401
v -0.18885995 0.77300072 1.46882868
v -0.18885995 0.77300072 1.46882868
v -0.20502111 0.77300084 1.45784509
v -0.20502111 0.77300084 1.45784509
v -0.16966578 0.77300072 1.47248983
v -0.16966578 0.77300072 1.47248983
v -0.21966580 0.76300085 1.42248988
v -0.21966580 0.76300085 1.42248988
v -0.21966580 0.77300084 1.42248976
v -0.21966580 0.77300084 1.42248976
v 0.20568912 0.76299989 0.53713441
v 0.20568912 0.76299989 0.53713441
v 0.18952796 0.76299989 0.52615094
v 0.18952796 0.76299989 0.52615094
v 0.17033377 0.76299989 0.52248979
v 0.17033377 0.76299989 0.52248979
v 0.20568912 0.77299988 0.53713441
v 0.20568912 0.77299988 0.53713441
v 0.20568912 0.77299988 0.53713441
v 0.17033377 0.77299988 0.52248973
v 0.17033377 0.77299988 0.52248973
v -0.70502150 0.76299953 0.53713459
v -0.70502150 0.76299953 0.53713459
v -0.71600497 0.76299953 0.55329567
v -0.71600497 0.76299953 0.55329567
v -0.71966612 0.76299965 0.57248986
v -0.71966612 0.76299965 0.57248986
v -0.68886030 0.76299953 0.52615100
v -0.68886030 0.76299953 0.52615100
v -0.66966617 0.76299953 0.52248991
v -0.66966617 0.76299953 0.52248991
v -0.68886030 0.77299953 0.52615100
v -0.68886030 0.77299953 0.52615100
v -0.70502150 0.77299953 0.53713453
v -0.70502150 0.77299953 0.53713453
v -0.70502150 0.77299953 0.53713453
v -0.66966617 0.77299953 0.52248979
v -0.66966617 0.77299953 0.52248979
v -0.31047201 0.77299953 0.52615082
v -0.31047201 0.77299953 0.52615082
v -0.71600497 0.77299953 0.55329561
v -0.71600497 0.77299953 0.55329561
v -0.71966612 0.77299964 0.57248980
v -0.71966612 0.77299964 0.57248980
v -0.71600461 0.77300060 1.44168401
v -0.71600461 0.77300060 1.44168401
v -0.27966586 0.77300060 1.42248964
v -0.27966586 0.77300060 1.42248964
v -0.28332701 0.77300072 1.44168389
v -0.28332701 0.77300072 1.44168389
v -0.29431051 0.77300072 1.45784497
v -0.29431051 0.77300072 1.45784497
v -0.32966584 0.77300072 1.47248971
v -0.32966584 0.77300072 1.47248971
v -0.28332737 0.77299953 0.55329555
v -0.28332737 0.77299953 0.55329555
v -0.27966619 0.77299953 0.57248974
v -0.27966619 0.77299953 0.57248974
v -0.27966619 0.76299953 0.57248980
v -0.27966619 0.76299953 0.57248980
v -0.27966586 0.76300061 1.42248976
v -0.27966586 0.76300061 1.42248976
v -0.28332737 0.76299953 0.55329561
v -0.28332737 0.76299953 0.55329561
v -0.28332701 0.76300073 1.44168389
v -0.28332701 0.76300073 1.44168389
v -0.29431051 0.76300073 1.45784509
v -0.29431051 0.76300073 1.45784509
v -0.29431051 0.76300073 1.45784509
v -0.31047165 0.76300073 1.46882856
v -0.31047165 0.76300073 1.46882856
v -0.32966584 0.76300073 1.47248971
v -0.32966584 0.76300073 1.47248971
v -0.68885994 0.76300061 1.46882868
v -0.68885994 0.76300061 1.46882868
v -0.31047165 0.77300072 1.46882856
v -0.31047165 0.77300072 1.46882856
v -0.66966581 0.76300061 1.47248983
v -0.66966581 0.76300061 1.47248983
v -0.70502102 0.76300061 1.45784521
v -0.70502102 0.76300061 1.45784521
v -0.70502102 0.76300061 1.45784521
v -0.71600461 0.76300061 1.44168401
v -0.71600461 0.76300061 1.44168401
v -0.68885994 0.77300060 1.46882868
v -0.68885994 0.77300060 1.46882868
v -0.70502102 0.77300060 1.45784509
v -0.70502102 0.77300060 1.45784509
v -0.66966581 0.77300060 1.47248983
v -0.66966581 0.77300060 1.47248983
v -0.71966577 0.76300061 1.42248976
v -0.71966577 0.76300061 1.42248976
v -0.71966577 0.77300060 1.42248976
v -0.71966577 0.77300060 1.42248976
v -0.29431087 0.76299953 0.53713441
v -0.29431087 0.76299953 0.53713441
v -0.31047201 0.76299953 0.52615094
v -0.31047201 0.76299953 0.52615094
v -0.32966620 0.76299965 0.52248979
v -0.32966620 0.76299965 0.52248979
v -0.29431087 0.77299953 0.53713441
v -0.29431087 0.77299953 0.53713441
v -0.29431087 0.77299953 0.53713441
v -0.32966620 0.77299964 0.52248973
v -0.32966620 0.77299964 0.52248973
v 0.29497853 0.76186681 0.53713459
v 0.29497853 0.76186681 0.53713459
v 0.28399500 0.76186693 0.55329579
v 0.28399500 0.76186693 0.55329579
v 0.28033388 0.76186693 0.57248998
v 0.28033388 0.76186693 0.57248998
v 0.31113967 0.76186681 0.52615106
v 0.31113967 0.76186681 0.52615106
v 0.33033386 0.76186681 0.52248996
v 0.33033386 0.76186681 0.52248996
v 0.31113970 0.77186680 0.52615100
v 0.31113970 0.77186680 0.52615100
v 0.29497853 0.77186680 0.53713459
v 0.29497853 0.77186680 0.53713459
v 0.29497853 0.77186680 0.53713459
v 0.33033386 0.77186680 0.52248991
v 0.33033386 0.77186680 0.52248991
v 0.68952799 0.77186680 0.52615094
v 0.68952799 0.77186680 0.52615094
v 0.28399503 0.77186692 0.55329567
v 0.28399503 0.77186692 0.55329567
v 0.28033391 0.77186692 0.57248986
v 0.28033391 0.77186692 0.57248986
v 0.28399539 0.77186692 1.44168401
v 0.28399539 0.77186692 1.44168401
v 0.72033417 0.77186692 1.42248976
v 0.72033417 0.77186692 1.42248976
v 0.71667302 0.77186692 1.44168389
v 0.71667302 0.77186692 1.44168389
v 0.70568955 0.77186704 1.45784509
v 0.70568955 0.77186704 1.45784509
v 0.67033410 0.77186704 1.47248971
v 0.67033410 0.77186704 1.47248971
v 0.71667266 0.77186680 0.55329561
v 0.71667266 0.77186680 0.55329561
v 0.72033381 0.77186680 0.57248980
v 0.72033381 0.77186680 0.57248980
v 0.72033370 0.76186681 0.57248980
v 0.72033370 0.76186681 0.57248980
v 0.72033417 0.76186693 1.42248976
v 0.72033417 0.76186693 1.42248976
v 0.71667266 0.76186681 0.55329561
v 0.71667266 0.76186681 0.55329561
v 0.71667290 0.76186693 1.44168401
v 0.71667290 0.76186693 1.44168401
v 0.70568955 0.76186705 1.45784509
v 0.70568955 0.76186705 1.45784509
v 0.70568955 0.76186705 1.45784509
v 0.68952835 0.76186705 1.46882856
v 0.68952835 0.76186705 1.46882856
v 0.67033410 0.76186705 1.47248971
v 0.67033410 0.76186705 1.47248971
v 0.31114003 0.76186693 1.46882868
v 0.31114003 0.76186693 1.46882868
v 0.68952835 0.77186704 1.46882856
v 0.68952835 0.77186704 1.46882856
v 0.33033422 0.76186693 1.47248983
v 0.33033422 0.76186693 1.47248983
v 0.29497889 0.76186693 1.45784521
v 0.29497889 0.76186693 1.45784521
v 0.29497889 0.76186693 1.45784521
v 0.28399536 0.76186693 1.44168401
v 0.28399536 0.76186693 1.44168401
v 0.31114006 0.77186692 1.46882868
v 0.31114006 0.77186692 1.46882868
v 0.29497889 0.77186692 1.45784521
v 0.29497889 0.77186692 1.45784521
v 0.33033422 0.77186692 1.47248983
v 0.33033422 0.77186692 1.47248983
v 0.28033420 0.76186693 1.42248988
v 0.28033420 0.76186693 1.42248988
v 0.28033420 0.77186692 1.42248988
v 0.28033420 0.77186692 1.42248988
v 0.70568907 0.76186681 0.53713441
v 0.70568907 0.76186681 0.53713441
v 0.68952799 0.76186681 0.52615100
v 0.68952799 0.76186681 0.52615100
v 0.67033374 0.76186693 0.52248979
v 0.67033374 0.76186693 0.52248979
v 0.70568907 0.77186680 0.53713441
v 0.70568907 0.77186680 0.53713441
v 0.70568907 0.77186680 0.53713441
v 0.67033374 0.77186692 0.52248979
v 0.67033374 0.77186692 0.52248979
v 0.33052227 0.77386701 1.52448070
v 0.33052227 0.76136696 1.52448070
v 0.49999991 0.77386701 1.52448964
v 0.31190524 0.77386689 1.52799857
v 0.31190526 0.76136684 1.52799857
v 0.29639295 0.76136684 1.53854847
v 0.29639295 0.76136684 1.53854847
v 0.29639295 0.77386689 1.53854847
v 0.29639295 0.77386689 1.53854847
v 0.28584298 0.76136684 1.55406082
v 0.28232518 0.76136684 1.57267785
v 0.28232515 0.77386689 1.57267785
v 0.28232515 0.76136672 1.92230141
v 0.28584298 0.77386689 1.55406082
v 0.28584293 0.76136672 1.94091845
v 0.31190518 0.76136672 1.96698070
v 0.31190518 0.77386665 1.96698070
v 0.33052221 0.76136672 1.97049844
v 0.29639286 0.77386665 1.95643067
v 0.29639286 0.77386665 1.95643067
v 0.29639289 0.76136672 1.95643067
v 0.29639289 0.76136672 1.95643067
v 0.49999979 0.76136684 1.97048962
v 0.49999979 0.77386677 1.97048962
v 0.66947746 0.76136684 1.97049856
v 0.68809450 0.76136684 1.96698081
v 0.71415675 0.76136696 1.94091856
v 0.70360684 0.76136720 1.53854859
v 0.70360684 0.76136720 1.53854859
v 0.66947746 0.76136720 1.52448082
v 0.49999991 0.76136708 1.52448964
v 0.66947746 0.77386713 1.52448082
v 0.68809462 0.76136720 1.52799857
v 0.68809450 0.77386713 1.52799857
v 0.70360684 0.77386713 1.53854859
v 0.70360684 0.77386713 1.53854859
v 0.71415675 0.77386713 1.55406094
v 0.71415687 0.76136720 1.55406094
v 0.71767461 0.76136720 1.57267785
v 0.71767461 0.77386713 1.57267797
v 0.71767449 0.77386701 1.92230153
v 0.70360672 0.77386701 1.95643079
v 0.70360672 0.77386701 1.95643079
v 0.71415675 0.77386701 1.94091845
v 0.70360672 0.76136696 1.95643091
v 0.70360672 0.76136696 1.95643091
v 0.68809450 0.77386689 1.96698081
v 0.66947746 0.77386689 1.97049856
v 0.71767449 0.76136696 1.92230153
v 0.33052221 0.77386665 1.97049844
v 0.28584290 0.77386665 1.94091845
v 0.28232512 0.77386665 1.92230141
v -0.16947773 0.77499938 1.52448070
v -0.16947772 0.76249933 1.52448070
v -0.00000010 0.77499950 1.52448964
v -0.18809475 0.77499938 1.52799857
v -0.18809474 0.76249933 1.52799857
v -0.20360702 0.76249933 1.53854847
v -0.20360702 0.76249933 1.53854847
v -0.20360705 0.77499938 1.53854847
v -0.20360705 0.77499938 1.53854847
v -0.21415699 0.76249933 1.55406082
v -0.21767481 0.76249933 1.57267785
v -0.21767482 0.77499938 1.57267785
v -0.21767487 0.76249897 1.92230141
v -0.21415702 0.77499938 1.55406082
v -0.21415709 0.76249897 1.94091845
v -0.18809482 0.76249886 1.96698070
v -0.18809484 0.77499890 1.96698070
v -0.16947781 0.76249897 1.97049844
v -0.20360714 0.77499890 1.95643067
v -0.20360714 0.77499890 1.95643067
v -0.20360711 0.76249886 1.95643067
v -0.20360711 0.76249886 1.95643067
v -0.00000017 0.76249897 1.97048962
v -0.00000018 0.77499902 1.97048962
v 0.16947746 0.76249921 1.97049856
v 0.18809448 0.76249921 1.96698070
v 0.21415673 0.76249921 1.94091845
v 0.20360686 0.76249969 1.53854859
v 0.20360686 0.76249969 1.53854859
v 0.16947755 0.76249945 1.52448082
v -0.00000009 0.76249945 1.52448964
v 0.16947752 0.77499950 1.52448082
v 0.18809457 0.76249945 1.52799857
v 0.18809454 0.77499962 1.52799857
v 0.20360684 0.77499962 1.53854859
v 0.20360684 0.77499962 1.53854859
v 0.21415681 0.77499950 1.55406094
v 0.21415682 0.76249957 1.55406094
v 0.21767461 0.76249957 1.57267785
v 0.21767458 0.77499950 1.57267785
v 0.21767454 0.77499914 1.92230141
v 0.20360675 0.77499914 1.95643079
v 0.20360675 0.77499914 1.95643079
v 0.21415672 0.77499914 1.94091845
v 0.20360677 0.76249921 1.95643079
v 0.20360677 0.76249921 1.95643079
v 0.18809445 0.77499914 1.96698070
v 0.16947743 0.77499914 1.97049856
v 0.21767455 0.76249921 1.92230141
v -0.16947782 0.77499902 1.97049844
v -0.21415710 0.77499902 1.94091845
v -0.21767488 0.77499902 1.92230141
v -0.66947770 0.77499890 1.52448070
v -0.66947770 0.76249886 1.52448070
v -0.50000012 0.77499890 1.52448964
v -0.68809474 0.77499878 1.52799857
v -0.68809474 0.76249874 1.52799857
v -0.70360708 0.76249874 1.53854847
v -0.70360708 0.76249874 1.53854847
v -0.70360708 0.77499878 1.53854847
v -0.70360708 0.77499878 1.53854847
v -0.71415699 0.76249874 1.55406082
v -0.71767485 0.76249874 1.57267785
v -0.71767485 0.77499878 1.57267785
v -0.71767485 0.76249838 1.92230141
v -0.71415699 0.77499878 1.55406082
v -0.71415699 0.76249838 1.94091845
v -0.68809485 0.76249838 1.96698070
v -0.68809485 0.77499843 1.96698070
v -0.66947782 0.76249850 1.97049844
v -0.70360708 0.77499843 1.95643079
v -0.70360708 0.77499843 1.95643079
v -0.70360708 0.76249838 1.95643079
v -0.70360708 0.76249838 1.95643079
v -0.50000018 0.76249850 1.97048962
v -0.50000018 0.77499855 1.97048962
v -0.33052251 0.76249862 1.97049856
v -0.31190550 0.76249862 1.96698081
v -0.28584325 0.76249874 1.94091856
v -0.29639313 0.76249909 1.53854859
v -0.29639313 0.76249909 1.53854859
v -0.33052245 0.76249886 1.52448082
v -0.50000012 0.76249886 1.52448964
v -0.33052248 0.77499890 1.52448082
v -0.31190541 0.76249886 1.52799869
v -0.31190544 0.77499902 1.52799869
v -0.29639316 0.77499902 1.53854859
v -0.29639316 0.77499902 1.53854859
v -0.28584319 0.77499902 1.55406094
v -0.28584316 0.76249909 1.55406094
v -0.28232539 0.76249909 1.57267797
v -0.28232539 0.77499902 1.57267797
v -0.28232545 0.77499866 1.92230153
v -0.29639322 0.77499866 1.95643079
v -0.29639322 0.77499866 1.95643079
v -0.28584325 0.77499866 1.94091845
v -0.29639322 0.76249874 1.95643091
v -0.29639322 0.76249874 1.95643091
v -0.31190550 0.77499855 1.96698081
v -0.33052257 0.77499855 1.97049856
v -0.28232542 0.76249874 1.92230153
v -0.66947782 0.77499855 1.97049844
v -0.71415710 0.77499843 1.94091845
v -0.71767485 0.77499843 1.92230141
vn 0.40857733 0.86945898 -0.27767905
vn 0.56209998 0.00000000 -0.82706929
vn 0.00000041 1.00000000 0.00000069
vn 0.99556277 0.00000000 -0.09409976
vn 0.00000000 1.00000000 0.00000000
vn 0.92387930 0.00000000 -0.38268399
vn 0.00000027 1.00000000 0.00000118
vn 0.09409985 0.00000000 -0.99556276
vn -0.00000144 1.00000000 0.00000754
vn 0.38268483 0.00000000 -0.92387895
vn -0.00000005 -1.00000000 -0.00000078
vn 0.82707021 0.00000000 -0.56209862
vn 0.56209998 0.00000000 -0.82706929
vn -0.00000034 -1.00000000 -0.00000324
vn 0.09409995 0.00000000 -0.99556276
vn -0.00000432 -1.00000000 0.00000635
vn 0.38268520 0.00000000 -0.92387880
vn 0.00000228 -1.00000000 -0.00000095
vn 0.99556278 0.00000000 -0.09409970
vn 0.00000000 -1.00000000 0.00000000
vn 0.92387930 0.00000000 -0.38268399
vn 0.00000000 -1.00000000 0.00000000
vn -0.56209581 0.00000000 -0.82707213
vn -0.82707214 0.00000000 -0.56209579
vn 0.00001113 -1.00000000 -0.00000098
vn -0.99556273 0.00000000 -0.09410021
vn -0.00000014 -1.00000000 -0.00000096
vn -0.92387981 0.00000000 -0.38268275
vn 0.00000000 -1.00000000 0.00000000
vn -0.09410020 0.00000000 -0.99556273
vn -0.00000036 -1.00000000 -0.00000092
vn -0.38268269 0.00000000 -0.92387984
vn -0.40857806 0.86945886 -0.27767833
vn -0.56209581 0.00000000 -0.82707213
vn 0.00000000 1.00000000 0.00000000
vn -0.09410020 0.00000000 -0.99556273
vn 0.00000000 1.00000000 0.00000000
vn -0.38268269 0.00000000 -0.92387984
vn -0.00001113 1.00000000 0.00000098
vn -0.99556271 0.00000000 -0.09410045
vn -0.00000072 1.00000000 0.00000066
vn -0.92387966 0.00000000 -0.38268312
vn 0.00000000 1.00000000 0.00000000
vn 0.56209998 0.00000000 0.82706929
vn 0.82707021 0.00000000 0.56209862
vn 0.00000000 1.00000000 0.00000000
vn 0.09410003 0.00000000 0.99556275
vn 0.00000036 1.00000000 0.00000092
vn 0.38268502 0.00000000 0.92387888
vn -0.00001113 1.00000000 0.00000098
vn 0.99556278 0.00000000 0.09409964
vn 0.00000014 1.00000000 0.00000096
vn 0.92387938 0.00000000 0.38268381
vn 0.40857617 -0.86945951 0.27767908
vn 0.56209998 0.00000000 0.82706929
vn -0.00000551 -1.00000000 -0.00000105
vn 0.99556277 0.00000000 0.09409979
vn -0.00000041 -1.00000000 -0.00000067
vn 0.92387930 0.00000000 0.38268399
vn 0.00000000 -1.00000000 0.00000000
vn 0.09410003 0.00000000 0.99556275
vn 0.00000000 -1.00000000 0.00000000
vn 0.38268502 0.00000000 0.92387888
vn -0.00000037 1.00000000 0.00000180
vn -0.82707214 0.00000000 0.56209579
vn -0.56209581 0.00000000 0.82707213
vn -0.00000230 1.00000000 0.00000095
vn -0.99556273 0.00000000 0.09410027
vn 0.00000000 1.00000000 0.00000000
vn -0.92387974 0.00000000 0.38268294
vn -0.00000006 1.00000000 0.00000421
vn -0.09410003 0.00000000 0.99556275
vn -0.00000144 1.00000000 0.00000754
vn -0.38268287 0.00000000 0.92387976
vn -0.40857751 -0.86945967 0.27767663
vn -0.56209581 0.00000000 0.82707213
vn 0.00000004 -1.00000000 -0.00000112
vn -0.09410003 0.00000000 0.99556275
vn 0.00000000 -1.00000000 0.00000000
vn -0.38268269 0.00000000 0.92387984
vn -0.00000048 -1.00000000 -0.00000099
vn -0.99556272 0.00000000 0.09410033
vn -0.00000754 -1.00000000 0.00000144
vn -0.92387966 0.00000000 0.38268312
vn 0.40857758 0.86945904 -0.27767847
vn 0.56210175 0.00000000 -0.82706809
vn 0.00000000 1.00000000 0.00000000
vn 0.92387954 0.00000000 -0.38268341
vn 0.00000041 1.00000000 0.00000069
vn 0.99556277 0.00000000 -0.09409977
vn -0.00000144 1.00000000 0.00000754
vn 0.38268556 0.00000000 -0.92387865
vn 0.00000027 1.00000000 0.00000118
vn 0.09409974 0.00000000 -0.99556277
vn -0.00000432 -1.00000000 0.00000635
vn 0.38268593 0.00000000 -0.92387850
vn -0.00000005 -1.00000000 -0.00000078
vn 0.82707092 0.00000000 -0.56209758
vn 0.56210175 0.00000000 -0.82706809
vn -0.00000034 -1.00000000 -0.00000324
vn 0.09409984 0.00000000 -0.99556277
vn -0.00000036 -1.00000000 -0.00000092
vn -0.38268521 0.00000000 -0.92387879
vn 0.00000000 -1.00000000 0.00000000
vn 0.92387954 0.00000000 -0.38268341
vn 0.00000228 -1.00000000 -0.00000095
vn 0.99556278 0.00000000 -0.09409971
vn -0.00000041 -1.00000000 -0.00000067
vn 0.92387998 0.00000000 0.38268236
vn -0.00000034 -1.00000000 -0.00000071
vn -0.99556272 0.00000000 0.09410034
vn 0.00000000 -1.00000000 0.00000000
vn -0.92387950 0.00000000 0.38268352
vn -0.40857869 -0.86945846 0.27767868
vn -0.56209616 0.00000000 0.82707189
vn -0.00000024 -1.00000000 -0.00000126
vn -0.09410003 0.00000000 0.99556275
vn -0.00000014 -1.00000000 -0.00000096
vn -0.92387914 0.00000000 -0.38268439
vn 0.00001113 -1.00000000 -0.00000098
vn -0.99556279 0.00000000 -0.09409962
vn -0.00001113 1.00000000 0.00000098
vn -0.99556276 0.00000000 -0.09409987
vn -0.00000230 1.00000000 0.00000095
vn -0.99556272 0.00000000 0.09410028
vn -0.00000072 1.00000000 0.00000066
vn -0.92387898 0.00000000 -0.38268476
vn 0.00000000 1.00000000 0.00000000
vn -0.92387950 0.00000000 0.38268352
vn -0.00000037 1.00000000 0.00000180
vn -0.82707143 0.00000000 0.56209683
vn -0.56209616 0.00000000 0.82707189
vn -0.00000144 1.00000000 0.00000754
vn -0.38268307 0.00000000 0.92387968
vn -0.00000006 1.00000000 0.00000421
vn -0.09410003 0.00000000 0.99556275
vn 0.00000036 1.00000000 0.00000092
vn 0.38268341 0.00000000 0.92387954
vn 0.00000144 -1.00000000 -0.00000754
vn -0.38268270 0.00000000 0.92387984
vn 0.00000000 1.00000000 0.00000000
vn 0.09409974 0.00000000 0.99556277
vn 0.00000000 1.00000000 0.00000000
vn 0.56209758 0.00000000 0.82707092
vn 0.82707285 0.00000000 0.56209474
vn 0.00000014 1.00000000 0.00000096
vn 0.92388006 0.00000000 0.38268217
vn 0.00000000 -1.00000000 0.00000000
vn 0.38268341 0.00000000 0.92387954
vn 0.40857832 -0.86945893 0.27767774
vn 0.56209758 0.00000000 0.82707092
vn 0.00000000 -1.00000000 0.00000000
vn 0.09409974 0.00000000 0.99556277
vn -0.00001113 1.00000000 0.00000098
vn 0.99556273 0.00000000 0.09410019
vn -0.00000551 -1.00000000 -0.00000105
vn 0.99556272 0.00000000 0.09410035
vn -0.40857563 0.86945964 -0.27767947
vn -0.56210033 0.00000000 -0.82706905
vn 0.00000000 1.00000000 0.00000000
vn -0.38268521 0.00000000 -0.92387879
vn 0.00000000 1.00000000 0.00000000
vn -0.09410003 0.00000000 -0.99556275
vn 0.00000000 -1.00000000 0.00000000
vn -0.56210033 0.00000000 -0.82706905
vn -0.82706951 0.00000000 -0.56209966
vn 0.00000000 -1.00000000 0.00000000
vn -0.09410003 0.00000000 -0.99556275
vn 0.06776262 -0.68670483 -0.72377116
vn 0.06776281 0.68670388 -0.72377205
vn -0.00000011 -0.70711879 -0.70709477
vn 0.28566931 -0.66398209 -0.69102882
vn 0.28566944 0.66398193 -0.69102892
vn 0.40841251 0.86950880 -0.27776550
vn 0.56236790 0.00000000 -0.82688714
vn 0.27776251 -0.86950962 -0.40841279
vn 0.82688519 0.00000000 -0.56237077
vn 0.69103212 0.66397808 -0.28567065
vn 0.72376404 0.68671066 -0.06777967
vn 0.72376343 -0.68671138 -0.06777884
vn 0.72376343 0.68671138 0.06777884
vn 0.69102996 -0.66398120 -0.28566861
vn 0.69102993 0.66398124 0.28566862
vn 0.28566943 0.66398154 0.69102930
vn 0.28566947 -0.66398138 0.69102944
vn 0.06776177 0.68670451 0.72377155
vn 0.40841154 -0.86950956 0.27776454
vn 0.56237007 0.00000000 0.82688566
vn 0.27776338 0.86950982 0.40841177
vn 0.82688519 0.00000000 0.56237077
vn 0.00000011 0.70711872 0.70709484
vn -0.00000012 -0.70711847 0.70709509
vn -0.06776159 0.68670520 0.72377091
vn -0.28566801 0.66398196 0.69102948
vn -0.69102960 0.66398155 0.28566869
vn -0.27776132 0.86950941 -0.40841406
vn -0.82688667 0.00000000 -0.56236859
vn -0.06776283 0.68670403 -0.72377191
vn 0.00000012 0.70711855 -0.70709501
vn -0.06776279 -0.68670415 -0.72377180
vn -0.28566876 0.66398211 -0.69102903
vn -0.28566876 -0.66398211 -0.69102903
vn -0.40841305 -0.86950928 -0.27776318
vn -0.56236642 0.00000000 -0.82688815
vn -0.69102951 -0.66398168 -0.28566858
vn -0.69102678 0.66398450 -0.28566864
vn -0.72376352 0.68671112 -0.06778060
vn -0.72376363 -0.68671106 -0.06777999
vn -0.72376352 -0.68671113 0.06778047
vn -0.27776354 -0.86950832 0.40841487
vn -0.82688694 0.00000268 0.56236820
vn -0.69103182 -0.66397842 0.28567059
vn -0.40841304 0.86950925 0.27776329
vn -0.56236859 0.00000394 0.82688667
vn -0.28566780 -0.66398181 0.69102972
vn -0.06776191 -0.68670433 0.72377171
vn -0.72376340 0.68671138 0.06777920
vn 0.06776177 -0.68670435 0.72377170
vn 0.69102731 -0.66398394 0.28566867
vn 0.72376331 -0.68671145 0.06777946
vn 0.40857774 0.86945950 -0.27767679
vn 0.56209407 0.00000000 -0.82707331
vn 0.00000754 1.00000000 -0.00000144
vn 0.92387977 0.00000000 -0.38268286
vn 0.00000055 1.00000000 0.00000097
vn 0.99556275 0.00000000 -0.09410004
vn 0.00000000 1.00000000 0.00000000
vn 0.38268310 0.00000000 -0.92387967
vn -0.00000002 1.00000000 0.00000104
vn 0.09410152 0.00000000 -0.99556261
vn 0.00000144 -1.00000000 -0.00000754
vn 0.38268329 0.00000000 -0.92387959
vn 0.00000037 -1.00000000 -0.00000180
vn 0.82707214 0.00000000 -0.56209579
vn 0.56209407 0.00000000 -0.82707331
vn 0.00000006 -1.00000000 -0.00000421
vn 0.09410152 0.00000000 -0.99556261
vn -0.00000036 -1.00000000 -0.00000092
vn -0.38268596 0.00000000 -0.92387848
vn 0.00000000 -1.00000000 0.00000000
vn 0.92387985 0.00000000 -0.38268267
vn 0.00000230 -1.00000000 -0.00000095
vn 0.99556275 0.00000000 -0.09409998
vn 0.00000071 -1.00000000 -0.00000067
vn 0.92387966 0.00000000 0.38268312
vn -0.00000037 -1.00000000 -0.00000071
vn -0.99556244 0.00000000 0.09410333
vn 0.00000000 -1.00000000 0.00000000
vn -0.92387883 0.00000000 0.38268512
vn -0.40857948 -0.86945839 0.27767771
vn -0.56209758 0.00000000 0.82707092
vn -0.00000024 -1.00000000 -0.00000126
vn -0.09409974 0.00000000 0.99556277
vn -0.00000126 -1.00000000 -0.00000096
vn -0.92387828 0.00000000 -0.38268644
vn -0.00000551 -1.00000000 -0.00000105
vn -0.99556247 0.00000000 -0.09410298
vn 0.00000551 1.00000000 0.00000105
vn -0.99556246 0.00000000 -0.09410304
vn -0.00000228 1.00000000 0.00000095
vn -0.99556244 0.00000000 0.09410327
vn 0.00000040 1.00000000 0.00000067
vn -0.92387828 0.00000000 -0.38268644
vn 0.00000000 1.00000000 0.00000000
vn -0.92387883 0.00000000 0.38268512
vn 0.00000005 1.00000000 0.00000078
vn -0.82707285 0.00000000 0.56209474
vn -0.56209758 0.00000000 0.82707092
vn 0.00000432 1.00000000 -0.00000635
vn -0.38268360 0.00000000 0.92387946
vn 0.00000034 1.00000000 0.00000324
vn -0.09409984 0.00000000 0.99556277
vn 0.00000036 1.00000000 0.00000092
vn 0.38268288 0.00000000 0.92387976
vn 0.00000144 -1.00000000 -0.00000754
vn -0.38268323 0.00000000 0.92387962
vn 0.00000000 1.00000000 0.00000000
vn 0.09410003 0.00000000 0.99556275
vn 0.00000000 1.00000000 0.00000000
vn 0.56209616 0.00000000 0.82707189
vn 0.82707214 0.00000000 0.56209579
vn 0.00000014 1.00000000 0.00000096
vn 0.92387981 0.00000000 0.38268275
vn 0.00000000 -1.00000000 0.00000000
vn 0.38268288 0.00000000 0.92387976
vn 0.40857802 -0.86945889 0.27767829
vn 0.56209616 0.00000000 0.82707189
vn 0.00000000 -1.00000000 0.00000000
vn 0.09410003 0.00000000 0.99556275
vn -0.00001113 1.00000000 0.00000098
vn 0.99556273 0.00000000 0.09410021
vn 0.00001113 -1.00000000 -0.00000098
vn 0.99556271 0.00000000 0.09410045
vn -0.40857670 0.86945939 -0.27767869
vn -0.56209966 0.00000000 -0.82706951
vn 0.00000000 1.00000000 0.00000000
vn -0.38268596 0.00000000 -0.92387848
vn 0.00000000 1.00000000 0.00000000
vn -0.09410124 0.00000000 -0.99556263
vn 0.00000000 -1.00000000 0.00000000
vn -0.56209966 0.00000000 -0.82706951
vn -0.82707092 0.00000000 -0.56209758
vn 0.00000000 -1.00000000 0.00000000
vn -0.09410124 0.00000000 -0.99556263
vn 0.06776085 -0.68670485 -0.72377132
vn 0.06776104 0.68670468 -0.72377146
vn -0.00000010 -0.70711868 -0.70709488
vn 0.28566891 -0.66398102 -0.69103001
vn 0.28566891 0.66398102 -0.69103001
vn 0.40841177 0.86950982 -0.27776338
vn 0.56237077 0.00000000 -0.82688519
vn 0.27776372 -0.86950982 -0.40841154
vn 0.82688566 0.00000000 -0.56237007
vn 0.69102944 0.66398138 -0.28566947
vn 0.72376469 0.68670989 -0.06778049
vn 0.72376362 -0.68671107 -0.06778002
vn 0.72376365 0.68671105 0.06777996
vn 0.69102941 -0.66398147 -0.28566931
vn 0.69102952 0.66398197 0.28566792
vn 0.28566897 0.66398216 0.69102889
vn 0.28566876 -0.66398211 0.69102903
vn 0.06776326 0.68671029 0.72376593
vn 0.40841392 -0.86950898 0.27776287
vn 0.56236642 0.00000000 0.82688815
vn 0.27776225 0.86950914 0.40841398
vn 0.82688767 0.00000000 0.56236712
vn -0.00000013 0.70711875 0.70709481
vn -0.00000036 -0.70711835 0.70709521
vn -0.06776213 0.68670752 0.72376867
vn -0.28566652 0.66398179 0.69103026
vn -0.69102996 0.66398138 0.28566820
vn -0.27776307 0.86950974 -0.40841216
vn -0.82688419 0.00000000 -0.56237224
vn -0.06776122 0.68670463 -0.72377149
vn 0.00000012 0.70711839 -0.70709517
vn -0.06776135 -0.68670407 -0.72377201
vn -0.28566851 0.66398128 -0.69102993
vn -0.28566864 -0.66398112 -0.69103002
vn -0.40841095 -0.86950989 -0.27776439
vn -0.56236929 0.00000000 -0.82688620
vn -0.69103001 -0.66398084 -0.28566934
vn -0.69102996 0.66398082 -0.28566950
vn -0.72376474 0.68670995 -0.06777935
vn -0.72376343 -0.68671138 -0.06777884
vn -0.72376500 -0.68670962 0.06777995
vn -0.27776165 -0.86950903 0.40841464
vn -0.82688620 0.00000000 0.56236929
vn -0.69102993 -0.66398128 0.28566851
vn -0.40841293 0.86950921 0.27776360
vn -0.56236494 0.00000000 0.82688915
vn -0.28566731 -0.66398180 0.69102992
vn -0.06776354 -0.68670042 0.72377527
vn -0.72376317 0.68671171 0.06777840
vn 0.06776272 -0.68670404 0.72377191
vn 0.69102966 -0.66398173 0.28566812
vn 0.72376496 -0.68670961 0.06778047
vn -0.86945805 0.40857918 -0.27767922
vn 0.00000000 0.56209616 -0.82707189
vn 0.00000000 0.92387956 -0.38268336
vn -1.00000000 0.00000000 0.00000000
vn 0.00000000 0.99556281 -0.09409938
vn -1.00000000 0.00000127 0.00000097
vn 0.00000000 0.38268390 -0.92387934
vn -1.00000000 -0.00000288 0.00001509
vn 0.00000000 0.09410134 -0.99556262
vn -1.00000000 0.00000082 0.00000197
vn 0.00000000 0.38268464 -0.92387903
vn 1.00000000 0.00000288 -0.00001509
vn 0.00000000 0.82707047 -0.56209825
vn 0.00000000 0.56209616 -0.82707189
vn 1.00000000 0.00000034 -0.00000312
vn 0.00000000 0.09410136 -0.99556262
vn 1.00000000 -0.00000018 -0.00000769
vn 0.00000000 -0.38268245 -0.92387994
vn 1.00000000 -0.00000077 -0.00000149
vn 0.00000000 0.92387956 -0.38268336
vn 1.00000000 0.00000000 0.00000000
vn 0.00000000 0.99556282 -0.09409929
vn 1.00000000 0.00000334 -0.00000139
vn 0.00000038 0.92387962 0.38268322
vn 1.00000000 -0.00000090 -0.00000109
vn 0.00000000 -0.99556275 0.09410000
vn 1.00000000 0.00000074 -0.00000242
vn 0.00000000 -0.92387890 0.38268495
vn 1.00000000 0.00001270 -0.00000863
vn 0.86946124 -0.40857431 0.27767641
vn 0.00000000 -0.56210033 0.82706905
vn 0.00000000 -0.09409984 0.99556277
vn 1.00000000 -0.00000014 -0.00000204
vn 0.00000000 -0.92387976 -0.38268289
vn 1.00000000 0.00000039 -0.00000140
vn 0.00000000 -0.99556277 -0.09409977
vn 1.00000000 0.00002521 -0.00000140
vn 0.00000000 -0.99556273 -0.09410022
vn -1.00000000 -0.00002521 0.00000140
vn 0.00000000 -0.99556278 0.09409974
vn -1.00000000 -0.00000339 0.00000139
vn 0.00000000 -0.92387945 -0.38268363
vn -1.00000000 -0.00000138 0.00000106
vn 0.00000000 -0.92387906 0.38268458
vn -1.00000000 0.00000000 0.00000000
vn 0.00000000 -0.82706951 0.56209966
vn 0.00000000 -0.56210033 0.82706905
vn -1.00000000 -0.00000035 0.00000313
vn 0.00000000 -0.38268559 0.92387864
vn -1.00000000 -0.00000288 0.00001509
vn 0.00000000 -0.09409987 0.99556276
vn -1.00000000 0.00000018 0.00000769
vn 0.00000026 0.38268276 0.92387981
vn -1.00000000 0.00000078 0.00000150
vn 0.00000000 -0.38268521 0.92387879
vn 1.00000000 0.00000000 0.00000000
vn 0.00000000 0.09410019 0.99556273
vn -1.00000000 0.00000035 0.00000184
vn 0.00000168 0.56209545 0.82707237
vn 0.00000172 0.82707236 0.56209547
vn -1.00000000 0.00000000 0.00000000
vn 0.00000000 0.92387969 0.38268305
vn -1.00000000 0.00000185 0.00000141
vn 0.00000000 0.38268288 0.92387976
vn 1.00000000 -0.00000031 -0.00000041
vn 0.00000117 0.56209566 0.82707222
vn 0.86945942 0.40857725 0.27767778
vn 0.00000000 0.09410021 0.99556273
vn 1.00000000 -0.00000035 -0.00000184
vn 0.00000000 0.99556266 0.09410096
vn -1.00000000 0.00000809 0.00000154
vn 0.00000000 0.99556265 0.09410105
vn 1.00000000 -0.00000809 -0.00000154
vn 0.00000000 -0.56210033 -0.82706905
vn -0.86945938 -0.40857696 -0.27767833
vn 0.00000000 -0.38268245 -0.92387994
vn -1.00000000 0.00000031 0.00000041
vn 0.00000000 -0.09409723 -0.99556301
vn -1.00000000 0.00000035 0.00000184
vn 0.00000000 -0.56210033 -0.82706905
vn 0.00000000 -0.82707143 -0.56209683
vn 1.00000000 0.00000000 0.00000000
vn 0.00000000 -0.09409721 -0.99556301
vn 1.00000000 -0.00000035 -0.00000184
vn -0.86945948 0.40857823 -0.27767614
vn 0.00000000 0.56209478 -0.82707282
vn 0.00000000 0.92387950 -0.38268352
vn -1.00000000 -0.00001270 0.00000863
vn 0.00000000 0.99556279 -0.09409956
vn -1.00000000 0.00000208 0.00000207
vn 0.00000000 0.38268451 -0.92387909
vn -1.00000000 -0.00000288 0.00001509
vn 0.00000000 0.09410274 -0.99556249
vn -1.00000000 0.00000119 0.00000255
vn 0.00000000 0.38268525 -0.92387878
vn 1.00000000 0.00000288 -0.00001509
vn 0.00000000 0.82707072 -0.56209787
vn 0.00000000 0.56209478 -0.82707282
vn 1.00000000 0.00000034 -0.00000316
vn 0.00000000 0.09410276 -0.99556249
vn 1.00000000 -0.00000018 -0.00000769
vn 0.00000000 -0.38268128 -0.92388042
vn 1.00000000 -0.00000077 -0.00000149
vn 0.00000000 0.92387965 -0.38268315
vn 1.00000000 0.00000000 0.00000000
vn 0.00000000 0.99556282 -0.09409929
vn 1.00000000 0.00000369 -0.00000152
vn 0.00000038 0.92387947 0.38268360
vn 1.00000000 0.00000105 -0.00000123
vn 0.00000000 -0.99556275 0.09410000
vn 1.00000000 0.00000056 -0.00000240
vn 0.00000000 -0.92387890 0.38268495
vn 1.00000000 0.00001270 -0.00000863
vn 0.86946124 -0.40857431 0.27767641
vn 0.00000000 -0.56210033 0.82706905
vn 0.00000000 -0.09409983 0.99556277
vn 1.00000000 -0.00000037 -0.00000183
vn 0.00000000 -0.92387976 -0.38268289
vn 1.00000000 0.00000039 -0.00000140
vn 0.00000000 -0.99556277 -0.09409977
vn 1.00000000 0.00002521 -0.00000140
vn 0.00000000 -0.99556273 -0.09410022
vn -1.00000000 -0.00002521 0.00000140
vn 0.00000000 -0.99556279 0.09409955
vn -1.00000000 0.00000322 0.00000202
vn 0.00000000 -0.92387945 -0.38268363
vn -1.00000000 -0.00000133 0.00000114
vn 0.00000000 -0.92387921 0.38268421
vn -1.00000000 -0.00001270 0.00000863
vn 0.00000000 -0.82706951 0.56209966
vn 0.00000000 -0.56210033 0.82706905
vn -1.00000000 -0.00000011 0.00000163
vn 0.00000000 -0.38268521 0.92387879
vn -1.00000000 0.00000000 0.00000000
vn 0.00000000 -0.09409987 0.99556276
vn -1.00000000 0.00000030 -0.00000072
vn 0.00000026 0.38268237 0.92387997
vn -1.00000000 0.00000062 0.00000136
vn 0.00000000 -0.38268521 0.92387879
vn 1.00000000 0.00000000 0.00000000
vn 0.00000000 0.09410019 0.99556273
vn -1.00000000 0.00000035 0.00000184
vn 0.00000168 0.56209474 0.82707285
vn 0.00000172 0.82707236 0.56209547
vn -1.00000000 0.00000000 0.00000000
vn 0.00000000 0.92387969 0.38268305
vn -1.00000000 0.00000169 0.00000128
vn 0.00000000 0.38268249 0.92387992
vn 1.00000000 -0.00000063 -0.00000082
vn 0.00000117 0.56209496 0.82707271
vn 0.86945935 0.40857735 0.27767784
vn 0.00000000 0.09410022 0.99556273
vn 1.00000000 -0.00000070 -0.00000368
vn 0.00000000 0.99556266 0.09410097
vn -1.00000000 0.00000735 0.00000140
vn 0.00000000 0.99556263 0.09410124
vn 1.00000000 0.00002447 -0.00000154
vn 0.00000000 -0.56209825 -0.82707047
vn -0.86945919 -0.40857724 -0.27767852
vn 0.00000000 -0.38268128 -0.92388042
vn -1.00000000 0.00000031 0.00000041
vn 0.00000000 -0.09409732 -0.99556300
vn -1.00000000 0.00000035 0.00000184
vn 0.00000000 -0.56209825 -0.82707047
vn 0.00000000 -0.82707143 -0.56209683
vn 1.00000000 0.00000000 0.00000000
vn 0.00000000 -0.09409730 -0.99556301
vn 1.00000000 -0.00000035 -0.00000184
vn 0.68670485 0.06776085 -0.72377132
vn -0.68670479 0.06776068 -0.72377139
vn 0.70711873 0.00000059 -0.70709484
vn 0.66398278 0.28566903 -0.69102828
vn -0.66398111 0.28566857 -0.69103007
vn 0.00000000 0.56237003 -0.82688569
vn -0.86950985 0.40841136 -0.27776388
vn 0.86950299 0.27777469 -0.40841862
vn 0.00000000 0.82688493 -0.56237116
vn -0.66398110 0.69102970 -0.28566948
vn -0.68670999 0.72376465 -0.06777995
vn 0.68671155 0.72376322 -0.06777933
vn -0.68671127 0.72376340 0.06778034
vn 0.66398084 0.69103020 -0.28566890
vn -0.66398216 0.69102921 0.28566821
vn -0.66398239 0.28566852 0.69102885
vn 0.66397628 0.28567243 0.69103312
vn -0.68670552 0.06776244 0.72377053
vn 0.86950771 0.40841619 0.27776348
vn 0.00000000 0.56236642 0.82688815
vn 0.00000000 0.82688767 0.56236712
vn -0.86950914 0.27776225 0.40841398
vn -0.70711883 -0.00000042 0.70709473
vn 0.70711839 0.00000025 0.70709518
vn -0.68670271 -0.06776335 0.72377311
vn -0.66398185 -0.28566921 0.69102909
vn -0.66398180 -0.69102952 0.28566828
vn -0.86950888 -0.27776254 -0.40841435
vn 0.00000000 -0.82688767 -0.56236712
vn -0.68670385 -0.06776306 -0.72377205
vn -0.70711839 -0.00000025 -0.70709518
vn 0.68670552 -0.06776244 -0.72377053
vn -0.66398211 -0.28566876 -0.69102903
vn 0.66398242 -0.28566850 -0.69102883
vn 0.00000000 -0.56236642 -0.82688815
vn 0.86950914 -0.40841375 -0.27776259
vn 0.66398203 -0.69102947 -0.28566787
vn -0.66398173 -0.69102966 -0.28566812
vn -0.68670948 -0.72376508 -0.06778059
vn 0.68671139 -0.72376333 -0.06777990
vn 0.68670935 -0.72376515 0.06778102
vn 0.00000000 -0.82688767 0.56236712
vn 0.86950902 -0.27776234 0.40841419
vn 0.66398184 -0.69102940 0.28566848
vn -0.86950914 -0.40841375 0.27776259
vn 0.00000000 -0.56236642 0.82688815
vn 0.66398216 -0.28566895 0.69102890
vn 0.68670406 -0.06776284 0.72377188
vn -0.68671127 -0.72376340 0.06778034
vn 0.68670432 0.06776395 0.72377153
vn 0.66398184 0.69102940 0.28566848
vn 0.68670935 0.72376515 0.06778102
vn 0.68670347 0.06776120 -0.72377259
vn -0.68670479 0.06776068 -0.72377139
vn 0.70711875 0.00000040 -0.70709481
vn 0.66398246 0.28566929 -0.69102847
vn -0.66398111 0.28566857 -0.69103007
vn 0.00000000 0.56237003 -0.82688569
vn -0.86950975 0.40841187 -0.27776345
vn 0.86950289 0.27777479 -0.40841877
vn 0.00000000 0.82688566 -0.56237007
vn -0.66398138 0.69102944 -0.28566947
vn -0.68670982 0.72376475 -0.06778053
vn 0.68671139 0.72376333 -0.06777990
vn -0.68671139 0.72376333 0.06777990
vn 0.66398095 0.69103008 -0.28566889
vn -0.66398205 0.69102947 0.28566785
vn -0.66398183 0.28566635 0.69103030
vn 0.66397568 0.28567128 0.69103416
vn -0.68669535 0.06776076 0.72378034
vn 0.86950771 0.40841619 0.27776348
vn 0.00000000 0.56236642 0.82688815
vn 0.00000000 0.82688767 0.56236712
vn -0.86950914 0.27776225 0.40841398
vn -0.70711875 -0.00000017 0.70709481
vn 0.70711839 0.00000073 0.70709517
vn -0.68670271 -0.06776335 0.72377311
vn -0.66398185 -0.28566921 0.69102909
vn -0.66398302 -0.69102889 0.28566696
vn -0.86950955 -0.27776402 -0.40841190
vn 0.00000000 -0.82688566 -0.56237007
vn -0.68670452 -0.06776123 -0.72377159
vn -0.70711831 -0.00000050 -0.70709525
vn 0.68670481 -0.06776096 -0.72377134
vn -0.66398105 -0.28566900 -0.69102994
vn 0.66398105 -0.28566900 -0.69102994
vn 0.00000000 -0.56237077 -0.82688519
vn 0.86950982 -0.40841177 -0.27776338
vn 0.66398144 -0.69102942 -0.28566936
vn -0.66398138 -0.69102944 -0.28566947
vn -0.68670948 -0.72376508 -0.06778059
vn 0.68671072 -0.72376394 -0.06778007
vn 0.68670979 -0.72376483 0.06778000
vn 0.00000000 -0.82688620 0.56236929
vn 0.86950925 -0.27776214 0.40841383
vn 0.66397979 -0.69103162 0.28566788
vn -0.86950932 -0.40841303 0.27776309
vn 0.00000000 -0.56236642 0.82688815
vn 0.66398216 -0.28566895 0.69102890
vn 0.68670406 -0.06776284 0.72377188
vn -0.68671139 -0.72376333 0.06777990
vn 0.68670078 0.06776447 0.72377484
vn 0.66398173 0.69102966 0.28566812
vn 0.68670948 0.72376508 0.06778059
vn 0.68670488 0.06776074 -0.72377130
vn -0.68670457 0.06775986 -0.72377167
vn 0.70711865 0.00000034 -0.70709491
vn 0.66398266 0.28566927 -0.69102829
vn -0.66397511 0.28566912 -0.69103561
vn 0.00000000 0.56237077 -0.82688519
vn -0.86951113 0.40840834 -0.27776434
vn 0.86950316 0.27777489 -0.40841813
vn 0.00000000 0.82688419 -0.56237224
vn -0.66398052 0.69103065 -0.28566853
vn -0.68671140 0.72376349 -0.06777810
vn 0.68671204 0.72376292 -0.06777761
vn -0.68671093 0.72376382 0.06777936
vn 0.66398026 0.69103115 -0.28566795
vn -0.66398144 0.69102983 0.28566838
vn -0.66398220 0.28566917 0.69102878
vn 0.66397610 0.28567310 0.69103301
vn -0.68670560 0.06776269 0.72377044
vn 0.86950805 0.40841497 0.27776422
vn 0.00000000 0.56236790 0.82688714
vn 0.00000000 0.82688620 0.56236929
vn -0.86950948 0.27776264 0.40841299
vn -0.70711867 -0.00000042 0.70709489
vn 0.70711823 0.00000025 0.70709533
vn -0.68670285 -0.06776338 0.72377298
vn -0.66398162 -0.28566971 0.69102911
vn -0.66398199 -0.69102909 0.28566889
vn -0.86950969 -0.27776461 -0.40841121
vn 0.00000000 -0.82688566 -0.56237007
vn -0.68670458 -0.06776101 -0.72377155
vn -0.70711831 -0.00000050 -0.70709525
vn 0.68670625 -0.06776039 -0.72377003
vn -0.66398082 -0.28566950 -0.69102996
vn 0.66398114 -0.28566923 -0.69102977
vn 0.00000000 -0.56237224 -0.82688419
vn 0.86950996 -0.40841157 -0.27776324
vn 0.66398198 -0.69102856 -0.28567019
vn -0.66398168 -0.69102875 -0.28567043
vn -0.68670915 -0.72376528 -0.06778174
vn 0.68671106 -0.72376353 -0.06778105
vn 0.68670915 -0.72376528 0.06778174
vn 0.00000000 -0.82688767 0.56236712
vn 0.86950916 -0.27776293 0.40841350
vn 0.66398203 -0.69102898 0.28566908
vn -0.86950928 -0.40841355 0.27776245
vn 0.00000000 -0.56236790 0.82688714
vn 0.66398193 -0.28566944 0.69102892
vn 0.68670419 -0.06776287 0.72377175
vn -0.68671106 -0.72376353 0.06778105
vn 0.68670440 0.06776420 0.72377143
vn 0.66398128 0.69102993 0.28566851
vn 0.68670968 0.72376495 0.06777987
vn 0.68670344 0.06776131 -0.72377261
vn -0.68670476 0.06776079 -0.72377141
vn 0.70711878 0.00000035 -0.70709478
vn 0.66398258 0.28566904 -0.69102846
vn -0.66398123 0.28566833 -0.69103006
vn 0.00000000 0.56236929 -0.82688620
vn -0.86950989 0.40841095 -0.27776439
vn 0.86950302 0.27777429 -0.40841882
vn 0.00000000 0.82688419 -0.56237224
vn -0.66398052 0.69103065 -0.28566853
vn -0.68671048 0.72376435 -0.06777823
vn 0.68671204 0.72376292 -0.06777761
vn -0.68671172 0.72376312 0.06777876
vn 0.66398010 0.69103129 -0.28566796
vn -0.66398149 0.69102999 0.28566788
vn -0.66398222 0.28566920 0.69102874
vn 0.66397610 0.28567310 0.69103301
vn -0.68670552 0.06776244 0.72377053
vn 0.86950805 0.40841497 0.27776422
vn 0.00000000 0.56236790 0.82688714
vn 0.00000000 0.82688620 0.56236929
vn -0.86950948 0.27776264 0.40841299
vn -0.70711883 -0.00000042 0.70709473
vn 0.70711855 0.00000025 0.70709502
vn -0.68670277 -0.06776314 0.72377307
vn -0.66398162 -0.28566971 0.69102911
vn -0.66398143 -0.69102961 0.28566891
vn -0.86950908 -0.27776449 -0.40841260
vn 0.00000000 -0.82688915 -0.56236494
vn -0.68670458 -0.06776101 -0.72377155
vn -0.70711831 -0.00000050 -0.70709525
vn 0.68670488 -0.06776074 -0.72377130
vn -0.66398100 -0.28566882 -0.69103007
vn 0.66398100 -0.28566882 -0.69103007
vn 0.00000000 -0.56237077 -0.82688519
vn 0.86950935 -0.40841419 -0.27776132
vn 0.66398253 -0.69102884 -0.28566823
vn -0.66398240 -0.69102888 -0.28566845
vn -0.68670903 -0.72376536 -0.06778217
vn 0.68671094 -0.72376361 -0.06778149
vn 0.68670948 -0.72376508 0.06778059
vn 0.00000000 -0.82688620 0.56236929
vn 0.86950929 -0.27776283 0.40841328
vn 0.66398147 -0.69102950 0.28566911
vn -0.86950948 -0.40841253 0.27776333
vn 0.00000000 -0.56236790 0.82688714
vn 0.66398193 -0.28566944 0.69102892
vn 0.68670399 -0.06776284 0.72377195
vn -0.68671139 -0.72376333 0.06777990
vn 0.68670423 0.06776420 0.72377159
vn 0.66398117 0.69103019 0.28566814
vn 0.68670980 0.72376487 0.06777944
vn -0.86946010 0.40857698 -0.27767604
vn 0.00000000 0.56210041 -0.82706900
vn 0.00000000 0.92387897 -0.38268479
vn -1.00000000 -0.00001270 0.00000863
vn 0.00000000 0.99556272 -0.09410032
vn -1.00000000 0.00000193 0.00000217
vn 0.00000000 0.38268548 -0.92387868
vn -1.00000000 -0.00000288 0.00001509
vn 0.00000000 0.09410048 -0.99556270
vn -1.00000000 0.00000119 0.00000260
vn 0.00000000 0.38268585 -0.92387853
vn 1.00000000 0.00000000 0.00000000
vn 0.00000000 0.82707001 -0.56209892
vn 0.00000000 0.56210041 -0.82706900
vn 1.00000000 0.00000010 -0.00000090
vn 0.00000000 0.09410051 -0.99556270
vn 1.00000000 -0.00000060 0.00000144
vn 0.00000000 -0.38268374 -0.92387941
vn 1.00000000 -0.00000080 -0.00000149
vn 0.00000000 0.92387912 -0.38268442
vn 1.00000000 0.00000000 0.00000000
vn 0.00000000 0.99556275 -0.09410005
vn 1.00000000 0.00000369 -0.00000152
vn 0.00000000 0.92387982 0.38268273
vn 1.00000000 0.00000114 -0.00000126
vn 0.00000000 -0.99556275 0.09410004
vn 1.00000000 0.00000005 -0.00000280
vn 0.00000000 -0.92387842 0.38268611
vn 1.00000000 0.00001270 -0.00000863
vn 0.86945980 -0.40857588 0.27767862
vn 0.00000000 -0.56210175 0.82706809
vn -0.00000078 -0.09410026 0.99556273
vn 1.00000000 -0.00000141 -0.00000264
vn 0.00000000 -0.92387980 -0.38268278
vn 1.00000000 0.00000039 -0.00000140
vn 0.00000000 -0.99556275 -0.09410002
vn 1.00000000 0.00002521 -0.00000140
vn 0.00000000 -0.99556271 -0.09410047
vn -1.00000000 -0.00002521 0.00000140
vn 0.00000000 -0.99556279 0.09409959
vn -1.00000000 0.00000322 0.00000202
vn 0.00000000 -0.92387950 -0.38268352
vn -1.00000000 -0.00000133 0.00000114
vn 0.00000000 -0.92387873 0.38268537
vn -1.00000000 -0.00001270 0.00000863
vn 0.00000000 -0.82706809 0.56210175
vn 0.00000000 -0.56210175 0.82706809
vn -1.00000000 -0.00000018 0.00000385
vn -0.00000034 -0.38268648 0.92387827
vn -1.00000000 -0.00000288 0.00001509
vn -0.00000112 -0.09409887 0.99556286
vn -1.00000000 0.00000018 0.00000769
vn 0.00000000 0.38268236 0.92387998
vn -1.00000000 0.00000082 0.00000157
vn 0.00000000 -0.38268590 0.92387851
vn 1.00000000 -0.00000863 0.00001270
vn 0.00000078 0.09410079 0.99556268
vn -1.00000000 0.00000035 0.00000184
vn 0.00000000 0.56209474 0.82707285
vn 0.00000000 0.82707285 0.56209474
vn -1.00000000 0.00000000 0.00000000
vn 0.00000000 0.92388013 0.38268198
vn -1.00000000 -0.00000039 0.00000140
vn 0.00000034 0.38268220 0.92388004
vn 1.00000000 -0.00000031 -0.00000041
vn 0.00000000 0.56209474 0.82707285
vn 0.86945867 0.40857870 0.27767800
vn 0.00000112 0.09409922 0.99556282
vn 1.00000000 -0.00000035 -0.00000184
vn 0.00000000 0.99556275 0.09410002
vn -1.00000000 -0.00002521 0.00000140
vn 0.00000000 0.99556271 0.09410047
vn 1.00000000 0.00002447 -0.00000154
vn 0.00000000 -0.56209474 -0.82707285
vn -0.86945880 -0.40857803 -0.27767857
vn 0.00000000 -0.38268374 -0.92387941
vn -1.00000000 0.00000031 0.00000041
vn 0.00000000 -0.09410199 -0.99556256
vn -1.00000000 0.00000035 0.00000184
vn 0.00000000 -0.56209474 -0.82707285
vn 0.00000000 -0.82707189 -0.56209616
vn 1.00000000 0.00000000 0.00000000
vn 0.00000000 -0.09410196 -0.99556257
vn 1.00000000 -0.00000070 -0.00000368
vn -0.86946156 0.40857314 -0.27767712
vn 0.00000000 0.56210175 -0.82706809
vn 0.00000000 0.92387831 -0.38268638
vn -1.00000000 -0.00001270 0.00000863
vn 0.00000000 0.99556273 -0.09410025
vn -1.00000000 -0.00000042 0.00000233
vn 0.00000000 0.38268383 -0.92387937
vn -1.00000000 0.00000000 0.00000000
vn 0.00000000 0.09409767 -0.99556297
vn -1.00000000 0.00000025 0.00000169
vn 0.00000000 0.38268383 -0.92387937
vn 1.00000000 0.00000000 0.00000000
vn 0.00000000 0.82706809 -0.56210175
vn 0.00000000 0.56210175 -0.82706809
vn 1.00000000 0.00000031 -0.00000100
vn 0.00000000 0.09409769 -0.99556297
vn 1.00000000 -0.00000030 0.00000072
vn 0.00000000 -0.38268554 -0.92387866
vn 1.00000000 -0.00000059 -0.00000137
vn 0.00000000 0.92387847 -0.38268601
vn 1.00000000 0.00000000 0.00000000
vn 0.00000000 0.99556275 -0.09409998
vn 1.00000000 0.00000369 -0.00000152
vn 0.00000000 0.92387964 0.38268317
vn 1.00000000 0.00000130 -0.00000116
vn 0.00000000 -0.99556277 0.09409979
vn 1.00000000 -0.00000091 -0.00000110
vn 0.00000000 -0.92387858 0.38268574
vn 1.00000000 0.00000000 0.00000000
vn 0.86945794 -0.40857758 0.27768194
vn 0.00000000 -0.56209892 0.82707001
vn 0.00000000 -0.09409995 0.99556276
vn 1.00000000 -0.00000150 -0.00000039
vn 0.00000000 -0.92387914 -0.38268438
vn 1.00000000 -0.00000185 -0.00000141
vn 0.00000000 -0.99556244 -0.09410325
vn 1.00000000 -0.00000809 -0.00000154
vn 0.00000000 -0.99556243 -0.09410334
vn -1.00000000 0.00000809 0.00000154
vn 0.00000000 -0.99556278 0.09409970
vn -1.00000000 -0.00000334 0.00000139
vn 0.00000000 -0.92387914 -0.38268438
vn -1.00000000 0.00000086 0.00000107
vn 0.00000000 -0.92387858 0.38268574
vn -1.00000000 0.00000000 0.00000000
vn 0.00000000 -0.82706809 0.56210175
vn 0.00000000 -0.56209892 0.82707001
vn -1.00000000 -0.00000035 0.00000313
vn 0.00000000 -0.38268506 0.92387886
vn -1.00000000 -0.00000288 0.00001509
vn 0.00000000 -0.09410015 0.99556274
vn -1.00000000 0.00000018 0.00000769
vn 0.00000000 0.38268183 0.92388020
vn -1.00000000 0.00000078 0.00000150
vn 0.00000000 -0.38268432 0.92387917
vn 1.00000000 -0.00000863 0.00001270
vn 0.00000000 0.09409991 0.99556276
vn -1.00000000 0.00000035 0.00000184
vn 0.00000000 0.56209474 0.82707285
vn 0.00000000 0.82707569 0.56209057
vn -1.00000000 0.00000000 0.00000000
vn 0.00000000 0.92387995 0.38268242
vn -1.00000000 -0.00000039 0.00000140
vn 0.00000000 0.38268183 0.92388020
vn 1.00000000 -0.00000031 -0.00000041
vn 0.00000000 0.56209474 0.82707285
vn 0.86945828 0.40858066 0.27767633
vn 0.00000000 0.09409993 0.99556276
vn 1.00000000 -0.00000035 -0.00000184
vn 0.00000000 0.99556246 0.09410307
vn -1.00000000 -0.00002521 0.00000140
vn 0.00000000 0.99556242 0.09410353
vn 1.00000000 0.00002447 -0.00000154
vn 0.00000000 -0.56209892 -0.82707001
vn -0.86945893 -0.40857876 -0.27767708
vn 0.00000000 -0.38268554 -0.92387866
vn -1.00000000 0.00000031 0.00000041
vn 0.00000000 -0.09410125 -0.99556263
vn -1.00000000 0.00000035 0.00000184
vn 0.00000000 -0.56209892 -0.82707001
vn 0.00000000 -0.82707376 -0.56209341
vn 1.00000000 0.00000000 0.00000000
vn 0.00000000 -0.09410123 -0.99556263
vn 1.00000000 -0.00000035 -0.00000184
vn 0.68670338 0.06776152 -0.72377265
vn -0.68670432 0.06776053 -0.72377185
vn 0.70711868 0.00000041 -0.70709488
vn 0.66398131 0.28566742 -0.69103035
vn -0.66397574 0.28566745 -0.69103569
vn 0.00000000 0.56236633 -0.82688821
vn -0.86951031 0.40841099 -0.27776300
vn 0.86950921 0.27776214 -0.40841392
vn 0.00000000 0.82688714 -0.56236790
vn -0.66398133 0.69103029 -0.28566751
vn -0.68671092 0.72376383 -0.06777927
vn 0.68671168 0.72376317 -0.06777864
vn -0.68671163 0.72376315 0.06777931
vn 0.66398130 0.69103041 -0.28566731
vn -0.66398160 0.69102973 0.28566824
vn -0.66398220 0.28566855 0.69102903
vn 0.66398182 0.28566907 0.69102918
vn -0.68669198 0.06776141 0.72378347
vn 0.86950926 0.40841275 0.27776370
vn 0.00000000 0.56236790 0.82688714
vn 0.00000000 0.82688620 0.56236929
vn -0.86950948 0.27776264 0.40841299
vn -0.70711887 -0.00000036 0.70709469
vn 0.70711847 0.00000050 0.70709510
vn -0.68670277 -0.06776314 0.72377307
vn -0.66398196 -0.28566835 0.69102934
vn -0.66398287 -0.69102933 0.28566627
vn -0.86950894 -0.27776390 -0.40841329
vn 0.00000000 -0.82688915 -0.56236494
vn -0.68670446 -0.06776145 -0.72377163
vn -0.70711839 -0.00000025 -0.70709518
vn 0.68670613 -0.06776083 -0.72377011
vn -0.66398128 -0.28566851 -0.69102993
vn 0.66398160 -0.28566824 -0.69102973
vn 0.00000000 -0.56236929 -0.82688620
vn 0.86950921 -0.40841438 -0.27776145
vn 0.66398270 -0.69102869 -0.28566821
vn -0.66398240 -0.69102888 -0.28566845
vn -0.68670903 -0.72376536 -0.06778217
vn 0.68671094 -0.72376361 -0.06778149
vn 0.68670903 -0.72376536 0.06778217
vn 0.00000000 -0.82689211 0.56236060
vn 0.86950828 -0.27776234 0.40841577
vn 0.66398291 -0.69102921 0.28566646
vn -0.86950840 -0.40841702 0.27776011
vn 0.00000000 -0.56236494 0.82688915
vn 0.66398228 -0.28566809 0.69102914
vn 0.68670412 -0.06776262 0.72377184
vn -0.68671094 -0.72376361 0.06778149
vn 0.68670399 0.06776264 0.72377196
vn 0.66398128 0.69102993 0.28566851
vn 0.68670972 0.72376490 0.06777999
vn 0.68670350 0.06776109 -0.72377257
vn -0.68670453 0.06775984 -0.72377171
vn 0.70711865 0.00000036 -0.70709491
vn 0.66398050 0.28566976 -0.69103016
vn -0.66397493 0.28566979 -0.69103550
vn 0.00000000 0.56237224 -0.82688419
vn -0.86951086 0.40841019 -0.27776245
vn 0.86950976 0.27776452 -0.40841113
vn 0.00000000 0.82688714 -0.56236790
vn -0.66398133 0.69103029 -0.28566751
vn -0.68671095 0.72376379 -0.06777939
vn 0.68671172 0.72376312 -0.06777876
vn -0.68671159 0.72376320 0.06777919
vn 0.66398124 0.69103043 -0.28566739
vn -0.66398211 0.69103006 0.28566625
vn -0.66398278 0.28566734 0.69102897
vn 0.66397645 0.28567175 0.69103323
vn -0.68669323 0.06776150 0.72378228
vn 0.86950737 0.40841741 0.27776275
vn 0.00000000 0.56236494 0.82688915
vn 0.00000000 0.82688915 0.56236494
vn -0.86950881 0.27776185 0.40841497
vn -0.70711873 -0.00000039 0.70709483
vn 0.70711839 0.00000025 0.70709518
vn -0.68670402 -0.06776322 0.72377188
vn -0.66398240 -0.28566845 0.69102888
vn -0.66398241 -0.69102910 0.28566787
vn -0.86950942 -0.27776339 -0.40841263
vn 0.00000000 -0.82688620 -0.56236929
vn -0.68670472 -0.06776079 -0.72377145
vn -0.70711823 -0.00000025 -0.70709533
vn 0.68670625 -0.06776039 -0.72377003
vn -0.66398117 -0.28566814 -0.69103019
vn 0.66398149 -0.28566788 -0.69102999
vn 0.00000000 -0.56236929 -0.82688620
vn 0.86950961 -0.40841234 -0.27776320
vn 0.66398158 -0.69102974 -0.28566827
vn -0.66398128 -0.69102993 -0.28566851
vn -0.68670968 -0.72376495 -0.06777987
vn 0.68671159 -0.72376320 -0.06777919
vn 0.68670915 -0.72376528 0.06778174
vn 0.00000000 -0.82688915 0.56236494
vn 0.86950868 -0.27776194 0.40841518
vn 0.66398228 -0.69102914 0.28566809
vn -0.86950881 -0.40841497 0.27776185
vn 0.00000000 -0.56236494 0.82688915
vn 0.66398240 -0.28566845 0.69102888
vn 0.68670400 -0.06776306 0.72377192
vn -0.68671106 -0.72376353 0.06778105
vn 0.68670432 0.06776395 0.72377153
vn 0.66398179 0.69103026 0.28566652
vn 0.68670968 0.72376495 0.06777987
vn -0.40857523 -0.86946085 -0.27767628
vn -0.56209852 -0.00000345 -0.82707028
vn 0.00001270 -1.00000000 0.00000863
vn -0.92387945 -0.00000228 -0.38268363
vn -0.00000007 -1.00000000 0.00000192
vn -0.99556281 -0.00000056 -0.09409933
vn 0.00000000 -1.00000000 0.00000000
vn -0.38268557 -0.00000180 -0.92387865
vn 0.00000004 -1.00000000 0.00000137
vn -0.09409870 -0.00001181 -0.99556287
vn 0.00000000 1.00000000 0.00000000
vn -0.38268605 -0.00000076 -0.92387845
vn -0.00000033 1.00000000 -0.00000147
vn -0.82707021 -0.00000335 -0.56209862
vn -0.56209789 -0.00000493 -0.82707071
vn -0.00000030 1.00000000 -0.00000072
vn -0.09409945 -0.00001010 -0.99556280
vn 0.00000005 1.00000000 -0.00000069
vn 0.38268406 -0.00001011 -0.92387927
vn -0.00001270 1.00000000 -0.00000863
vn -0.92387922 -0.00000228 -0.38268420
vn 0.00000418 1.00000000 -0.00000164
vn -0.99556279 -0.00000056 -0.09409960
vn 0.00000132 1.00000000 -0.00000027
vn -0.92387949 0.00000103 0.38268353
vn -0.00000213 1.00000000 -0.00000406
vn 0.99556289 0.00000112 0.09409849
vn -0.00002541 1.00000000 -0.00001727
vn 0.92387900 0.00000034 0.38268471
vn 0.40857507 0.86946198 0.27767295
vn 0.56209998 0.00000986 0.82706929
vn -0.00000042 1.00000000 -0.00000457
vn 0.09410030 0.00000000 0.99556272
vn 0.00000118 1.00000000 -0.00000090
vn 0.92387933 -0.00000177 -0.38268392
vn 0.00000515 1.00000000 -0.00000098
vn 0.99556266 -0.00000056 -0.09410092
vn -0.00000515 -1.00000000 0.00000098
vn 0.99556272 -0.00000056 -0.09410027
vn -0.00001110 -1.00000000 0.00000214
vn 0.99556282 0.00000078 0.09409929
vn -0.00000021 -1.00000000 0.00000070
vn 0.92387998 -0.00000228 -0.38268236
vn 0.00002541 -1.00000000 0.00001727
vn 0.92387975 0.00000103 0.38268290
vn 0.00000037 -1.00000000 0.00000224
vn 0.82707179 0.00000670 0.56209631
vn 0.56209872 0.00000689 0.82707015
vn 0.00000000 -1.00000000 0.00000000
vn 0.38268275 0.00000000 0.92387981
vn 0.00000060 -1.00000000 0.00000144
vn 0.09410025 0.00000000 0.99556273
vn -0.00000208 -1.00000000 0.00000132
vn -0.38268401 0.00000152 0.92387929
vn 0.00000000 1.00000000 0.00000000
vn 0.38268345 0.00000152 0.92387952
vn 0.00000070 -1.00000000 -0.00000368
vn -0.09409995 0.00000000 0.99556276
vn -0.00001371 -1.00000000 0.00000932
vn -0.56209581 0.00000986 0.82707213
vn -0.82707044 0.00000468 0.56209829
vn -0.00000610 -1.00000000 0.00000169
vn -0.92387963 0.00000034 0.38268321
vn 0.00000028 1.00000000 0.00000402
vn -0.38268545 0.00000000 0.92387869
vn -0.40856767 0.86946523 0.27767369
vn -0.56209706 0.00000689 0.82707127
vn -0.00000070 1.00000000 0.00000368
vn -0.09409990 0.00000000 0.99556276
vn -0.00000588 -1.00000000 0.00000112
vn -0.99556260 0.00000112 0.09410155
vn 0.00000588 1.00000000 -0.00000112
vn -0.99556275 0.00000078 0.09410003
vn 0.40857755 -0.86945898 -0.27767870
vn 0.56209581 0.00000000 -0.82707213
vn 0.00000031 -1.00000000 -0.00000041
vn 0.38268486 -0.00000950 -0.92387894
vn 0.00000035 -1.00000000 -0.00000184
vn 0.09409884 -0.00000682 -0.99556286
vn 0.00000000 1.00000000 0.00000000
vn 0.56209706 -0.00000297 -0.82707127
vn 0.82707118 0.00000000 -0.56209720
vn -0.00000035 1.00000000 0.00000184
vn 0.09409834 -0.00000599 -0.99556291
vn -0.40857587 -0.86946065 -0.27767596
vn -0.56209746 -0.00000345 -0.82707101
vn 0.00001270 -1.00000000 0.00000863
vn -0.92387955 -0.00000228 -0.38268339
vn 0.00000008 -1.00000000 0.00000202
vn -0.99556278 -0.00000056 -0.09409968
vn 0.00000000 -1.00000000 0.00000000
vn -0.38268524 -0.00000180 -0.92387878
vn -0.00000010 -1.00000000 0.00000136
vn -0.09409899 -0.00001181 -0.99556285
vn 0.00000000 1.00000000 0.00000000
vn -0.38268572 -0.00000076 -0.92387858
vn -0.00000021 1.00000000 -0.00000149
vn -0.82707092 -0.00000335 -0.56209758
vn -0.56209683 -0.00000493 -0.82707143
vn -0.00000000 1.00000000 0.00000012
vn -0.09409973 -0.00001010 -0.99556278
vn 0.00000030 1.00000000 0.00000121
vn 0.38268388 -0.00001011 -0.92387935
vn -0.00001270 1.00000000 -0.00000863
vn -0.92387931 -0.00000228 -0.38268396
vn 0.00000418 1.00000000 -0.00000164
vn -0.99556275 -0.00000056 -0.09409996
vn 0.00000031 1.00000000 -0.00000077
vn -0.92387903 0.00000103 0.38268464
vn -0.00000113 1.00000000 -0.00000242
vn 0.99556284 0.00000112 0.09409907
vn -0.00001270 1.00000000 -0.00000863
vn 0.92387899 0.00000034 0.38268474
vn 0.40857658 0.86946037 0.27767577
vn 0.56210033 0.00000986 0.82706905
vn -0.00000032 1.00000000 -0.00000245
vn 0.09410021 0.00000000 0.99556273
vn 0.00000152 1.00000000 -0.00000116
vn 0.92387919 -0.00000177 -0.38268426
vn 0.00000662 1.00000000 -0.00000126
vn 0.99556263 -0.00000056 -0.09410128
vn -0.00000662 -1.00000000 0.00000126
vn 0.99556269 -0.00000056 -0.09410065
vn -0.00000388 -1.00000000 0.00000177
vn 0.99556273 0.00000078 0.09410021
vn -0.00000054 -1.00000000 0.00000088
vn 0.92387983 -0.00000228 -0.38268271
vn 0.00001270 -1.00000000 0.00000863
vn 0.92387943 0.00000103 0.38268367
vn 0.00000041 -1.00000000 0.00000160
vn 0.82707214 0.00000670 0.56209579
vn 0.56209908 0.00000689 0.82706991
vn 0.00000000 -1.00000000 0.00000000
vn 0.38268288 0.00000000 0.92387976
vn 0.00000030 -1.00000000 0.00000072
vn 0.09410019 0.00000000 0.99556273
vn -0.00000011 -1.00000000 0.00000085
vn -0.38268557 0.00000152 0.92387865
vn 0.00000000 1.00000000 0.00000000
vn 0.38268359 0.00000152 0.92387947
vn 0.00000035 -1.00000000 -0.00000184
vn -0.09410015 0.00000000 0.99556274
vn 0.00000000 -1.00000000 0.00000000
vn -0.56209758 0.00000986 0.82707092
vn -0.82706867 0.00000468 0.56210090
vn -0.00000135 -1.00000000 0.00000103
vn -0.92387923 0.00000000 0.38268416
vn -0.00000031 1.00000000 0.00000041
vn -0.38268627 0.00000000 0.92387836
vn -0.40857521 0.86945944 0.27768070
vn -0.56209884 0.00000689 0.82707007
vn -0.00000035 1.00000000 0.00000184
vn -0.09410013 0.00000000 0.99556274
vn -0.00000588 -1.00000000 0.00000112
vn -0.99556276 0.00000000 0.09409992
vn 0.00000588 1.00000000 -0.00000112
vn -0.99556275 0.00000000 0.09409999
vn 0.40857751 -0.86945902 -0.27767866
vn 0.56209616 0.00000000 -0.82707189
vn 0.00000002 -1.00000000 -0.00000224
vn 0.38268543 -0.00000950 -0.92387871
vn 0.00000035 -1.00000000 -0.00003440
vn 0.09409902 -0.00000682 -0.99556284
vn 0.00000000 1.00000000 0.00000000
vn 0.56209742 -0.00000297 -0.82707103
vn 0.82707118 0.00000000 -0.56209720
vn -0.00000035 1.00000000 0.00003440
vn 0.09409816 -0.00000599 -0.99556292
vn -0.40857613 -0.86946079 -0.27767513
vn -0.56209921 -0.00000098 -0.82706981
vn -0.00001509 -1.00000000 -0.00000288
vn -0.92388005 -0.00000116 -0.38268219
vn -0.00000263 -1.00000000 0.00000040
vn -0.99556290 0.00000185 -0.09409837
vn 0.00000000 -1.00000000 0.00000000
vn -0.38268336 -0.00000445 -0.92387956
vn -0.00000034 -1.00000000 0.00000056
vn -0.09409876 -0.00000588 -0.99556287
vn 0.00000000 1.00000000 0.00000000
vn -0.38268243 -0.00000387 -0.92387995
vn 0.00000222 1.00000000 0.00000013
vn -0.82707107 -0.00000128 -0.56209737
vn -0.56209962 0.00000000 -0.82706953
vn -0.00000000 1.00000000 0.00000012
vn -0.09409871 -0.00000585 -0.99556287
vn 0.00000001 1.00000000 0.00000213
vn 0.38268374 -0.00000461 -0.92387941
vn 0.00001509 1.00000000 0.00000288
vn -0.92387903 -0.00000181 -0.38268464
vn 0.00000853 1.00000000 0.00000017
vn -0.99556277 0.00000183 -0.09409982
vn -0.00000005 1.00000000 -0.00000010
vn -0.92387923 0.00000237 0.38268417
vn 0.00000079 1.00000000 -0.00000104
vn 0.99556275 -0.00000004 0.09410004
vn 0.00001509 1.00000000 0.00000288
vn 0.92387995 -0.00000499 0.38268244
vn 0.40857807 0.86946016 0.27767426
vn 0.56209474 0.00000000 0.82707285
vn -0.00000032 1.00000000 -0.00000245
vn 0.09409993 0.00000000 0.99556276
vn 0.00000017 1.00000000 -0.00000013
vn 0.92387912 0.00000000 -0.38268442
vn 0.00000074 1.00000000 -0.00000014
vn 0.99556293 -0.00001010 -0.09409808
vn -0.00000074 -1.00000000 0.00000014
vn 0.99556300 -0.00001182 -0.09409733
vn -0.00000823 -1.00000000 -0.00000004
vn 0.99556268 -0.00000143 0.09410076
vn -0.00000011 -1.00000000 0.00000017
vn 0.92387947 -0.00000180 -0.38268359
vn -0.00001509 -1.00000000 -0.00000288
vn 0.92387853 -0.00000597 0.38268586
vn -0.00000200 -1.00000000 0.00000001
vn 0.82707376 0.00000000 0.56209341
vn 0.56209474 0.00000000 0.82707285
vn 0.00000000 -1.00000000 0.00000000
vn 0.38268183 0.00000000 0.92388020
vn 0.00000030 -1.00000000 0.00000072
vn 0.09409991 0.00000000 0.99556276
vn 0.00000015 -1.00000000 -0.00000003
vn -0.38268294 0.00000088 0.92387974
vn 0.00000000 1.00000000 0.00000000
vn 0.38268183 0.00000000 0.92388020
vn 0.00000035 -1.00000000 -0.00000184
vn -0.09409996 0.00000008 0.99556275
vn 0.00000000 -1.00000000 0.00000000
vn -0.56209616 0.00000000 0.82707189
vn -0.82707193 0.00000074 0.56209610
vn 0.00000000 -1.00000000 0.00000000
vn -0.92387935 0.00000230 0.38268387
vn -0.00000031 1.00000000 0.00000041
vn -0.38268220 0.00000105 0.92388004
vn -0.40857811 0.86945883 0.27767836
vn -0.56209595 0.00000050 0.82707203
vn -0.00000035 1.00000000 0.00000184
vn -0.09409999 0.00000000 0.99556275
vn 0.00000000 -1.00000000 0.00000000
vn -0.99556270 0.00000001 0.09410049
vn 0.00000000 1.00000000 0.00000000
vn -0.99556268 0.00000044 0.09410071
vn 0.40857663 -0.86945912 -0.27767961
vn 0.56209549 0.00000000 -0.82707234
vn 0.00000002 -1.00000000 -0.00000224
vn 0.38268509 -0.00000475 -0.92387885
vn 0.00000035 -1.00000000 -0.00003440
vn 0.09410010 -0.00000089 -0.99556274
vn 0.00000000 1.00000000 0.00000000
vn 0.56209612 -0.00000148 -0.82707191
vn 0.82707001 0.00000000 -0.56209892
vn -0.00000035 1.00000000 0.00003440
vn 0.09409931 -0.00000006 -0.99556282
vn -0.06776380 0.68671641 -0.72376007
vn -0.06776172 -0.68670379 -0.72377224
vn -0.00000020 0.70711874 -0.70709482
vn -0.28566936 0.66398151 -0.69102936
vn -0.28566449 -0.66398836 -0.69102478
vn -0.40841102 -0.86951090 -0.27776111
vn -0.56236615 -0.00000050 -0.82688834
vn -0.27776225 0.86950914 -0.40841398
vn -0.82688767 0.00000000 -0.56236712
vn -0.69102966 -0.66398173 -0.28566812
vn -0.72376318 -0.68671146 -0.06778072
vn -0.72376423 0.68671037 -0.06778057
vn -0.72376304 -0.68671174 0.06777940
vn -0.69102969 0.66398170 -0.28566811
vn -0.69102898 -0.66398220 0.28566866
vn -0.28566833 -0.66398134 0.69102994
vn -0.28566848 0.66398108 0.69103013
vn -0.06776039 -0.68670625 0.72377003
vn -0.40841270 0.86950911 0.27776424
vn -0.56237049 -0.00000084 0.82688538
vn -0.27776383 -0.86950972 0.40841169
vn -0.82688566 -0.00000197 0.56237007
vn 0.00000015 -0.70711875 0.70709481
vn -0.00000075 0.70711839 0.70709518
vn 0.06776049 -0.68670480 0.72377139
vn 0.28566927 -0.66398250 0.69102845
vn 0.69103124 -0.66397972 0.28566895
vn 0.27776401 -0.86950938 -0.40841229
vn 0.82688620 0.00000000 -0.56236929
vn 0.06776058 -0.68670471 -0.72377148
vn 0.00000075 -0.70711839 -0.70709518
vn 0.06776012 0.68670636 -0.72376995
vn 0.28567060 -0.66397947 -0.69103080
vn 0.28566752 0.66398249 -0.69102917
vn 0.40841295 0.86950956 -0.27776244
vn 0.56236929 0.00000000 -0.82688620
vn 0.69102700 0.66398530 -0.28566625
vn 0.69103279 -0.66397853 -0.28566798
vn 0.72376562 -0.68670883 -0.06778137
vn 0.72376393 0.68671068 -0.06778066
vn 0.72376456 0.68671012 0.06777955
vn 0.27775958 0.86951173 0.40841029
vn 0.82688620 0.00000536 0.56236929
vn 0.69102915 0.66398263 0.28566726
vn 0.40842132 -0.86950344 0.27776931
vn 0.56236790 0.00000789 0.82688714
vn 0.28566979 0.66397493 0.69103550
vn 0.06775933 0.68670424 0.72377203
vn 0.72376308 -0.68671175 0.06777888
vn -0.06776103 0.68670460 0.72377154
vn -0.69103049 0.66398041 0.28566918
vn -0.72376580 0.68670877 0.06778005
vn -0.06776325 0.68670272 -0.72377311
vn -0.06776270 -0.68670396 -0.72377198
vn 0.00000003 0.70711894 -0.70709462
vn -0.28566917 0.66398164 -0.69102931
vn -0.28566865 -0.66398229 -0.69102890
vn -0.40841314 -0.86950956 -0.27776218
vn -0.56236619 -0.00000109 -0.82688830
vn -0.27776199 0.86950922 -0.40841400
vn -0.82688767 -0.00000197 -0.56236712
vn -0.69102879 -0.66398262 -0.28566816
vn -0.72376451 -0.68671003 -0.06778094
vn -0.72376309 0.68671164 -0.06777983
vn -0.72376223 -0.68671263 0.06777907
vn -0.69103033 0.66398102 -0.28566814
vn -0.69103087 -0.66398041 0.28566827
vn -0.28566858 -0.66398190 0.69102930
vn -0.28567252 0.66397505 0.69103426
vn -0.06775980 -0.68669261 0.72378303
vn -0.40841466 0.86950764 0.27776598
vn -0.56237063 -0.00000109 0.82688529
vn -0.27775738 -0.86951623 0.40840222
vn -0.82688553 -0.00000160 0.56237027
vn 0.00000035 -0.70711898 0.70709458
vn -0.00000050 0.70711812 0.70709544
vn 0.06776365 -0.68670130 0.72377442
vn 0.28566954 -0.66398119 0.69102959
vn 0.69103007 -0.66398132 0.28566808
vn 0.27776689 -0.86950850 -0.40841220
vn 0.82688767 0.00000099 -0.56236712
vn 0.06776300 -0.68670552 -0.72377048
vn 0.00000050 -0.70711812 -0.70709544
vn 0.06775974 0.68669265 -0.72378299
vn 0.28566858 -0.66399245 -0.69101916
vn 0.28566820 0.66398333 -0.69102809
vn 0.40840602 0.86951659 -0.27775065
vn 0.56237040 0.00000067 -0.82688544
vn 0.69102971 0.66398216 -0.28566700
vn 0.69102439 -0.66398725 -0.28566804
vn 0.72376328 -0.68671134 -0.06778094
vn 0.72376190 0.68671294 -0.06777947
vn 0.72376496 0.68670955 0.06778106
vn 0.27776252 0.86950879 0.40841454
vn 0.82688767 0.00000099 0.56236712
vn 0.69102914 0.66398221 0.28566826
vn 0.40841405 -0.86950894 0.27776280
vn 0.56236642 0.00000067 0.82688815
vn 0.28566833 0.66398250 0.69102883
vn 0.06776262 0.68670403 0.72377193
vn 0.72376315 -0.68671156 0.06778010
vn -0.06776205 0.68670481 0.72377124
vn -0.69102459 0.66398665 0.28566895
vn -0.72376280 0.68671190 0.06778037
vn -0.06776373 0.68671644 -0.72376005
vn -0.06776189 -0.68670361 -0.72377239
vn -0.00000010 0.70711883 -0.70709473
vn -0.28566859 0.66398193 -0.69102927
vn -0.28566443 -0.66398811 -0.69102505
vn -0.40841214 -0.86951063 -0.27776031
vn -0.56236494 0.00000000 -0.82688915
vn -0.27776185 0.86950881 -0.40841497
vn -0.82688915 0.00000000 -0.56236494
vn -0.69102914 -0.66398228 -0.28566809
vn -0.72376429 -0.68671018 -0.06778183
vn -0.72376291 0.68671173 -0.06778088
vn -0.72376291 -0.68671173 0.06778088
vn -0.69102926 0.66398225 -0.28566786
vn -0.69102708 -0.66398543 0.28566577
vn -0.28566697 -0.66398180 0.69103007
vn -0.28567117 0.66397550 0.69103438
vn -0.06775980 -0.68669259 0.72378305
vn -0.40841508 0.86950794 0.27776441
vn -0.56236790 0.00000000 0.82688714
vn -0.27776304 -0.86950908 0.40841358
vn -0.82688730 -0.00000295 0.56236766
vn 0.00000027 -0.70711892 0.70709464
vn -0.00000025 0.70711829 0.70709527
vn 0.06776103 -0.68670329 0.72377278
vn 0.28566895 -0.66398238 0.69102869
vn 0.69103077 -0.66398018 0.28566903
vn 0.27776695 -0.86950770 -0.40841386
vn 0.82688767 0.00000197 -0.56236712
vn 0.06776521 -0.68670496 -0.72377080
vn 0.00000025 -0.70711829 -0.70709527
vn 0.06776199 0.68669201 -0.72378339
vn 0.28566848 -0.66399355 -0.69101815
vn 0.28566795 0.66398279 -0.69102871
vn 0.40841314 0.86950956 -0.27776218
vn 0.56236642 0.00000134 -0.82688815
vn 0.69102901 0.66398276 -0.28566728
vn 0.69103071 -0.66398076 -0.28566783
vn 0.72376535 -0.68670919 -0.06778052
vn 0.72376272 0.68671205 -0.06777971
vn 0.72376461 0.68670991 0.06778128
vn 0.27775938 0.86951120 0.40841156
vn 0.82688767 0.00000536 0.56236712
vn 0.69102862 0.66398319 0.28566723
vn 0.40842254 -0.86950311 0.27776857
vn 0.56236642 0.00000789 0.82688815
vn 0.28566913 0.66397513 0.69103558
vn 0.06775925 0.68670422 0.72377206
vn 0.72376360 -0.68671105 0.06778044
vn -0.06776192 0.68670496 0.72377111
vn -0.69103305 0.66397841 0.28566762
vn -0.72376557 0.68670891 0.06778107
f 37//37 33//33 41//41
f 41//41 39//39 67//67
f 67//67 69//69 64//64
f 41//41 67//67 64//64
f 64//64 73//73 71//71
f 71//71 46//46 48//48
f 64//64 71//71 48//48
f 48//48 43//43 52//52
f 52//52 50//50 3//3
f 48//48 52//52 3//3
f 3//3 5//5 1//1
f 1//1 9//9 7//7
f 3//3 1//1 7//7
f 48//48 3//3 7//7
f 64//64 48//48 7//7
f 41//41 64//64 7//7
f 37//37 41//41 7//7
f 35//35 37//37 7//7
f 27//27 22//22 31//31
f 31//31 29//29 14//14
f 14//14 16//16 11//11
f 31//31 14//14 11//11
f 11//11 20//20 18//18
f 18//18 56//56 58//58
f 11//11 18//18 58//58
f 58//58 54//54 62//62
f 62//62 60//60 77//77
f 58//58 62//62 77//77
f 77//77 79//79 75//75
f 75//75 83//83 81//81
f 77//77 75//75 81//81
f 58//58 77//77 81//81
f 11//11 58//58 81//81
f 31//31 11//11 81//81
f 27//27 31//31 81//81
f 25//25 27//27 81//81
f 8//8 15//15 30//30
f 30//30 36//36 8//8
f 51//51 57//57 19//19
f 19//19 4//4 51//51
f 72//72 78//78 61//61
f 61//61 47//47 72//72
f 40//40 26//26 82//82
f 82//82 68//68 40//40
f 15//15 8//8 10//10
f 10//10 17//17 15//15
f 17//17 10//10 2//2
f 2//2 13//13 17//17
f 36//36 30//30 32//32
f 32//32 38//38 36//36
f 38//38 32//32 23//23
f 23//23 34//34 38//38
f 57//57 51//51 53//53
f 53//53 59//59 57//57
f 59//59 53//53 45//45
f 45//45 54//54 59//59
f 4//4 19//19 21//21
f 21//21 6//6 4//4
f 6//6 21//21 12//12
f 12//12 1//1 6//6
f 78//78 72//72 74//74
f 74//74 80//80 78//78
f 80//80 74//74 66//66
f 66//66 76//76 80//80
f 47//47 61//61 63//63
f 63//63 49//49 47//47
f 49//49 63//63 55//55
f 55//55 44//44 49//49
f 26//26 40//40 42//42
f 42//42 28//28 26//26
f 28//28 42//42 33//33
f 33//33 24//24 28//28
f 68//68 82//82 84//84
f 84//84 70//70 68//68
f 70//70 84//84 75//75
f 75//75 65//65 70//70
f 98//98 85//85 88//88
f 89//89 87//87 85//85
f 89//89 85//85 93//93
f 96//96 92//92 86//86
f 85//85 91//91 93//93
f 86//86 99//99 96//96
f 100//100 95//95 97//97
f 102//102 100//100 97//97
f 102//102 97//97 110//110
f 88//88 105//105 98//98
f 97//97 104//104 106//106
f 97//97 106//106 108//108
f 97//97 108//108 110//110
f 125//125 111//111 113//113
f 114//114 112//112 110//110
f 116//116 114//114 110//110
f 108//108 116//116 110//110
f 118//118 102//102 110//110
f 120//120 118//118 110//110
f 123//123 121//121 111//111
f 111//111 125//125 123//123
f 126//126 122//122 124//124
f 126//126 124//124 130//130
f 113//113 129//129 125//125
f 124//124 128//128 130//130
f 114//114 131//131 129//129
f 126//126 130//130 93//93
f 140//140 134//134 132//132
f 130//130 133//133 135//135
f 130//130 135//135 137//137
f 130//130 137//137 93//93
f 132//132 115//115 140//140
f 134//134 140//140 117//117
f 116//116 139//139 114//114
f 149//149 138//138 142//142
f 135//135 141//141 137//137
f 151//151 144//144 138//138
f 137//137 143//143 146//146
f 137//137 146//146 89//89
f 137//137 89//89 93//93
f 138//138 149//149 151//151
f 145//145 150//150 109//109
f 108//108 150//150 148//148
f 108//108 148//148 116//116
f 142//142 153//153 149//149
f 148//148 152//152 116//116
f 136//136 117//117 153//153
f 153//153 142//142 136//136
f 109//109 147//147 145//145
f 157//157 155//155 147//147
f 146//146 154//154 89//89
f 147//147 109//109 157//157
f 155//155 157//157 107//107
f 106//106 156//156 108//108
f 107//107 90//90 155//155
f 117//117 136//136 134//134
f 129//129 113//113 114//114
f 119//119 127//127 158//158
f 160//160 158//158 126//126
f 160//160 126//126 93//93
f 121//121 123//123 127//127
f 127//127 119//119 121//121
f 165//165 159//159 161//161
f 162//162 160//160 93//93
f 103//103 161//161 163//163
f 161//161 103//103 165//165
f 158//158 166//166 119//119
f 118//118 164//164 102//102
f 168//168 163//163 94//94
f 163//163 168//168 103//103
f 102//102 167//167 100//100
f 94//94 101//101 168//168
f 90//90 107//107 105//105
f 105//105 88//88 90//90
f 92//92 96//96 101//101
f 101//101 94//94 92//92
f 169//169 170//170 173//173
f 170//170 169//169 171//171
f 169//169 172//172 171//171
f 173//173 172//172 169//169
f 172//172 173//173 175//175
f 173//173 170//170 174//174
f 175//175 176//176 172//172
f 177//177 174//174 178//178
f 179//179 178//178 174//174
f 170//170 179//179 174//174
f 179//179 180//180 182//182
f 180//180 179//179 181//181
f 183//183 181//181 179//179
f 182//182 178//178 179//179
f 184//184 183//183 179//179
f 170//170 184//184 179//179
f 184//184 185//185 188//188
f 185//185 184//184 186//186
f 191//191 186//186 184//184
f 188//188 189//189 184//184
f 184//184 189//189 183//183
f 170//170 191//191 184//184
f 186//186 191//191 192//192
f 192//192 191//191 193//193
f 194//194 193//193 191//191
f 195//195 194//194 191//191
f 196//196 195//195 191//191
f 198//198 196//196 191//191
f 199//199 198//198 191//191
f 170//170 199//199 191//191
f 198//198 199//199 171//171
f 171//171 199//199 170//170
f 201//201 198//198 200//200
f 171//171 200//200 198//198
f 198//198 201//201 196//196
f 196//196 201//201 202//202
f 200//200 202//202 201//201
f 202//202 204//204 196//196
f 205//205 203//203 202//202
f 202//202 200//200 171//171
f 205//205 202//202 171//171
f 203//203 205//205 206//206
f 207//207 206//206 205//205
f 205//205 208//208 207//207
f 209//209 208//208 205//205
f 210//210 209//209 205//205
f 210//210 205//205 171//171
f 210//210 212//212 209//209
f 212//212 211//211 213//213
f 194//194 214//214 210//210
f 210//210 215//215 194//194
f 216//216 215//215 210//210
f 216//216 210//210 171//171
f 215//215 216//216 193//193
f 193//193 216//216 192//192
f 192//192 216//216 171//171
f 193//193 194//194 215//215
f 195//195 213//213 194//194
f 213//213 195//195 212//212
f 209//209 212//212 195//195
f 208//208 209//209 217//217
f 195//195 217//217 209//209
f 207//207 217//217 195//195
f 217//217 207//207 208//208
f 196//196 206//206 207//207
f 196//196 207//207 195//195
f 206//206 197//197 203//203
f 218//218 192//192 171//171
f 192//192 218//218 186//186
f 186//186 218//218 185//185
f 187//187 185//185 218//218
f 182//182 187//187 218//218
f 182//182 218//218 171//171
f 190//190 187//187 219//219
f 219//219 183//183 190//190
f 220//220 219//219 187//187
f 183//183 219//219 220//220
f 220//220 181//181 183//183
f 181//181 220//220 180//180
f 182//182 180//180 220//220
f 182//182 220//220 187//187
f 178//178 182//182 177//177
f 172//172 176//176 182//182
f 172//172 182//182 171//171
f 234//234 221//221 224//224
f 225//225 223//223 221//221
f 225//225 221//221 229//229
f 232//232 228//228 222//222
f 221//221 227//227 229//229
f 222//222 235//235 232//232
f 236//236 231//231 233//233
f 238//238 236//236 233//233
f 238//238 233//233 246//246
f 224//224 241//241 234//234
f 233//233 240//240 242//242
f 233//233 242//242 244//244
f 233//233 244//244 246//246
f 261//261 247//247 249//249
f 250//250 248//248 246//246
f 252//252 250//250 246//246
f 244//244 252//252 246//246
f 254//254 238//238 246//246
f 256//256 254//254 246//246
f 259//259 257//257 247//247
f 247//247 261//261 259//259
f 262//262 258//258 260//260
f 262//262 260//260 266//266
f 249//249 265//265 261//261
f 260//260 264//264 266//266
f 250//250 267//267 265//265
f 262//262 266//266 229//229
f 276//276 270//270 268//268
f 266//266 269//269 271//271
f 266//266 271//271 273//273
f 266//266 273//273 229//229
f 268//268 251//251 276//276
f 270//270 276//276 253//253
f 252//252 275//275 250//250
f 285//285 274//274 278//278
f 271//271 277//277 273//273
f 287//287 280//280 274//274
f 273//273 279//279 282//282
f 273//273 282//282 225//225
f 273//273 225//225 229//229
f 274//274 285//285 287//287
f 281//281 286//286 245//245
f 244//244 286//286 284//284
f 244//244 284//284 252//252
f 278//278 289//289 285//285
f 284//284 288//288 252//252
f 272//272 253//253 289//289
f 289//289 278//278 272//272
f 245//245 283//283 281//281
f 293//293 291//291 283//283
f 282//282 290//290 225//225
f 283//283 245//245 293//293
f 291//291 293//293 243//243
f 242//242 292//292 244//244
f 243//243 226//226 291//291
f 253//253 272//272 270//270
f 265//265 249//249 250//250
f 255//255 263//263 294//294
f 296//296 294//294 262//262
f 296//296 262//262 229//229
f 257//257 259//259 263//263
f 263//263 255//255 257//257
f 301//301 295//295 297//297
f 298//298 296//296 229//229
f 239//239 297//297 299//299
f 297//297 239//239 301//301
f 294//294 302//302 255//255
f 254//254 300//300 238//238
f 304//304 299//299 230//230
f 299//299 304//304 239//239
f 238//238 303//303 236//236
f 230//230 237//237 304//304
f 226//226 243//243 241//241
f 241//241 224//224 226//226
f 228//228 232//232 237//237
f 237//237 230//230 228//228
f 305//305 306//306 309//309
f 306//306 305//305 307//307
f 305//305 308//308 307//307
f 309//309 308//308 305//305
f 308//308 309//309 311//311
f 309//309 306//306 310//310
f 311//311 312//312 308//308
f 313//313 310//310 314//314
f 315//315 314//314 310//310
f 306//306 315//315 310//310
f 315//315 316//316 318//318
f 316//316 315//315 317//317
f 319//319 317//317 315//315
f 318//318 314//314 315//315
f 320//320 319//319 315//315
f 306//306 320//320 315//315
f 320//320 321//321 324//324
f 321//321 320//320 322//322
f 327//327 322//322 320//320
f 324//324 325//325 320//320
f 320//320 325//325 319//319
f 306//306 327//327 320//320
f 322//322 327//327 328//328
f 328//328 327//327 329//329
f 330//330 329//329 327//327
f 331//331 330//330 327//327
f 332//332 331//331 327//327
f 334//334 332//332 327//327
f 335//335 334//334 327//327
f 306//306 335//335 327//327
f 334//334 335//335 307//307
f 307//307 335//335 306//306
f 337//337 334//334 336//336
f 307//307 336//336 334//334
f 334//334 337//337 332//332
f 332//332 337//337 338//338
f 336//336 338//338 337//337
f 338//338 340//340 332//332
f 341//341 339//339 338//338
f 338//338 336//336 307//307
f 341//341 338//338 307//307
f 339//339 341//341 342//342
f 343//343 342//342 341//341
f 341//341 344//344 343//343
f 345//345 344//344 341//341
f 346//346 345//345 341//341
f 346//346 341//341 307//307
f 346//346 348//348 345//345
f 348//348 347//347 349//349
f 330//330 350//350 346//346
f 346//346 351//351 330//330
f 352//352 351//351 346//346
f 352//352 346//346 307//307
f 351//351 352//352 329//329
f 329//329 352//352 328//328
f 328//328 352//352 307//307
f 329//329 330//330 351//351
f 331//331 349//349 330//330
f 349//349 331//331 348//348
f 345//345 348//348 331//331
f 344//344 345//345 353//353
f 331//331 353//353 345//345
f 343//343 353//353 331//331
f 353//353 343//343 344//344
f 332//332 342//342 343//343
f 332//332 343//343 331//331
f 342//342 333//333 339//339
f 354//354 328//328 307//307
f 328//328 354//354 322//322
f 322//322 354//354 321//321
f 323//323 321//321 354//354
f 318//318 323//323 354//354
f 318//318 354//354 307//307
f 326//326 323//323 355//355
f 355//355 319//319 326//326
f 356//356 355//355 323//323
f 319//319 355//355 356//356
f 356//356 317//317 319//319
f 317//317 356//356 316//316
f 318//318 316//316 356//356
f 318//318 356//356 323//323
f 314//314 318//318 313//313
f 308//308 312//312 318//318
f 308//308 318//318 307//307
f 369//369 357//357 359//359
f 362//362 360//360 357//357
f 362//362 357//357 366//366
f 367//367 363//363 358//358
f 357//357 364//364 366//366
f 358//358 370//370 367//367
f 373//373 368//368 371//371
f 375//375 373//373 371//371
f 375//375 371//371 383//383
f 359//359 376//376 369//369
f 371//371 377//377 379//379
f 371//371 379//379 381//381
f 371//371 381//381 383//383
f 396//396 382//382 384//384
f 386//386 385//385 383//383
f 389//389 386//386 383//383
f 381//381 389//389 383//383
f 391//391 375//375 383//383
f 393//393 391//391 383//383
f 394//394 392//392 382//382
f 382//382 396//396 394//394
f 399//399 395//395 397//397
f 399//399 397//397 404//404
f 384//384 400//400 396//396
f 397//397 401//401 404//404
f 386//386 402//402 400//400
f 399//399 404//404 366//366
f 411//411 405//405 403//403
f 404//404 406//406 408//408
f 404//404 408//408 410//410
f 404//404 410//410 366//366
f 403//403 387//387 411//411
f 405//405 411//411 388//388
f 389//389 412//412 386//386
f 420//420 409//409 413//413
f 408//408 414//414 410//410
f 422//422 415//415 409//409
f 410//410 417//417 419//419
f 410//410 419//419 362//362
f 410//410 362//362 366//366
f 409//409 420//420 422//422
f 416//416 423//423 380//380
f 381//381 423//423 421//421
f 381//381 421//421 389//389
f 413//413 424//424 420//420
f 421//421 425//425 389//389
f 407//407 388//388 424//424
f 424//424 413//413 407//407
f 380//380 418//418 416//416
f 428//428 426//426 418//418
f 419//419 427//427 362//362
f 418//418 380//380 428//428
f 426//426 428//428 378//378
f 379//379 429//429 381//381
f 378//378 361//361 426//426
f 388//388 407//407 405//405
f 400//400 384//384 386//386
f 390//390 398//398 431//431
f 433//433 431//431 399//399
f 433//433 399//399 366//366
f 392//392 394//394 398//398
f 398//398 390//390 392//392
f 436//436 430//430 432//432
f 435//435 433//433 366//366
f 374//374 432//432 434//434
f 432//432 374//374 436//436
f 431//431 437//437 390//390
f 391//391 438//438 375//375
f 439//439 434//434 365//365
f 434//434 439//439 374//374
f 375//375 440//440 373//373
f 365//365 372//372 439//439
f 361//361 378//378 376//376
f 376//376 359//359 361//361
f 363//363 367//367 372//372
f 372//372 365//365 363//363
f 453//453 441//441 443//443
f 446//446 444//444 441//441
f 446//446 441//441 450//450
f 451//451 447//447 442//442
f 441//441 448//448 450//450
f 442//442 454//454 451//451
f 457//457 452//452 455//455
f 459//459 457//457 455//455
f 459//459 455//455 467//467
f 443//443 460//460 453//453
f 455//455 461//461 463//463
f 455//455 463//463 465//465
f 455//455 465//465 467//467
f 480//480 466//466 468//468
f 470//470 469//469 467//467
f 473//473 470//470 467//467
f 465//465 473//473 467//467
f 475//475 459//459 467//467
f 477//477 475//475 467//467
f 478//478 476//476 466//466
f 466//466 480//480 478//478
f 483//483 479//479 481//481
f 483//483 481//481 488//488
f 468//468 484//484 480//480
f 481//481 485//485 488//488
f 470//470 486//486 484//484
f 483//483 488//488 450//450
f 495//495 489//489 487//487
f 488//488 490//490 492//492
f 488//488 492//492 494//494
f 488//488 494//494 450//450
f 487//487 471//471 495//495
f 489//489 495//495 472//472
f 473//473 496//496 470//470
f 504//504 493//493 497//497
f 492//492 498//498 494//494
f 506//506 499//499 493//493
f 494//494 501//501 503//503
f 494//494 503//503 446//446
f 494//494 446//446 450//450
f 493//493 504//504 506//506
f 500//500 507//507 464//464
f 465//465 507//507 505//505
f 465//465 505//505 473//473
f 497//497 508//508 504//504
f 505//505 509//509 473//473
f 491//491 472//472 508//508
f 508//508 497//497 491//491
f 464//464 502//502 500//500
f 512//512 510//510 502//502
f 503//503 511//511 446//446
f 502//502 464//464 512//512
f 510//510 512//512 462//462
f 463//463 513//513 465//465
f 462//462 445//445 510//510
f 472//472 491//491 489//489
f 484//484 468//468 470//470
f 474//474 482//482 515//515
f 517//517 515//515 483//483
f 517//517 483//483 450//450
f 476//476 478//478 482//482
f 482//482 474//474 476//476
f 520//520 514//514 516//516
f 519//519 517//517 450//450
f 458//458 516//516 518//518
f 516//516 458//458 520//520
f 515//515 521//521 474//474
f 475//475 522//522 459//459
f 523//523 518//518 449//449
f 518//518 523//523 458//458
f 459//459 524//524 457//457
f 449//449 456//456 523//523
f 445//445 462//462 460//460
f 460//460 443//443 445//445
f 447//447 451//451 456//456
f 456//456 449//449 447//447
f 525//525 526//526 529//529
f 526//526 525//525 527//527
f 525//525 528//528 527//527
f 529//529 528//528 525//525
f 528//528 529//529 530//530
f 529//529 526//526 531//531
f 530//530 532//532 528//528
f 533//533 531//531 534//534
f 535//535 534//534 531//531
f 526//526 535//535 531//531
f 535//535 536//536 538//538
f 536//536 535//535 537//537
f 539//539 537//537 535//535
f 538//538 534//534 535//535
f 540//540 539//539 535//535
f 526//526 540//540 535//535
f 540//540 541//541 544//544
f 541//541 540//540 542//542
f 547//547 542//542 540//540
f 544//544 546//546 540//540
f 540//540 546//546 539//539
f 526//526 547//547 540//540
f 542//542 547//547 548//548
f 548//548 547//547 549//549
f 550//550 549//549 547//547
f 551//551 550//550 547//547
f 552//552 551//551 547//547
f 554//554 552//552 547//547
f 555//555 554//554 547//547
f 526//526 555//555 547//547
f 554//554 555//555 527//527
f 527//527 555//555 526//526
f 557//557 554//554 556//556
f 527//527 556//556 554//554
f 554//554 557//557 552//552
f 552//552 557//557 558//558
f 556//556 558//558 557//557
f 558//558 559//559 552//552
f 561//561 560//560 558//558
f 558//558 556//556 527//527
f 561//561 558//558 527//527
f 560//560 561//561 562//562
f 563//563 562//562 561//561
f 561//561 564//564 563//563
f 565//565 564//564 561//561
f 567//567 565//565 561//561
f 567//567 561//561 527//527
f 567//567 568//568 565//565
f 568//568 566//566 569//569
f 550//550 570//570 567//567
f 567//567 571//571 550//550
f 572//572 571//571 567//567
f 572//572 567//567 527//527
f 571//571 572//572 549//549
f 549//549 572//572 548//548
f 548//548 572//572 527//527
f 549//549 550//550 571//571
f 551//551 569//569 550//550
f 569//569 551//551 568//568
f 565//565 568//568 551//551
f 564//564 565//565 573//573
f 551//551 573//573 565//565
f 563//563 573//573 551//551
f 573//573 563//563 564//564
f 552//552 562//562 563//563
f 552//552 563//563 551//551
f 562//562 553//553 560//560
f 574//574 548//548 527//527
f 548//548 574//574 542//542
f 542//542 574//574 541//541
f 543//543 541//541 574//574
f 538//538 543//543 574//574
f 538//538 574//574 527//527
f 545//545 543//543 575//575
f 575//575 539//539 545//545
f 576//576 575//575 543//543
f 539//539 575//575 576//576
f 576//576 537//537 539//539
f 537//537 576//576 536//536
f 538//538 536//536 576//576
f 538//538 576//576 543//543
f 534//534 538//538 533//533
f 528//528 532//532 538//538
f 528//528 538//538 527//527
f 577//577 578//578 581//581
f 578//578 577//577 579//579
f 577//577 580//580 579//579
f 581//581 580//580 577//577
f 580//580 581//581 582//582
f 581//581 578//578 583//583
f 582//582 584//584 580//580
f 585//585 583//583 586//586
f 587//587 586//586 583//583
f 578//578 587//587 583//583
f 587//587 588//588 590//590
f 588//588 587//587 589//589
f 591//591 589//589 587//587
f 590//590 586//586 587//587
f 592//592 591//591 587//587
f 578//578 592//592 587//587
f 592//592 593//593 596//596
f 593//593 592//592 594//594
f 599//599 594//594 592//592
f 596//596 598//598 592//592
f 592//592 598//598 591//591
f 578//578 599//599 592//592
f 594//594 599//599 600//600
f 600//600 599//599 601//601
f 602//602 601//601 599//599
f 603//603 602//602 599//599
f 604//604 603//603 599//599
f 606//606 604//604 599//599
f 607//607 606//606 599//599
f 578//578 607//607 599//599
f 606//606 607//607 579//579
f 579//579 607//607 578//578
f 609//609 606//606 608//608
f 579//579 608//608 606//606
f 606//606 609//609 604//604
f 604//604 609//609 610//610
f 608//608 610//610 609//609
f 610//610 611//611 604//604
f 613//613 612//612 610//610
f 610//610 608//608 579//579
f 613//613 610//610 579//579
f 612//612 613//613 614//614
f 615//615 614//614 613//613
f 613//613 616//616 615//615
f 617//617 616//616 613//613
f 619//619 617//617 613//613
f 619//619 613//613 579//579
f 619//619 620//620 617//617
f 620//620 618//618 621//621
f 602//602 622//622 619//619
f 619//619 623//623 602//602
f 624//624 623//623 619//619
f 624//624 619//619 579//579
f 623//623 624//624 601//601
f 601//601 624//624 600//600
f 600//600 624//624 579//579
f 601//601 602//602 623//623
f 603//603 621//621 602//602
f 621//621 603//603 620//620
f 617//617 620//620 603//603
f 616//616 617//617 625//625
f 603//603 625//625 617//617
f 615//615 625//625 603//603
f 625//625 615//615 616//616
f 604//604 614//614 615//615
f 604//604 615//615 603//603
f 614//614 605//605 612//612
f 626//626 600//600 579//579
f 600//600 626//626 594//594
f 594//594 626//626 593//593
f 595//595 593//593 626//626
f 590//590 595//595 626//626
f 590//590 626//626 579//579
f 597//597 595//595 627//627
f 627//627 591//591 597//597
f 628//628 627//627 595//595
f 591//591 627//627 628//628
f 628//628 589//589 591//591
f 589//589 628//628 588//588
f 590//590 588//588 628//628
f 590//590 628//628 595//595
f 586//586 590//590 585//585
f 580//580 584//584 590//590
f 580//580 590//590 579//579
f 629//629 630//630 633//633
f 630//630 629//629 631//631
f 629//629 632//632 631//631
f 633//633 632//632 629//629
f 632//632 633//633 634//634
f 633//633 630//630 635//635
f 634//634 636//636 632//632
f 637//637 635//635 638//638
f 639//639 638//638 635//635
f 630//630 639//639 635//635
f 639//639 640//640 642//642
f 640//640 639//639 641//641
f 643//643 641//641 639//639
f 642//642 638//638 639//639
f 644//644 643//643 639//639
f 630//630 644//644 639//639
f 644//644 645//645 648//648
f 645//645 644//644 646//646
f 651//651 646//646 644//644
f 648//648 650//650 644//644
f 644//644 650//650 643//643
f 630//630 651//651 644//644
f 646//646 651//651 652//652
f 652//652 651//651 653//653
f 654//654 653//653 651//651
f 655//655 654//654 651//651
f 656//656 655//655 651//651
f 658//658 656//656 651//651
f 659//659 658//658 651//651
f 630//630 659//659 651//651
f 658//658 659//659 631//631
f 631//631 659//659 630//630
f 661//661 658//658 660//660
f 631//631 660//660 658//658
f 658//658 661//661 656//656
f 656//656 661//661 662//662
f 660//660 662//662 661//661
f 662//662 663//663 656//656
f 665//665 664//664 662//662
f 662//662 660//660 631//631
f 665//665 662//662 631//631
f 664//664 665//665 666//666
f 667//667 666//666 665//665
f 665//665 668//668 667//667
f 669//669 668//668 665//665
f 671//671 669//669 665//665
f 671//671 665//665 631//631
f 671//671 672//672 669//669
f 672//672 670//670 673//673
f 654//654 674//674 671//671
f 671//671 675//675 654//654
f 676//676 675//675 671//671
f 676//676 671//671 631//631
f 675//675 676//676 653//653
f 653//653 676//676 652//652
f 652//652 676//676 631//631
f 653//653 654//654 675//675
f 655//655 673//673 654//654
f 673//673 655//655 672//672
f 669//669 672//672 655//655
f 668//668 669//669 677//677
f 655//655 677//677 669//669
f 667//667 677//677 655//655
f 677//677 667//667 668//668
f 656//656 666//666 667//667
f 656//656 667//667 655//655
f 666//666 657//657 664//664
f 678//678 652//652 631//631
f 652//652 678//678 646//646
f 646//646 678//678 645//645
f 647//647 645//645 678//678
f 642//642 647//647 678//678
f 642//642 678//678 631//631
f 649//649 647//647 679//679
f 679//679 643//643 649//649
f 680//680 679//679 647//647
f 643//643 679//679 680//680
f 680//680 641//641 643//643
f 641//641 680//680 640//640
f 642//642 640//640 680//680
f 642//642 680//680 647//647
f 638//638 642//642 637//637
f 632//632 636//636 642//642
f 632//632 642//642 631//631
f 681//681 682//682 685//685
f 682//682 681//681 683//683
f 681//681 684//684 683//683
f 685//685 684//684 681//681
f 684//684 685//685 686//686
f 685//685 682//682 687//687
f 686//686 688//688 684//684
f 689//689 687//687 690//690
f 691//691 690//690 687//687
f 682//682 691//691 687//687
f 691//691 692//692 694//694
f 692//692 691//691 693//693
f 695//695 693//693 691//691
f 694//694 690//690 691//691
f 696//696 695//695 691//691
f 682//682 696//696 691//691
f 696//696 697//697 700//700
f 697//697 696//696 698//698
f 703//703 698//698 696//696
f 700//700 702//702 696//696
f 696//696 702//702 695//695
f 682//682 703//703 696//696
f 698//698 703//703 704//704
f 704//704 703//703 705//705
f 706//706 705//705 703//703
f 707//707 706//706 703//703
f 708//708 707//707 703//703
f 710//710 708//708 703//703
f 711//711 710//710 703//703
f 682//682 711//711 703//703
f 710//710 711//711 683//683
f 683//683 711//711 682//682
f 713//713 710//710 712//712
f 683//683 712//712 710//710
f 710//710 713//713 708//708
f 708//708 713//713 714//714
f 712//712 714//714 713//713
f 714//714 715//715 708//708
f 717//717 716//716 714//714
f 714//714 712//712 683//683
f 717//717 714//714 683//683
f 716//716 717//717 718//718
f 719//719 718//718 717//717
f 717//717 720//720 719//719
f 721//721 720//720 717//717
f 723//723 721//721 717//717
f 723//723 717//717 683//683
f 723//723 724//724 721//721
f 724//724 722//722 725//725
f 706//706 726//726 723//723
f 723//723 727//727 706//706
f 728//728 727//727 723//723
f 728//728 723//723 683//683
f 727//727 728//728 705//705
f 705//705 728//728 704//704
f 704//704 728//728 683//683
f 705//705 706//706 727//727
f 707//707 725//725 706//706
f 725//725 707//707 724//724
f 721//721 724//724 707//707
f 720//720 721//721 729//729
f 707//707 729//729 721//721
f 719//719 729//729 707//707
f 729//729 719//719 720//720
f 708//708 718//718 719//719
f 708//708 719//719 707//707
f 718//718 709//709 716//716
f 730//730 704//704 683//683
f 704//704 730//730 698//698
f 698//698 730//730 697//697
f 699//699 697//697 730//730
f 694//694 699//699 730//730
f 694//694 730//730 683//683
f 701//701 699//699 731//731
f 731//731 695//695 701//701
f 732//732 731//731 699//699
f 695//695 731//731 732//732
f 732//732 693//693 695//695
f 693//693 732//732 692//692
f 694//694 692//692 732//732
f 694//694 732//732 699//699
f 690//690 694//694 689//689
f 684//684 688//688 694//694
f 684//684 694//694 683//683
f 745//745 733//733 735//735
f 738//738 736//736 733//733
f 738//738 733//733 742//742
f 743//743 739//739 734//734
f 733//733 740//740 742//742
f 734//734 746//746 743//743
f 749//749 744//744 747//747
f 751//751 749//749 747//747
f 751//751 747//747 759//759
f 735//735 752//752 745//745
f 747//747 753//753 755//755
f 747//747 755//755 757//757
f 747//747 757//757 759//759
f 772//772 758//758 760//760
f 762//762 761//761 759//759
f 765//765 762//762 759//759
f 757//757 765//765 759//759
f 767//767 751//751 759//759
f 769//769 767//767 759//759
f 770//770 768//768 758//758
f 758//758 772//772 770//770
f 775//775 771//771 773//773
f 775//775 773//773 780//780
f 760//760 776//776 772//772
f 773//773 777//777 780//780
f 762//762 778//778 776//776
f 775//775 780//780 742//742
f 787//787 781//781 779//779
f 780//780 782//782 784//784
f 780//780 784//784 786//786
f 780//780 786//786 742//742
f 779//779 763//763 787//787
f 781//781 787//787 764//764
f 765//765 788//788 762//762
f 796//796 785//785 789//789
f 784//784 790//790 786//786
f 798//798 791//791 785//785
f 786//786 793//793 795//795
f 786//786 795//795 738//738
f 786//786 738//738 742//742
f 785//785 796//796 798//798
f 792//792 799//799 756//756
f 757//757 799//799 797//797
f 757//757 797//797 765//765
f 789//789 800//800 796//796
f 797//797 801//801 765//765
f 783//783 764//764 800//800
f 800//800 789//789 783//783
f 756//756 794//794 792//792
f 804//804 802//802 794//794
f 795//795 803//803 738//738
f 794//794 756//756 804//804
f 802//802 804//804 754//754
f 755//755 805//805 757//757
f 754//754 737//737 802//802
f 764//764 783//783 781//781
f 776//776 760//760 762//762
f 766//766 774//774 807//807
f 809//809 807//807 775//775
f 809//809 775//775 742//742
f 768//768 770//770 774//774
f 774//774 766//766 768//768
f 812//812 806//806 808//808
f 811//811 809//809 742//742
f 750//750 808//808 810//810
f 808//808 750//750 812//812
f 807//807 813//813 766//766
f 767//767 814//814 751//751
f 815//815 810//810 741//741
f 810//810 815//815 750//750
f 751//751 816//816 749//749
f 741//741 748//748 815//815
f 737//737 754//754 752//752
f 752//752 735//735 737//737
f 739//739 743//743 748//748
f 748//748 741//741 739//739
f 829//829 817//817 819//819
f 822//822 820//820 817//817
f 822//822 817//817 826//826
f 827//827 823//823 818//818
f 817//817 824//824 826//826
f 818//818 830//830 827//827
f 833//833 828//828 831//831
f 835//835 833//833 831//831
f 835//835 831//831 843//843
f 819//819 836//836 829//829
f 831//831 837//837 839//839
f 831//831 839//839 841//841
f 831//831 841//841 843//843
f 856//856 842//842 844//844
f 846//846 845//845 843//843
f 849//849 846//846 843//843
f 841//841 849//849 843//843
f 851//851 835//835 843//843
f 853//853 851//851 843//843
f 854//854 852//852 842//842
f 842//842 856//856 854//854
f 859//859 855//855 857//857
f 859//859 857//857 864//864
f 844//844 860//860 856//856
f 857//857 861//861 864//864
f 846//846 862//862 860//860
f 859//859 864//864 826//826
f 871//871 865//865 863//863
f 864//864 866//866 868//868
f 864//864 868//868 870//870
f 864//864 870//870 826//826
f 863//863 847//847 871//871
f 865//865 871//871 848//848
f 849//849 872//872 846//846
f 880//880 869//869 873//873
f 868//868 874//874 870//870
f 882//882 875//875 869//869
f 870//870 877//877 879//879
f 870//870 879//879 822//822
f 870//870 822//822 826//826
f 869//869 880//880 882//882
f 876//876 883//883 840//840
f 841//841 883//883 881//881
f 841//841 881//881 849//849
f 873//873 884//884 880//880
f 881//881 885//885 849//849
f 867//867 848//848 884//884
f 884//884 873//873 867//867
f 840//840 878//878 876//876
f 888//888 886//886 878//878
f 879//879 887//887 822//822
f 878//878 840//840 888//888
f 886//886 888//888 838//838
f 839//839 889//889 841//841
f 838//838 821//821 886//886
f 848//848 867//867 865//865
f 860//860 844//844 846//846
f 850//850 858//858 891//891
f 893//893 891//891 859//859
f 893//893 859//859 826//826
f 852//852 854//854 858//858
f 858//858 850//850 852//852
f 896//896 890//890 892//892
f 895//895 893//893 826//826
f 834//834 892//892 894//894
f 892//892 834//834 896//896
f 891//891 897//897 850//850
f 851//851 898//898 835//835
f 899//899 894//894 825//825
f 894//894 899//899 834//834
f 835//835 900//900 833//833
f 825//825 832//832 899//899
f 821//821 838//838 836//836
f 836//836 819//819 821//821
f 823//823 827//827 832//832
f 832//832 825//825 823//823
f 901//901 902//902 905//905
f 902//902 901//901 903//903
f 901//901 904//904 903//903
f 905//905 904//904 901//901
f 904//904 905//905 906//906
f 905//905 902//902 907//907
f 906//906 908//908 904//904
f 909//909 907//907 910//910
f 911//911 910//910 907//907
f 902//902 911//911 907//907
f 911//911 912//912 914//914
f 912//912 911//911 913//913
f 915//915 913//913 911//911
f 914//914 910//910 911//911
f 916//916 915//915 911//911
f 902//902 916//916 911//911
f 916//916 917//917 920//920
f 917//917 916//916 918//918
f 923//923 918//918 916//916
f 920//920 922//922 916//916
f 916//916 922//922 915//915
f 902//902 923//923 916//916
f 918//918 923//923 924//924
f 924//924 923//923 925//925
f 926//926 925//925 923//923
f 927//927 926//926 923//923
f 928//928 927//927 923//923
f 930//930 928//928 923//923
f 931//931 930//930 923//923
f 902//902 931//931 923//923
f 930//930 931//931 903//903
f 903//903 931//931 902//902
f 933//933 930//930 932//932
f 903//903 932//932 930//930
f 930//930 933//933 928//928
f 928//928 933//933 934//934
f 932//932 934//934 933//933
f 934//934 935//935 928//928
f 937//937 936//936 934//934
f 934//934 932//932 903//903
f 937//937 934//934 903//903
f 936//936 937//937 938//938
f 939//939 938//938 937//937
f 937//937 940//940 939//939
f 941//941 940//940 937//937
f 943//943 941//941 937//937
f 943//943 937//937 903//903
f 943//943 944//944 941//941
f 944//944 942//942 945//945
f 926//926 946//946 943//943
f 943//943 947//947 926//926
f 948//948 947//947 943//943
f 948//948 943//943 903//903
f 947//947 948//948 925//925
f 925//925 948//948 924//924
f 924//924 948//948 903//903
f 925//925 926//926 947//947
f 927//927 945//945 926//926
f 945//945 927//927 944//944
f 941//941 944//944 927//927
f 940//940 941//941 949//949
f 927//927 949//949 941//941
f 939//939 949//949 927//927
f 949//949 939//939 940//940
f 928//928 938//938 939//939
f 928//928 939//939 927//927
f 938//938 929//929 936//936
f 950//950 924//924 903//903
f 924//924 950//950 918//918
f 918//918 950//950 917//917
f 919//919 917//917 950//950
f 914//914 919//919 950//950
f 914//914 950//950 903//903
f 921//921 919//919 951//951
f 951//951 915//915 921//921
f 952//952 951//951 919//919
f 915//915 951//951 952//952
f 952//952 913//913 915//915
f 913//913 952//952 912//912
f 914//914 912//912 952//952
f 914//914 952//952 919//919
f 910//910 914//914 909//909
f 904//904 908//908 914//914
f 904//904 914//914 903//903
f 953//953 954//954 957//957
f 954//954 953//953 955//955
f 953//953 956//956 955//955
f 957//957 956//956 953//953
f 956//956 957//957 958//958
f 957//957 954//954 959//959
f 958//958 960//960 956//956
f 961//961 959//959 962//962
f 963//963 962//962 959//959
f 954//954 963//963 959//959
f 963//963 964//964 966//966
f 964//964 963//963 965//965
f 967//967 965//965 963//963
f 966//966 962//962 963//963
f 968//968 967//967 963//963
f 954//954 968//968 963//963
f 968//968 969//969 972//972
f 969//969 968//968 970//970
f 975//975 970//970 968//968
f 972//972 974//974 968//968
f 968//968 974//974 967//967
f 954//954 975//975 968//968
f 970//970 975//975 976//976
f 976//976 975//975 977//977
f 978//978 977//977 975//975
f 979//979 978//978 975//975
f 980//980 979//979 975//975
f 982//982 980//980 975//975
f 983//983 982//982 975//975
f 954//954 983//983 975//975
f 982//982 983//983 955//955
f 955//955 983//983 954//954
f 985//985 982//982 984//984
f 955//955 984//984 982//982
f 982//982 985//985 980//980
f 980//980 985//985 986//986
f 984//984 986//986 985//985
f 986//986 987//987 980//980
f 989//989 988//988 986//986
f 986//986 984//984 955//955
f 989//989 986//986 955//955
f 988//988 989//989 990//990
f 991//991 990//990 989//989
f 989//989 992//992 991//991
f 993//993 992//992 989//989
f 995//995 993//993 989//989
f 995//995 989//989 955//955
f 995//995 996//996 993//993
f 996//996 994//994 997//997
f 978//978 998//998 995//995
f 995//995 999//999 978//978
f 1000//1000 999//999 995//995
f 1000//1000 995//995 955//955
f 999//999 1000//1000 977//977
f 977//977 1000//1000 976//976
f 976//976 1000//1000 955//955
f 977//977 978//978 999//999
f 979//979 997//997 978//978
f 997//997 979//979 996//996
f 993//993 996//996 979//979
f 992//992 993//993 1001//1001
f 979//979 1001//1001 993//993
f 991//991 1001//1001 979//979
f 1001//1001 991//991 992//992
f 980//980 990//990 991//991
f 980//980 991//991 979//979
f 990//990 981//981 988//988
f 1002//1002 976//976 955//955
f 976//976 1002//1002 970//970
f 970//970 1002//1002 969//969
f 971//971 969//969 1002//1002
f 966//966 971//971 1002//1002
f 966//966 1002//1002 955//955
f 973//973 971//971 1003//1003
f 1003//1003 967//967 973//973
f 1004//1004 1003//1003 971//971
f 967//967 1003//1003 1004//1004
f 1004//1004 965//965 967//967
f 965//965 1004//1004 964//964
f 966//966 964//964 1004//1004
f 966//966 1004//1004 971//971
f 962//962 966//966 961//961
f 956//956 960//960 966//966
f 956//956 966//966 955//955
f 1018//1018 1005//1005 1008//1008
f 1009//1009 1007//1007 1005//1005
f 1009//1009 1005//1005 1013//1013
f 1016//1016 1012//1012 1006//1006
f 1005//1005 1011//1011 1013//1013
f 1006//1006 1019//1019 1016//1016
f 1020//1020 1015//1015 1017//1017
f 1022//1022 1020//1020 1017//1017
f 1022//1022 1017//1017 1030//1030
f 1008//1008 1025//1025 1018//1018
f 1017//1017 1024//1024 1026//1026
f 1017//1017 1026//1026 1028//1028
f 1017//1017 1028//1028 1030//1030
f 1045//1045 1031//1031 1033//1033
f 1034//1034 1032//1032 1030//1030
f 1036//1036 1034//1034 1030//1030
f 1028//1028 1036//1036 1030//1030
f 1038//1038 1022//1022 1030//1030
f 1040//1040 1038//1038 1030//1030
f 1043//1043 1041//1041 1031//1031
f 1031//1031 1045//1045 1043//1043
f 1046//1046 1042//1042 1044//1044
f 1046//1046 1044//1044 1050//1050
f 1033//1033 1049//1049 1045//1045
f 1044//1044 1048//1048 1050//1050
f 1034//1034 1051//1051 1049//1049
f 1046//1046 1050//1050 1013//1013
f 1060//1060 1054//1054 1052//1052
f 1050//1050 1053//1053 1055//1055
f 1050//1050 1055//1055 1057//1057
f 1050//1050 1057//1057 1013//1013
f 1052//1052 1035//1035 1060//1060
f 1054//1054 1060//1060 1037//1037
f 1036//1036 1059//1059 1034//1034
f 1069//1069 1058//1058 1062//1062
f 1055//1055 1061//1061 1057//1057
f 1071//1071 1064//1064 1058//1058
f 1057//1057 1063//1063 1066//1066
f 1057//1057 1066//1066 1009//1009
f 1057//1057 1009//1009 1013//1013
f 1058//1058 1069//1069 1071//1071
f 1065//1065 1070//1070 1029//1029
f 1028//1028 1070//1070 1068//1068
f 1028//1028 1068//1068 1036//1036
f 1062//1062 1073//1073 1069//1069
f 1068//1068 1072//1072 1036//1036
f 1056//1056 1037//1037 1073//1073
f 1073//1073 1062//1062 1056//1056
f 1029//1029 1067//1067 1065//1065
f 1077//1077 1075//1075 1067//1067
f 1066//1066 1074//1074 1009//1009
f 1067//1067 1029//1029 1077//1077
f 1075//1075 1077//1077 1027//1027
f 1026//1026 1076//1076 1028//1028
f 1027//1027 1010//1010 1075//1075
f 1037//1037 1056//1056 1054//1054
f 1049//1049 1033//1033 1034//1034
f 1039//1039 1047//1047 1078//1078
f 1080//1080 1078//1078 1046//1046
f 1080//1080 1046//1046 1013//1013
f 1041//1041 1043//1043 1047//1047
f 1047//1047 1039//1039 1041//1041
f 1085//1085 1079//1079 1081//1081
f 1082//1082 1080//1080 1013//1013
f 1023//1023 1081//1081 1083//1083
f 1081//1081 1023//1023 1085//1085
f 1078//1078 1086//1086 1039//1039
f 1038//1038 1084//1084 1022//1022
f 1088//1088 1083//1083 1014//1014
f 1083//1083 1088//1088 1023//1023
f 1022//1022 1087//1087 1020//1020
f 1014//1014 1021//1021 1088//1088
f 1010//1010 1027//1027 1025//1025
f 1025//1025 1008//1008 1010//1010
f 1012//1012 1016//1016 1021//1021
f 1021//1021 1014//1014 1012//1012
f 1102//1102 1089//1089 1092//1092
f 1093//1093 1091//1091 1089//1089
f 1093//1093 1089//1089 1097//1097
f 1100//1100 1096//1096 1090//1090
f 1089//1089 1095//1095 1097//1097
f 1090//1090 1103//1103 1100//1100
f 1104//1104 1099//1099 1101//1101
f 1106//1106 1104//1104 1101//1101
f 1106//1106 1101//1101 1114//1114
f 1092//1092 1109//1109 1102//1102
f 1101//1101 1108//1108 1110//1110
f 1101//1101 1110//1110 1112//1112
f 1101//1101 1112//1112 1114//1114
f 1129//1129 1115//1115 1117//1117
f 1118//1118 1116//1116 1114//1114
f 1120//1120 1118//1118 1114//1114
f 1112//1112 1120//1120 1114//1114
f 1122//1122 1106//1106 1114//1114
f 1124//1124 1122//1122 1114//1114
f 1127//1127 1125//1125 1115//1115
f 1115//1115 1129//1129 1127//1127
f 1130//1130 1126//1126 1128//1128
f 1130//1130 1128//1128 1134//1134
f 1117//1117 1133//1133 1129//1129
f 1128//1128 1132//1132 1134//1134
f 1118//1118 1135//1135 1133//1133
f 1130//1130 1134//1134 1097//1097
f 1144//1144 1138//1138 1136//1136
f 1134//1134 1137//1137 1139//1139
f 1134//1134 1139//1139 1141//1141
f 1134//1134 1141//1141 1097//1097
f 1136//1136 1119//1119 1144//1144
f 1138//1138 1144//1144 1121//1121
f 1120//1120 1143//1143 1118//1118
f 1153//1153 1142//1142 1146//1146
f 1139//1139 1145//1145 1141//1141
f 1155//1155 1148//1148 1142//1142
f 1141//1141 1147//1147 1150//1150
f 1141//1141 1150//1150 1093//1093
f 1141//1141 1093//1093 1097//1097
f 1142//1142 1153//1153 1155//1155
f 1149//1149 1154//1154 1113//1113
f 1112//1112 1154//1154 1152//1152
f 1112//1112 1152//1152 1120//1120
f 1146//1146 1157//1157 1153//1153
f 1152//1152 1156//1156 1120//1120
f 1140//1140 1121//1121 1157//1157
f 1157//1157 1146//1146 1140//1140
f 1113//1113 1151//1151 1149//1149
f 1161//1161 1159//1159 1151//1151
f 1150//1150 1158//1158 1093//1093
f 1151//1151 1113//1113 1161//1161
f 1159//1159 1161//1161 1111//1111
f 1110//1110 1160//1160 1112//1112
f 1111//1111 1094//1094 1159//1159
f 1121//1121 1140//1140 1138//1138
f 1133//1133 1117//1117 1118//1118
f 1123//1123 1131//1131 1162//1162
f 1164//1164 1162//1162 1130//1130
f 1164//1164 1130//1130 1097//1097
f 1125//1125 1127//1127 1131//1131
f 1131//1131 1123//1123 1125//1125
f 1169//1169 1163//1163 1165//1165
f 1166//1166 1164//1164 1097//1097
f 1107//1107 1165//1165 1167//1167
f 1165//1165 1107//1107 1169//1169
f 1162//1162 1170//1170 1123//1123
f 1122//1122 1168//1168 1106//1106
f 1172//1172 1167//1167 1098//1098
f 1167//1167 1172//1172 1107//1107
f 1106//1106 1171//1171 1104//1104
f 1098//1098 1105//1105 1172//1172
f 1094//1094 1111//1111 1109//1109
f 1109//1109 1092//1092 1094//1094
f 1096//1096 1100//1100 1105//1105
f 1105//1105 1098//1098 1096//1096
f 1186//1186 1173//1173 1176//1176
f 1177//1177 1175//1175 1173//1173
f 1177//1177 1173//1173 1181//1181
f 1184//1184 1180//1180 1174//1174
f 1173//1173 1179//1179 1181//1181
f 1174//1174 1187//1187 1184//1184
f 1188//1188 1183//1183 1185//1185
f 1190//1190 1188//1188 1185//1185
f 1190//1190 1185//1185 1198//1198
f 1176//1176 1193//1193 1186//1186
f 1185//1185 1192//1192 1194//1194
f 1185//1185 1194//1194 1196//1196
f 1185//1185 1196//1196 1198//1198
f 1213//1213 1199//1199 1201//1201
f 1202//1202 1200//1200 1198//1198
f 1204//1204 1202//1202 1198//1198
f 1196//1196 1204//1204 1198//1198
f 1206//1206 1190//1190 1198//1198
f 1208//1208 1206//1206 1198//1198
f 1211//1211 1209//1209 1199//1199
f 1199//1199 1213//1213 1211//1211
f 1214//1214 1210//1210 1212//1212
f 1214//1214 1212//1212 1218//1218
f 1201//1201 1217//1217 1213//1213
f 1212//1212 1216//1216 1218//1218
f 1202//1202 1219//1219 1217//1217
f 1214//1214 1218//1218 1181//1181
f 1228//1228 1222//1222 1220//1220
f 1218//1218 1221//1221 1223//1223
f 1218//1218 1223//1223 1225//1225
f 1218//1218 1225//1225 1181//1181
f 1220//1220 1203//1203 1228//1228
f 1222//1222 1228//1228 1205//1205
f 1204//1204 1227//1227 1202//1202
f 1237//1237 1226//1226 1230//1230
f 1223//1223 1229//1229 1225//1225
f 1239//1239 1232//1232 1226//1226
f 1225//1225 1231//1231 1234//1234
f 1225//1225 1234//1234 1177//1177
f 1225//1225 1177//1177 1181//1181
f 1226//1226 1237//1237 1239//1239
f 1233//1233 1238//1238 1197//1197
f 1196//1196 1238//1238 1236//1236
f 1196//1196 1236//1236 1204//1204
f 1230//1230 1241//1241 1237//1237
f 1236//1236 1240//1240 1204//1204
f 1224//1224 1205//1205 1241//1241
f 1241//1241 1230//1230 1224//1224
f 1197//1197 1235//1235 1233//1233
f 1245//1245 1243//1243 1235//1235
f 1234//1234 1242//1242 1177//1177
f 1235//1235 1197//1197 1245//1245
f 1243//1243 1245//1245 1195//1195
f 1194//1194 1244//1244 1196//1196
f 1195//1195 1178//1178 1243//1243
f 1205//1205 1224//1224 1222//1222
f 1217//1217 1201//1201 1202//1202
f 1207//1207 1215//1215 1246//1246
f 1248//1248 1246//1246 1214//1214
f 1248//1248 1214//1214 1181//1181
f 1209//1209 1211//1211 1215//1215
f 1215//1215 1207//1207 1209//1209
f 1253//1253 1247//1247 1249//1249
f 1250//1250 1248//1248 1181//1181
f 1191//1191 1249//1249 1251//1251
f 1249//1249 1191//1191 1253//1253
f 1246//1246 1254//1254 1207//1207
f 1206//1206 1252//1252 1190//1190
f 1256//1256 1251//1251 1182//1182
f 1251//1251 1256//1256 1191//1191
f 1190//1190 1255//1255 1188//1188
f 1182//1182 1189//1189 1256//1256
f 1178//1178 1195//1195 1193//1193
f 1193//1193 1176//1176 1178//1178
f 1180//1180 1184//1184 1189//1189
f 1189//1189 1182//1182 1180//1180
f 1257//1257 1258//1258 1261//1261
f 1258//1258 1257//1257 1259//1259
f 1257//1257 1260//1260 1259//1259
f 1261//1261 1260//1260 1257//1257
f 1260//1260 1261//1261 1263//1263
f 1261//1261 1258//1258 1262//1262
f 1263//1263 1264//1264 1260//1260
f 1265//1265 1262//1262 1266//1266
f 1267//1267 1266//1266 1262//1262
f 1258//1258 1267//1267 1262//1262
f 1267//1267 1268//1268 1270//1270
f 1268//1268 1267//1267 1269//1269
f 1271//1271 1269//1269 1267//1267
f 1270//1270 1266//1266 1267//1267
f 1272//1272 1271//1271 1267//1267
f 1258//1258 1272//1272 1267//1267
f 1272//1272 1273//1273 1276//1276
f 1273//1273 1272//1272 1274//1274
f 1279//1279 1274//1274 1272//1272
f 1276//1276 1277//1277 1272//1272
f 1272//1272 1277//1277 1271//1271
f 1258//1258 1279//1279 1272//1272
f 1274//1274 1279//1279 1280//1280
f 1280//1280 1279//1279 1281//1281
f 1282//1282 1281//1281 1279//1279
f 1283//1283 1282//1282 1279//1279
f 1284//1284 1283//1283 1279//1279
f 1286//1286 1284//1284 1279//1279
f 1287//1287 1286//1286 1279//1279
f 1258//1258 1287//1287 1279//1279
f 1286//1286 1287//1287 1259//1259
f 1259//1259 1287//1287 1258//1258
f 1289//1289 1286//1286 1288//1288
f 1259//1259 1288//1288 1286//1286
f 1286//1286 1289//1289 1284//1284
f 1284//1284 1289//1289 1290//1290
f 1288//1288 1290//1290 1289//1289
f 1290//1290 1292//1292 1284//1284
f 1293//1293 1291//1291 1290//1290
f 1290//1290 1288//1288 1259//1259
f 1293//1293 1290//1290 1259//1259
f 1291//1291 1293//1293 1294//1294
f 1295//1295 1294//1294 1293//1293
f 1293//1293 1296//1296 1295//1295
f 1297//1297 1296//1296 1293//1293
f 1298//1298 1297//1297 1293//1293
f 1298//1298 1293//1293 1259//1259
f 1298//1298 1300//1300 1297//1297
f 1300//1300 1299//1299 1301//1301
f 1282//1282 1302//1302 1298//1298
f 1298//1298 1303//1303 1282//1282
f 1304//1304 1303//1303 1298//1298
f 1304//1304 1298//1298 1259//1259
f 1303//1303 1304//1304 1281//1281
f 1281//1281 1304//1304 1280//1280
f 1280//1280 1304//1304 1259//1259
f 1281//1281 1282//1282 1303//1303
f 1283//1283 1301//1301 1282//1282
f 1301//1301 1283//1283 1300//1300
f 1297//1297 1300//1300 1283//1283
f 1296//1296 1297//1297 1305//1305
f 1283//1283 1305//1305 1297//1297
f 1295//1295 1305//1305 1283//1283
f 1305//1305 1295//1295 1296//1296
f 1284//1284 1294//1294 1295//1295
f 1284//1284 1295//1295 1283//1283
f 1294//1294 1285//1285 1291//1291
f 1306//1306 1280//1280 1259//1259
f 1280//1280 1306//1306 1274//1274
f 1274//1274 1306//1306 1273//1273
f 1275//1275 1273//1273 1306//1306
f 1270//1270 1275//1275 1306//1306
f 1270//1270 1306//1306 1259//1259
f 1278//1278 1275//1275 1307//1307
f 1307//1307 1271//1271 1278//1278
f 1308//1308 1307//1307 1275//1275
f 1271//1271 1307//1307 1308//1308
f 1308//1308 1269//1269 1271//1271
f 1269//1269 1308//1308 1268//1268
f 1270//1270 1268//1268 1308//1308
f 1270//1270 1308//1308 1275//1275
f 1266//1266 1270//1270 1265//1265
f 1260//1260 1264//1264 1270//1270
f 1260//1260 1270//1270 1259//1259
f 1309//1309 1310//1310 1313//1313
f 1310//1310 1309//1309 1311//1311
f 1309//1309 1312//1312 1311//1311
f 1313//1313 1312//1312 1309//1309
f 1312//1312 1313//1313 1315//1315
f 1313//1313 1310//1310 1314//1314
f 1315//1315 1316//1316 1312//1312
f 1317//1317 1314//1314 1318//1318
f 1319//1319 1318//1318 1314//1314
f 1310//1310 1319//1319 1314//1314
f 1319//1319 1320//1320 1322//1322
f 1320//1320 1319//1319 1321//1321
f 1323//1323 1321//1321 1319//1319
f 1322//1322 1318//1318 1319//1319
f 1324//1324 1323//1323 1319//1319
f 1310//1310 1324//1324 1319//1319
f 1324//1324 1325//1325 1328//1328
f 1325//1325 1324//1324 1326//1326
f 1331//1331 1326//1326 1324//1324
f 1328//1328 1329//1329 1324//1324
f 1324//1324 1329//1329 1323//1323
f 1310//1310 1331//1331 1324//1324
f 1326//1326 1331//1331 1332//1332
f 1332//1332 1331//1331 1333//1333
f 1334//1334 1333//1333 1331//1331
f 1335//1335 1334//1334 1331//1331
f 1336//1336 1335//1335 1331//1331
f 1338//1338 1336//1336 1331//1331
f 1339//1339 1338//1338 1331//1331
f 1310//1310 1339//1339 1331//1331
f 1338//1338 1339//1339 1311//1311
f 1311//1311 1339//1339 1310//1310
f 1341//1341 1338//1338 1340//1340
f 1311//1311 1340//1340 1338//1338
f 1338//1338 1341//1341 1336//1336
f 1336//1336 1341//1341 1342//1342
f 1340//1340 1342//1342 1341//1341
f 1342//1342 1344//1344 1336//1336
f 1345//1345 1343//1343 1342//1342
f 1342//1342 1340//1340 1311//1311
f 1345//1345 1342//1342 1311//1311
f 1343//1343 1345//1345 1346//1346
f 1347//1347 1346//1346 1345//1345
f 1345//1345 1348//1348 1347//1347
f 1349//1349 1348//1348 1345//1345
f 1350//1350 1349//1349 1345//1345
f 1350//1350 1345//1345 1311//1311
f 1350//1350 1352//1352 1349//1349
f 1352//1352 1351//1351 1353//1353
f 1334//1334 1354//1354 1350//1350
f 1350//1350 1355//1355 1334//1334
f 1356//1356 1355//1355 1350//1350
f 1356//1356 1350//1350 1311//1311
f 1355//1355 1356//1356 1333//1333
f 1333//1333 1356//1356 1332//1332
f 1332//1332 1356//1356 1311//1311
f 1333//1333 1334//1334 1355//1355
f 1335//1335 1353//1353 1334//1334
f 1353//1353 1335//1335 1352//1352
f 1349//1349 1352//1352 1335//1335
f 1348//1348 1349//1349 1357//1357
f 1335//1335 1357//1357 1349//1349
f 1347//1347 1357//1357 1335//1335
f 1357//1357 1347//1347 1348//1348
f 1336//1336 1346//1346 1347//1347
f 1336//1336 1347//1347 1335//1335
f 1346//1346 1337//1337 1343//1343
f 1358//1358 1332//1332 1311//1311
f 1332//1332 1358//1358 1326//1326
f 1326//1326 1358//1358 1325//1325
f 1327//1327 1325//1325 1358//1358
f 1322//1322 1327//1327 1358//1358
f 1322//1322 1358//1358 1311//1311
f 1330//1330 1327//1327 1359//1359
f 1359//1359 1323//1323 1330//1330
f 1360//1360 1359//1359 1327//1327
f 1323//1323 1359//1359 1360//1360
f 1360//1360 1321//1321 1323//1323
f 1321//1321 1360//1360 1320//1320
f 1322//1322 1320//1320 1360//1360
f 1322//1322 1360//1360 1327//1327
f 1318//1318 1322//1322 1317//1317
f 1312//1312 1316//1316 1322//1322
f 1312//1312 1322//1322 1311//1311
f 1361//1361 1362//1362 1365//1365
f 1362//1362 1361//1361 1363//1363
f 1361//1361 1364//1364 1363//1363
f 1365//1365 1364//1364 1361//1361
f 1364//1364 1365//1365 1367//1367
f 1365//1365 1362//1362 1366//1366
f 1367//1367 1368//1368 1364//1364
f 1369//1369 1366//1366 1370//1370
f 1371//1371 1370//1370 1366//1366
f 1362//1362 1371//1371 1366//1366
f 1371//1371 1372//1372 1374//1374
f 1372//1372 1371//1371 1373//1373
f 1375//1375 1373//1373 1371//1371
f 1374//1374 1370//1370 1371//1371
f 1376//1376 1375//1375 1371//1371
f 1362//1362 1376//1376 1371//1371
f 1376//1376 1377//1377 1380//1380
f 1377//1377 1376//1376 1378//1378
f 1383//1383 1378//1378 1376//1376
f 1380//1380 1381//1381 1376//1376
f 1376//1376 1381//1381 1375//1375
f 1362//1362 1383//1383 1376//1376
f 1378//1378 1383//1383 1384//1384
f 1384//1384 1383//1383 1385//1385
f 1386//1386 1385//1385 1383//1383
f 1387//1387 1386//1386 1383//1383
f 1388//1388 1387//1387 1383//1383
f 1390//1390 1388//1388 1383//1383
f 1391//1391 1390//1390 1383//1383
f 1362//1362 1391//1391 1383//1383
f 1390//1390 1391//1391 1363//1363
f 1363//1363 1391//1391 1362//1362
f 1393//1393 1390//1390 1392//1392
f 1363//1363 1392//1392 1390//1390
f 1390//1390 1393//1393 1388//1388
f 1388//1388 1393//1393 1394//1394
f 1392//1392 1394//1394 1393//1393
f 1394//1394 1396//1396 1388//1388
f 1397//1397 1395//1395 1394//1394
f 1394//1394 1392//1392 1363//1363
f 1397//1397 1394//1394 1363//1363
f 1395//1395 1397//1397 1398//1398
f 1399//1399 1398//1398 1397//1397
f 1397//1397 1400//1400 1399//1399
f 1401//1401 1400//1400 1397//1397
f 1402//1402 1401//1401 1397//1397
f 1402//1402 1397//1397 1363//1363
f 1402//1402 1404//1404 1401//1401
f 1404//1404 1403//1403 1405//1405
f 1386//1386 1406//1406 1402//1402
f 1402//1402 1407//1407 1386//1386
f 1408//1408 1407//1407 1402//1402
f 1408//1408 1402//1402 1363//1363
f 1407//1407 1408//1408 1385//1385
f 1385//1385 1408//1408 1384//1384
f 1384//1384 1408//1408 1363//1363
f 1385//1385 1386//1386 1407//1407
f 1387//1387 1405//1405 1386//1386
f 1405//1405 1387//1387 1404//1404
f 1401//1401 1404//1404 1387//1387
f 1400//1400 1401//1401 1409//1409
f 1387//1387 1409//1409 1401//1401
f 1399//1399 1409//1409 1387//1387
f 1409//1409 1399//1399 1400//1400
f 1388//1388 1398//1398 1399//1399
f 1388//1388 1399//1399 1387//1387
f 1398//1398 1389//1389 1395//1395
f 1410//1410 1384//1384 1363//1363
f 1384//1384 1410//1410 1378//1378
f 1378//1378 1410//1410 1377//1377
f 1379//1379 1377//1377 1410//1410
f 1374//1374 1379//1379 1410//1410
f 1374//1374 1410//1410 1363//1363
f 1382//1382 1379//1379 1411//1411
f 1411//1411 1375//1375 1382//1382
f 1412//1412 1411//1411 1379//1379
f 1375//1375 1411//1411 1412//1412
f 1412//1412 1373//1373 1375//1375
f 1373//1373 1412//1412 1372//1372
f 1374//1374 1372//1372 1412//1412
f 1374//1374 1412//1412 1379//1379
f 1370//1370 1374//1374 1369//1369
f 1364//1364 1368//1368 1374//1374
f 1364//1364 1374//1374 1363//1363

