# https://github.com/mikedh/trimesh
v 0.77505934 -0.33052242 0.02440214
v 0.76255935 -0.33052242 0.02440214
v 0.77505934 -0.50000006 0.02441120
v 0.77505934 -0.31190538 0.02792013
v 0.76255935 -0.31190538 0.02792013
v 0.76255935 -0.29639310 0.03847003
v 0.76255935 -0.29639310 0.03847003
v 0.76255935 -0.31580770 0.03735971
v 0.76255935 -0.33145863 0.03440237
v 0.76255935 -0.50000006 0.03441119
v 0.75255936 -0.50000006 0.03441107
v 0.75255936 -0.33145863 0.03440225
v 0.75255936 -0.31580770 0.03735948
v 0.75255936 -0.30359119 0.04566813
v 0.75255936 -0.29232532 0.07353580
v 0.75255913 -0.31580776 0.45746255
v 0.75255919 -0.50000012 0.46041107
v 0.75255919 -0.66854155 0.46041989
v 0.75255919 -0.68419242 0.45746255
v 0.75255919 -0.70471740 0.43693757
v 0.75255936 -0.69640893 0.04566813
v 0.75255936 -0.66854155 0.03440225
v 0.75255919 -0.33145869 0.46041989
v 0.76255918 -0.50000012 0.46041107
v 0.76255918 -0.66854155 0.46041989
v 0.76255918 -0.66947770 0.47042000
v 0.76255918 -0.68809474 0.46690214
v 0.76255918 -0.68419242 0.45746255
v 0.76255918 -0.70360696 0.45635223
v 0.76255918 -0.70360696 0.45635223
v 0.76255918 -0.69640887 0.44915414
v 0.76255918 -0.71415699 0.44084001
v 0.76255918 -0.70471740 0.43693769
v 0.75255919 -0.69640887 0.44915414
v 0.76255918 -0.71767473 0.42222297
v 0.76255918 -0.70767474 0.42128646
v 0.76255935 -0.71767479 0.07259941
v 0.76255935 -0.70767474 0.07353580
v 0.75255919 -0.70767474 0.42128634
v 0.75255936 -0.70767474 0.07353580
v 0.75255936 -0.70471740 0.05788457
v 0.76255935 -0.70471740 0.05788457
v 0.76255935 -0.71415699 0.05398226
v 0.76255935 -0.70360702 0.03847003
v 0.76255935 -0.70360702 0.03847003
v 0.76255935 -0.69640893 0.04566813
v 0.76255935 -0.68809474 0.02792013
v 0.76255935 -0.68419242 0.03735971
v 0.76255935 -0.66947770 0.02440214
v 0.76255935 -0.66854155 0.03440237
v 0.75255936 -0.68419242 0.03735948
v 0.76255935 -0.50000006 0.02441120
v 0.77505940 -0.66947770 0.02440214
v 0.77505940 -0.68809474 0.02792013
v 0.77505940 -0.70360702 0.03847003
v 0.77505940 -0.70360702 0.03847003
v 0.77505940 -0.71415699 0.05398226
v 0.77505934 -0.71767479 0.07259941
v 0.77505916 -0.71767473 0.42222297
v 0.77505916 -0.70360696 0.45635223
v 0.77505916 -0.70360696 0.45635223
v 0.77505916 -0.71415699 0.44084001
v 0.77505916 -0.68809474 0.46690214
v 0.77505916 -0.66947770 0.47042000
v 0.77505916 -0.50000012 0.47041106
v 0.77505916 -0.33052248 0.47042000
v 0.76255918 -0.33052248 0.47042000
v 0.76255918 -0.50000012 0.47041106
v 0.76255918 -0.33145869 0.46041989
v 0.76255918 -0.31580776 0.45746255
v 0.76255918 -0.31190544 0.46690214
v 0.76255918 -0.30359125 0.44915414
v 0.75255913 -0.30359125 0.44915414
v 0.75255919 -0.29528278 0.43693757
v 0.75255919 -0.29232538 0.42128634
v 0.76255918 -0.29528278 0.43693757
v 0.76255918 -0.28584313 0.44083989
v 0.76255918 -0.29639316 0.45635223
v 0.76255918 -0.29639316 0.45635223
v 0.76255918 -0.29232538 0.42128646
v 0.76255918 -0.28232539 0.42222297
v 0.76255935 -0.29232532 0.07353580
v 0.76255935 -0.28232533 0.07259941
v 0.76255935 -0.29528278 0.05788457
v 0.75255936 -0.29528278 0.05788457
v 0.76255935 -0.28584313 0.05398226
v 0.76255935 -0.30359119 0.04566813
v 0.77505934 -0.28584313 0.05398226
v 0.77505934 -0.29639310 0.03847003
v 0.77505934 -0.29639310 0.03847003
v 0.77505934 -0.28232533 0.07259941
v 0.77505916 -0.28232539 0.42222297
v 0.77505916 -0.29639316 0.45635223
v 0.77505916 -0.29639316 0.45635223
v 0.77505916 -0.28584313 0.44084001
v 0.77505916 -0.31190544 0.46690214
v 0.66947758 -0.77505934 0.02440214
v 0.66947758 -0.76255935 0.02440214
v 0.49999994 -0.77505934 0.02441120
v 0.68809462 -0.77505934 0.02792013
v 0.68809462 -0.76255935 0.02792013
v 0.70360690 -0.76255935 0.03847003
v 0.70360690 -0.76255935 0.03847003
v 0.68419230 -0.76255935 0.03735971
v 0.66854137 -0.76255935 0.03440237
v 0.49999994 -0.76255935 0.03441119
v 0.49999994 -0.75255936 0.03441107
v 0.66854137 -0.75255936 0.03440225
v 0.68419230 -0.75255936 0.03735948
v 0.69640881 -0.75255930 0.04566813
v 0.70767468 -0.75255930 0.07353580
v 0.68419224 -0.75255913 0.45746255
v 0.49999988 -0.75255919 0.46041107
v 0.33145848 -0.75255919 0.46041989
v 0.31580758 -0.75255919 0.45746255
v 0.29528263 -0.75255919 0.43693757
v 0.30359107 -0.75255936 0.04566813
v 0.33145848 -0.75255936 0.03440225
v 0.66854131 -0.75255913 0.46041989
v 0.49999988 -0.76255918 0.46041107
v 0.33145848 -0.76255918 0.46041989
v 0.33052233 -0.76255918 0.47042000
v 0.31190529 -0.76255918 0.46690214
v 0.31580758 -0.76255918 0.45746255
v 0.29639301 -0.76255918 0.45635223
v 0.29639301 -0.76255918 0.45635223
v 0.30359110 -0.76255918 0.44915414
v 0.28584301 -0.76255918 0.44084001
v 0.29528263 -0.76255918 0.43693769
v 0.30359110 -0.75255919 0.44915414
v 0.28232524 -0.76255924 0.42222297
v 0.29232523 -0.76255918 0.42128646
v 0.28232521 -0.76255935 0.07259941
v 0.29232523 -0.76255935 0.07353580
v 0.29232523 -0.75255919 0.42128634
v 0.29232523 -0.75255936 0.07353580
v 0.29528260 -0.75255936 0.05788457
v 0.29528260 -0.76255941 0.05788457
v 0.28584301 -0.76255941 0.05398226
v 0.29639298 -0.76255941 0.03847003
v 0.29639298 -0.76255941 0.03847003
v 0.30359107 -0.76255941 0.04566813
v 0.31190526 -0.76255941 0.02792013
v 0.31580755 -0.76255941 0.03735971
v 0.33052230 -0.76255941 0.02440214
v 0.33145848 -0.76255941 0.03440237
v 0.31580755 -0.75255942 0.03735948
v 0.49999994 -0.76255935 0.02441120
v 0.33052230 -0.77505940 0.02440214
v 0.31190526 -0.77505940 0.02792013
v 0.29639298 -0.77505940 0.03847003
v 0.29639298 -0.77505940 0.03847003
v 0.28584301 -0.77505940 0.05398226
v 0.28232521 -0.77505940 0.07259941
v 0.28232524 -0.77505922 0.42222297
v 0.29639301 -0.77505922 0.45635223
v 0.29639301 -0.77505922 0.45635223
v 0.28584301 -0.77505922 0.44084001
v 0.31190529 -0.77505916 0.46690214
v 0.33052233 -0.77505916 0.47042000
v 0.49999988 -0.77505916 0.47041106
v 0.66947752 -0.77505910 0.47042000
v 0.66947752 -0.76255912 0.47042000
v 0.49999988 -0.76255918 0.47041106
v 0.66854131 -0.76255912 0.46041989
v 0.68419224 -0.76255912 0.45746255
v 0.68809456 -0.76255912 0.46690214
v 0.69640875 -0.76255912 0.44915414
v 0.69640875 -0.75255913 0.44915414
v 0.70471722 -0.75255913 0.43693757
v 0.70767462 -0.75255913 0.42128634
v 0.70471722 -0.76255912 0.43693757
v 0.71415687 -0.76255912 0.44083989
v 0.70360684 -0.76255912 0.45635223
v 0.70360684 -0.76255912 0.45635223
v 0.70767462 -0.76255912 0.42128646
v 0.71767461 -0.76255912 0.42222297
v 0.70767468 -0.76255929 0.07353580
v 0.71767467 -0.76255929 0.07259941
v 0.70471722 -0.76255929 0.05788457
v 0.70471722 -0.75255930 0.05788457
v 0.71415687 -0.76255935 0.05398226
v 0.69640881 -0.76255935 0.04566813
v 0.71415687 -0.77505934 0.05398226
v 0.70360690 -0.77505934 0.03847003
v 0.70360690 -0.77505934 0.03847003
v 0.71767467 -0.77505934 0.07259941
v 0.71767461 -0.77505916 0.42222297
v 0.70360684 -0.77505910 0.45635223
v 0.70360684 -0.77505910 0.45635223
v 0.71415687 -0.77505916 0.44084001
v 0.68809456 -0.77505910 0.46690214
v -0.33052242 -0.77505934 0.02440214
v -0.33052242 -0.76255935 0.02440214
v -0.50000006 -0.77505934 0.02441120
v -0.31190538 -0.77505934 0.02792013
v -0.31190538 -0.76255935 0.02792013
v -0.29639310 -0.76255935 0.03847003
v -0.29639310 -0.76255935 0.03847003
v -0.31580770 -0.76255935 0.03735971
v -0.33145863 -0.76255935 0.03440237
v -0.50000006 -0.76255935 0.03441119
v -0.50000006 -0.75255936 0.03441107
v -0.33145863 -0.75255936 0.03440225
v -0.31580770 -0.75255936 0.03735948
v -0.30359119 -0.75255930 0.04566813
v -0.29232532 -0.75255930 0.07353580
v -0.31580776 -0.75255913 0.45746255
v -0.50000012 -0.75255919 0.46041107
v -0.66854155 -0.75255919 0.46041989
v -0.68419242 -0.75255919 0.45746255
v -0.70471740 -0.75255919 0.43693757
v -0.69640893 -0.75255936 0.04566813
v -0.66854155 -0.75255936 0.03440225
v -0.33145869 -0.75255913 0.46041989
v -0.50000012 -0.76255918 0.46041107
v -0.66854155 -0.76255918 0.46041989
v -0.66947770 -0.76255918 0.47042000
v -0.68809474 -0.76255918 0.46690214
v -0.68419242 -0.76255918 0.45746255
v -0.70360696 -0.76255918 0.45635223
v -0.70360696 -0.76255918 0.45635223
v -0.69640887 -0.76255918 0.44915414
v -0.71415699 -0.76255918 0.44084001
v -0.70471740 -0.76255918 0.43693769
v -0.69640887 -0.75255919 0.44915414
v -0.71767473 -0.76255924 0.42222297
v -0.70767474 -0.76255918 0.42128646
v -0.71767479 -0.76255935 0.07259941
v -0.70767474 -0.76255935 0.07353580
v -0.70767474 -0.75255919 0.42128634
v -0.70767474 -0.75255936 0.07353580
v -0.70471740 -0.75255936 0.05788457
v -0.70471740 -0.76255941 0.05788457
v -0.71415699 -0.76255941 0.05398226
v -0.70360702 -0.76255941 0.03847003
v -0.70360702 -0.76255941 0.03847003
v -0.69640893 -0.76255941 0.04566813
v -0.68809474 -0.76255941 0.02792013
v -0.68419242 -0.76255941 0.03735971
v -0.66947770 -0.76255941 0.02440214
v -0.66854155 -0.76255941 0.03440237
v -0.68419242 -0.75255942 0.03735948
v -0.50000006 -0.76255935 0.02441120
v -0.66947770 -0.77505940 0.02440214
v -0.68809474 -0.77505940 0.02792013
v -0.70360702 -0.77505940 0.03847003
v -0.70360702 -0.77505940 0.03847003
v -0.71415699 -0.77505940 0.05398226
v -0.71767479 -0.77505940 0.07259941
v -0.71767473 -0.77505922 0.42222297
v -0.70360696 -0.77505922 0.45635223
v -0.70360696 -0.77505922 0.45635223
v -0.71415699 -0.77505922 0.44084001
v -0.68809474 -0.77505916 0.46690214
v -0.66947770 -0.77505916 0.47042000
v -0.50000012 -0.77505916 0.47041106
v -0.33052248 -0.77505910 0.47042000
v -0.33052248 -0.76255912 0.47042000
v -0.50000012 -0.76255918 0.47041106
v -0.33145869 -0.76255912 0.46041989
v -0.31580776 -0.76255912 0.45746255
v -0.31190544 -0.76255912 0.46690214
v -0.30359125 -0.76255912 0.44915414
v -0.30359125 -0.75255913 0.44915414
v -0.29528278 -0.75255913 0.43693757
v -0.29232538 -0.75255913 0.42128634
v -0.29528278 -0.76255912 0.43693757
v -0.28584313 -0.76255912 0.44083989
v -0.29639316 -0.76255912 0.45635223
v -0.29639316 -0.76255912 0.45635223
v -0.29232538 -0.76255912 0.42128646
v -0.28232539 -0.76255912 0.42222297
v -0.29232532 -0.76255929 0.07353580
v -0.28232533 -0.76255929 0.07259941
v -0.29528278 -0.76255929 0.05788457
v -0.29528278 -0.75255930 0.05788457
v -0.28584313 -0.76255935 0.05398226
v -0.30359119 -0.76255935 0.04566813
v -0.28584313 -0.77505934 0.05398226
v -0.29639310 -0.77505934 0.03847003
v -0.29639310 -0.77505934 0.03847003
v -0.28232533 -0.77505934 0.07259941
v -0.28232539 -0.77505916 0.42222297
v -0.29639316 -0.77505910 0.45635223
v -0.29639316 -0.77505910 0.45635223
v -0.28584313 -0.77505916 0.44084001
v -0.31190544 -0.77505910 0.46690214
v 0.77505940 0.66947758 0.02440214
v 0.76255941 0.66947758 0.02440214
v 0.77505940 0.49999994 0.02441120
v 0.77505940 0.68809462 0.02792013
v 0.76255941 0.68809462 0.02792013
v 0.76255941 0.70360690 0.03847003
v 0.76255941 0.70360690 0.03847003
v 0.76255941 0.68419230 0.03735971
v 0.76255941 0.66854137 0.03440237
v 0.76255941 0.49999994 0.03441119
v 0.75255942 0.49999994 0.03441107
v 0.75255942 0.66854137 0.03440225
v 0.75255942 0.68419230 0.03735948
v 0.75255942 0.69640881 0.04566813
v 0.75255942 0.70767468 0.07353580
v 0.75255919 0.68419224 0.45746255
v 0.75255924 0.49999988 0.46041107
v 0.75255924 0.33145848 0.46041989
v 0.75255924 0.31580758 0.45746255
v 0.75255924 0.29528263 0.43693757
v 0.75255942 0.30359107 0.04566813
v 0.75255942 0.33145848 0.03440225
v 0.75255924 0.66854131 0.46041989
v 0.76255924 0.49999988 0.46041107
v 0.76255924 0.33145848 0.46041989
v 0.76255924 0.33052233 0.47042000
v 0.76255924 0.31190529 0.46690214
v 0.76255924 0.31580758 0.45746255
v 0.76255924 0.29639301 0.45635223
v 0.76255924 0.29639301 0.45635223
v 0.76255924 0.30359110 0.44915414
v 0.76255924 0.28584301 0.44084001
v 0.76255924 0.29528263 0.43693769
v 0.75255924 0.30359110 0.44915414
v 0.76255924 0.28232524 0.42222297
v 0.76255924 0.29232523 0.42128646
v 0.76255941 0.28232521 0.07259941
v 0.76255941 0.29232523 0.07353580
v 0.75255924 0.29232523 0.42128634
v 0.75255942 0.29232523 0.07353580
v 0.75255942 0.29528260 0.05788457
v 0.76255941 0.29528260 0.05788457
v 0.76255941 0.28584301 0.05398226
v 0.76255941 0.29639298 0.03847003
v 0.76255941 0.29639298 0.03847003
v 0.76255941 0.30359107 0.04566813
v 0.76255941 0.31190526 0.02792013
v 0.76255941 0.31580755 0.03735971
v 0.76255941 0.33052230 0.02440214
v 0.76255941 0.33145848 0.03440237
v 0.75255942 0.31580755 0.03735948
v 0.76255941 0.49999994 0.02441120
v 0.77505946 0.33052230 0.02440214
v 0.77505946 0.31190526 0.02792013
v 0.77505946 0.29639298 0.03847003
v 0.77505946 0.29639298 0.03847003
v 0.77505946 0.28584301 0.05398226
v 0.77505940 0.28232521 0.07259941
v 0.77505922 0.28232524 0.42222297
v 0.77505922 0.29639301 0.45635223
v 0.77505922 0.29639301 0.45635223
v 0.77505922 0.28584301 0.44084001
v 0.77505922 0.31190529 0.46690214
v 0.77505922 0.33052233 0.47042000
v 0.77505922 0.49999988 0.47041106
v 0.77505922 0.66947752 0.47042000
v 0.76255924 0.66947752 0.47042000
v 0.76255924 0.49999988 0.47041106
v 0.76255924 0.66854131 0.46041989
v 0.76255924 0.68419224 0.45746255
v 0.76255924 0.68809456 0.46690214
v 0.76255924 0.69640875 0.44915414
v 0.75255919 0.69640875 0.44915414
v 0.75255924 0.70471722 0.43693757
v 0.75255924 0.70767462 0.42128634
v 0.76255924 0.70471722 0.43693757
v 0.76255924 0.71415687 0.44083989
v 0.76255924 0.70360684 0.45635223
v 0.76255924 0.70360684 0.45635223
v 0.76255924 0.70767462 0.42128646
v 0.76255924 0.71767461 0.42222297
v 0.76255941 0.70767468 0.07353580
v 0.76255941 0.71767467 0.07259941
v 0.76255941 0.70471722 0.05788457
v 0.75255942 0.70471722 0.05788457
v 0.76255941 0.71415687 0.05398226
v 0.76255941 0.69640881 0.04566813
v 0.77505940 0.71415687 0.05398226
v 0.77505940 0.70360690 0.03847003
v 0.77505940 0.70360690 0.03847003
v 0.77505940 0.71767467 0.07259941
v 0.77505922 0.71767461 0.42222297
v 0.77505922 0.70360684 0.45635223
v 0.77505922 0.70360684 0.45635223
v 0.77505922 0.71415687 0.44084001
v 0.77505922 0.68809456 0.46690214
v 0.66947758 0.74994075 0.02440214
v 0.66947758 0.76244074 0.02440214
v 0.49999994 0.74994075 0.02441120
v 0.68809462 0.74994075 0.02792013
v 0.68809462 0.76244074 0.02792013
v 0.70360690 0.76244074 0.03847003
v 0.70360690 0.76244074 0.03847003
v 0.68419230 0.76244074 0.03735971
v 0.66854137 0.76244074 0.03440237
v 0.49999994 0.76244074 0.03441119
v 0.49999994 0.77244073 0.03441107
v 0.66854137 0.77244073 0.03440225
v 0.68419230 0.77244073 0.03735948
v 0.69640881 0.77244079 0.04566813
v 0.70767468 0.77244079 0.07353580
v 0.68419224 0.77244097 0.45746255
v 0.49999988 0.77244091 0.46041107
v 0.33145848 0.77244091 0.46041989
v 0.31580758 0.77244091 0.45746255
v 0.29528263 0.77244091 0.43693757
v 0.30359107 0.77244073 0.04566813
v 0.33145848 0.77244073 0.03440225
v 0.66854131 0.77244097 0.46041989
v 0.49999988 0.76244092 0.46041107
v 0.33145848 0.76244092 0.46041989
v 0.33052233 0.76244092 0.47042000
v 0.31190529 0.76244092 0.46690214
v 0.31580758 0.76244092 0.45746255
v 0.29639301 0.76244092 0.45635223
v 0.29639301 0.76244092 0.45635223
v 0.30359110 0.76244092 0.44915414
v 0.28584301 0.76244092 0.44084001
v 0.29528263 0.76244092 0.43693769
v 0.30359110 0.77244091 0.44915414
v 0.28232524 0.76244086 0.42222297
v 0.29232523 0.76244092 0.42128646
v 0.28232521 0.76244074 0.07259941
v 0.29232523 0.76244074 0.07353580
v 0.29232523 0.77244091 0.42128634
v 0.29232523 0.77244073 0.07353580
v 0.29528260 0.77244073 0.05788457
v 0.29528260 0.76244068 0.05788457
v 0.28584301 0.76244068 0.05398226
v 0.29639298 0.76244068 0.03847003
v 0.29639298 0.76244068 0.03847003
v 0.30359107 0.76244068 0.04566813
v 0.31190526 0.76244068 0.02792013
v 0.31580755 0.76244068 0.03735971
v 0.33052230 0.76244068 0.02440214
v 0.33145848 0.76244068 0.03440237
v 0.31580755 0.77244067 0.03735948
v 0.49999994 0.76244074 0.02441120
v 0.33052230 0.74994069 0.02440214
v 0.31190526 0.74994069 0.02792013
v 0.29639298 0.74994069 0.03847003
v 0.29639298 0.74994069 0.03847003
v 0.28584301 0.74994069 0.05398226
v 0.28232521 0.74994069 0.07259941
v 0.28232524 0.74994087 0.42222297
v 0.29639301 0.74994087 0.45635223
v 0.29639301 0.74994087 0.45635223
v 0.28584301 0.74994087 0.44084001
v 0.31190529 0.74994093 0.46690214
v 0.33052233 0.74994093 0.47042000
v 0.49999988 0.74994093 0.47041106
v 0.66947752 0.74994099 0.47042000
v 0.66947752 0.76244098 0.47042000
v 0.49999988 0.76244092 0.47041106
v 0.66854131 0.76244098 0.46041989
v 0.68419224 0.76244098 0.45746255
v 0.68809456 0.76244098 0.46690214
v 0.69640875 0.76244098 0.44915414
v 0.69640875 0.77244097 0.44915414
v 0.70471722 0.77244097 0.43693757
v 0.70767462 0.77244097 0.42128634
v 0.70471722 0.76244098 0.43693757
v 0.71415687 0.76244098 0.44083989
v 0.70360684 0.76244098 0.45635223
v 0.70360684 0.76244098 0.45635223
v 0.70767462 0.76244098 0.42128646
v 0.71767461 0.76244098 0.42222297
v 0.70767468 0.76244080 0.07353580
v 0.71767467 0.76244080 0.07259941
v 0.70471722 0.76244080 0.05788457
v 0.70471722 0.77244079 0.05788457
v 0.71415687 0.76244074 0.05398226
v 0.69640881 0.76244074 0.04566813
v 0.71415687 0.74994075 0.05398226
v 0.70360690 0.74994075 0.03847003
v 0.70360690 0.74994075 0.03847003
v 0.71767467 0.74994075 0.07259941
v 0.71767461 0.74994093 0.42222297
v 0.70360684 0.74994099 0.45635223
v 0.70360684 0.74994099 0.45635223
v 0.71415687 0.74994093 0.44084001
v 0.68809456 0.74994099 0.46690214
v 0.16947758 0.74994075 0.02440214
v 0.16947758 0.76244074 0.02440214
v -0.00000006 0.74994075 0.02441120
v 0.18809462 0.74994075 0.02792013
v 0.18809462 0.76244074 0.02792013
v 0.20360690 0.76244074 0.03847003
v 0.20360690 0.76244074 0.03847003
v 0.18419230 0.76244074 0.03735971
v 0.16854137 0.76244074 0.03440237
v -0.00000006 0.76244074 0.03441119
v -0.00000006 0.77244073 0.03441107
v 0.16854137 0.77244073 0.03440225
v 0.18419230 0.77244073 0.03735948
v 0.19640881 0.77244079 0.04566813
v 0.20767468 0.77244079 0.07353580
v 0.18419224 0.77244097 0.45746255
v -0.00000012 0.77244091 0.46041107
v -0.16854152 0.77244091 0.46041989
v -0.18419242 0.77244091 0.45746255
v -0.20471737 0.77244091 0.43693757
v -0.19640893 0.77244073 0.04566813
v -0.16854152 0.77244073 0.03440225
v 0.16854131 0.77244097 0.46041989
v -0.00000012 0.76244092 0.46041107
v -0.16854152 0.76244092 0.46041989
v -0.16947767 0.76244092 0.47042000
v -0.18809471 0.76244092 0.46690214
v -0.18419242 0.76244092 0.45746255
v -0.20360699 0.76244092 0.45635223
v -0.20360699 0.76244092 0.45635223
v -0.19640890 0.76244092 0.44915414
v -0.21415699 0.76244092 0.44084001
v -0.20471737 0.76244092 0.43693769
v -0.19640890 0.77244091 0.44915414
v -0.21767476 0.76244086 0.42222297
v -0.20767477 0.76244092 0.42128646
v -0.21767479 0.76244074 0.07259941
v -0.20767477 0.76244074 0.07353580
v -0.20767477 0.77244091 0.42128634
v -0.20767477 0.77244073 0.07353580
v -0.20471740 0.77244073 0.05788457
v -0.20471740 0.76244068 0.05788457
v -0.21415699 0.76244068 0.05398226
v -0.20360702 0.76244068 0.03847003
v -0.20360702 0.76244068 0.03847003
v -0.19640893 0.76244068 0.04566813
v -0.18809474 0.76244068 0.02792013
v -0.18419245 0.76244068 0.03735971
v -0.16947770 0.76244068 0.02440214
v -0.16854152 0.76244068 0.03440237
v -0.18419245 0.77244067 0.03735948
v -0.00000006 0.76244074 0.02441120
v -0.16947770 0.74994069 0.02440214
v -0.18809474 0.74994069 0.02792013
v -0.20360702 0.74994069 0.03847003
v -0.20360702 0.74994069 0.03847003
v -0.21415699 0.74994069 0.05398226
v -0.21767479 0.74994069 0.07259941
v -0.21767476 0.74994087 0.42222297
v -0.20360699 0.74994087 0.45635223
v -0.20360699 0.74994087 0.45635223
v -0.21415699 0.74994087 0.44084001
v -0.18809471 0.74994093 0.46690214
v -0.16947767 0.74994093 0.47042000
v -0.00000012 0.74994093 0.47041106
v 0.16947752 0.74994099 0.47042000
v 0.16947752 0.76244098 0.47042000
v -0.00000012 0.76244092 0.47041106
v 0.16854131 0.76244098 0.46041989
v 0.18419224 0.76244098 0.45746255
v 0.18809456 0.76244098 0.46690214
v 0.19640875 0.76244098 0.44915414
v 0.19640875 0.77244097 0.44915414
v 0.20471722 0.77244097 0.43693757
v 0.20767462 0.77244097 0.42128634
v 0.20471722 0.76244098 0.43693757
v 0.21415687 0.76244098 0.44083989
v 0.20360684 0.76244098 0.45635223
v 0.20360684 0.76244098 0.45635223
v 0.20767462 0.76244098 0.42128646
v 0.21767461 0.76244098 0.42222297
v 0.20767468 0.76244080 0.07353580
v 0.21767467 0.76244080 0.07259941
v 0.20471722 0.76244080 0.05788457
v 0.20471722 0.77244079 0.05788457
v 0.21415687 0.76244074 0.05398226
v 0.19640881 0.76244074 0.04566813
v 0.21415687 0.74994075 0.05398226
v 0.20360690 0.74994075 0.03847003
v 0.20360690 0.74994075 0.03847003
v 0.21767467 0.74994075 0.07259941
v 0.21767461 0.74994093 0.42222297
v 0.20360684 0.74994099 0.45635223
v 0.20360684 0.74994099 0.45635223
v 0.21415687 0.74994093 0.44084001
v 0.18809456 0.74994099 0.46690214
v -0.33052242 0.74994075 0.02440214
v -0.33052242 0.76244074 0.02440214
v -0.50000006 0.74994075 0.02441120
v -0.31190538 0.74994075 0.02792013
v -0.31190538 0.76244074 0.02792013
v -0.29639310 0.76244074 0.03847003
v -0.29639310 0.76244074 0.03847003
v -0.31580770 0.76244074 0.03735971
v -0.33145863 0.76244074 0.03440237
v -0.50000006 0.76244074 0.03441119
v -0.50000006 0.77244073 0.03441107
v -0.33145863 0.77244073 0.03440225
v -0.31580770 0.77244073 0.03735948
v -0.30359119 0.77244079 0.04566813
v -0.29232532 0.77244079 0.07353580
v -0.31580776 0.77244097 0.45746255
v -0.50000012 0.77244091 0.46041107
v -0.66854155 0.77244091 0.46041989
v -0.68419242 0.77244091 0.45746255
v -0.70471740 0.77244091 0.43693757
v -0.69640893 0.77244073 0.04566813
v -0.66854155 0.77244073 0.03440225
v -0.33145869 0.77244097 0.46041989
v -0.50000012 0.76244092 0.46041107
v -0.66854155 0.76244092 0.46041989
v -0.66947770 0.76244092 0.47042000
v -0.68809474 0.76244092 0.46690214
v -0.68419242 0.76244092 0.45746255
v -0.70360696 0.76244092 0.45635223
v -0.70360696 0.76244092 0.45635223
v -0.69640887 0.76244092 0.44915414
v -0.71415699 0.76244092 0.44084001
v -0.70471740 0.76244092 0.43693769
v -0.69640887 0.77244091 0.44915414
v -0.71767473 0.76244086 0.42222297
v -0.70767474 0.76244092 0.42128646
v -0.71767479 0.76244074 0.07259941
v -0.70767474 0.76244074 0.07353580
v -0.70767474 0.77244091 0.42128634
v -0.70767474 0.77244073 0.07353580
v -0.70471740 0.77244073 0.05788457
v -0.70471740 0.76244068 0.05788457
v -0.71415699 0.76244068 0.05398226
v -0.70360702 0.76244068 0.03847003
v -0.70360702 0.76244068 0.03847003
v -0.69640893 0.76244068 0.04566813
v -0.68809474 0.76244068 0.02792013
v -0.68419242 0.76244068 0.03735971
v -0.66947770 0.76244068 0.02440214
v -0.66854155 0.76244068 0.03440237
v -0.68419242 0.77244067 0.03735948
v -0.50000006 0.76244074 0.02441120
v -0.66947770 0.74994069 0.02440214
v -0.68809474 0.74994069 0.02792013
v -0.70360702 0.74994069 0.03847003
v -0.70360702 0.74994069 0.03847003
v -0.71415699 0.74994069 0.05398226
v -0.71767479 0.74994069 0.07259941
v -0.71767473 0.74994087 0.42222297
v -0.70360696 0.74994087 0.45635223
v -0.70360696 0.74994087 0.45635223
v -0.71415699 0.74994087 0.44084001
v -0.68809474 0.74994093 0.46690214
v -0.66947770 0.74994093 0.47042000
v -0.50000012 0.74994093 0.47041106
v -0.33052248 0.74994099 0.47042000
v -0.33052248 0.76244098 0.47042000
v -0.50000012 0.76244092 0.47041106
v -0.33145869 0.76244098 0.46041989
v -0.31580776 0.76244098 0.45746255
v -0.31190544 0.76244098 0.46690214
v -0.30359125 0.76244098 0.44915414
v -0.30359125 0.77244097 0.44915414
v -0.29528278 0.77244097 0.43693757
v -0.29232538 0.77244097 0.42128634
v -0.29528278 0.76244098 0.43693757
v -0.28584313 0.76244098 0.44083989
v -0.29639316 0.76244098 0.45635223
v -0.29639316 0.76244098 0.45635223
v -0.29232538 0.76244098 0.42128646
v -0.28232539 0.76244098 0.42222297
v -0.29232532 0.76244080 0.07353580
v -0.28232533 0.76244080 0.07259941
v -0.29528278 0.76244080 0.05788457
v -0.29528278 0.77244079 0.05788457
v -0.28584313 0.76244074 0.05398226
v -0.30359119 0.76244074 0.04566813
v -0.28584313 0.74994075 0.05398226
v -0.29639310 0.74994075 0.03847003
v -0.29639310 0.74994075 0.03847003
v -0.28232533 0.74994075 0.07259941
v -0.28232539 0.74994093 0.42222297
v -0.29639316 0.74994099 0.45635223
v -0.29639316 0.74994099 0.45635223
v -0.28584313 0.74994093 0.44084001
v -0.31190544 0.74994099 0.46690214
v -0.74994075 -0.33052230 0.02440214
v -0.76244074 -0.33052230 0.02440214
v -0.74994075 -0.49999994 0.02441120
v -0.74994075 -0.31190526 0.02792013
v -0.76244074 -0.31190526 0.02792013
v -0.76244074 -0.29639298 0.03847003
v -0.76244074 -0.29639298 0.03847003
v -0.76244074 -0.31580758 0.03735971
v -0.76244074 -0.33145851 0.03440237
v -0.76244074 -0.49999994 0.03441119
v -0.77244073 -0.49999994 0.03441107
v -0.77244073 -0.33145851 0.03440225
v -0.77244073 -0.31580758 0.03735948
v -0.77244073 -0.30359107 0.04566813
v -0.77244073 -0.29232520 0.07353580
v -0.77244097 -0.31580764 0.45746255
v -0.77244091 -0.50000000 0.46041107
v -0.77244091 -0.66854143 0.46041989
v -0.77244091 -0.68419230 0.45746255
v -0.77244091 -0.70471728 0.43693757
v -0.77244073 -0.69640881 0.04566813
v -0.77244073 -0.66854143 0.03440225
v -0.77244091 -0.33145857 0.46041989
v -0.76244092 -0.50000000 0.46041107
v -0.76244092 -0.66854143 0.46041989
v -0.76244092 -0.66947758 0.47042000
v -0.76244092 -0.68809462 0.46690214
v -0.76244092 -0.68419230 0.45746255
v -0.76244092 -0.70360684 0.45635223
v -0.76244092 -0.70360684 0.45635223
v -0.76244092 -0.69640875 0.44915414
v -0.76244092 -0.71415687 0.44084001
v -0.76244092 -0.70471728 0.43693769
v -0.77244091 -0.69640875 0.44915414
v -0.76244092 -0.71767461 0.42222297
v -0.76244092 -0.70767462 0.42128646
v -0.76244074 -0.71767467 0.07259941
v -0.76244074 -0.70767462 0.07353580
v -0.77244091 -0.70767462 0.42128634
v -0.77244073 -0.70767462 0.07353580
v -0.77244073 -0.70471728 0.05788457
v -0.76244074 -0.70471728 0.05788457
v -0.76244074 -0.71415687 0.05398226
v -0.76244074 -0.70360690 0.03847003
v -0.76244074 -0.70360690 0.03847003
v -0.76244074 -0.69640881 0.04566813
v -0.76244074 -0.68809462 0.02792013
v -0.76244074 -0.68419230 0.03735971
v -0.76244074 -0.66947758 0.02440214
v -0.76244074 -0.66854143 0.03440237
v -0.77244073 -0.68419230 0.03735948
v -0.76244074 -0.49999994 0.02441120
v -0.74994069 -0.66947758 0.02440214
v -0.74994069 -0.68809462 0.02792013
v -0.74994069 -0.70360690 0.03847003
v -0.74994069 -0.70360690 0.03847003
v -0.74994069 -0.71415687 0.05398226
v -0.74994075 -0.71767467 0.07259941
v -0.74994093 -0.71767461 0.42222297
v -0.74994093 -0.70360684 0.45635223
v -0.74994093 -0.70360684 0.45635223
v -0.74994093 -0.71415687 0.44084001
v -0.74994093 -0.68809462 0.46690214
v -0.74994093 -0.66947758 0.47042000
v -0.74994093 -0.50000000 0.47041106
v -0.74994093 -0.33052236 0.47042000
v -0.76244092 -0.33052236 0.47042000
v -0.76244092 -0.50000000 0.47041106
v -0.76244092 -0.33145857 0.46041989
v -0.76244092 -0.31580764 0.45746255
v -0.76244092 -0.31190532 0.46690214
v -0.76244092 -0.30359113 0.44915414
v -0.77244097 -0.30359113 0.44915414
v -0.77244091 -0.29528266 0.43693757
v -0.77244091 -0.29232526 0.42128634
v -0.76244092 -0.29528266 0.43693757
v -0.76244092 -0.28584301 0.44083989
v -0.76244092 -0.29639304 0.45635223
v -0.76244092 -0.29639304 0.45635223
v -0.76244092 -0.29232526 0.42128646
v -0.76244092 -0.28232527 0.42222297
v -0.76244074 -0.29232520 0.07353580
v -0.76244074 -0.28232521 0.07259941
v -0.76244074 -0.29528266 0.05788457
v -0.77244073 -0.29528266 0.05788457
v -0.76244074 -0.28584301 0.05398226
v -0.76244074 -0.30359107 0.04566813
v -0.74994075 -0.28584301 0.05398226
v -0.74994075 -0.29639298 0.03847003
v -0.74994075 -0.29639298 0.03847003
v -0.74994075 -0.28232521 0.07259941
v -0.74994093 -0.28232527 0.42222297
v -0.74994093 -0.29639304 0.45635223
v -0.74994093 -0.29639304 0.45635223
v -0.74994093 -0.28584301 0.44084001
v -0.74994093 -0.31190532 0.46690214
v -0.74994069 0.66947770 0.02440214
v -0.76244068 0.66947770 0.02440214
v -0.74994069 0.50000006 0.02441120
v -0.74994069 0.68809474 0.02792013
v -0.76244068 0.68809474 0.02792013
v -0.76244068 0.70360702 0.03847003
v -0.76244068 0.70360702 0.03847003
v -0.76244068 0.68419242 0.03735971
v -0.76244068 0.66854149 0.03440237
v -0.76244068 0.50000006 0.03441119
v -0.77244067 0.50000006 0.03441107
v -0.77244067 0.66854149 0.03440225
v -0.77244067 0.68419242 0.03735948
v -0.77244067 0.69640893 0.04566813
v -0.77244067 0.70767480 0.07353580
v -0.77244091 0.68419236 0.45746255
v -0.77244085 0.50000000 0.46041107
v -0.77244085 0.33145860 0.46041989
v -0.77244085 0.31580770 0.45746255
v -0.77244085 0.29528275 0.43693757
v -0.77244067 0.30359119 0.04566813
v -0.77244067 0.33145860 0.03440225
v -0.77244085 0.66854143 0.46041989
v -0.76244086 0.50000000 0.46041107
v -0.76244086 0.33145860 0.46041989
v -0.76244086 0.33052245 0.47042000
v -0.76244086 0.31190541 0.46690214
v -0.76244086 0.31580770 0.45746255
v -0.76244086 0.29639313 0.45635223
v -0.76244086 0.29639313 0.45635223
v -0.76244086 0.30359122 0.44915414
v -0.76244086 0.28584313 0.44084001
v -0.76244086 0.29528275 0.43693769
v -0.77244085 0.30359122 0.44915414
v -0.76244086 0.28232536 0.42222297
v -0.76244086 0.29232535 0.42128646
v -0.76244068 0.28232533 0.07259941
v -0.76244068 0.29232535 0.07353580
v -0.77244085 0.29232535 0.42128634
v -0.77244067 0.29232535 0.07353580
v -0.77244067 0.29528272 0.05788457
v -0.76244068 0.29528272 0.05788457
v -0.76244068 0.28584313 0.05398226
v -0.76244068 0.29639310 0.03847003
v -0.76244068 0.29639310 0.03847003
v -0.76244068 0.30359119 0.04566813
v -0.76244068 0.31190538 0.02792013
v -0.76244068 0.31580767 0.03735971
v -0.76244068 0.33052242 0.02440214
v -0.76244068 0.33145860 0.03440237
v -0.77244067 0.31580767 0.03735948
v -0.76244068 0.50000006 0.02441120
v -0.74994063 0.33052242 0.02440214
v -0.74994063 0.31190538 0.02792013
v -0.74994063 0.29639310 0.03847003
v -0.74994063 0.29639310 0.03847003
v -0.74994063 0.28584313 0.05398226
v -0.74994069 0.28232533 0.07259941
v -0.74994087 0.28232536 0.42222297
v -0.74994087 0.29639313 0.45635223
v -0.74994087 0.29639313 0.45635223
v -0.74994087 0.28584313 0.44084001
v -0.74994087 0.31190541 0.46690214
v -0.74994087 0.33052245 0.47042000
v -0.74994087 0.50000000 0.47041106
v -0.74994087 0.66947764 0.47042000
v -0.76244086 0.66947764 0.47042000
v -0.76244086 0.50000000 0.47041106
v -0.76244086 0.66854143 0.46041989
v -0.76244086 0.68419236 0.45746255
v -0.76244086 0.68809468 0.46690214
v -0.76244086 0.69640887 0.44915414
v -0.77244091 0.69640887 0.44915414
v -0.77244085 0.70471734 0.43693757
v -0.77244085 0.70767474 0.42128634
v -0.76244086 0.70471734 0.43693757
v -0.76244086 0.71415699 0.44083989
v -0.76244086 0.70360696 0.45635223
v -0.76244086 0.70360696 0.45635223
v -0.76244086 0.70767474 0.42128646
v -0.76244086 0.71767473 0.42222297
v -0.76244068 0.70767480 0.07353580
v -0.76244068 0.71767479 0.07259941
v -0.76244068 0.70471734 0.05788457
v -0.77244067 0.70471734 0.05788457
v -0.76244068 0.71415699 0.05398226
v -0.76244068 0.69640893 0.04566813
v -0.74994069 0.71415699 0.05398226
v -0.74994069 0.70360702 0.03847003
v -0.74994069 0.70360702 0.03847003
v -0.74994069 0.71767479 0.07259941
v -0.74994087 0.71767473 0.42222297
v -0.74994087 0.70360696 0.45635223
v -0.74994087 0.70360696 0.45635223
v -0.74994087 0.71415699 0.44084001
v -0.74994087 0.68809468 0.46690214
vn 0.68670342 0.06776484 -0.72377230
vn -0.68670342 0.06776484 -0.72377230
vn 0.70711893 0.00000007 -0.70709463
vn 0.66398271 0.28567070 -0.69102765
vn -0.66398271 0.28567070 -0.69102765
vn 0.00000000 0.56236642 -0.82688815
vn -0.86950942 0.40841236 -0.27776378
vn -0.75597925 0.25007859 -0.60494304
vn -0.72871068 0.06383611 -0.68183993
vn -0.70709079 -0.00000000 -0.70712278
vn -0.70711420 -0.00000000 -0.70709936
vn -0.68670012 0.06776127 -0.72377577
vn -0.66397311 0.28566853 -0.69103777
vn -0.66733143 0.52662838 -0.52662255
vn -0.68670937 0.72376505 -0.06778196
vn -0.66398238 0.28566715 0.69102943
vn -0.70711869 -0.00000008 0.70709487
vn -0.68670443 -0.06776209 0.72377160
vn -0.66398185 -0.28566820 0.69102951
vn -0.66398302 -0.69102930 0.28566598
vn -0.66733035 -0.52662597 -0.52662633
vn -0.68670078 -0.06775973 -0.72377528
vn -0.68669720 0.06776127 0.72377854
vn -0.70709500 0.00000000 0.70711856
vn -0.72871482 -0.06383589 0.68183553
vn -0.68670415 -0.06776279 0.72377180
vn -0.66398193 -0.28566944 0.69102892
vn -0.75598579 -0.25007731 0.60493538
vn -0.86950976 -0.40841113 0.27776452
vn 0.00000000 -0.56236790 0.82688714
vn -0.75172946 -0.46631530 0.46631841
vn -0.66398082 -0.69102996 0.28566950
vn -0.75598816 -0.60493254 0.25007704
vn -0.66733098 -0.52662444 0.52662705
vn -0.68671046 -0.72376429 0.06777898
vn -0.72870844 -0.68184073 0.06385323
vn -0.68671010 -0.72376455 -0.06777992
vn -0.72870817 -0.68184102 -0.06385317
vn -0.68671182 -0.72376308 0.06777820
vn -0.68670996 -0.72376474 -0.06777926
vn -0.66398112 -0.69103023 -0.28566816
vn -0.75598673 -0.60493449 -0.25007665
vn -0.66398126 -0.69102970 -0.28566910
vn -0.86950942 -0.27776198 -0.40841358
vn 0.00000000 -0.82688566 -0.56237007
vn -0.75173016 -0.46631499 -0.46631760
vn -0.66398271 -0.28567070 -0.69102765
vn -0.75597975 -0.25008251 -0.60494078
vn -0.68670342 -0.06776484 -0.72377230
vn -0.72871002 -0.06383480 -0.68184077
vn -0.66397262 -0.28567344 -0.69103622
vn -0.70711881 0.00000000 -0.70709475
vn 0.68670411 -0.06776466 -0.72377166
vn 0.66398287 -0.28567056 -0.69102755
vn 0.00000000 -0.56236642 -0.82688815
vn 0.86950942 -0.40841236 -0.27776378
vn 0.66398150 -0.69102962 -0.28566875
vn 0.68670502 -0.72376946 -0.06777902
vn 0.68670982 -0.72376485 0.06777950
vn 0.00000000 -0.82688419 0.56237224
vn 0.86950960 -0.27776251 0.40841284
vn 0.66398082 -0.69102996 0.28566950
vn 0.66398193 -0.28566944 0.69102892
vn 0.68670403 -0.06776283 0.72377191
vn 0.70711851 0.00000000 0.70709505
vn 0.68670401 0.06776282 0.72377193
vn -0.68670415 0.06776279 0.72377180
vn -0.70711866 0.00000000 0.70709491
vn -0.72871474 0.06383566 0.68183564
vn -0.75598560 0.25007650 0.60493596
vn -0.66398211 0.28566876 0.69102903
vn -0.75173072 0.46631559 0.46631609
vn -0.66733405 0.52662437 0.52662325
vn -0.66398112 0.69103067 0.28566709
vn -0.68671131 0.72376340 0.06777996
vn -0.75598567 0.60493566 0.25007700
vn -0.66398252 0.69102934 0.28566705
vn -0.00000201 0.82688494 0.56237114
vn -0.86950935 0.27776205 0.40841369
vn -0.72870902 0.68183995 0.06385495
vn -0.68671034 0.72376437 0.06777942
vn -0.72870906 0.68183985 -0.06385553
vn -0.68671010 0.72376455 -0.06777992
vn -0.75598539 0.60493541 -0.25007845
vn -0.66398216 0.69102880 -0.28566920
vn -0.66398126 0.69102970 -0.28566910
vn -0.75172922 0.46631845 -0.46631564
vn 0.66398136 0.69102967 -0.28566894
vn 0.86950942 0.27776198 -0.40841358
vn 0.00000000 0.82688566 -0.56237007
vn 0.68671116 0.72376358 -0.06777949
vn 0.68670985 0.72376480 0.06777969
vn 0.86950945 0.40841150 0.27776493
vn 0.00000000 0.56236642 0.82688815
vn 0.66397982 0.69103078 0.28566986
vn 0.66398211 0.28566876 0.69102903
vn 0.06776484 -0.68670342 -0.72377230
vn 0.06776484 0.68670342 -0.72377230
vn 0.00000012 -0.70711894 -0.70709462
vn 0.28567070 -0.66398271 -0.69102765
vn 0.28567070 0.66398271 -0.69102765
vn 0.40841236 0.86950942 -0.27776378
vn 0.56236642 0.00000000 -0.82688815
vn 0.25007859 0.75597925 -0.60494304
vn 0.06383611 0.72871068 -0.68183993
vn -0.00000013 0.70709075 -0.70712282
vn -0.00000000 0.70711420 -0.70709936
vn 0.06776082 0.68669996 -0.72377596
vn 0.28566872 0.66396937 -0.69104128
vn 0.52662726 0.66733240 -0.52662244
vn 0.72376452 0.68670993 -0.06778189
vn 0.28566697 0.66398223 0.69102966
vn -0.00000008 0.70711869 0.70709487
vn -0.06776196 0.68670447 0.72377157
vn -0.28566766 0.66398193 0.69102966
vn -0.69102869 0.66398370 0.28566587
vn -0.52662604 0.66733049 -0.52662609
vn -0.06775964 0.68670087 -0.72377521
vn 0.06776166 0.68670520 0.72377091
vn -0.00000013 0.70709504 0.70711852
vn -0.06383577 0.72871478 0.68183559
vn -0.06776279 0.68670415 0.72377180
vn -0.28566876 0.66398211 0.69102903
vn -0.25007691 0.75598569 0.60493567
vn -0.40841185 0.86950952 0.27776422
vn -0.56236642 0.00000000 0.82688815
vn -0.46631536 0.75173002 0.46631745
vn -0.69102974 0.66398147 0.28566851
vn -0.60493416 0.75598695 0.25007676
vn -0.52662530 0.66733054 0.52662675
vn -0.72376642 0.68670818 0.06777939
vn -0.68184241 0.72870673 0.06385471
vn -0.72376410 0.68671048 -0.06778093
vn -0.68184098 0.72870804 -0.06385508
vn -0.72376332 0.68671143 0.06777956
vn -0.72376486 0.68670977 -0.06777995
vn -0.69102982 0.66398130 -0.28566873
vn -0.60493348 0.75598689 -0.25007862
vn -0.69102966 0.66398084 -0.28567019
vn -0.27776198 0.86950942 -0.40841358
vn -0.82688566 0.00000000 -0.56237007
vn -0.46631536 0.75173002 -0.46631745
vn -0.28567070 0.66398271 -0.69102765
vn -0.25008255 0.75597998 -0.60494048
vn -0.06776495 0.68670338 -0.72377233
vn -0.06383470 0.72870997 -0.68184082
vn -0.28567601 0.66396523 -0.69104225
vn -0.00000013 0.70711885 -0.70709471
vn -0.06776466 -0.68670411 -0.72377166
vn -0.28567056 -0.66398287 -0.69102755
vn -0.40841236 -0.86950942 -0.27776378
vn -0.56236642 0.00000000 -0.82688815
vn -0.69102959 -0.66398145 -0.28566893
vn -0.72376357 -0.68671117 -0.06777952
vn -0.72376483 -0.68670979 0.06777996
vn -0.27776089 -0.86950969 0.40841375
vn -0.82688493 0.00000000 0.56237116
vn -0.69102970 -0.66398110 0.28566948
vn -0.28566891 -0.66397916 0.69103180
vn -0.06776233 -0.68670376 0.72377221
vn 0.00000012 -0.70711855 0.70709501
vn 0.06776292 -0.68670394 0.72377199
vn 0.06776267 0.68670419 0.72377177
vn -0.00000013 0.70711862 0.70709495
vn 0.06383553 0.72871470 0.68183569
vn 0.25007650 0.75598560 0.60493596
vn 0.28566876 0.66398211 0.69102903
vn 0.46631559 0.75173072 0.46631609
vn 0.52662609 0.66733000 0.52662666
vn 0.69102954 0.66398216 0.28566739
vn 0.72376340 0.68671131 0.06777996
vn 0.60493566 0.75598567 0.25007700
vn 0.69102934 0.66398252 0.28566705
vn 0.27776205 0.86950935 0.40841369
vn 0.82688494 0.00000201 0.56237114
vn 0.68183995 0.72870902 0.06385495
vn 0.72376437 0.68671034 0.06777942
vn 0.68183985 0.72870906 -0.06385553
vn 0.72376446 0.68671016 -0.06778029
vn 0.60493679 0.75598312 -0.25008197
vn 0.69102880 0.66398216 -0.28566920
vn 0.69103067 0.66397935 -0.28567122
vn 0.46631812 0.75172922 -0.46631598
vn 0.69102966 -0.66398139 -0.28566890
vn 0.27776198 -0.86950942 -0.40841358
vn 0.82688566 0.00000000 -0.56237007
vn 0.72376358 -0.68671116 -0.06777949
vn 0.72376337 -0.68671135 0.06777979
vn 0.40841134 -0.86950936 0.27776547
vn 0.56236642 0.00000000 0.82688815
vn 0.69102801 -0.66398276 0.28566971
vn 0.28566876 -0.66398211 0.69102903
vn 0.06776484 -0.68670342 -0.72377230
vn 0.06776484 0.68670342 -0.72377230
vn 0.00000012 -0.70711894 -0.70709462
vn 0.28567070 -0.66398271 -0.69102765
vn 0.28567070 0.66398271 -0.69102765
vn 0.40841236 0.86950942 -0.27776378
vn 0.56236642 0.00000000 -0.82688815
vn 0.25007859 0.75597925 -0.60494304
vn 0.06383611 0.72871068 -0.68183993
vn -0.00000013 0.70709075 -0.70712282
vn -0.00000000 0.70711420 -0.70709936
vn 0.06776082 0.68669996 -0.72377596
vn 0.28566872 0.66396937 -0.69104128
vn 0.52662726 0.66733240 -0.52662244
vn 0.72376452 0.68670993 -0.06778189
vn 0.28566697 0.66398223 0.69102966
vn -0.00000008 0.70711869 0.70709487
vn -0.06776209 0.68670443 0.72377160
vn -0.28566820 0.66398185 0.69102951
vn -0.69102930 0.66398302 0.28566598
vn -0.52662581 0.66733037 -0.52662646
vn -0.06775990 0.68670079 -0.72377525
vn 0.06776166 0.68670520 0.72377091
vn -0.00000013 0.70709504 0.70711852
vn -0.06383589 0.72871482 0.68183553
vn -0.06776279 0.68670415 0.72377180
vn -0.28566944 0.66398193 0.69102892
vn -0.25007731 0.75598579 0.60493538
vn -0.40841113 0.86950976 0.27776452
vn -0.56236790 0.00000000 0.82688714
vn -0.46631530 0.75172946 0.46631841
vn -0.69103000 0.66398119 0.28566853
vn -0.60493327 0.75598783 0.25007627
vn -0.52662444 0.66733098 0.52662705
vn -0.72376631 0.68670835 0.06777884
vn -0.68184299 0.72870630 0.06385350
vn -0.72376411 0.68671047 -0.06778090
vn -0.68184127 0.72870782 -0.06385448
vn -0.72376308 0.68671182 0.06777820
vn -0.72376474 0.68670996 -0.06777926
vn -0.69103023 0.66398112 -0.28566816
vn -0.60493346 0.75598712 -0.25007796
vn -0.69102966 0.66398084 -0.28567019
vn -0.27776198 0.86950942 -0.40841358
vn -0.82688566 0.00000000 -0.56237007
vn -0.46631499 0.75173016 -0.46631760
vn -0.28567070 0.66398271 -0.69102765
vn -0.25008251 0.75597975 -0.60494078
vn -0.06776495 0.68670338 -0.72377233
vn -0.06383493 0.72871005 -0.68184071
vn -0.28567580 0.66396541 -0.69104216
vn -0.00000013 0.70711885 -0.70709471
vn -0.06776466 -0.68670411 -0.72377166
vn -0.28567056 -0.66398287 -0.69102755
vn -0.40841236 -0.86950942 -0.27776378
vn -0.56236642 0.00000000 -0.82688815
vn -0.69102959 -0.66398145 -0.28566893
vn -0.72376358 -0.68671116 -0.06777949
vn -0.72376472 -0.68670997 0.06777941
vn -0.27776139 -0.86950992 0.40841291
vn -0.82688419 0.00000000 0.56237224
vn -0.69102996 -0.66398082 0.28566950
vn -0.28566959 -0.66397899 0.69103168
vn -0.06776233 -0.68670376 0.72377221
vn 0.00000012 -0.70711855 0.70709501
vn 0.06776292 -0.68670394 0.72377199
vn 0.06776267 0.68670419 0.72377177
vn -0.00000013 0.70711862 0.70709495
vn 0.06383553 0.72871470 0.68183569
vn 0.25007650 0.75598560 0.60493596
vn 0.28566876 0.66398211 0.69102903
vn 0.46631559 0.75173072 0.46631609
vn 0.52662609 0.66733000 0.52662666
vn 0.69102954 0.66398216 0.28566739
vn 0.72376340 0.68671131 0.06777996
vn 0.60493566 0.75598567 0.25007700
vn 0.69102934 0.66398252 0.28566705
vn 0.27776205 0.86950935 0.40841369
vn 0.82688494 0.00000201 0.56237114
vn 0.68183995 0.72870902 0.06385495
vn 0.72376437 0.68671034 0.06777942
vn 0.68183985 0.72870906 -0.06385553
vn 0.72376446 0.68671016 -0.06778029
vn 0.60493679 0.75598312 -0.25008197
vn 0.69102880 0.66398216 -0.28566920
vn 0.69103067 0.66397935 -0.28567122
vn 0.46631812 0.75172922 -0.46631598
vn 0.69102966 -0.66398139 -0.28566890
vn 0.27776198 -0.86950942 -0.40841358
vn 0.82688566 0.00000000 -0.56237007
vn 0.72376358 -0.68671116 -0.06777949
vn 0.72376337 -0.68671135 0.06777979
vn 0.40841134 -0.86950936 0.27776547
vn 0.56236642 0.00000000 0.82688815
vn 0.69102801 -0.66398276 0.28566971
vn 0.28566876 -0.66398211 0.69102903
vn 0.68670342 0.06776484 -0.72377230
vn -0.68670342 0.06776484 -0.72377230
vn 0.70711893 0.00000007 -0.70709463
vn 0.66398271 0.28567070 -0.69102765
vn -0.66398271 0.28567070 -0.69102765
vn 0.00000000 0.56236642 -0.82688815
vn -0.86950942 0.40841236 -0.27776378
vn -0.75597925 0.25007859 -0.60494304
vn -0.72871068 0.06383611 -0.68183993
vn -0.70709079 -0.00000000 -0.70712278
vn -0.70711420 -0.00000000 -0.70709936
vn -0.68670012 0.06776127 -0.72377577
vn -0.66397311 0.28566853 -0.69103777
vn -0.66733143 0.52662838 -0.52662255
vn -0.68670937 0.72376505 -0.06778196
vn -0.66398238 0.28566715 0.69102943
vn -0.70711869 -0.00000008 0.70709487
vn -0.68670447 -0.06776196 0.72377157
vn -0.66398193 -0.28566766 0.69102966
vn -0.66398370 -0.69102869 0.28566587
vn -0.66733046 -0.52662620 -0.52662596
vn -0.68670085 -0.06775948 -0.72377523
vn -0.68669720 0.06776127 0.72377854
vn -0.70709500 0.00000000 0.70711856
vn -0.72871478 -0.06383577 0.68183559
vn -0.68670415 -0.06776279 0.72377180
vn -0.66398211 -0.28566876 0.69102903
vn -0.75598569 -0.25007691 0.60493567
vn -0.86950952 -0.40841185 0.27776422
vn 0.00000000 -0.56236642 0.82688815
vn -0.75173002 -0.46631536 0.46631745
vn -0.66398110 -0.69102970 0.28566948
vn -0.75598728 -0.60493344 0.25007753
vn -0.66733054 -0.52662530 0.52662675
vn -0.68671029 -0.72376441 0.06777953
vn -0.72870887 -0.68184015 0.06385444
vn -0.68671011 -0.72376453 -0.06777995
vn -0.72870839 -0.68184073 -0.06385377
vn -0.68671143 -0.72376332 0.06777956
vn -0.68670977 -0.72376486 -0.06777995
vn -0.66398130 -0.69102982 -0.28566873
vn -0.75598650 -0.60493450 -0.25007730
vn -0.66398126 -0.69102970 -0.28566910
vn -0.86950942 -0.27776198 -0.40841358
vn 0.00000000 -0.82688566 -0.56237007
vn -0.75173002 -0.46631536 -0.46631745
vn -0.66398271 -0.28567070 -0.69102765
vn -0.75597998 -0.25008255 -0.60494048
vn -0.68670342 -0.06776484 -0.72377230
vn -0.72870993 -0.06383457 -0.68184088
vn -0.66397244 -0.28567365 -0.69103630
vn -0.70711881 0.00000000 -0.70709475
vn 0.68670411 -0.06776466 -0.72377166
vn 0.66398287 -0.28567056 -0.69102755
vn 0.00000000 -0.56236642 -0.82688815
vn 0.86950942 -0.40841236 -0.27776378
vn 0.66398150 -0.69102962 -0.28566875
vn 0.68670502 -0.72376945 -0.06777905
vn 0.68670965 -0.72376496 0.06778004
vn 0.00000000 -0.82688493 0.56237116
vn 0.86950936 -0.27776202 0.40841368
vn 0.66398110 -0.69102970 0.28566948
vn 0.66398211 -0.28566876 0.69102903
vn 0.68670403 -0.06776283 0.72377191
vn 0.70711851 0.00000000 0.70709505
vn 0.68670401 0.06776282 0.72377193
vn -0.68670415 0.06776279 0.72377180
vn -0.70711866 0.00000000 0.70709491
vn -0.72871474 0.06383566 0.68183564
vn -0.75598560 0.25007650 0.60493596
vn -0.66398211 0.28566876 0.69102903
vn -0.75173072 0.46631559 0.46631609
vn -0.66733405 0.52662437 0.52662325
vn -0.66398112 0.69103067 0.28566709
vn -0.68671131 0.72376340 0.06777996
vn -0.75598567 0.60493566 0.25007700
vn -0.66398252 0.69102934 0.28566705
vn -0.00000201 0.82688494 0.56237114
vn -0.86950935 0.27776205 0.40841369
vn -0.72870902 0.68183995 0.06385495
vn -0.68671034 0.72376437 0.06777942
vn -0.72870906 0.68183985 -0.06385553
vn -0.68671010 0.72376455 -0.06777992
vn -0.75598539 0.60493541 -0.25007845
vn -0.66398216 0.69102880 -0.28566920
vn -0.66398126 0.69102970 -0.28566910
vn -0.75172922 0.46631845 -0.46631564
vn 0.66398136 0.69102967 -0.28566894
vn 0.86950942 0.27776198 -0.40841358
vn 0.00000000 0.82688566 -0.56237007
vn 0.68671116 0.72376358 -0.06777949
vn 0.68670985 0.72376480 0.06777969
vn 0.86950945 0.40841150 0.27776493
vn 0.00000000 0.56236642 0.82688815
vn 0.66397982 0.69103078 0.28566986
vn 0.66398211 0.28566876 0.69102903
vn 0.06776484 -0.68670342 -0.72377230
vn 0.06776484 0.68670342 -0.72377230
vn 0.00000012 -0.70711894 -0.70709462
vn 0.28567070 -0.66398271 -0.69102765
vn 0.28567070 0.66398271 -0.69102765
vn 0.40841236 0.86950942 -0.27776378
vn 0.56236642 0.00000000 -0.82688815
vn 0.25007859 0.75597925 -0.60494304
vn 0.06383611 0.72871068 -0.68183993
vn -0.00000013 0.70709075 -0.70712282
vn -0.00000000 0.70711420 -0.70709936
vn 0.06776082 0.68669996 -0.72377596
vn 0.28566872 0.66396937 -0.69104128
vn 0.52662726 0.66733240 -0.52662244
vn 0.72376452 0.68670993 -0.06778189
vn 0.28566697 0.66398223 0.69102966
vn -0.00000008 0.70711869 0.70709487
vn -0.06776196 0.68670447 0.72377157
vn -0.28566766 0.66398193 0.69102966
vn -0.69102869 0.66398370 0.28566587
vn -0.52662604 0.66733049 -0.52662609
vn -0.06775964 0.68670087 -0.72377521
vn 0.06776166 0.68670520 0.72377091
vn -0.00000013 0.70709504 0.70711852
vn -0.06383577 0.72871478 0.68183559
vn -0.06776279 0.68670415 0.72377180
vn -0.28566876 0.66398211 0.69102903
vn -0.25007691 0.75598569 0.60493567
vn -0.40841185 0.86950952 0.27776422
vn -0.56236642 0.00000000 0.82688815
vn -0.46631536 0.75173002 0.46631745
vn -0.69102974 0.66398147 0.28566851
vn -0.60493416 0.75598695 0.25007676
vn -0.52662530 0.66733054 0.52662675
vn -0.72376642 0.68670818 0.06777939
vn -0.68184241 0.72870673 0.06385471
vn -0.72376410 0.68671048 -0.06778093
vn -0.68184098 0.72870804 -0.06385508
vn -0.72376332 0.68671143 0.06777956
vn -0.72376486 0.68670977 -0.06777995
vn -0.69102982 0.66398130 -0.28566873
vn -0.60493348 0.75598689 -0.25007862
vn -0.69102966 0.66398084 -0.28567019
vn -0.27776198 0.86950942 -0.40841358
vn -0.82688566 0.00000000 -0.56237007
vn -0.46631536 0.75173002 -0.46631745
vn -0.28567070 0.66398271 -0.69102765
vn -0.25008255 0.75597998 -0.60494048
vn -0.06776495 0.68670338 -0.72377233
vn -0.06383470 0.72870997 -0.68184082
vn -0.28567601 0.66396523 -0.69104225
vn -0.00000013 0.70711885 -0.70709471
vn -0.06776466 -0.68670411 -0.72377166
vn -0.28567056 -0.66398287 -0.69102755
vn -0.40841236 -0.86950942 -0.27776378
vn -0.56236642 0.00000000 -0.82688815
vn -0.69102959 -0.66398145 -0.28566893
vn -0.72376357 -0.68671117 -0.06777952
vn -0.72376483 -0.68670979 0.06777996
vn -0.27776089 -0.86950969 0.40841375
vn -0.82688493 0.00000000 0.56237116
vn -0.69102970 -0.66398110 0.28566948
vn -0.28566891 -0.66397916 0.69103180
vn -0.06776233 -0.68670376 0.72377221
vn 0.00000012 -0.70711855 0.70709501
vn 0.06776292 -0.68670394 0.72377199
vn 0.06776267 0.68670419 0.72377177
vn -0.00000013 0.70711862 0.70709495
vn 0.06383553 0.72871470 0.68183569
vn 0.25007650 0.75598560 0.60493596
vn 0.28566876 0.66398211 0.69102903
vn 0.46631559 0.75173072 0.46631609
vn 0.52662609 0.66733000 0.52662666
vn 0.69102954 0.66398216 0.28566739
vn 0.72376340 0.68671131 0.06777996
vn 0.60493566 0.75598567 0.25007700
vn 0.69102934 0.66398252 0.28566705
vn 0.27776205 0.86950935 0.40841369
vn 0.82688494 0.00000201 0.56237114
vn 0.68183995 0.72870902 0.06385495
vn 0.72376437 0.68671034 0.06777942
vn 0.68183985 0.72870906 -0.06385553
vn 0.72376446 0.68671016 -0.06778029
vn 0.60493679 0.75598312 -0.25008197
vn 0.69102880 0.66398216 -0.28566920
vn 0.69103067 0.66397935 -0.28567122
vn 0.46631812 0.75172922 -0.46631598
vn 0.69102966 -0.66398139 -0.28566890
vn 0.27776198 -0.86950942 -0.40841358
vn 0.82688566 0.00000000 -0.56237007
vn 0.72376358 -0.68671116 -0.06777949
vn 0.72376337 -0.68671135 0.06777979
vn 0.40841134 -0.86950936 0.27776547
vn 0.56236642 0.00000000 0.82688815
vn 0.69102801 -0.66398276 0.28566971
vn 0.28566876 -0.66398211 0.69102903
vn 0.06776484 -0.68670342 -0.72377230
vn 0.06776484 0.68670342 -0.72377230
vn 0.00000012 -0.70711894 -0.70709462
vn 0.28567070 -0.66398271 -0.69102765
vn 0.28567070 0.66398271 -0.69102765
vn 0.40841236 0.86950942 -0.27776378
vn 0.56236642 0.00000000 -0.82688815
vn 0.25007859 0.75597925 -0.60494304
vn 0.06383611 0.72871068 -0.68183993
vn -0.00000013 0.70709075 -0.70712282
vn -0.00000000 0.70711420 -0.70709936
vn 0.06776082 0.68669996 -0.72377596
vn 0.28566872 0.66396937 -0.69104128
vn 0.52662726 0.66733240 -0.52662244
vn 0.72376452 0.68670993 -0.06778189
vn 0.28566697 0.66398223 0.69102966
vn -0.00000008 0.70711869 0.70709487
vn -0.06776196 0.68670447 0.72377157
vn -0.28566766 0.66398193 0.69102966
vn -0.69102869 0.66398370 0.28566587
vn -0.52662604 0.66733049 -0.52662609
vn -0.06775964 0.68670087 -0.72377521
vn 0.06776166 0.68670520 0.72377091
vn -0.00000013 0.70709504 0.70711852
vn -0.06383577 0.72871478 0.68183559
vn -0.06776279 0.68670415 0.72377180
vn -0.28566876 0.66398211 0.69102903
vn -0.25007691 0.75598569 0.60493567
vn -0.40841185 0.86950952 0.27776422
vn -0.56236642 0.00000000 0.82688815
vn -0.46631536 0.75173002 0.46631745
vn -0.69102974 0.66398147 0.28566851
vn -0.60493416 0.75598695 0.25007676
vn -0.52662530 0.66733054 0.52662675
vn -0.72376642 0.68670818 0.06777939
vn -0.68184241 0.72870673 0.06385471
vn -0.72376410 0.68671048 -0.06778093
vn -0.68184098 0.72870804 -0.06385508
vn -0.72376332 0.68671143 0.06777956
vn -0.72376486 0.68670977 -0.06777995
vn -0.69102982 0.66398130 -0.28566873
vn -0.60493348 0.75598689 -0.25007862
vn -0.69102966 0.66398084 -0.28567019
vn -0.27776198 0.86950942 -0.40841358
vn -0.82688566 0.00000000 -0.56237007
vn -0.46631536 0.75173002 -0.46631745
vn -0.28567070 0.66398271 -0.69102765
vn -0.25008255 0.75597998 -0.60494048
vn -0.06776495 0.68670338 -0.72377233
vn -0.06383470 0.72870997 -0.68184082
vn -0.28567601 0.66396523 -0.69104225
vn -0.00000013 0.70711885 -0.70709471
vn -0.06776466 -0.68670411 -0.72377166
vn -0.28567056 -0.66398287 -0.69102755
vn -0.40841236 -0.86950942 -0.27776378
vn -0.56236642 0.00000000 -0.82688815
vn -0.69102959 -0.66398145 -0.28566893
vn -0.72376357 -0.68671117 -0.06777952
vn -0.72376483 -0.68670979 0.06777996
vn -0.27776089 -0.86950969 0.40841375
vn -0.82688493 0.00000000 0.56237116
vn -0.69102970 -0.66398110 0.28566948
vn -0.28566891 -0.66397916 0.69103180
vn -0.06776233 -0.68670376 0.72377221
vn 0.00000012 -0.70711855 0.70709501
vn 0.06776292 -0.68670394 0.72377199
vn 0.06776267 0.68670419 0.72377177
vn -0.00000013 0.70711862 0.70709495
vn 0.06383553 0.72871470 0.68183569
vn 0.25007650 0.75598560 0.60493596
vn 0.28566876 0.66398211 0.69102903
vn 0.46631559 0.75173072 0.46631609
vn 0.52662609 0.66733000 0.52662666
vn 0.69102954 0.66398216 0.28566739
vn 0.72376340 0.68671131 0.06777996
vn 0.60493566 0.75598567 0.25007700
vn 0.69102934 0.66398252 0.28566705
vn 0.27776205 0.86950935 0.40841369
vn 0.82688494 0.00000201 0.56237114
vn 0.68183995 0.72870902 0.06385495
vn 0.72376437 0.68671034 0.06777942
vn 0.68183985 0.72870906 -0.06385553
vn 0.72376446 0.68671016 -0.06778029
vn 0.60493679 0.75598312 -0.25008197
vn 0.69102880 0.66398216 -0.28566920
vn 0.69103067 0.66397935 -0.28567122
vn 0.46631812 0.75172922 -0.46631598
vn 0.69102966 -0.66398139 -0.28566890
vn 0.27776198 -0.86950942 -0.40841358
vn 0.82688566 0.00000000 -0.56237007
vn 0.72376358 -0.68671116 -0.06777949
vn 0.72376337 -0.68671135 0.06777979
vn 0.40841134 -0.86950936 0.27776547
vn 0.56236642 0.00000000 0.82688815
vn 0.69102801 -0.66398276 0.28566971
vn 0.28566876 -0.66398211 0.69102903
vn 0.06776484 -0.68670342 -0.72377230
vn 0.06776484 0.68670342 -0.72377230
vn 0.00000012 -0.70711894 -0.70709462
vn 0.28567070 -0.66398271 -0.69102765
vn 0.28567070 0.66398271 -0.69102765
vn 0.40841236 0.86950942 -0.27776378
vn 0.56236642 0.00000000 -0.82688815
vn 0.25007859 0.75597925 -0.60494304
vn 0.06383611 0.72871068 -0.68183993
vn -0.00000013 0.70709075 -0.70712282
vn -0.00000000 0.70711420 -0.70709936
vn 0.06776082 0.68669996 -0.72377596
vn 0.28566872 0.66396937 -0.69104128
vn 0.52662726 0.66733240 -0.52662244
vn 0.72376452 0.68670993 -0.06778189
vn 0.28566697 0.66398223 0.69102966
vn -0.00000008 0.70711869 0.70709487
vn -0.06776209 0.68670443 0.72377160
vn -0.28566820 0.66398185 0.69102951
vn -0.69102930 0.66398302 0.28566598
vn -0.52662581 0.66733037 -0.52662646
vn -0.06775990 0.68670079 -0.72377525
vn 0.06776166 0.68670520 0.72377091
vn -0.00000013 0.70709504 0.70711852
vn -0.06383589 0.72871482 0.68183553
vn -0.06776279 0.68670415 0.72377180
vn -0.28566944 0.66398193 0.69102892
vn -0.25007731 0.75598579 0.60493538
vn -0.40841113 0.86950976 0.27776452
vn -0.56236790 0.00000000 0.82688714
vn -0.46631530 0.75172946 0.46631841
vn -0.69103000 0.66398119 0.28566853
vn -0.60493327 0.75598783 0.25007627
vn -0.52662444 0.66733098 0.52662705
vn -0.72376631 0.68670835 0.06777884
vn -0.68184299 0.72870630 0.06385350
vn -0.72376411 0.68671047 -0.06778090
vn -0.68184127 0.72870782 -0.06385448
vn -0.72376308 0.68671182 0.06777820
vn -0.72376474 0.68670996 -0.06777926
vn -0.69103023 0.66398112 -0.28566816
vn -0.60493346 0.75598712 -0.25007796
vn -0.69102966 0.66398084 -0.28567019
vn -0.27776198 0.86950942 -0.40841358
vn -0.82688566 0.00000000 -0.56237007
vn -0.46631499 0.75173016 -0.46631760
vn -0.28567070 0.66398271 -0.69102765
vn -0.25008251 0.75597975 -0.60494078
vn -0.06776495 0.68670338 -0.72377233
vn -0.06383493 0.72871005 -0.68184071
vn -0.28567580 0.66396541 -0.69104216
vn -0.00000013 0.70711885 -0.70709471
vn -0.06776466 -0.68670411 -0.72377166
vn -0.28567056 -0.66398287 -0.69102755
vn -0.40841236 -0.86950942 -0.27776378
vn -0.56236642 0.00000000 -0.82688815
vn -0.69102959 -0.66398145 -0.28566893
vn -0.72376358 -0.68671116 -0.06777949
vn -0.72376472 -0.68670997 0.06777941
vn -0.27776139 -0.86950992 0.40841291
vn -0.82688419 0.00000000 0.56237224
vn -0.69102996 -0.66398082 0.28566950
vn -0.28566959 -0.66397899 0.69103168
vn -0.06776233 -0.68670376 0.72377221
vn 0.00000012 -0.70711855 0.70709501
vn 0.06776292 -0.68670394 0.72377199
vn 0.06776267 0.68670419 0.72377177
vn -0.00000013 0.70711862 0.70709495
vn 0.06383553 0.72871470 0.68183569
vn 0.25007650 0.75598560 0.60493596
vn 0.28566876 0.66398211 0.69102903
vn 0.46631559 0.75173072 0.46631609
vn 0.52662609 0.66733000 0.52662666
vn 0.69102954 0.66398216 0.28566739
vn 0.72376340 0.68671131 0.06777996
vn 0.60493566 0.75598567 0.25007700
vn 0.69102934 0.66398252 0.28566705
vn 0.27776205 0.86950935 0.40841369
vn 0.82688494 0.00000201 0.56237114
vn 0.68183995 0.72870902 0.06385495
vn 0.72376437 0.68671034 0.06777942
vn 0.68183985 0.72870906 -0.06385553
vn 0.72376446 0.68671016 -0.06778029
vn 0.60493679 0.75598312 -0.25008197
vn 0.69102880 0.66398216 -0.28566920
vn 0.69103067 0.66397935 -0.28567122
vn 0.46631812 0.75172922 -0.46631598
vn 0.69102966 -0.66398139 -0.28566890
vn 0.27776198 -0.86950942 -0.40841358
vn 0.82688566 0.00000000 -0.56237007
vn 0.72376358 -0.68671116 -0.06777949
vn 0.72376337 -0.68671135 0.06777979
vn 0.40841134 -0.86950936 0.27776547
vn 0.56236642 0.00000000 0.82688815
vn 0.69102801 -0.66398276 0.28566971
vn 0.28566876 -0.66398211 0.69102903
vn 0.68670342 0.06776484 -0.72377230
vn -0.68670342 0.06776484 -0.72377230
vn 0.70711893 0.00000007 -0.70709463
vn 0.66398271 0.28567070 -0.69102765
vn -0.66398271 0.28567070 -0.69102765
vn 0.00000000 0.56236642 -0.82688815
vn -0.86950942 0.40841236 -0.27776378
vn -0.75597925 0.25007859 -0.60494304
vn -0.72871068 0.06383611 -0.68183993
vn -0.70709079 -0.00000000 -0.70712278
vn -0.70711420 -0.00000000 -0.70709936
vn -0.68670012 0.06776127 -0.72377577
vn -0.66397311 0.28566853 -0.69103777
vn -0.66733143 0.52662838 -0.52662255
vn -0.68670937 0.72376505 -0.06778196
vn -0.66398238 0.28566715 0.69102943
vn -0.70711869 -0.00000008 0.70709487
vn -0.68670443 -0.06776209 0.72377160
vn -0.66398185 -0.28566820 0.69102951
vn -0.66398302 -0.69102930 0.28566598
vn -0.66733035 -0.52662597 -0.52662633
vn -0.68670078 -0.06775973 -0.72377528
vn -0.68669720 0.06776127 0.72377854
vn -0.70709500 0.00000000 0.70711856
vn -0.72871482 -0.06383589 0.68183553
vn -0.68670415 -0.06776279 0.72377180
vn -0.66398193 -0.28566944 0.69102892
vn -0.75598579 -0.25007731 0.60493538
vn -0.86950976 -0.40841113 0.27776452
vn 0.00000000 -0.56236790 0.82688714
vn -0.75172946 -0.46631530 0.46631841
vn -0.66398082 -0.69102996 0.28566950
vn -0.75598816 -0.60493254 0.25007704
vn -0.66733098 -0.52662444 0.52662705
vn -0.68671046 -0.72376429 0.06777898
vn -0.72870844 -0.68184073 0.06385323
vn -0.68671010 -0.72376455 -0.06777992
vn -0.72870817 -0.68184102 -0.06385317
vn -0.68671182 -0.72376308 0.06777820
vn -0.68670996 -0.72376474 -0.06777926
vn -0.66398112 -0.69103023 -0.28566816
vn -0.75598673 -0.60493449 -0.25007665
vn -0.66398126 -0.69102970 -0.28566910
vn -0.86950942 -0.27776198 -0.40841358
vn 0.00000000 -0.82688566 -0.56237007
vn -0.75173016 -0.46631499 -0.46631760
vn -0.66398271 -0.28567070 -0.69102765
vn -0.75597975 -0.25008251 -0.60494078
vn -0.68670342 -0.06776484 -0.72377230
vn -0.72871002 -0.06383480 -0.68184077
vn -0.66397262 -0.28567344 -0.69103622
vn -0.70711881 0.00000000 -0.70709475
vn 0.68670411 -0.06776466 -0.72377166
vn 0.66398287 -0.28567056 -0.69102755
vn 0.00000000 -0.56236642 -0.82688815
vn 0.86950942 -0.40841236 -0.27776378
vn 0.66398150 -0.69102962 -0.28566875
vn 0.68670502 -0.72376946 -0.06777902
vn 0.68670982 -0.72376485 0.06777950
vn 0.00000000 -0.82688419 0.56237224
vn 0.86950960 -0.27776251 0.40841284
vn 0.66398082 -0.69102996 0.28566950
vn 0.66398193 -0.28566944 0.69102892
vn 0.68670403 -0.06776283 0.72377191
vn 0.70711851 0.00000000 0.70709505
vn 0.68670401 0.06776282 0.72377193
vn -0.68670415 0.06776279 0.72377180
vn -0.70711866 0.00000000 0.70709491
vn -0.72871474 0.06383566 0.68183564
vn -0.75598560 0.25007650 0.60493596
vn -0.66398211 0.28566876 0.69102903
vn -0.75173072 0.46631559 0.46631609
vn -0.66733405 0.52662437 0.52662325
vn -0.66398112 0.69103067 0.28566709
vn -0.68671131 0.72376340 0.06777996
vn -0.75598567 0.60493566 0.25007700
vn -0.66398252 0.69102934 0.28566705
vn -0.00000201 0.82688494 0.56237114
vn -0.86950935 0.27776205 0.40841369
vn -0.72870902 0.68183995 0.06385495
vn -0.68671034 0.72376437 0.06777942
vn -0.72870906 0.68183985 -0.06385553
vn -0.68671010 0.72376455 -0.06777992
vn -0.75598539 0.60493541 -0.25007845
vn -0.66398216 0.69102880 -0.28566920
vn -0.66398126 0.69102970 -0.28566910
vn -0.75172922 0.46631845 -0.46631564
vn 0.66398136 0.69102967 -0.28566894
vn 0.86950942 0.27776198 -0.40841358
vn 0.00000000 0.82688566 -0.56237007
vn 0.68671116 0.72376358 -0.06777949
vn 0.68670985 0.72376480 0.06777969
vn 0.86950945 0.40841150 0.27776493
vn 0.00000000 0.56236642 0.82688815
vn 0.66397982 0.69103078 0.28566986
vn 0.66398211 0.28566876 0.69102903
vn 0.68670342 0.06776484 -0.72377230
vn -0.68670342 0.06776484 -0.72377230
vn 0.70711893 0.00000007 -0.70709463
vn 0.66398271 0.28567070 -0.69102765
vn -0.66398271 0.28567070 -0.69102765
vn 0.00000000 0.56236642 -0.82688815
vn -0.86950942 0.40841236 -0.27776378
vn -0.75597925 0.25007859 -0.60494304
vn -0.72871068 0.06383611 -0.68183993
vn -0.70709079 -0.00000000 -0.70712278
vn -0.70711420 -0.00000000 -0.70709936
vn -0.68670012 0.06776127 -0.72377577
vn -0.66397311 0.28566853 -0.69103777
vn -0.66733143 0.52662838 -0.52662255
vn -0.68670937 0.72376505 -0.06778196
vn -0.66398238 0.28566715 0.69102943
vn -0.70711869 -0.00000008 0.70709487
vn -0.68670447 -0.06776196 0.72377157
vn -0.66398193 -0.28566766 0.69102966
vn -0.66398370 -0.69102869 0.28566587
vn -0.66733046 -0.52662620 -0.52662596
vn -0.68670085 -0.06775948 -0.72377523
vn -0.68669720 0.06776127 0.72377854
vn -0.70709500 0.00000000 0.70711856
vn -0.72871478 -0.06383577 0.68183559
vn -0.68670415 -0.06776279 0.72377180
vn -0.66398211 -0.28566876 0.69102903
vn -0.75598569 -0.25007691 0.60493567
vn -0.86950952 -0.40841185 0.27776422
vn 0.00000000 -0.56236642 0.82688815
vn -0.75173002 -0.46631536 0.46631745
vn -0.66398110 -0.69102970 0.28566948
vn -0.75598728 -0.60493344 0.25007753
vn -0.66733054 -0.52662530 0.52662675
vn -0.68671029 -0.72376441 0.06777953
vn -0.72870887 -0.68184015 0.06385444
vn -0.68671011 -0.72376453 -0.06777995
vn -0.72870839 -0.68184073 -0.06385377
vn -0.68671143 -0.72376332 0.06777956
vn -0.68670977 -0.72376486 -0.06777995
vn -0.66398130 -0.69102982 -0.28566873
vn -0.75598650 -0.60493450 -0.25007730
vn -0.66398126 -0.69102970 -0.28566910
vn -0.86950942 -0.27776198 -0.40841358
vn 0.00000000 -0.82688566 -0.56237007
vn -0.75173002 -0.46631536 -0.46631745
vn -0.66398271 -0.28567070 -0.69102765
vn -0.75597998 -0.25008255 -0.60494048
vn -0.68670342 -0.06776484 -0.72377230
vn -0.72870993 -0.06383457 -0.68184088
vn -0.66397244 -0.28567365 -0.69103630
vn -0.70711881 0.00000000 -0.70709475
vn 0.68670411 -0.06776466 -0.72377166
vn 0.66398287 -0.28567056 -0.69102755
vn 0.00000000 -0.56236642 -0.82688815
vn 0.86950942 -0.40841236 -0.27776378
vn 0.66398150 -0.69102962 -0.28566875
vn 0.68670502 -0.72376945 -0.06777905
vn 0.68670965 -0.72376496 0.06778004
vn 0.00000000 -0.82688493 0.56237116
vn 0.86950936 -0.27776202 0.40841368
vn 0.66398110 -0.69102970 0.28566948
vn 0.66398211 -0.28566876 0.69102903
vn 0.68670403 -0.06776283 0.72377191
vn 0.70711851 0.00000000 0.70709505
vn 0.68670401 0.06776282 0.72377193
vn -0.68670415 0.06776279 0.72377180
vn -0.70711866 0.00000000 0.70709491
vn -0.72871474 0.06383566 0.68183564
vn -0.75598560 0.25007650 0.60493596
vn -0.66398211 0.28566876 0.69102903
vn -0.75173072 0.46631559 0.46631609
vn -0.66733405 0.52662437 0.52662325
vn -0.66398112 0.69103067 0.28566709
vn -0.68671131 0.72376340 0.06777996
vn -0.75598567 0.60493566 0.25007700
vn -0.66398252 0.69102934 0.28566705
vn -0.00000201 0.82688494 0.56237114
vn -0.86950935 0.27776205 0.40841369
vn -0.72870902 0.68183995 0.06385495
vn -0.68671034 0.72376437 0.06777942
vn -0.72870906 0.68183985 -0.06385553
vn -0.68671010 0.72376455 -0.06777992
vn -0.75598539 0.60493541 -0.25007845
vn -0.66398216 0.69102880 -0.28566920
vn -0.66398126 0.69102970 -0.28566910
vn -0.75172922 0.46631845 -0.46631564
vn 0.66398136 0.69102967 -0.28566894
vn 0.86950942 0.27776198 -0.40841358
vn 0.00000000 0.82688566 -0.56237007
vn 0.68671116 0.72376358 -0.06777949
vn 0.68670985 0.72376480 0.06777969
vn 0.86950945 0.40841150 0.27776493
vn 0.00000000 0.56236642 0.82688815
vn 0.66397982 0.69103078 0.28566986
vn 0.66398211 0.28566876 0.69102903
f 1//1 2//2 5//5
f 2//2 1//1 3//3
f 1//1 4//4 3//3
f 5//5 4//4 1//1
f 4//4 5//5 6//6
f 7//7 5//5 8//8
f 5//5 2//2 9//9
f 9//9 8//8 5//5
f 9//9 10//10 11//11
f 10//10 9//9 2//2
f 8//8 9//9 12//12
f 11//11 12//12 9//9
f 12//12 13//13 8//8
f 14//14 13//13 12//12
f 15//15 14//14 12//12
f 16//16 15//15 12//12
f 17//17 16//16 12//12
f 11//11 17//17 12//12
f 17//17 18//18 25//25
f 19//19 18//18 17//17
f 20//20 19//19 17//17
f 21//21 20//20 17//17
f 22//22 21//21 17//17
f 11//11 22//22 17//17
f 23//23 17//17 24//24
f 17//17 23//23 16//16
f 25//25 24//24 17//17
f 24//24 25//25 26//26
f 27//27 26//26 25//25
f 25//25 28//28 27//27
f 28//28 25//25 18//18
f 29//29 27//27 28//28
f 28//28 31//31 29//29
f 31//31 28//28 19//19
f 18//18 19//19 28//28
f 32//32 29//29 31//31
f 31//31 33//33 32//32
f 33//33 31//31 34//34
f 19//19 34//34 31//31
f 34//34 20//20 33//33
f 20//20 34//34 19//19
f 35//35 32//32 33//33
f 33//33 36//36 35//35
f 36//36 33//33 20//20
f 37//37 35//35 36//36
f 36//36 38//38 37//37
f 38//38 36//36 39//39
f 20//20 39//39 36//36
f 39//39 40//40 38//38
f 40//40 39//39 20//20
f 40//40 41//41 42//42
f 21//21 41//41 40//40
f 21//21 40//40 20//20
f 42//42 38//38 40//40
f 38//38 42//42 43//43
f 44//44 43//43 42//42
f 42//42 46//46 44//44
f 46//46 42//42 41//41
f 47//47 44//44 46//46
f 46//46 48//48 47//47
f 48//48 46//46 21//21
f 41//41 21//21 46//46
f 49//49 47//47 48//48
f 48//48 50//50 49//49
f 50//50 48//48 51//51
f 21//21 51//51 48//48
f 51//51 22//22 50//50
f 22//22 51//51 21//21
f 52//52 49//49 50//50
f 50//50 10//10 52//52
f 10//10 50//50 22//22
f 49//49 52//52 3//3
f 3//3 52//52 2//2
f 2//2 52//52 10//10
f 47//47 49//49 53//53
f 3//3 53//53 49//49
f 54//54 53//53 3//3
f 53//53 54//54 47//47
f 44//44 47//47 54//54
f 54//54 55//55 44//44
f 57//57 56//56 54//54
f 57//57 54//54 3//3
f 56//56 57//57 43//43
f 37//37 43//43 57//57
f 57//57 58//58 37//37
f 59//59 58//58 57//57
f 61//61 59//59 57//57
f 61//61 57//57 3//3
f 61//61 62//62 59//59
f 62//62 60//60 29//29
f 27//27 30//30 61//61
f 61//61 63//63 27//27
f 64//64 63//63 61//61
f 64//64 61//61 3//3
f 63//63 64//64 26//26
f 26//26 64//64 65//65
f 65//65 64//64 3//3
f 66//66 65//65 3//3
f 65//65 66//66 67//67
f 67//67 68//68 65//65
f 65//65 68//68 26//26
f 68//68 67//67 69//69
f 26//26 68//68 24//24
f 69//69 24//24 68//68
f 70//70 69//69 67//67
f 24//24 69//69 23//23
f 69//69 70//70 16//16
f 16//16 23//23 69//69
f 72//72 70//70 71//71
f 67//67 71//71 70//70
f 70//70 72//72 73//73
f 73//73 16//16 70//70
f 16//16 73//73 74//74
f 74//74 73//73 72//72
f 16//16 74//74 15//15
f 75//75 74//74 76//76
f 74//74 75//75 15//15
f 72//72 76//76 74//74
f 80//80 76//76 77//77
f 79//79 77//77 76//76
f 76//76 72//72 79//79
f 76//76 80//80 75//75
f 82//82 80//80 81//81
f 77//77 81//81 80//80
f 80//80 82//82 15//15
f 15//15 75//75 80//80
f 84//84 82//82 83//83
f 81//81 83//83 82//82
f 82//82 84//84 85//85
f 85//85 15//15 82//82
f 15//15 85//85 14//14
f 14//14 85//85 84//84
f 87//87 84//84 86//86
f 83//83 86//86 84//84
f 84//84 87//87 14//14
f 8//8 87//87 7//7
f 86//86 7//7 87//87
f 87//87 8//8 13//13
f 13//13 14//14 87//87
f 86//86 88//88 90//90
f 88//88 86//86 83//83
f 90//90 7//7 86//86
f 4//4 89//89 88//88
f 6//6 89//89 4//4
f 88//88 91//91 92//92
f 83//83 91//91 88//88
f 4//4 88//88 3//3
f 88//88 92//92 93//93
f 88//88 93//93 66//66
f 88//88 66//66 3//3
f 94//94 79//79 71//71
f 78//78 93//93 95//95
f 92//92 95//95 93//93
f 93//93 96//96 66//66
f 71//71 96//96 94//94
f 67//67 66//66 96//96
f 96//96 71//71 67//67
f 95//95 77//77 78//78
f 77//77 95//95 92//92
f 92//92 81//81 77//77
f 81//81 92//92 91//91
f 91//91 83//83 81//81
f 71//71 79//79 72//72
f 26//26 27//27 63//63
f 59//59 62//62 32//32
f 29//29 32//32 62//62
f 58//58 59//59 35//35
f 32//32 35//35 59//59
f 35//35 37//37 58//58
f 43//43 45//45 56//56
f 43//43 37//37 38//38
f 22//22 11//11 10//10
f 97//97 98//98 101//101
f 98//98 97//97 99//99
f 97//97 100//100 99//99
f 101//101 100//100 97//97
f 100//100 101//101 103//103
f 102//102 101//101 104//104
f 101//101 98//98 105//105
f 105//105 104//104 101//101
f 105//105 106//106 107//107
f 106//106 105//105 98//98
f 104//104 105//105 108//108
f 107//107 108//108 105//105
f 108//108 109//109 104//104
f 110//110 109//109 108//108
f 111//111 110//110 108//108
f 112//112 111//111 108//108
f 113//113 112//112 108//108
f 107//107 113//113 108//108
f 113//113 114//114 121//121
f 115//115 114//114 113//113
f 116//116 115//115 113//113
f 117//117 116//116 113//113
f 118//118 117//117 113//113
f 107//107 118//118 113//113
f 119//119 113//113 120//120
f 113//113 119//119 112//112
f 121//121 120//120 113//113
f 120//120 121//121 122//122
f 123//123 122//122 121//121
f 121//121 124//124 123//123
f 124//124 121//121 114//114
f 125//125 123//123 124//124
f 124//124 127//127 125//125
f 127//127 124//124 115//115
f 114//114 115//115 124//124
f 128//128 125//125 127//127
f 127//127 129//129 128//128
f 129//129 127//127 130//130
f 115//115 130//130 127//127
f 130//130 116//116 129//129
f 116//116 130//130 115//115
f 131//131 128//128 129//129
f 129//129 132//132 131//131
f 132//132 129//129 116//116
f 133//133 131//131 132//132
f 132//132 134//134 133//133
f 134//134 132//132 135//135
f 116//116 135//135 132//132
f 135//135 136//136 134//134
f 136//136 135//135 116//116
f 136//136 137//137 138//138
f 117//117 137//137 136//136
f 117//117 136//136 116//116
f 138//138 134//134 136//136
f 134//134 138//138 139//139
f 140//140 139//139 138//138
f 138//138 142//142 140//140
f 142//142 138//138 137//137
f 143//143 140//140 142//142
f 142//142 144//144 143//143
f 144//144 142//142 117//117
f 137//137 117//117 142//142
f 145//145 143//143 144//144
f 144//144 146//146 145//145
f 146//146 144//144 147//147
f 117//117 147//147 144//144
f 147//147 118//118 146//146
f 118//118 147//147 117//117
f 148//148 145//145 146//146
f 146//146 106//106 148//148
f 106//106 146//146 118//118
f 145//145 148//148 99//99
f 99//99 148//148 98//98
f 98//98 148//148 106//106
f 143//143 145//145 149//149
f 99//99 149//149 145//145
f 150//150 149//149 99//99
f 149//149 150//150 143//143
f 140//140 143//143 150//150
f 150//150 152//152 140//140
f 153//153 151//151 150//150
f 153//153 150//150 99//99
f 151//151 153//153 139//139
f 133//133 139//139 153//153
f 153//153 154//154 133//133
f 155//155 154//154 153//153
f 156//156 155//155 153//153
f 156//156 153//153 99//99
f 156//156 158//158 155//155
f 158//158 157//157 125//125
f 123//123 126//126 156//156
f 156//156 159//159 123//123
f 160//160 159//159 156//156
f 160//160 156//156 99//99
f 159//159 160//160 122//122
f 122//122 160//160 161//161
f 161//161 160//160 99//99
f 162//162 161//161 99//99
f 161//161 162//162 163//163
f 163//163 164//164 161//161
f 161//161 164//164 122//122
f 164//164 163//163 165//165
f 122//122 164//164 120//120
f 165//165 120//120 164//164
f 166//166 165//165 163//163
f 120//120 165//165 119//119
f 165//165 166//166 112//112
f 112//112 119//119 165//165
f 168//168 166//166 167//167
f 163//163 167//167 166//166
f 166//166 168//168 169//169
f 169//169 112//112 166//166
f 112//112 169//169 170//170
f 170//170 169//169 168//168
f 112//112 170//170 111//111
f 171//171 170//170 172//172
f 170//170 171//171 111//111
f 168//168 172//172 170//170
f 176//176 172//172 173//173
f 174//174 173//173 172//172
f 172//172 168//168 174//174
f 172//172 176//176 171//171
f 178//178 176//176 177//177
f 173//173 177//177 176//176
f 176//176 178//178 111//111
f 111//111 171//171 176//176
f 180//180 178//178 179//179
f 177//177 179//179 178//178
f 178//178 180//180 181//181
f 181//181 111//111 178//178
f 111//111 181//181 110//110
f 110//110 181//181 180//180
f 183//183 180//180 182//182
f 179//179 182//182 180//180
f 180//180 183//183 110//110
f 104//104 183//183 102//102
f 182//182 102//102 183//183
f 183//183 104//104 109//109
f 109//109 110//110 183//183
f 182//182 184//184 186//186
f 184//184 182//182 179//179
f 186//186 102//102 182//182
f 100//100 185//185 184//184
f 103//103 185//185 100//100
f 184//184 187//187 188//188
f 179//179 187//187 184//184
f 100//100 184//184 99//99
f 184//184 188//188 189//189
f 184//184 189//189 162//162
f 184//184 162//162 99//99
f 190//190 174//174 167//167
f 175//175 189//189 191//191
f 188//188 191//191 189//189
f 189//189 192//192 162//162
f 167//167 192//192 190//190
f 163//163 162//162 192//192
f 192//192 167//167 163//163
f 191//191 173//173 175//175
f 173//173 191//191 188//188
f 188//188 177//177 173//173
f 177//177 188//188 187//187
f 187//187 179//179 177//177
f 167//167 174//174 168//168
f 122//122 123//123 159//159
f 155//155 158//158 128//128
f 125//125 128//128 158//158
f 154//154 155//155 131//131
f 128//128 131//131 155//155
f 131//131 133//133 154//154
f 139//139 141//141 151//151
f 139//139 133//133 134//134
f 118//118 107//107 106//106
f 193//193 194//194 197//197
f 194//194 193//193 195//195
f 193//193 196//196 195//195
f 197//197 196//196 193//193
f 196//196 197//197 199//199
f 198//198 197//197 200//200
f 197//197 194//194 201//201
f 201//201 200//200 197//197
f 201//201 202//202 203//203
f 202//202 201//201 194//194
f 200//200 201//201 204//204
f 203//203 204//204 201//201
f 204//204 205//205 200//200
f 206//206 205//205 204//204
f 207//207 206//206 204//204
f 208//208 207//207 204//204
f 209//209 208//208 204//204
f 203//203 209//209 204//204
f 209//209 210//210 217//217
f 211//211 210//210 209//209
f 212//212 211//211 209//209
f 213//213 212//212 209//209
f 214//214 213//213 209//209
f 203//203 214//214 209//209
f 215//215 209//209 216//216
f 209//209 215//215 208//208
f 217//217 216//216 209//209
f 216//216 217//217 218//218
f 219//219 218//218 217//217
f 217//217 220//220 219//219
f 220//220 217//217 210//210
f 221//221 219//219 220//220
f 220//220 223//223 221//221
f 223//223 220//220 211//211
f 210//210 211//211 220//220
f 224//224 221//221 223//223
f 223//223 225//225 224//224
f 225//225 223//223 226//226
f 211//211 226//226 223//223
f 226//226 212//212 225//225
f 212//212 226//226 211//211
f 227//227 224//224 225//225
f 225//225 228//228 227//227
f 228//228 225//225 212//212
f 229//229 227//227 228//228
f 228//228 230//230 229//229
f 230//230 228//228 231//231
f 212//212 231//231 228//228
f 231//231 232//232 230//230
f 232//232 231//231 212//212
f 232//232 233//233 234//234
f 213//213 233//233 232//232
f 213//213 232//232 212//212
f 234//234 230//230 232//232
f 230//230 234//234 235//235
f 236//236 235//235 234//234
f 234//234 238//238 236//236
f 238//238 234//234 233//233
f 239//239 236//236 238//238
f 238//238 240//240 239//239
f 240//240 238//238 213//213
f 233//233 213//213 238//238
f 241//241 239//239 240//240
f 240//240 242//242 241//241
f 242//242 240//240 243//243
f 213//213 243//243 240//240
f 243//243 214//214 242//242
f 214//214 243//243 213//213
f 244//244 241//241 242//242
f 242//242 202//202 244//244
f 202//202 242//242 214//214
f 241//241 244//244 195//195
f 195//195 244//244 194//194
f 194//194 244//244 202//202
f 239//239 241//241 245//245
f 195//195 245//245 241//241
f 246//246 245//245 195//195
f 245//245 246//246 239//239
f 236//236 239//239 246//246
f 246//246 248//248 236//236
f 249//249 247//247 246//246
f 249//249 246//246 195//195
f 247//247 249//249 235//235
f 229//229 235//235 249//249
f 249//249 250//250 229//229
f 251//251 250//250 249//249
f 252//252 251//251 249//249
f 252//252 249//249 195//195
f 252//252 254//254 251//251
f 254//254 253//253 221//221
f 219//219 222//222 252//252
f 252//252 255//255 219//219
f 256//256 255//255 252//252
f 256//256 252//252 195//195
f 255//255 256//256 218//218
f 218//218 256//256 257//257
f 257//257 256//256 195//195
f 258//258 257//257 195//195
f 257//257 258//258 259//259
f 259//259 260//260 257//257
f 257//257 260//260 218//218
f 260//260 259//259 261//261
f 218//218 260//260 216//216
f 261//261 216//216 260//260
f 262//262 261//261 259//259
f 216//216 261//261 215//215
f 261//261 262//262 208//208
f 208//208 215//215 261//261
f 264//264 262//262 263//263
f 259//259 263//263 262//262
f 262//262 264//264 265//265
f 265//265 208//208 262//262
f 208//208 265//265 266//266
f 266//266 265//265 264//264
f 208//208 266//266 207//207
f 267//267 266//266 268//268
f 266//266 267//267 207//207
f 264//264 268//268 266//266
f 272//272 268//268 269//269
f 270//270 269//269 268//268
f 268//268 264//264 270//270
f 268//268 272//272 267//267
f 274//274 272//272 273//273
f 269//269 273//273 272//272
f 272//272 274//274 207//207
f 207//207 267//267 272//272
f 276//276 274//274 275//275
f 273//273 275//275 274//274
f 274//274 276//276 277//277
f 277//277 207//207 274//274
f 207//207 277//277 206//206
f 206//206 277//277 276//276
f 279//279 276//276 278//278
f 275//275 278//278 276//276
f 276//276 279//279 206//206
f 200//200 279//279 198//198
f 278//278 198//198 279//279
f 279//279 200//200 205//205
f 205//205 206//206 279//279
f 278//278 280//280 282//282
f 280//280 278//278 275//275
f 282//282 198//198 278//278
f 196//196 281//281 280//280
f 199//199 281//281 196//196
f 280//280 283//283 284//284
f 275//275 283//283 280//280
f 196//196 280//280 195//195
f 280//280 284//284 285//285
f 280//280 285//285 258//258
f 280//280 258//258 195//195
f 286//286 270//270 263//263
f 271//271 285//285 287//287
f 284//284 287//287 285//285
f 285//285 288//288 258//258
f 263//263 288//288 286//286
f 259//259 258//258 288//288
f 288//288 263//263 259//259
f 287//287 269//269 271//271
f 269//269 287//287 284//284
f 284//284 273//273 269//269
f 273//273 284//284 283//283
f 283//283 275//275 273//273
f 263//263 270//270 264//264
f 218//218 219//219 255//255
f 251//251 254//254 224//224
f 221//221 224//224 254//254
f 250//250 251//251 227//227
f 224//224 227//227 251//251
f 227//227 229//229 250//250
f 235//235 237//237 247//247
f 235//235 229//229 230//230
f 214//214 203//203 202//202
f 289//289 290//290 293//293
f 290//290 289//289 291//291
f 289//289 292//292 291//291
f 293//293 292//292 289//289
f 292//292 293//293 294//294
f 295//295 293//293 296//296
f 293//293 290//290 297//297
f 297//297 296//296 293//293
f 297//297 298//298 299//299
f 298//298 297//297 290//290
f 296//296 297//297 300//300
f 299//299 300//300 297//297
f 300//300 301//301 296//296
f 302//302 301//301 300//300
f 303//303 302//302 300//300
f 304//304 303//303 300//300
f 305//305 304//304 300//300
f 299//299 305//305 300//300
f 305//305 306//306 313//313
f 307//307 306//306 305//305
f 308//308 307//307 305//305
f 309//309 308//308 305//305
f 310//310 309//309 305//305
f 299//299 310//310 305//305
f 311//311 305//305 312//312
f 305//305 311//311 304//304
f 313//313 312//312 305//305
f 312//312 313//313 314//314
f 315//315 314//314 313//313
f 313//313 316//316 315//315
f 316//316 313//313 306//306
f 317//317 315//315 316//316
f 316//316 319//319 317//317
f 319//319 316//316 307//307
f 306//306 307//307 316//316
f 320//320 317//317 319//319
f 319//319 321//321 320//320
f 321//321 319//319 322//322
f 307//307 322//322 319//319
f 322//322 308//308 321//321
f 308//308 322//322 307//307
f 323//323 320//320 321//321
f 321//321 324//324 323//323
f 324//324 321//321 308//308
f 325//325 323//323 324//324
f 324//324 326//326 325//325
f 326//326 324//324 327//327
f 308//308 327//327 324//324
f 327//327 328//328 326//326
f 328//328 327//327 308//308
f 328//328 329//329 330//330
f 309//309 329//329 328//328
f 309//309 328//328 308//308
f 330//330 326//326 328//328
f 326//326 330//330 331//331
f 332//332 331//331 330//330
f 330//330 334//334 332//332
f 334//334 330//330 329//329
f 335//335 332//332 334//334
f 334//334 336//336 335//335
f 336//336 334//334 309//309
f 329//329 309//309 334//334
f 337//337 335//335 336//336
f 336//336 338//338 337//337
f 338//338 336//336 339//339
f 309//309 339//339 336//336
f 339//339 310//310 338//338
f 310//310 339//339 309//309
f 340//340 337//337 338//338
f 338//338 298//298 340//340
f 298//298 338//338 310//310
f 337//337 340//340 291//291
f 291//291 340//340 290//290
f 290//290 340//340 298//298
f 335//335 337//337 341//341
f 291//291 341//341 337//337
f 342//342 341//341 291//291
f 341//341 342//342 335//335
f 332//332 335//335 342//342
f 342//342 343//343 332//332
f 345//345 344//344 342//342
f 345//345 342//342 291//291
f 344//344 345//345 331//331
f 325//325 331//331 345//345
f 345//345 346//346 325//325
f 347//347 346//346 345//345
f 349//349 347//347 345//345
f 349//349 345//345 291//291
f 349//349 350//350 347//347
f 350//350 348//348 317//317
f 315//315 318//318 349//349
f 349//349 351//351 315//315
f 352//352 351//351 349//349
f 352//352 349//349 291//291
f 351//351 352//352 314//314
f 314//314 352//352 353//353
f 353//353 352//352 291//291
f 354//354 353//353 291//291
f 353//353 354//354 355//355
f 355//355 356//356 353//353
f 353//353 356//356 314//314
f 356//356 355//355 357//357
f 314//314 356//356 312//312
f 357//357 312//312 356//356
f 358//358 357//357 355//355
f 312//312 357//357 311//311
f 357//357 358//358 304//304
f 304//304 311//311 357//357
f 360//360 358//358 359//359
f 355//355 359//359 358//358
f 358//358 360//360 361//361
f 361//361 304//304 358//358
f 304//304 361//361 362//362
f 362//362 361//361 360//360
f 304//304 362//362 303//303
f 363//363 362//362 364//364
f 362//362 363//363 303//303
f 360//360 364//364 362//362
f 368//368 364//364 365//365
f 367//367 365//365 364//364
f 364//364 360//360 367//367
f 364//364 368//368 363//363
f 370//370 368//368 369//369
f 365//365 369//369 368//368
f 368//368 370//370 303//303
f 303//303 363//363 368//368
f 372//372 370//370 371//371
f 369//369 371//371 370//370
f 370//370 372//372 373//373
f 373//373 303//303 370//370
f 303//303 373//373 302//302
f 302//302 373//373 372//372
f 375//375 372//372 374//374
f 371//371 374//374 372//372
f 372//372 375//375 302//302
f 296//296 375//375 295//295
f 374//374 295//295 375//375
f 375//375 296//296 301//301
f 301//301 302//302 375//375
f 374//374 376//376 378//378
f 376//376 374//374 371//371
f 378//378 295//295 374//374
f 292//292 377//377 376//376
f 294//294 377//377 292//292
f 376//376 379//379 380//380
f 371//371 379//379 376//376
f 292//292 376//376 291//291
f 376//376 380//380 381//381
f 376//376 381//381 354//354
f 376//376 354//354 291//291
f 382//382 367//367 359//359
f 366//366 381//381 383//383
f 380//380 383//383 381//381
f 381//381 384//384 354//354
f 359//359 384//384 382//382
f 355//355 354//354 384//384
f 384//384 359//359 355//355
f 383//383 365//365 366//366
f 365//365 383//383 380//380
f 380//380 369//369 365//365
f 369//369 380//380 379//379
f 379//379 371//371 369//369
f 359//359 367//367 360//360
f 314//314 315//315 351//351
f 347//347 350//350 320//320
f 317//317 320//320 350//350
f 346//346 347//347 323//323
f 320//320 323//323 347//347
f 323//323 325//325 346//346
f 331//331 333//333 344//344
f 331//331 325//325 326//326
f 310//310 299//299 298//298
f 385//385 386//386 389//389
f 386//386 385//385 387//387
f 385//385 388//388 387//387
f 389//389 388//388 385//385
f 388//388 389//389 391//391
f 390//390 389//389 392//392
f 389//389 386//386 393//393
f 393//393 392//392 389//389
f 393//393 394//394 395//395
f 394//394 393//393 386//386
f 392//392 393//393 396//396
f 395//395 396//396 393//393
f 396//396 397//397 392//392
f 398//398 397//397 396//396
f 399//399 398//398 396//396
f 400//400 399//399 396//396
f 401//401 400//400 396//396
f 395//395 401//401 396//396
f 401//401 402//402 409//409
f 403//403 402//402 401//401
f 404//404 403//403 401//401
f 405//405 404//404 401//401
f 406//406 405//405 401//401
f 395//395 406//406 401//401
f 407//407 401//401 408//408
f 401//401 407//407 400//400
f 409//409 408//408 401//401
f 408//408 409//409 410//410
f 411//411 410//410 409//409
f 409//409 412//412 411//411
f 412//412 409//409 402//402
f 413//413 411//411 412//412
f 412//412 415//415 413//413
f 415//415 412//412 403//403
f 402//402 403//403 412//412
f 416//416 413//413 415//415
f 415//415 417//417 416//416
f 417//417 415//415 418//418
f 403//403 418//418 415//415
f 418//418 404//404 417//417
f 404//404 418//418 403//403
f 419//419 416//416 417//417
f 417//417 420//420 419//419
f 420//420 417//417 404//404
f 421//421 419//419 420//420
f 420//420 422//422 421//421
f 422//422 420//420 423//423
f 404//404 423//423 420//420
f 423//423 424//424 422//422
f 424//424 423//423 404//404
f 424//424 425//425 426//426
f 405//405 425//425 424//424
f 405//405 424//424 404//404
f 426//426 422//422 424//424
f 422//422 426//426 427//427
f 428//428 427//427 426//426
f 426//426 430//430 428//428
f 430//430 426//426 425//425
f 431//431 428//428 430//430
f 430//430 432//432 431//431
f 432//432 430//430 405//405
f 425//425 405//405 430//430
f 433//433 431//431 432//432
f 432//432 434//434 433//433
f 434//434 432//432 435//435
f 405//405 435//435 432//432
f 435//435 406//406 434//434
f 406//406 435//435 405//405
f 436//436 433//433 434//434
f 434//434 394//394 436//436
f 394//394 434//434 406//406
f 433//433 436//436 387//387
f 387//387 436//436 386//386
f 386//386 436//436 394//394
f 431//431 433//433 437//437
f 387//387 437//437 433//433
f 438//438 437//437 387//387
f 437//437 438//438 431//431
f 428//428 431//431 438//438
f 438//438 440//440 428//428
f 441//441 439//439 438//438
f 441//441 438//438 387//387
f 439//439 441//441 427//427
f 421//421 427//427 441//441
f 441//441 442//442 421//421
f 443//443 442//442 441//441
f 444//444 443//443 441//441
f 444//444 441//441 387//387
f 444//444 446//446 443//443
f 446//446 445//445 413//413
f 411//411 414//414 444//444
f 444//444 447//447 411//411
f 448//448 447//447 444//444
f 448//448 444//444 387//387
f 447//447 448//448 410//410
f 410//410 448//448 449//449
f 449//449 448//448 387//387
f 450//450 449//449 387//387
f 449//449 450//450 451//451
f 451//451 452//452 449//449
f 449//449 452//452 410//410
f 452//452 451//451 453//453
f 410//410 452//452 408//408
f 453//453 408//408 452//452
f 454//454 453//453 451//451
f 408//408 453//453 407//407
f 453//453 454//454 400//400
f 400//400 407//407 453//453
f 456//456 454//454 455//455
f 451//451 455//455 454//454
f 454//454 456//456 457//457
f 457//457 400//400 454//454
f 400//400 457//457 458//458
f 458//458 457//457 456//456
f 400//400 458//458 399//399
f 459//459 458//458 460//460
f 458//458 459//459 399//399
f 456//456 460//460 458//458
f 464//464 460//460 461//461
f 462//462 461//461 460//460
f 460//460 456//456 462//462
f 460//460 464//464 459//459
f 466//466 464//464 465//465
f 461//461 465//465 464//464
f 464//464 466//466 399//399
f 399//399 459//459 464//464
f 468//468 466//466 467//467
f 465//465 467//467 466//466
f 466//466 468//468 469//469
f 469//469 399//399 466//466
f 399//399 469//469 398//398
f 398//398 469//469 468//468
f 471//471 468//468 470//470
f 467//467 470//470 468//468
f 468//468 471//471 398//398
f 392//392 471//471 390//390
f 470//470 390//390 471//471
f 471//471 392//392 397//397
f 397//397 398//398 471//471
f 470//470 472//472 474//474
f 472//472 470//470 467//467
f 474//474 390//390 470//470
f 388//388 473//473 472//472
f 391//391 473//473 388//388
f 472//472 475//475 476//476
f 467//467 475//475 472//472
f 388//388 472//472 387//387
f 472//472 476//476 477//477
f 472//472 477//477 450//450
f 472//472 450//450 387//387
f 478//478 462//462 455//455
f 463//463 477//477 479//479
f 476//476 479//479 477//477
f 477//477 480//480 450//450
f 455//455 480//480 478//478
f 451//451 450//450 480//480
f 480//480 455//455 451//451
f 479//479 461//461 463//463
f 461//461 479//479 476//476
f 476//476 465//465 461//461
f 465//465 476//476 475//475
f 475//475 467//467 465//465
f 455//455 462//462 456//456
f 410//410 411//411 447//447
f 443//443 446//446 416//416
f 413//413 416//416 446//446
f 442//442 443//443 419//419
f 416//416 419//419 443//443
f 419//419 421//421 442//442
f 427//427 429//429 439//439
f 427//427 421//421 422//422
f 406//406 395//395 394//394
f 481//481 482//482 485//485
f 482//482 481//481 483//483
f 481//481 484//484 483//483
f 485//485 484//484 481//481
f 484//484 485//485 487//487
f 486//486 485//485 488//488
f 485//485 482//482 489//489
f 489//489 488//488 485//485
f 489//489 490//490 491//491
f 490//490 489//489 482//482
f 488//488 489//489 492//492
f 491//491 492//492 489//489
f 492//492 493//493 488//488
f 494//494 493//493 492//492
f 495//495 494//494 492//492
f 496//496 495//495 492//492
f 497//497 496//496 492//492
f 491//491 497//497 492//492
f 497//497 498//498 505//505
f 499//499 498//498 497//497
f 500//500 499//499 497//497
f 501//501 500//500 497//497
f 502//502 501//501 497//497
f 491//491 502//502 497//497
f 503//503 497//497 504//504
f 497//497 503//503 496//496
f 505//505 504//504 497//497
f 504//504 505//505 506//506
f 507//507 506//506 505//505
f 505//505 508//508 507//507
f 508//508 505//505 498//498
f 509//509 507//507 508//508
f 508//508 511//511 509//509
f 511//511 508//508 499//499
f 498//498 499//499 508//508
f 512//512 509//509 511//511
f 511//511 513//513 512//512
f 513//513 511//511 514//514
f 499//499 514//514 511//511
f 514//514 500//500 513//513
f 500//500 514//514 499//499
f 515//515 512//512 513//513
f 513//513 516//516 515//515
f 516//516 513//513 500//500
f 517//517 515//515 516//516
f 516//516 518//518 517//517
f 518//518 516//516 519//519
f 500//500 519//519 516//516
f 519//519 520//520 518//518
f 520//520 519//519 500//500
f 520//520 521//521 522//522
f 501//501 521//521 520//520
f 501//501 520//520 500//500
f 522//522 518//518 520//520
f 518//518 522//522 523//523
f 524//524 523//523 522//522
f 522//522 526//526 524//524
f 526//526 522//522 521//521
f 527//527 524//524 526//526
f 526//526 528//528 527//527
f 528//528 526//526 501//501
f 521//521 501//501 526//526
f 529//529 527//527 528//528
f 528//528 530//530 529//529
f 530//530 528//528 531//531
f 501//501 531//531 528//528
f 531//531 502//502 530//530
f 502//502 531//531 501//501
f 532//532 529//529 530//530
f 530//530 490//490 532//532
f 490//490 530//530 502//502
f 529//529 532//532 483//483
f 483//483 532//532 482//482
f 482//482 532//532 490//490
f 527//527 529//529 533//533
f 483//483 533//533 529//529
f 534//534 533//533 483//483
f 533//533 534//534 527//527
f 524//524 527//527 534//534
f 534//534 536//536 524//524
f 537//537 535//535 534//534
f 537//537 534//534 483//483
f 535//535 537//537 523//523
f 517//517 523//523 537//537
f 537//537 538//538 517//517
f 539//539 538//538 537//537
f 540//540 539//539 537//537
f 540//540 537//537 483//483
f 540//540 542//542 539//539
f 542//542 541//541 509//509
f 507//507 510//510 540//540
f 540//540 543//543 507//507
f 544//544 543//543 540//540
f 544//544 540//540 483//483
f 543//543 544//544 506//506
f 506//506 544//544 545//545
f 545//545 544//544 483//483
f 546//546 545//545 483//483
f 545//545 546//546 547//547
f 547//547 548//548 545//545
f 545//545 548//548 506//506
f 548//548 547//547 549//549
f 506//506 548//548 504//504
f 549//549 504//504 548//548
f 550//550 549//549 547//547
f 504//504 549//549 503//503
f 549//549 550//550 496//496
f 496//496 503//503 549//549
f 552//552 550//550 551//551
f 547//547 551//551 550//550
f 550//550 552//552 553//553
f 553//553 496//496 550//550
f 496//496 553//553 554//554
f 554//554 553//553 552//552
f 496//496 554//554 495//495
f 555//555 554//554 556//556
f 554//554 555//555 495//495
f 552//552 556//556 554//554
f 560//560 556//556 557//557
f 558//558 557//557 556//556
f 556//556 552//552 558//558
f 556//556 560//560 555//555
f 562//562 560//560 561//561
f 557//557 561//561 560//560
f 560//560 562//562 495//495
f 495//495 555//555 560//560
f 564//564 562//562 563//563
f 561//561 563//563 562//562
f 562//562 564//564 565//565
f 565//565 495//495 562//562
f 495//495 565//565 494//494
f 494//494 565//565 564//564
f 567//567 564//564 566//566
f 563//563 566//566 564//564
f 564//564 567//567 494//494
f 488//488 567//567 486//486
f 566//566 486//486 567//567
f 567//567 488//488 493//493
f 493//493 494//494 567//567
f 566//566 568//568 570//570
f 568//568 566//566 563//563
f 570//570 486//486 566//566
f 484//484 569//569 568//568
f 487//487 569//569 484//484
f 568//568 571//571 572//572
f 563//563 571//571 568//568
f 484//484 568//568 483//483
f 568//568 572//572 573//573
f 568//568 573//573 546//546
f 568//568 546//546 483//483
f 574//574 558//558 551//551
f 559//559 573//573 575//575
f 572//572 575//575 573//573
f 573//573 576//576 546//546
f 551//551 576//576 574//574
f 547//547 546//546 576//576
f 576//576 551//551 547//547
f 575//575 557//557 559//559
f 557//557 575//575 572//572
f 572//572 561//561 557//557
f 561//561 572//572 571//571
f 571//571 563//563 561//561
f 551//551 558//558 552//552
f 506//506 507//507 543//543
f 539//539 542//542 512//512
f 509//509 512//512 542//542
f 538//538 539//539 515//515
f 512//512 515//515 539//539
f 515//515 517//517 538//538
f 523//523 525//525 535//535
f 523//523 517//517 518//518
f 502//502 491//491 490//490
f 577//577 578//578 581//581
f 578//578 577//577 579//579
f 577//577 580//580 579//579
f 581//581 580//580 577//577
f 580//580 581//581 583//583
f 582//582 581//581 584//584
f 581//581 578//578 585//585
f 585//585 584//584 581//581
f 585//585 586//586 587//587
f 586//586 585//585 578//578
f 584//584 585//585 588//588
f 587//587 588//588 585//585
f 588//588 589//589 584//584
f 590//590 589//589 588//588
f 591//591 590//590 588//588
f 592//592 591//591 588//588
f 593//593 592//592 588//588
f 587//587 593//593 588//588
f 593//593 594//594 601//601
f 595//595 594//594 593//593
f 596//596 595//595 593//593
f 597//597 596//596 593//593
f 598//598 597//597 593//593
f 587//587 598//598 593//593
f 599//599 593//593 600//600
f 593//593 599//599 592//592
f 601//601 600//600 593//593
f 600//600 601//601 602//602
f 603//603 602//602 601//601
f 601//601 604//604 603//603
f 604//604 601//601 594//594
f 605//605 603//603 604//604
f 604//604 607//607 605//605
f 607//607 604//604 595//595
f 594//594 595//595 604//604
f 608//608 605//605 607//607
f 607//607 609//609 608//608
f 609//609 607//607 610//610
f 595//595 610//610 607//607
f 610//610 596//596 609//609
f 596//596 610//610 595//595
f 611//611 608//608 609//609
f 609//609 612//612 611//611
f 612//612 609//609 596//596
f 613//613 611//611 612//612
f 612//612 614//614 613//613
f 614//614 612//612 615//615
f 596//596 615//615 612//612
f 615//615 616//616 614//614
f 616//616 615//615 596//596
f 616//616 617//617 618//618
f 597//597 617//617 616//616
f 597//597 616//616 596//596
f 618//618 614//614 616//616
f 614//614 618//618 619//619
f 620//620 619//619 618//618
f 618//618 622//622 620//620
f 622//622 618//618 617//617
f 623//623 620//620 622//622
f 622//622 624//624 623//623
f 624//624 622//622 597//597
f 617//617 597//597 622//622
f 625//625 623//623 624//624
f 624//624 626//626 625//625
f 626//626 624//624 627//627
f 597//597 627//627 624//624
f 627//627 598//598 626//626
f 598//598 627//627 597//597
f 628//628 625//625 626//626
f 626//626 586//586 628//628
f 586//586 626//626 598//598
f 625//625 628//628 579//579
f 579//579 628//628 578//578
f 578//578 628//628 586//586
f 623//623 625//625 629//629
f 579//579 629//629 625//625
f 630//630 629//629 579//579
f 629//629 630//630 623//623
f 620//620 623//623 630//630
f 630//630 632//632 620//620
f 633//633 631//631 630//630
f 633//633 630//630 579//579
f 631//631 633//633 619//619
f 613//613 619//619 633//633
f 633//633 634//634 613//613
f 635//635 634//634 633//633
f 636//636 635//635 633//633
f 636//636 633//633 579//579
f 636//636 638//638 635//635
f 638//638 637//637 605//605
f 603//603 606//606 636//636
f 636//636 639//639 603//603
f 640//640 639//639 636//636
f 640//640 636//636 579//579
f 639//639 640//640 602//602
f 602//602 640//640 641//641
f 641//641 640//640 579//579
f 642//642 641//641 579//579
f 641//641 642//642 643//643
f 643//643 644//644 641//641
f 641//641 644//644 602//602
f 644//644 643//643 645//645
f 602//602 644//644 600//600
f 645//645 600//600 644//644
f 646//646 645//645 643//643
f 600//600 645//645 599//599
f 645//645 646//646 592//592
f 592//592 599//599 645//645
f 648//648 646//646 647//647
f 643//643 647//647 646//646
f 646//646 648//648 649//649
f 649//649 592//592 646//646
f 592//592 649//649 650//650
f 650//650 649//649 648//648
f 592//592 650//650 591//591
f 651//651 650//650 652//652
f 650//650 651//651 591//591
f 648//648 652//652 650//650
f 656//656 652//652 653//653
f 654//654 653//653 652//652
f 652//652 648//648 654//654
f 652//652 656//656 651//651
f 658//658 656//656 657//657
f 653//653 657//657 656//656
f 656//656 658//658 591//591
f 591//591 651//651 656//656
f 660//660 658//658 659//659
f 657//657 659//659 658//658
f 658//658 660//660 661//661
f 661//661 591//591 658//658
f 591//591 661//661 590//590
f 590//590 661//661 660//660
f 663//663 660//660 662//662
f 659//659 662//662 660//660
f 660//660 663//663 590//590
f 584//584 663//663 582//582
f 662//662 582//582 663//663
f 663//663 584//584 589//589
f 589//589 590//590 663//663
f 662//662 664//664 666//666
f 664//664 662//662 659//659
f 666//666 582//582 662//662
f 580//580 665//665 664//664
f 583//583 665//665 580//580
f 664//664 667//667 668//668
f 659//659 667//667 664//664
f 580//580 664//664 579//579
f 664//664 668//668 669//669
f 664//664 669//669 642//642
f 664//664 642//642 579//579
f 670//670 654//654 647//647
f 655//655 669//669 671//671
f 668//668 671//671 669//669
f 669//669 672//672 642//642
f 647//647 672//672 670//670
f 643//643 642//642 672//672
f 672//672 647//647 643//643
f 671//671 653//653 655//655
f 653//653 671//671 668//668
f 668//668 657//657 653//653
f 657//657 668//668 667//667
f 667//667 659//659 657//657
f 647//647 654//654 648//648
f 602//602 603//603 639//639
f 635//635 638//638 608//608
f 605//605 608//608 638//638
f 634//634 635//635 611//611
f 608//608 611//611 635//635
f 611//611 613//613 634//634
f 619//619 621//621 631//631
f 619//619 613//613 614//614
f 598//598 587//587 586//586
f 673//673 674//674 677//677
f 674//674 673//673 675//675
f 673//673 676//676 675//675
f 677//677 676//676 673//673
f 676//676 677//677 678//678
f 679//679 677//677 680//680
f 677//677 674//674 681//681
f 681//681 680//680 677//677
f 681//681 682//682 683//683
f 682//682 681//681 674//674
f 680//680 681//681 684//684
f 683//683 684//684 681//681
f 684//684 685//685 680//680
f 686//686 685//685 684//684
f 687//687 686//686 684//684
f 688//688 687//687 684//684
f 689//689 688//688 684//684
f 683//683 689//689 684//684
f 689//689 690//690 697//697
f 691//691 690//690 689//689
f 692//692 691//691 689//689
f 693//693 692//692 689//689
f 694//694 693//693 689//689
f 683//683 694//694 689//689
f 695//695 689//689 696//696
f 689//689 695//695 688//688
f 697//697 696//696 689//689
f 696//696 697//697 698//698
f 699//699 698//698 697//697
f 697//697 700//700 699//699
f 700//700 697//697 690//690
f 701//701 699//699 700//700
f 700//700 703//703 701//701
f 703//703 700//700 691//691
f 690//690 691//691 700//700
f 704//704 701//701 703//703
f 703//703 705//705 704//704
f 705//705 703//703 706//706
f 691//691 706//706 703//703
f 706//706 692//692 705//705
f 692//692 706//706 691//691
f 707//707 704//704 705//705
f 705//705 708//708 707//707
f 708//708 705//705 692//692
f 709//709 707//707 708//708
f 708//708 710//710 709//709
f 710//710 708//708 711//711
f 692//692 711//711 708//708
f 711//711 712//712 710//710
f 712//712 711//711 692//692
f 712//712 713//713 714//714
f 693//693 713//713 712//712
f 693//693 712//712 692//692
f 714//714 710//710 712//712
f 710//710 714//714 715//715
f 716//716 715//715 714//714
f 714//714 718//718 716//716
f 718//718 714//714 713//713
f 719//719 716//716 718//718
f 718//718 720//720 719//719
f 720//720 718//718 693//693
f 713//713 693//693 718//718
f 721//721 719//719 720//720
f 720//720 722//722 721//721
f 722//722 720//720 723//723
f 693//693 723//723 720//720
f 723//723 694//694 722//722
f 694//694 723//723 693//693
f 724//724 721//721 722//722
f 722//722 682//682 724//724
f 682//682 722//722 694//694
f 721//721 724//724 675//675
f 675//675 724//724 674//674
f 674//674 724//724 682//682
f 719//719 721//721 725//725
f 675//675 725//725 721//721
f 726//726 725//725 675//675
f 725//725 726//726 719//719
f 716//716 719//719 726//726
f 726//726 727//727 716//716
f 729//729 728//728 726//726
f 729//729 726//726 675//675
f 728//728 729//729 715//715
f 709//709 715//715 729//729
f 729//729 730//730 709//709
f 731//731 730//730 729//729
f 733//733 731//731 729//729
f 733//733 729//729 675//675
f 733//733 734//734 731//731
f 734//734 732//732 701//701
f 699//699 702//702 733//733
f 733//733 735//735 699//699
f 736//736 735//735 733//733
f 736//736 733//733 675//675
f 735//735 736//736 698//698
f 698//698 736//736 737//737
f 737//737 736//736 675//675
f 738//738 737//737 675//675
f 737//737 738//738 739//739
f 739//739 740//740 737//737
f 737//737 740//740 698//698
f 740//740 739//739 741//741
f 698//698 740//740 696//696
f 741//741 696//696 740//740
f 742//742 741//741 739//739
f 696//696 741//741 695//695
f 741//741 742//742 688//688
f 688//688 695//695 741//741
f 744//744 742//742 743//743
f 739//739 743//743 742//742
f 742//742 744//744 745//745
f 745//745 688//688 742//742
f 688//688 745//745 746//746
f 746//746 745//745 744//744
f 688//688 746//746 687//687
f 747//747 746//746 748//748
f 746//746 747//747 687//687
f 744//744 748//748 746//746
f 752//752 748//748 749//749
f 751//751 749//749 748//748
f 748//748 744//744 751//751
f 748//748 752//752 747//747
f 754//754 752//752 753//753
f 749//749 753//753 752//752
f 752//752 754//754 687//687
f 687//687 747//747 752//752
f 756//756 754//754 755//755
f 753//753 755//755 754//754
f 754//754 756//756 757//757
f 757//757 687//687 754//754
f 687//687 757//757 686//686
f 686//686 757//757 756//756
f 759//759 756//756 758//758
f 755//755 758//758 756//756
f 756//756 759//759 686//686
f 680//680 759//759 679//679
f 758//758 679//679 759//759
f 759//759 680//680 685//685
f 685//685 686//686 759//759
f 758//758 760//760 762//762
f 760//760 758//758 755//755
f 762//762 679//679 758//758
f 676//676 761//761 760//760
f 678//678 761//761 676//676
f 760//760 763//763 764//764
f 755//755 763//763 760//760
f 676//676 760//760 675//675
f 760//760 764//764 765//765
f 760//760 765//765 738//738
f 760//760 738//738 675//675
f 766//766 751//751 743//743
f 750//750 765//765 767//767
f 764//764 767//767 765//765
f 765//765 768//768 738//738
f 743//743 768//768 766//766
f 739//739 738//738 768//768
f 768//768 743//743 739//739
f 767//767 749//749 750//750
f 749//749 767//767 764//764
f 764//764 753//753 749//749
f 753//753 764//764 763//763
f 763//763 755//755 753//753
f 743//743 751//751 744//744
f 698//698 699//699 735//735
f 731//731 734//734 704//704
f 701//701 704//704 734//734
f 730//730 731//731 707//707
f 704//704 707//707 731//731
f 707//707 709//709 730//730
f 715//715 717//717 728//728
f 715//715 709//709 710//710
f 694//694 683//683 682//682
f 769//769 770//770 773//773
f 770//770 769//769 771//771
f 769//769 772//772 771//771
f 773//773 772//772 769//769
f 772//772 773//773 774//774
f 775//775 773//773 776//776
f 773//773 770//770 777//777
f 777//777 776//776 773//773
f 777//777 778//778 779//779
f 778//778 777//777 770//770
f 776//776 777//777 780//780
f 779//779 780//780 777//777
f 780//780 781//781 776//776
f 782//782 781//781 780//780
f 783//783 782//782 780//780
f 784//784 783//783 780//780
f 785//785 784//784 780//780
f 779//779 785//785 780//780
f 785//785 786//786 793//793
f 787//787 786//786 785//785
f 788//788 787//787 785//785
f 789//789 788//788 785//785
f 790//790 789//789 785//785
f 779//779 790//790 785//785
f 791//791 785//785 792//792
f 785//785 791//791 784//784
f 793//793 792//792 785//785
f 792//792 793//793 794//794
f 795//795 794//794 793//793
f 793//793 796//796 795//795
f 796//796 793//793 786//786
f 797//797 795//795 796//796
f 796//796 799//799 797//797
f 799//799 796//796 787//787
f 786//786 787//787 796//796
f 800//800 797//797 799//799
f 799//799 801//801 800//800
f 801//801 799//799 802//802
f 787//787 802//802 799//799
f 802//802 788//788 801//801
f 788//788 802//802 787//787
f 803//803 800//800 801//801
f 801//801 804//804 803//803
f 804//804 801//801 788//788
f 805//805 803//803 804//804
f 804//804 806//806 805//805
f 806//806 804//804 807//807
f 788//788 807//807 804//804
f 807//807 808//808 806//806
f 808//808 807//807 788//788
f 808//808 809//809 810//810
f 789//789 809//809 808//808
f 789//789 808//808 788//788
f 810//810 806//806 808//808
f 806//806 810//810 811//811
f 812//812 811//811 810//810
f 810//810 814//814 812//812
f 814//814 810//810 809//809
f 815//815 812//812 814//814
f 814//814 816//816 815//815
f 816//816 814//814 789//789
f 809//809 789//789 814//814
f 817//817 815//815 816//816
f 816//816 818//818 817//817
f 818//818 816//816 819//819
f 789//789 819//819 816//816
f 819//819 790//790 818//818
f 790//790 819//819 789//789
f 820//820 817//817 818//818
f 818//818 778//778 820//820
f 778//778 818//818 790//790
f 817//817 820//820 771//771
f 771//771 820//820 770//770
f 770//770 820//820 778//778
f 815//815 817//817 821//821
f 771//771 821//821 817//817
f 822//822 821//821 771//771
f 821//821 822//822 815//815
f 812//812 815//815 822//822
f 822//822 823//823 812//812
f 825//825 824//824 822//822
f 825//825 822//822 771//771
f 824//824 825//825 811//811
f 805//805 811//811 825//825
f 825//825 826//826 805//805
f 827//827 826//826 825//825
f 829//829 827//827 825//825
f 829//829 825//825 771//771
f 829//829 830//830 827//827
f 830//830 828//828 797//797
f 795//795 798//798 829//829
f 829//829 831//831 795//795
f 832//832 831//831 829//829
f 832//832 829//829 771//771
f 831//831 832//832 794//794
f 794//794 832//832 833//833
f 833//833 832//832 771//771
f 834//834 833//833 771//771
f 833//833 834//834 835//835
f 835//835 836//836 833//833
f 833//833 836//836 794//794
f 836//836 835//835 837//837
f 794//794 836//836 792//792
f 837//837 792//792 836//836
f 838//838 837//837 835//835
f 792//792 837//837 791//791
f 837//837 838//838 784//784
f 784//784 791//791 837//837
f 840//840 838//838 839//839
f 835//835 839//839 838//838
f 838//838 840//840 841//841
f 841//841 784//784 838//838
f 784//784 841//841 842//842
f 842//842 841//841 840//840
f 784//784 842//842 783//783
f 843//843 842//842 844//844
f 842//842 843//843 783//783
f 840//840 844//844 842//842
f 848//848 844//844 845//845
f 847//847 845//845 844//844
f 844//844 840//840 847//847
f 844//844 848//848 843//843
f 850//850 848//848 849//849
f 845//845 849//849 848//848
f 848//848 850//850 783//783
f 783//783 843//843 848//848
f 852//852 850//850 851//851
f 849//849 851//851 850//850
f 850//850 852//852 853//853
f 853//853 783//783 850//850
f 783//783 853//853 782//782
f 782//782 853//853 852//852
f 855//855 852//852 854//854
f 851//851 854//854 852//852
f 852//852 855//855 782//782
f 776//776 855//855 775//775
f 854//854 775//775 855//855
f 855//855 776//776 781//781
f 781//781 782//782 855//855
f 854//854 856//856 858//858
f 856//856 854//854 851//851
f 858//858 775//775 854//854
f 772//772 857//857 856//856
f 774//774 857//857 772//772
f 856//856 859//859 860//860
f 851//851 859//859 856//856
f 772//772 856//856 771//771
f 856//856 860//860 861//861
f 856//856 861//861 834//834
f 856//856 834//834 771//771
f 862//862 847//847 839//839
f 846//846 861//861 863//863
f 860//860 863//863 861//861
f 861//861 864//864 834//834
f 839//839 864//864 862//862
f 835//835 834//834 864//864
f 864//864 839//839 835//835
f 863//863 845//845 846//846
f 845//845 863//863 860//860
f 860//860 849//849 845//845
f 849//849 860//860 859//859
f 859//859 851//851 849//849
f 839//839 847//847 840//840
f 794//794 795//795 831//831
f 827//827 830//830 800//800
f 797//797 800//800 830//830
f 826//826 827//827 803//803
f 800//800 803//803 827//827
f 803//803 805//805 826//826
f 811//811 813//813 824//824
f 811//811 805//805 806//806
f 790//790 779//779 778//778

