# https://github.com/mikedh/trimesh
v -0.14000003 -0.20000000 0.33013118
v -0.14000003 -0.20000000 0.33013118
v -0.14000003 -0.25000000 0.38013118
v -0.14000003 -0.25000000 0.38013118
v -0.14000003 -0.21913415 0.33393719
v -0.14000003 -0.21913415 0.33393719
v -0.14000003 -0.23535532 0.34477584
v -0.14000003 -0.23535532 0.34477584
v -0.14000003 -0.23535532 0.34477584
v -0.14000003 -0.24619396 0.36099700
v -0.14000003 -0.24619396 0.36099700
v -0.14000003 -0.25000000 0.39013118
v -0.14000003 -0.25000000 0.39013118
v -0.14000003 -0.20000000 0.44013119
v -0.14000003 -0.20000000 0.44013119
v -0.14000003 -0.24619396 0.40926535
v -0.14000003 -0.24619396 0.40926535
v -0.14000003 -0.23535532 0.42548652
v -0.14000003 -0.23535532 0.42548652
v -0.14000003 -0.23535532 0.42548652
v -0.14000003 -0.21913415 0.43632516
v -0.14000003 -0.21913415 0.43632516
v -0.14000003 0.25000000 0.38013118
v -0.14000003 0.20000000 0.33013118
v -0.14000003 0.20000000 0.33013118
v -0.14000003 0.24619396 0.36099700
v -0.14000003 0.24619396 0.36099700
v -0.14000003 0.23535532 0.34477584
v -0.14000003 0.23535532 0.34477584
v -0.14000003 0.23535532 0.34477584
v -0.14000003 0.21913415 0.33393719
v -0.14000003 0.21913415 0.33393719
v -0.14000003 0.20000000 0.44013119
v -0.14000003 0.20000000 0.44013119
v -0.14000003 0.25000000 0.39013119
v -0.14000003 0.21913415 0.43632516
v -0.14000003 0.21913415 0.43632516
v -0.14000003 0.23535532 0.42548653
v -0.14000003 0.23535532 0.42548653
v -0.14000003 0.23535532 0.42548653
v -0.14000003 0.24619396 0.40926536
v -0.14000003 0.24619396 0.40926536
v 0.13699999 -0.25000000 0.38013118
v 0.13699999 -0.20000000 0.33013118
v 0.13699999 -0.24619396 0.36099700
v 0.13699999 -0.24619396 0.36099700
v 0.13699999 -0.23535532 0.34477584
v 0.13699999 -0.23535532 0.34477584
v 0.13699999 -0.21913415 0.33393719
v 0.13699999 -0.21913415 0.33393719
v 0.13699999 -0.20000000 0.44013119
v 0.13699999 -0.25000000 0.39013119
v 0.13699999 -0.21913415 0.43632516
v 0.13699999 -0.21913415 0.43632516
v 0.13699999 -0.23535532 0.42548653
v 0.13699999 -0.23535532 0.42548653
v 0.13699999 -0.24619396 0.40926536
v 0.13699999 -0.24619396 0.40926536
v 0.13699999 0.20000000 0.33013118
v 0.13699999 0.25000000 0.38013118
v 0.13699999 0.21913415 0.33393719
v 0.13699999 0.21913415 0.33393719
v 0.13699999 0.23535532 0.34477584
v 0.13699999 0.23535532 0.34477584
v 0.13699999 0.24619396 0.36099700
v 0.13699999 0.24619396 0.36099700
v 0.13699999 0.25000000 0.39013118
v 0.13699999 0.20000000 0.44013119
v 0.13699999 0.24619396 0.40926535
v 0.13699999 0.24619396 0.40926535
v 0.13699999 0.23535532 0.42548652
v 0.13699999 0.23535532 0.42548652
v 0.13699999 0.21913415 0.43632516
v 0.13699999 0.21913415 0.43632516
v 0.20000350 0.19969791 0.47499973
v 0.20000353 0.20017830 0.47987705
v 0.20000353 0.20160094 0.48456687
v 0.20000350 0.20702022 0.49267751
v 0.20000355 0.22469795 0.49999982
v 0.20000349 0.24969792 0.47499985
v 0.20000352 0.22469789 0.44999987
v 0.20000353 0.20702025 0.45732218
v 0.20000350 0.20160094 0.46543282
v 0.20000350 0.20017830 0.47012264
v -0.19999646 0.20017827 0.47987717
v -0.19999649 0.19969788 0.47499996
v -0.19999649 0.20017824 0.47012264
v -0.19999646 0.20160094 0.48456699
v -0.19999649 0.20160091 0.46543282
v 0.20000350 0.20391116 0.46111065
v -0.19999649 0.20391116 0.46111065
v -0.19999646 0.20702019 0.45732230
v -0.19999649 0.21513078 0.45190305
v -0.19999647 0.23426500 0.45190305
v -0.19999649 0.24779493 0.48456699
v -0.19999647 0.21513081 0.49809688
v 0.20000352 0.21513084 0.49809688
v 0.20000352 0.21080866 0.49578649
v -0.19999647 0.21080866 0.49578673
v -0.19999647 0.21982065 0.49951953
v -0.19999649 0.20702022 0.49267763
v -0.19999644 0.22469792 0.49999994
v -0.19999644 0.23426500 0.49809700
v 0.20000355 0.23426503 0.49809688
v 0.20000355 0.22957519 0.49951941
v -0.19999644 0.22957516 0.49951953
v -0.19999647 0.23858717 0.49578673
v -0.19999647 0.24237558 0.49267775
v 0.20000352 0.24237561 0.49267751
v 0.20000352 0.23858717 0.49578661
v -0.19999647 0.24548468 0.48888928
v 0.20000352 0.24548468 0.48888904
v 0.20000350 0.24779493 0.48456699
v 0.20000350 0.24921757 0.47987705
v -0.19999649 0.24921757 0.47987729
v -0.19999650 0.24969789 0.47499996
v -0.19999650 0.24921754 0.47012264
v -0.19999650 0.24779490 0.46543282
v 0.20000349 0.24779490 0.46543282
v 0.20000349 0.24921757 0.47012264
v -0.19999649 0.24548465 0.46111065
v -0.19999644 0.24237558 0.45732230
v 0.20000355 0.24237558 0.45732218
v 0.20000350 0.24548465 0.46111065
v -0.19999644 0.23858717 0.45421320
v 0.20000355 0.23858720 0.45421308
v 0.20000352 0.23426500 0.45190281
v 0.20000352 0.22957519 0.45048016
v -0.19999647 0.22957513 0.45048028
v -0.19999647 0.22469789 0.44999987
v -0.19999649 0.21982065 0.45048028
v 0.20000350 0.21982065 0.45048016
v 0.20000350 0.21513084 0.45190281
v 0.20000355 0.21080866 0.45421308
v -0.19999644 0.21080866 0.45421320
v 0.20000352 0.21982071 0.49951941
v 0.20000353 0.20391119 0.48888904
v -0.19999646 0.20391119 0.48888916
v 0.20000364 -0.24975494 0.47499985
v 0.20000365 -0.24927458 0.47987705
v 0.20000365 -0.24785194 0.48456687
v 0.20000359 -0.24243259 0.49267751
v 0.20000362 -0.22475496 0.49999982
v 0.20000359 -0.19975495 0.47499985
v 0.20000359 -0.22475496 0.44999975
v 0.20000362 -0.24243262 0.45732218
v 0.20000364 -0.24785194 0.46543270
v 0.20000364 -0.24927458 0.47012264
v -0.19999634 -0.24927464 0.47987705
v -0.19999635 -0.24975494 0.47499996
v -0.19999635 -0.24927458 0.47012264
v -0.19999634 -0.24785200 0.48456699
v -0.19999635 -0.24785200 0.46543282
v 0.20000362 -0.24554172 0.46111053
v -0.19999637 -0.24554172 0.46111065
v -0.19999637 -0.24243265 0.45732230
v -0.19999640 -0.23432210 0.45190305
v -0.19999637 -0.21518791 0.45190293
v -0.19999637 -0.20165798 0.48456711
v -0.19999637 -0.23432204 0.49809700
v 0.20000362 -0.23432204 0.49809676
v 0.20000359 -0.23864421 0.49578649
v -0.19999640 -0.23864427 0.49578673
v -0.19999637 -0.22963223 0.49951965
v -0.19999640 -0.24243265 0.49267751
v -0.19999637 -0.22475496 0.49999994
v -0.19999635 -0.21518791 0.49809700
v 0.20000364 -0.21518788 0.49809688
v 0.20000364 -0.21987769 0.49951941
v -0.19999635 -0.21987775 0.49951965
v -0.19999640 -0.21086574 0.49578673
v -0.19999640 -0.20707729 0.49267763
v 0.20000359 -0.20707726 0.49267751
v 0.20000359 -0.21086571 0.49578649
v -0.19999637 -0.20396826 0.48888928
v 0.20000362 -0.20396820 0.48888916
v 0.20000362 -0.20165798 0.48456687
v 0.20000362 -0.20023531 0.47987705
v -0.19999637 -0.20023537 0.47987729
v -0.19999640 -0.19975498 0.47499996
v -0.19999640 -0.20023534 0.47012275
v -0.19999640 -0.20165798 0.46543282
v 0.20000359 -0.20165798 0.46543270
v 0.20000359 -0.20023534 0.47012264
v -0.19999640 -0.20396823 0.46111065
v -0.19999637 -0.20707729 0.45732230
v 0.20000362 -0.20707729 0.45732218
v 0.20000359 -0.20396823 0.46111065
v -0.19999637 -0.21086571 0.45421320
v 0.20000362 -0.21086571 0.45421308
v 0.20000362 -0.21518788 0.45190293
v 0.20000362 -0.21987775 0.45048016
v -0.19999637 -0.21987775 0.45048028
v -0.19999640 -0.22475499 0.44999999
v -0.19999640 -0.22963229 0.45048028
v 0.20000359 -0.22963226 0.45048016
v 0.20000359 -0.23432204 0.45190293
v 0.20000362 -0.23864421 0.45421308
v -0.19999637 -0.23864427 0.45421320
v 0.20000362 -0.22963223 0.49951941
v 0.20000364 -0.24554166 0.48888916
v -0.19999635 -0.24554172 0.48888916
v 0.24004114 -0.20905936 0.25000000
v 0.24999672 -0.17000040 0.25000000
v 0.23999673 -0.17000037 0.25000000
v 0.23999676 -0.17000005 0.16999978
v 0.24999675 -0.17000002 0.16999978
v 0.24004120 -0.20905897 0.11999959
v 0.23999679 -0.16687503 0.14812464
v 0.23999676 -0.15750000 0.13249964
v 0.24999678 -0.16687503 0.14812464
v 0.24999678 -0.15750000 0.13249964
v 0.24999684 -0.20999995 0.11999959
v 0.24999690 -0.20999989 0.00099975
v 0.24999684 -0.16999990 0.00099987
v 0.24999678 -0.16999999 0.10465211
v 0.24999678 -0.21000040 0.25000000
v 0.24706793 -0.22535530 0.11999959
v 0.24706799 -0.22535518 0.00099975
v 0.23828113 -0.23828426 0.11999959
v 0.24706787 -0.22535571 0.25000000
v 0.23828107 -0.23828468 0.25000000
v 0.22535217 -0.24707142 0.25000000
v 0.22152528 -0.23783264 0.25000000
v 0.20905580 -0.24004486 0.25000000
v 0.19999681 -0.24000043 0.25000000
v 0.20905589 -0.24004439 0.11999959
v 0.22152536 -0.23783228 0.11999959
v 0.20905593 -0.24004433 0.00099975
v 0.22152542 -0.23783222 0.00099975
v 0.23121008 -0.23121318 0.11999959
v 0.23121011 -0.23121312 0.00099975
v 0.23782921 -0.22152841 0.00099975
v 0.23782915 -0.22152850 0.11999959
v 0.23120999 -0.23121360 0.25000000
v 0.23782906 -0.22152892 0.25000000
v 0.24004126 -0.20905891 0.00099975
v 0.23999685 -0.16999993 0.00099987
v 0.23999679 -0.16999999 0.10465211
v 0.23999667 0.00000000 0.00099975
v 0.23999661 0.00000000 0.11999971
v 0.24999666 0.00000000 0.00099975
v 0.24999663 0.00000000 0.11999971
v 0.24999672 -0.11999994 0.11999971
v 0.23999673 -0.11999994 0.11999971
v 0.23999676 -0.14187500 0.12312466
v 0.24999678 -0.14187494 0.12312466
v 0.23828119 -0.23828420 0.00099975
v 0.22535230 -0.24707094 0.00099951
v 0.22535224 -0.24707106 0.11999959
v 0.20999691 -0.25000003 0.11999959
v 0.20999680 -0.25000045 0.25000000
v 0.19999681 -0.25000045 0.25000000
v 0.19999690 -0.25000003 0.11999959
v 0.19999689 -0.24000004 0.11999959
v 0.19999695 -0.23999998 0.00099975
v 0.19999696 -0.24999997 0.00099951
v 0.20999695 -0.24999997 0.00099951
v 0.23999679 -0.17000005 0.09999985
v 0.23999691 -0.25000003 0.09999961
v 0.24706799 -0.25000003 0.09707075
v 0.24706787 -0.17000005 0.09707087
v 0.24900013 -0.17000005 0.08999985
v 0.24900025 -0.25000003 0.08999962
v 0.19999690 -0.25000015 0.09999961
v 0.19999696 -0.24999997 -0.00000030
v 0.24900031 -0.24999991 -0.00000030
v 0.24900019 -0.16999990 -0.00000018
v 0.23999679 -0.25000015 0.16999966
v 0.24706784 -0.17000017 0.17292875
v 0.24900007 -0.17000046 0.25000000
v 0.24900010 -0.17000046 0.17999977
v 0.24706787 -0.25000015 0.17292839
v 0.24900013 -0.25000045 0.17999965
v 0.24900013 -0.25000045 0.25000000
v 0.19999677 -0.25000021 0.16999954
v 0.19999683 -0.19000010 0.09999979
v 0.21999680 -0.17000008 0.09999985
v 0.20151924 -0.18234645 0.09999982
v 0.20585468 -0.17585798 0.09999982
v 0.21234314 -0.17152251 0.09999985
v 0.21999684 -0.16999996 -0.00000018
v 0.19999687 -0.18999998 -0.00000021
v 0.21234316 -0.17152239 -0.00000018
v 0.20585470 -0.17585786 -0.00000018
v 0.20151925 -0.18234633 -0.00000021
v 0.21999675 -0.17000020 0.17124426
v 0.19999675 -0.19000022 0.16999972
v 0.21999675 -0.17000014 0.16999978
v 0.21234310 -0.17152263 0.17076802
v 0.20585464 -0.17585810 0.17036426
v 0.20151918 -0.18234657 0.17009448
v 0.19999674 -0.19000052 0.25000000
v 0.21999671 -0.17000049 0.25000000
v 0.20151915 -0.18234687 0.25000000
v 0.20585459 -0.17585839 0.25000000
v 0.21234305 -0.17152293 0.25000000
v -0.24004114 -0.20905936 0.25000000
v -0.24999672 -0.17000040 0.25000000
v -0.23999673 -0.17000037 0.25000000
v -0.23999676 -0.17000005 0.16999978
v -0.24999675 -0.17000002 0.16999978
v -0.24004120 -0.20905897 0.11999959
v -0.23999679 -0.16687503 0.14812464
v -0.23999676 -0.15750000 0.13249964
v -0.24999678 -0.16687503 0.14812464
v -0.24999678 -0.15750000 0.13249964
v -0.24999684 -0.20999995 0.11999959
v -0.24999690 -0.20999989 0.00099975
v -0.24999684 -0.16999990 0.00099987
v -0.24999678 -0.16999999 0.10465211
v -0.24999678 -0.21000040 0.25000000
v -0.24706793 -0.22535530 0.11999959
v -0.24706799 -0.22535518 0.00099975
v -0.23828113 -0.23828426 0.11999959
v -0.24706787 -0.22535571 0.25000000
v -0.23828107 -0.23828468 0.25000000
v -0.22535217 -0.24707142 0.25000000
v -0.22152528 -0.23783264 0.25000000
v -0.20905580 -0.24004486 0.25000000
v -0.19999681 -0.24000043 0.25000000
v -0.20905589 -0.24004439 0.11999959
v -0.22152536 -0.23783228 0.11999959
v -0.20905593 -0.24004433 0.00099975
v -0.22152542 -0.23783222 0.00099975
v -0.23121008 -0.23121318 0.11999959
v -0.23121011 -0.23121312 0.00099975
v -0.23782921 -0.22152841 0.00099975
v -0.23782915 -0.22152850 0.11999959
v -0.23120999 -0.23121360 0.25000000
v -0.23782906 -0.22152892 0.25000000
v -0.24004126 -0.20905891 0.00099975
v -0.23999685 -0.16999993 0.00099987
v -0.23999679 -0.16999999 0.10465211
v -0.23999667 0.00000000 0.00099975
v -0.23999661 0.00000000 0.11999971
v -0.24999666 0.00000000 0.00099975
v -0.24999663 0.00000000 0.11999971
v -0.24999672 -0.11999994 0.11999971
v -0.23999673 -0.11999994 0.11999971
v -0.23999676 -0.14187500 0.12312466
v -0.24999678 -0.14187494 0.12312466
v -0.23828119 -0.23828420 0.00099975
v -0.22535230 -0.24707094 0.00099951
v -0.22535224 -0.24707106 0.11999959
v -0.20999691 -0.25000003 0.11999959
v -0.20999680 -0.25000045 0.25000000
v -0.19999681 -0.25000045 0.25000000
v -0.19999690 -0.25000003 0.11999959
v -0.19999689 -0.24000004 0.11999959
v -0.19999695 -0.23999998 0.00099975
v -0.19999696 -0.24999997 0.00099951
v -0.20999695 -0.24999997 0.00099951
v -0.23999679 -0.17000005 0.09999985
v -0.23999691 -0.25000003 0.09999961
v -0.24706799 -0.25000003 0.09707075
v -0.24706787 -0.17000005 0.09707087
v -0.24900013 -0.17000005 0.08999985
v -0.24900025 -0.25000003 0.08999962
v -0.19999690 -0.25000015 0.09999961
v -0.19999696 -0.24999997 -0.00000030
v -0.24900031 -0.24999991 -0.00000030
v -0.24900019 -0.16999990 -0.00000018
v -0.23999679 -0.25000015 0.16999966
v -0.24706784 -0.17000017 0.17292875
v -0.24900007 -0.17000046 0.25000000
v -0.24900010 -0.17000046 0.17999977
v -0.24706787 -0.25000015 0.17292839
v -0.24900013 -0.25000045 0.17999965
v -0.24900013 -0.25000045 0.25000000
v -0.19999677 -0.25000021 0.16999954
v -0.19999683 -0.19000010 0.09999979
v -0.21999680 -0.17000008 0.09999985
v -0.20151924 -0.18234645 0.09999982
v -0.20585468 -0.17585798 0.09999982
v -0.21234314 -0.17152251 0.09999985
v -0.21999684 -0.16999996 -0.00000018
v -0.19999687 -0.18999998 -0.00000021
v -0.21234316 -0.17152239 -0.00000018
v -0.20585470 -0.17585786 -0.00000018
v -0.20151925 -0.18234633 -0.00000021
v -0.21999675 -0.17000020 0.17124426
v -0.19999675 -0.19000022 0.16999972
v -0.21999675 -0.17000014 0.16999978
v -0.21234310 -0.17152263 0.17076802
v -0.20585464 -0.17585810 0.17036426
v -0.20151918 -0.18234657 0.17009448
v -0.19999674 -0.19000052 0.25000000
v -0.21999671 -0.17000049 0.25000000
v -0.20151915 -0.18234687 0.25000000
v -0.20585459 -0.17585839 0.25000000
v -0.21234305 -0.17152293 0.25000000
v 0.24004114 0.20905936 0.25000000
v 0.24999672 0.17000040 0.25000000
v 0.23999673 0.17000037 0.25000000
v 0.23999676 0.17000005 0.16999978
v 0.24999675 0.17000002 0.16999978
v 0.24004120 0.20905897 0.11999959
v 0.23999679 0.16687503 0.14812464
v 0.23999676 0.15750000 0.13249964
v 0.24999678 0.16687503 0.14812464
v 0.24999678 0.15750000 0.13249964
v 0.24999684 0.20999995 0.11999959
v 0.24999690 0.20999989 0.00099975
v 0.24999684 0.16999990 0.00099987
v 0.24999678 0.16999999 0.10465211
v 0.24999678 0.21000040 0.25000000
v 0.24706793 0.22535530 0.11999959
v 0.24706799 0.22535518 0.00099975
v 0.23828113 0.23828426 0.11999959
v 0.24706787 0.22535571 0.25000000
v 0.23828107 0.23828468 0.25000000
v 0.22535217 0.24707142 0.25000000
v 0.22152528 0.23783264 0.25000000
v 0.20905580 0.24004486 0.25000000
v 0.19999681 0.24000043 0.25000000
v 0.20905589 0.24004439 0.11999959
v 0.22152536 0.23783228 0.11999959
v 0.20905593 0.24004433 0.00099975
v 0.22152542 0.23783222 0.00099975
v 0.23121008 0.23121318 0.11999959
v 0.23121011 0.23121312 0.00099975
v 0.23782921 0.22152841 0.00099975
v 0.23782915 0.22152850 0.11999959
v 0.23120999 0.23121360 0.25000000
v 0.23782906 0.22152892 0.25000000
v 0.24004126 0.20905891 0.00099975
v 0.23999685 0.16999993 0.00099987
v 0.23999679 0.16999999 0.10465211
v 0.24999672 0.11999994 0.11999971
v 0.23999673 0.11999994 0.11999971
v 0.23999676 0.14187500 0.12312466
v 0.24999678 0.14187494 0.12312466
v 0.23828119 0.23828420 0.00099975
v 0.22535230 0.24707094 0.00099951
v 0.22535224 0.24707106 0.11999959
v 0.20999691 0.25000003 0.11999959
v 0.20999680 0.25000045 0.25000000
v 0.19999681 0.25000045 0.25000000
v 0.19999690 0.25000003 0.11999959
v 0.19999689 0.24000004 0.11999959
v 0.19999695 0.23999998 0.00099975
v 0.19999696 0.24999997 0.00099951
v 0.20999695 0.24999997 0.00099951
v 0.23999679 0.17000005 0.09999985
v 0.23999691 0.25000003 0.09999961
v 0.24706799 0.25000003 0.09707075
v 0.24706787 0.17000005 0.09707087
v 0.24900013 0.17000005 0.08999985
v 0.24900025 0.25000003 0.08999962
v 0.19999690 0.25000015 0.09999961
v 0.19999696 0.24999997 -0.00000030
v 0.24900031 0.24999991 -0.00000030
v 0.24900019 0.16999990 -0.00000018
v 0.23999679 0.25000015 0.16999966
v 0.24706784 0.17000017 0.17292875
v 0.24900007 0.17000046 0.25000000
v 0.24900010 0.17000046 0.17999977
v 0.24706787 0.25000015 0.17292839
v 0.24900013 0.25000045 0.17999965
v 0.24900013 0.25000045 0.25000000
v 0.19999677 0.25000021 0.16999954
v 0.19999683 0.19000010 0.09999979
v 0.21999680 0.17000008 0.09999985
v 0.20151924 0.18234645 0.09999982
v 0.20585468 0.17585798 0.09999982
v 0.21234314 0.17152251 0.09999985
v 0.21999684 0.16999996 -0.00000018
v 0.19999687 0.18999998 -0.00000021
v 0.21234316 0.17152239 -0.00000018
v 0.20585470 0.17585786 -0.00000018
v 0.20151925 0.18234633 -0.00000021
v 0.21999675 0.17000020 0.17124426
v 0.19999675 0.19000022 0.16999972
v 0.21999675 0.17000014 0.16999978
v 0.21234310 0.17152263 0.17076802
v 0.20585464 0.17585810 0.17036426
v 0.20151918 0.18234657 0.17009448
v 0.19999674 0.19000052 0.25000000
v 0.21999671 0.17000049 0.25000000
v 0.20151915 0.18234687 0.25000000
v 0.20585459 0.17585839 0.25000000
v 0.21234305 0.17152293 0.25000000
v -0.24004114 0.20905936 0.25000000
v -0.24999672 0.17000040 0.25000000
v -0.23999673 0.17000037 0.25000000
v -0.23999676 0.17000005 0.16999978
v -0.24999675 0.17000002 0.16999978
v -0.24004120 0.20905897 0.11999959
v -0.23999679 0.16687503 0.14812464
v -0.23999676 0.15750000 0.13249964
v -0.24999678 0.16687503 0.14812464
v -0.24999678 0.15750000 0.13249964
v -0.24999684 0.20999995 0.11999959
v -0.24999690 0.20999989 0.00099975
v -0.24999684 0.16999990 0.00099987
v -0.24999678 0.16999999 0.10465211
v -0.24999678 0.21000040 0.25000000
v -0.24706793 0.22535530 0.11999959
v -0.24706799 0.22535518 0.00099975
v -0.23828113 0.23828426 0.11999959
v -0.24706787 0.22535571 0.25000000
v -0.23828107 0.23828468 0.25000000
v -0.22535217 0.24707142 0.25000000
v -0.22152528 0.23783264 0.25000000
v -0.20905580 0.24004486 0.25000000
v -0.19999681 0.24000043 0.25000000
v -0.20905589 0.24004439 0.11999959
v -0.22152536 0.23783228 0.11999959
v -0.20905593 0.24004433 0.00099975
v -0.22152542 0.23783222 0.00099975
v -0.23121008 0.23121318 0.11999959
v -0.23121011 0.23121312 0.00099975
v -0.23782921 0.22152841 0.00099975
v -0.23782915 0.22152850 0.11999959
v -0.23120999 0.23121360 0.25000000
v -0.23782906 0.22152892 0.25000000
v -0.24004126 0.20905891 0.00099975
v -0.23999685 0.16999993 0.00099987
v -0.23999679 0.16999999 0.10465211
v -0.24999672 0.11999994 0.11999971
v -0.23999673 0.11999994 0.11999971
v -0.23999676 0.14187500 0.12312466
v -0.24999678 0.14187494 0.12312466
v -0.23828119 0.23828420 0.00099975
v -0.22535230 0.24707094 0.00099951
v -0.22535224 0.24707106 0.11999959
v -0.20999691 0.25000003 0.11999959
v -0.20999680 0.25000045 0.25000000
v -0.19999681 0.25000045 0.25000000
v -0.19999690 0.25000003 0.11999959
v -0.19999689 0.24000004 0.11999959
v -0.19999695 0.23999998 0.00099975
v -0.19999696 0.24999997 0.00099951
v -0.20999695 0.24999997 0.00099951
v -0.23999679 0.17000005 0.09999985
v -0.23999691 0.25000003 0.09999961
v -0.24706799 0.25000003 0.09707075
v -0.24706787 0.17000005 0.09707087
v -0.24900013 0.17000005 0.08999985
v -0.24900025 0.25000003 0.08999962
v -0.19999690 0.25000015 0.09999961
v -0.19999696 0.24999997 -0.00000030
v -0.24900031 0.24999991 -0.00000030
v -0.24900019 0.16999990 -0.00000018
v -0.23999679 0.25000015 0.16999966
v -0.24706784 0.17000017 0.17292875
v -0.24900007 0.17000046 0.25000000
v -0.24900010 0.17000046 0.17999977
v -0.24706787 0.25000015 0.17292839
v -0.24900013 0.25000045 0.17999965
v -0.24900013 0.25000045 0.25000000
v -0.19999677 0.25000021 0.16999954
v -0.19999683 0.19000010 0.09999979
v -0.21999680 0.17000008 0.09999985
v -0.20151924 0.18234645 0.09999982
v -0.20585468 0.17585798 0.09999982
v -0.21234314 0.17152251 0.09999985
v -0.21999684 0.16999996 -0.00000018
v -0.19999687 0.18999998 -0.00000021
v -0.21234316 0.17152239 -0.00000018
v -0.20585470 0.17585786 -0.00000018
v -0.20151925 0.18234633 -0.00000021
v -0.21999675 0.17000020 0.17124426
v -0.19999675 0.19000022 0.16999972
v -0.21999675 0.17000014 0.16999978
v -0.21234310 0.17152263 0.17076802
v -0.20585464 0.17585810 0.17036426
v -0.20151918 0.18234657 0.17009448
v -0.19999674 0.19000052 0.25000000
v -0.21999671 0.17000049 0.25000000
v -0.20151915 0.18234687 0.25000000
v -0.20585459 0.17585839 0.25000000
v -0.21234305 0.17152293 0.25000000
v 0.23999676 -0.17000005 0.33000022
v 0.24999675 -0.17000002 0.33000022
v 0.24004120 -0.20905897 0.38000041
v 0.23999679 -0.16687503 0.35187536
v 0.23999676 -0.15750000 0.36750036
v 0.24999678 -0.16687503 0.35187536
v 0.24999678 -0.15750000 0.36750036
v 0.24999684 -0.20999995 0.38000041
v 0.24999690 -0.20999989 0.49900025
v 0.24999684 -0.16999990 0.49900013
v 0.24999678 -0.16999999 0.39534789
v 0.24706793 -0.22535530 0.38000041
v 0.24706799 -0.22535518 0.49900025
v 0.23828113 -0.23828426 0.38000041
v 0.20905589 -0.24004439 0.38000041
v 0.22152536 -0.23783228 0.38000041
v 0.20905593 -0.24004433 0.49900025
v 0.22152542 -0.23783222 0.49900025
v 0.23121008 -0.23121318 0.38000041
v 0.23121011 -0.23121312 0.49900025
v 0.23782921 -0.22152841 0.49900025
v 0.23782915 -0.22152850 0.38000041
v 0.24004126 -0.20905891 0.49900025
v 0.23999685 -0.16999993 0.49900013
v 0.23999679 -0.16999999 0.39534789
v 0.23999667 0.00000000 0.49900025
v 0.23999661 0.00000000 0.38000029
v 0.24999666 0.00000000 0.49900025
v 0.24999663 0.00000000 0.38000029
v 0.24999672 -0.11999994 0.38000029
v 0.23999673 -0.11999994 0.38000029
v 0.23999676 -0.14187500 0.37687534
v 0.24999678 -0.14187494 0.37687534
v 0.23828119 -0.23828420 0.49900025
v 0.22535230 -0.24707094 0.49900049
v 0.22535224 -0.24707106 0.38000041
v 0.20999691 -0.25000003 0.38000041
v 0.19999690 -0.25000003 0.38000041
v 0.19999689 -0.24000004 0.38000041
v 0.19999695 -0.23999998 0.49900025
v 0.19999696 -0.24999997 0.49900049
v 0.20999695 -0.24999997 0.49900049
v 0.23999679 -0.17000005 0.40000015
v 0.23999691 -0.25000003 0.40000039
v 0.24706799 -0.25000003 0.40292925
v 0.24706787 -0.17000005 0.40292913
v 0.24900013 -0.17000005 0.41000015
v 0.24900025 -0.25000003 0.41000038
v 0.19999690 -0.25000015 0.40000039
v 0.19999696 -0.24999997 0.50000030
v 0.24900031 -0.24999991 0.50000030
v 0.24900019 -0.16999990 0.50000018
v 0.23999679 -0.25000015 0.33000034
v 0.24706784 -0.17000017 0.32707125
v 0.24900010 -0.17000046 0.32000023
v 0.24706787 -0.25000015 0.32707161
v 0.24900013 -0.25000045 0.32000035
v 0.19999677 -0.25000021 0.33000046
v 0.19999683 -0.19000010 0.40000021
v 0.21999680 -0.17000008 0.40000015
v 0.20151924 -0.18234645 0.40000018
v 0.20585468 -0.17585798 0.40000017
v 0.21234314 -0.17152251 0.40000015
v 0.21999684 -0.16999996 0.50000018
v 0.19999687 -0.18999998 0.50000021
v 0.21234316 -0.17152239 0.50000018
v 0.20585470 -0.17585786 0.50000018
v 0.20151925 -0.18234633 0.50000021
v 0.21999675 -0.17000020 0.32875574
v 0.19999675 -0.19000022 0.33000028
v 0.21999675 -0.17000014 0.33000022
v 0.21234310 -0.17152263 0.32923198
v 0.20585464 -0.17585810 0.32963574
v 0.20151918 -0.18234657 0.32990552
v -0.23999676 -0.17000005 0.33000022
v -0.24999675 -0.17000002 0.33000022
v -0.24004120 -0.20905897 0.38000041
v -0.23999679 -0.16687503 0.35187536
v -0.23999676 -0.15750000 0.36750036
v -0.24999678 -0.16687503 0.35187536
v -0.24999678 -0.15750000 0.36750036
v -0.24999684 -0.20999995 0.38000041
v -0.24999690 -0.20999989 0.49900025
v -0.24999684 -0.16999990 0.49900013
v -0.24999678 -0.16999999 0.39534789
v -0.24706793 -0.22535530 0.38000041
v -0.24706799 -0.22535518 0.49900025
v -0.23828113 -0.23828426 0.38000041
v -0.20905589 -0.24004439 0.38000041
v -0.22152536 -0.23783228 0.38000041
v -0.20905593 -0.24004433 0.49900025
v -0.22152542 -0.23783222 0.49900025
v -0.23121008 -0.23121318 0.38000041
v -0.23121011 -0.23121312 0.49900025
v -0.23782921 -0.22152841 0.49900025
v -0.23782915 -0.22152850 0.38000041
v -0.24004126 -0.20905891 0.49900025
v -0.23999685 -0.16999993 0.49900013
v -0.23999679 -0.16999999 0.39534789
v -0.23999667 0.00000000 0.49900025
v -0.23999661 0.00000000 0.38000029
v -0.24999666 0.00000000 0.49900025
v -0.24999663 0.00000000 0.38000029
v -0.24999672 -0.11999994 0.38000029
v -0.23999673 -0.11999994 0.38000029
v -0.23999676 -0.14187500 0.37687534
v -0.24999678 -0.14187494 0.37687534
v -0.23828119 -0.23828420 0.49900025
v -0.22535230 -0.24707094 0.49900049
v -0.22535224 -0.24707106 0.38000041
v -0.20999691 -0.25000003 0.38000041
v -0.19999690 -0.25000003 0.38000041
v -0.19999689 -0.24000004 0.38000041
v -0.19999695 -0.23999998 0.49900025
v -0.19999696 -0.24999997 0.49900049
v -0.20999695 -0.24999997 0.49900049
v -0.23999679 -0.17000005 0.40000015
v -0.23999691 -0.25000003 0.40000039
v -0.24706799 -0.25000003 0.40292925
v -0.24706787 -0.17000005 0.40292913
v -0.24900013 -0.17000005 0.41000015
v -0.24900025 -0.25000003 0.41000038
v -0.19999690 -0.25000015 0.40000039
v -0.19999696 -0.24999997 0.50000030
v -0.24900031 -0.24999991 0.50000030
v -0.24900019 -0.16999990 0.50000018
v -0.23999679 -0.25000015 0.33000034
v -0.24706784 -0.17000017 0.32707125
v -0.24900010 -0.17000046 0.32000023
v -0.24706787 -0.25000015 0.32707161
v -0.24900013 -0.25000045 0.32000035
v -0.19999677 -0.25000021 0.33000046
v -0.19999683 -0.19000010 0.40000021
v -0.21999680 -0.17000008 0.40000015
v -0.20151924 -0.18234645 0.40000018
v -0.20585468 -0.17585798 0.40000017
v -0.21234314 -0.17152251 0.40000015
v -0.21999684 -0.16999996 0.50000018
v -0.19999687 -0.18999998 0.50000021
v -0.21234316 -0.17152239 0.50000018
v -0.20585470 -0.17585786 0.50000018
v -0.20151925 -0.18234633 0.50000021
v -0.21999675 -0.17000020 0.32875574
v -0.19999675 -0.19000022 0.33000028
v -0.21999675 -0.17000014 0.33000022
v -0.21234310 -0.17152263 0.32923198
v -0.20585464 -0.17585810 0.32963574
v -0.20151918 -0.18234657 0.32990552
v 0.23999676 0.17000005 0.33000022
v 0.24999675 0.17000002 0.33000022
v 0.24004120 0.20905897 0.38000041
v 0.23999679 0.16687503 0.35187536
v 0.23999676 0.15750000 0.36750036
v 0.24999678 0.16687503 0.35187536
v 0.24999678 0.15750000 0.36750036
v 0.24999684 0.20999995 0.38000041
v 0.24999690 0.20999989 0.49900025
v 0.24999684 0.16999990 0.49900013
v 0.24999678 0.16999999 0.39534789
v 0.24706793 0.22535530 0.38000041
v 0.24706799 0.22535518 0.49900025
v 0.23828113 0.23828426 0.38000041
v 0.20905589 0.24004439 0.38000041
v 0.22152536 0.23783228 0.38000041
v 0.20905593 0.24004433 0.49900025
v 0.22152542 0.23783222 0.49900025
v 0.23121008 0.23121318 0.38000041
v 0.23121011 0.23121312 0.49900025
v 0.23782921 0.22152841 0.49900025
v 0.23782915 0.22152850 0.38000041
v 0.24004126 0.20905891 0.49900025
v 0.23999685 0.16999993 0.49900013
v 0.23999679 0.16999999 0.39534789
v 0.24999672 0.11999994 0.38000029
v 0.23999673 0.11999994 0.38000029
v 0.23999676 0.14187500 0.37687534
v 0.24999678 0.14187494 0.37687534
v 0.23828119 0.23828420 0.49900025
v 0.22535230 0.24707094 0.49900049
v 0.22535224 0.24707106 0.38000041
v 0.20999691 0.25000003 0.38000041
v 0.19999690 0.25000003 0.38000041
v 0.19999689 0.24000004 0.38000041
v 0.19999695 0.23999998 0.49900025
v 0.19999696 0.24999997 0.49900049
v 0.20999695 0.24999997 0.49900049
v 0.23999679 0.17000005 0.40000015
v 0.23999691 0.25000003 0.40000039
v 0.24706799 0.25000003 0.40292925
v 0.24706787 0.17000005 0.40292913
v 0.24900013 0.17000005 0.41000015
v 0.24900025 0.25000003 0.41000038
v 0.19999690 0.25000015 0.40000039
v 0.19999696 0.24999997 0.50000030
v 0.24900031 0.24999991 0.50000030
v 0.24900019 0.16999990 0.50000018
v 0.23999679 0.25000015 0.33000034
v 0.24706784 0.17000017 0.32707125
v 0.24900010 0.17000046 0.32000023
v 0.24706787 0.25000015 0.32707161
v 0.24900013 0.25000045 0.32000035
v 0.19999677 0.25000021 0.33000046
v 0.19999683 0.19000010 0.40000021
v 0.21999680 0.17000008 0.40000015
v 0.20151924 0.18234645 0.40000018
v 0.20585468 0.17585798 0.40000017
v 0.21234314 0.17152251 0.40000015
v 0.21999684 0.16999996 0.50000018
v 0.19999687 0.18999998 0.50000021
v 0.21234316 0.17152239 0.50000018
v 0.20585470 0.17585786 0.50000018
v 0.20151925 0.18234633 0.50000021
v 0.21999675 0.17000020 0.32875574
v 0.19999675 0.19000022 0.33000028
v 0.21999675 0.17000014 0.33000022
v 0.21234310 0.17152263 0.32923198
v 0.20585464 0.17585810 0.32963574
v 0.20151918 0.18234657 0.32990552
v -0.23999676 0.17000005 0.33000022
v -0.24999675 0.17000002 0.33000022
v -0.24004120 0.20905897 0.38000041
v -0.23999679 0.16687503 0.35187536
v -0.23999676 0.15750000 0.36750036
v -0.24999678 0.16687503 0.35187536
v -0.24999678 0.15750000 0.36750036
v -0.24999684 0.20999995 0.38000041
v -0.24999690 0.20999989 0.49900025
v -0.24999684 0.16999990 0.49900013
v -0.24999678 0.16999999 0.39534789
v -0.24706793 0.22535530 0.38000041
v -0.24706799 0.22535518 0.49900025
v -0.23828113 0.23828426 0.38000041
v -0.20905589 0.24004439 0.38000041
v -0.22152536 0.23783228 0.38000041
v -0.20905593 0.24004433 0.49900025
v -0.22152542 0.23783222 0.49900025
v -0.23121008 0.23121318 0.38000041
v -0.23121011 0.23121312 0.49900025
v -0.23782921 0.22152841 0.49900025
v -0.23782915 0.22152850 0.38000041
v -0.24004126 0.20905891 0.49900025
v -0.23999685 0.16999993 0.49900013
v -0.23999679 0.16999999 0.39534789
v -0.24999672 0.11999994 0.38000029
v -0.23999673 0.11999994 0.38000029
v -0.23999676 0.14187500 0.37687534
v -0.24999678 0.14187494 0.37687534
v -0.23828119 0.23828420 0.49900025
v -0.22535230 0.24707094 0.49900049
v -0.22535224 0.24707106 0.38000041
v -0.20999691 0.25000003 0.38000041
v -0.19999690 0.25000003 0.38000041
v -0.19999689 0.24000004 0.38000041
v -0.19999695 0.23999998 0.49900025
v -0.19999696 0.24999997 0.49900049
v -0.20999695 0.24999997 0.49900049
v -0.23999679 0.17000005 0.40000015
v -0.23999691 0.25000003 0.40000039
v -0.24706799 0.25000003 0.40292925
v -0.24706787 0.17000005 0.40292913
v -0.24900013 0.17000005 0.41000015
v -0.24900025 0.25000003 0.41000038
v -0.19999690 0.25000015 0.40000039
v -0.19999696 0.24999997 0.50000030
v -0.24900031 0.24999991 0.50000030
v -0.24900019 0.16999990 0.50000018
v -0.23999679 0.25000015 0.33000034
v -0.24706784 0.17000017 0.32707125
v -0.24900010 0.17000046 0.32000023
v -0.24706787 0.25000015 0.32707161
v -0.24900013 0.25000045 0.32000035
v -0.19999677 0.25000021 0.33000046
v -0.19999683 0.19000010 0.40000021
v -0.21999680 0.17000008 0.40000015
v -0.20151924 0.18234645 0.40000018
v -0.20585468 0.17585798 0.40000017
v -0.21234314 0.17152251 0.40000015
v -0.21999684 0.16999996 0.50000018
v -0.19999687 0.18999998 0.50000021
v -0.21234316 0.17152239 0.50000018
v -0.20585470 0.17585786 0.50000018
v -0.20151925 0.18234633 0.50000021
v -0.21999675 0.17000020 0.32875574
v -0.19999675 0.19000022 0.33000028
v -0.21999675 0.17000014 0.33000022
v -0.21234310 0.17152263 0.32923198
v -0.20585464 0.17585810 0.32963574
v -0.20151918 0.18234657 0.32990552
vn 0.00000000 -0.09801710 -0.99518473
vn -1.00000000 0.00000000 0.00000000
vn 0.00000000 -0.99518469 -0.09801753
vn -1.00000000 0.00000000 0.00000000
vn 0.00000000 -0.38268352 -0.92387950
vn -1.00000000 0.00000000 0.00000000
vn 0.00000000 -0.55557046 -0.83146946
vn 0.00000000 -0.83146946 -0.55557046
vn -1.00000000 0.00000000 0.00000000
vn 0.00000000 -0.92387933 -0.38268392
vn -1.00000000 0.00000000 0.00000000
vn -0.00000001 -0.99518468 0.09801758
vn -1.00000000 0.00000000 0.00000000
vn 0.00000000 -0.09801747 0.99518469
vn -1.00000000 0.00000000 0.00000000
vn -0.00000002 -0.92387935 0.38268387
vn -1.00000000 0.00000000 0.00000000
vn -0.00000003 -0.83146958 0.55557028
vn -0.00000002 -0.55557018 0.83146965
vn -1.00000000 0.00000000 0.00000000
vn -0.00000001 -0.38268371 0.92387942
vn -1.00000000 0.00000000 0.00000000
vn -0.68569637 0.72438268 -0.07134574
vn 0.00000000 0.09801710 -0.99518473
vn -1.00000000 0.00000000 0.00000000
vn 0.00000000 0.92387934 -0.38268390
vn -1.00000000 0.00000000 0.00000000
vn 0.00000000 0.55557046 -0.83146946
vn 0.00000000 0.83146946 -0.55557046
vn -1.00000000 0.00000000 0.00000000
vn 0.00000000 0.38268352 -0.92387950
vn -1.00000000 0.00000000 0.00000000
vn 0.00000001 0.09801730 0.99518471
vn -1.00000000 0.00000000 0.00000000
vn -0.68569637 0.72438268 0.07134576
vn 0.00000004 0.38268341 0.92387954
vn -1.00000000 0.00000000 0.00000000
vn 0.00000003 0.83146958 0.55557028
vn 0.00000004 0.55556993 0.83146981
vn -1.00000000 0.00000000 0.00000000
vn 0.00000002 0.92387937 0.38268383
vn -1.00000000 0.00000000 0.00000000
vn 0.68569637 -0.72438268 -0.07134574
vn 0.68569646 -0.07134543 -0.72438263
vn 0.00000000 -0.92387934 -0.38268390
vn 1.00000000 0.00000000 0.00000000
vn 0.00000000 -0.70710678 -0.70710678
vn 1.00000000 0.00000000 0.00000000
vn 0.00000000 -0.38268352 -0.92387950
vn 1.00000000 0.00000000 0.00000000
vn 0.68569642 -0.07134558 0.72438266
vn 0.68569637 -0.72438268 0.07134576
vn -0.00000004 -0.38268341 0.92387954
vn 1.00000000 0.00000000 0.00000000
vn -0.00000004 -0.70710663 0.70710693
vn 1.00000000 0.00000000 0.00000000
vn -0.00000002 -0.92387937 0.38268383
vn 1.00000000 0.00000000 0.00000000
vn 0.68569646 0.07134543 -0.72438263
vn 0.68569637 0.72438268 -0.07134576
vn 0.00000000 0.38268352 -0.92387950
vn 1.00000000 0.00000000 0.00000000
vn 0.00000000 0.70710678 -0.70710678
vn 1.00000000 0.00000000 0.00000000
vn -0.00000000 0.92387933 -0.38268392
vn 1.00000000 0.00000000 0.00000000
vn 0.68569636 0.72438269 0.07134579
vn 0.68569638 0.07134571 0.72438268
vn 0.00000002 0.92387935 0.38268387
vn 1.00000000 0.00000000 0.00000000
vn 0.00000003 0.70710674 0.70710682
vn 1.00000000 0.00000000 0.00000000
vn 0.00000001 0.38268371 0.92387942
vn 1.00000000 0.00000000 0.00000000
vn 0.68569539 -0.72788861 -0.00000205
vn 0.68570790 -0.71389107 0.14200076
vn 0.68570234 -0.67247528 0.27854855
vn 0.68569217 -0.51469603 0.51469821
vn 0.68569539 -0.00000036 0.72788861
vn 0.68569634 0.72788772 -0.00000013
vn 0.68569985 -0.00000070 -0.72788441
vn 0.68569771 -0.51469567 -0.51469118
vn 0.68569434 -0.67248334 -0.27854880
vn 0.68569708 -0.71390036 -0.14200633
vn -0.68568481 -0.71391106 0.14201177
vn -0.68569928 -0.72788495 0.00000413
vn -0.68569525 -0.71390240 -0.14200489
vn -0.68569600 -0.67247991 0.27855298
vn -0.68569736 -0.67247881 -0.27855231
vn 0.68568487 -0.60522840 -0.40439440
vn -0.68570744 -0.60520627 -0.40438926
vn -0.68569075 -0.51469639 -0.51469974
vn -0.68570032 -0.27855251 -0.67247570
vn -0.68570029 0.27855081 -0.67247644
vn -0.68569864 0.67247884 0.27854908
vn -0.68569758 -0.27854497 0.67248162
vn 0.68568957 -0.27855451 0.67248583
vn 0.68570690 -0.40439043 0.60520610
vn -0.68568915 -0.40439170 0.60522537
vn -0.68570875 -0.14200248 0.71388991
vn -0.68569940 -0.51469608 0.51468852
vn -0.68569152 0.00000128 0.72789226
vn -0.68569142 0.27854537 0.67248773
vn 0.68569604 0.27854616 0.67248269
vn 0.68570011 0.14199797 0.71389911
vn -0.68569991 0.14199799 0.71389929
vn -0.68570972 0.40438128 0.60520902
vn -0.68569593 0.51469079 0.51469844
vn 0.68569581 0.51469767 0.51469171
vn 0.68568601 0.40440230 0.60522184
vn -0.68568977 0.60522418 0.40439243
vn 0.68570418 0.60521034 0.40438870
vn 0.68569466 0.67248171 0.27855192
vn 0.68570259 0.71389656 0.14199881
vn -0.68568885 0.71390846 0.14200532
vn -0.68569944 0.72788480 -0.00000163
vn -0.68569594 0.71390217 -0.14200272
vn -0.68569776 0.67247900 -0.27855085
vn 0.68569149 0.67248465 -0.27855265
vn 0.68569553 0.71390197 -0.14200569
vn -0.68570693 0.60520462 -0.40439259
vn -0.68568918 0.51469757 -0.51470065
vn 0.68569870 0.51469751 -0.51468803
vn 0.68568589 0.60522855 -0.40439247
vn -0.68568301 0.40439772 -0.60522829
vn 0.68570696 0.40438866 -0.60520721
vn 0.68569331 0.27855171 -0.67248318
vn 0.68569463 0.14199892 -0.71390418
vn -0.68569545 0.14201475 -0.71390025
vn -0.68569305 0.00000046 -0.72789082
vn -0.68570100 -0.14201276 -0.71389531
vn 0.68568901 -0.14200131 -0.71390911
vn 0.68569159 -0.27855356 -0.67248417
vn 0.68571907 -0.40438205 -0.60519792
vn -0.68567314 -0.40440232 -0.60523641
vn 0.68568899 -0.14200129 0.71390913
vn 0.68570912 -0.60520807 0.40438372
vn -0.68568636 -0.60522806 0.40439240
vn 0.68569730 -0.72788681 -0.00000016
vn 0.68570189 -0.71389670 0.14200149
vn 0.68570444 -0.67247373 0.27854712
vn 0.68569434 -0.51469070 0.51470065
vn 0.68569489 -0.00000002 0.72788908
vn 0.68569587 0.72788816 -0.00000249
vn 0.68569390 0.00000059 -0.72789002
vn 0.68569852 -0.51469027 -0.51469550
vn 0.68569784 -0.67248072 -0.27854650
vn 0.68569690 -0.71390162 -0.14200086
vn -0.68569019 -0.71390831 0.14199961
vn -0.68569956 -0.72788469 -0.00000213
vn -0.68569712 -0.71390190 -0.14199835
vn -0.68569404 -0.67248295 0.27855048
vn -0.68569460 -0.67248312 -0.27854868
vn 0.68568886 -0.60522052 -0.40439945
vn -0.68570189 -0.60521020 -0.40439279
vn -0.68569674 -0.51469527 -0.51469287
vn -0.68570270 -0.27855136 -0.67247375
vn -0.68569618 0.27855110 -0.67248051
vn -0.68569536 0.67248132 0.27855115
vn -0.68569656 -0.27855036 0.67248043
vn 0.68569909 -0.27855253 0.67247695
vn 0.68568695 -0.40439761 0.60522391
vn -0.68570470 -0.40439462 0.60520580
vn -0.68569454 -0.14199906 0.71390424
vn -0.68570865 -0.51469200 0.51468028
vn -0.68570080 0.00000090 0.72788351
vn -0.68569491 0.27855201 0.67248143
vn 0.68569717 0.27855261 0.67247887
vn 0.68570558 0.14199649 0.71389415
vn -0.68568926 0.14200085 0.71390896
vn -0.68571377 0.40438290 0.60520335
vn -0.68570386 0.51468850 0.51469017
vn 0.68569457 0.51468918 0.51470186
vn 0.68568429 0.40440404 0.60522263
vn -0.68568533 0.60522465 0.40439924
vn 0.68570522 0.60521042 0.40438681
vn 0.68570475 0.67247474 0.27854394
vn 0.68570686 0.71389188 0.14200169
vn -0.68568582 0.71391111 0.14200663
vn -0.68569937 0.72788487 0.00000240
vn -0.68569694 0.71390158 -0.14200086
vn -0.68569738 0.67248050 -0.27854815
vn 0.68569177 0.67248423 -0.27855298
vn 0.68569752 0.71390061 -0.14200292
vn -0.68570696 0.60520567 -0.40439098
vn -0.68569489 0.51469381 -0.51469680
vn 0.68569752 0.51469699 -0.51469013
vn 0.68568710 0.60522419 -0.40439693
vn -0.68569629 0.40439476 -0.60521523
vn 0.68569419 0.40439027 -0.60522061
vn 0.68570317 0.27854858 -0.67247443
vn 0.68570651 0.14201099 -0.71389037
vn -0.68568374 0.14200262 -0.71391390
vn -0.68570268 0.00000157 -0.72788174
vn -0.68569239 -0.14200763 -0.71390460
vn 0.68569451 -0.14201643 -0.71390082
vn 0.68569799 -0.27855215 -0.67247823
vn 0.68570549 -0.40438269 -0.60521288
vn -0.68568257 -0.40439912 -0.60522786
vn 0.68569747 -0.14200711 0.71389983
vn 0.68570634 -0.60520632 0.40439106
vn -0.68568479 -0.60522525 0.40439927
vn -0.99619897 0.08710693 0.00000000
vn 0.70710815 0.70710542 0.00000000
vn -0.70750857 0.70670477 -0.00000000
vn -0.38124172 0.83444842 -0.39793290
vn 0.72341393 0.68867750 0.04894468
vn -0.99619498 0.08715257 0.00000987
vn -0.75483338 0.61810585 0.21948058
vn -0.76613415 0.45426815 0.45461953
vn 0.75449286 0.61848353 0.21958745
vn 0.76598601 0.45456818 0.45456924
vn 0.99556286 -0.09409888 0.00000026
vn 0.72387747 -0.06841890 -0.68652769
vn 0.70710734 0.00000172 -0.70710622
vn 1.00000000 0.00000127 0.00000004
vn 0.99556282 -0.09409926 0.00000000
vn 0.92388003 -0.38268223 -0.00000035
vn 0.69066633 -0.28608177 -0.66418163
vn 0.70710779 -0.70710577 -0.00000093
vn 0.92387977 -0.38268287 0.00000000
vn 0.70710621 -0.70710736 0.00000000
vn 0.38268518 -0.92387881 -0.00000000
vn -0.37792933 0.92583445 0.00000000
vn -0.08523571 0.99636081 -0.00000000
vn -0.70537141 0.70883790 0.00000000
vn -0.08523636 0.99636076 0.00000187
vn -0.37792703 0.92583539 0.00000152
vn -0.05844024 0.68313030 -0.72795448
vn -0.24665336 0.60424372 -0.75766196
vn -0.70710683 0.70710673 0.00000086
vn -0.46677250 0.46677829 -0.75116008
vn -0.60423419 0.24664730 -0.75767153
vn -0.92583653 0.37792423 0.00000023
vn -0.70710530 0.70710826 0.00000000
vn -0.92583596 0.37792563 -0.00000000
vn -0.68348058 0.05976364 -0.72751811
vn -0.70723467 -0.00040160 -0.70697876
vn -0.99999981 -0.00060145 0.00011109
vn -0.70710667 0.00000000 -0.70710689
vn -0.70710718 -0.00000000 0.70710638
vn 0.70710653 -0.00000000 -0.70710703
vn 0.70710652 0.00000000 0.70710704
vn 0.72341571 0.04894281 0.68867576
vn -0.72341618 0.04894112 0.68867539
vn -0.75449331 0.21958488 0.61848390
vn 0.75449289 0.21958647 0.61848384
vn 0.52667208 -0.52666462 -0.66726374
vn 0.28608359 -0.69065684 -0.66419072
vn 0.38268542 -0.92387871 -0.00000153
vn 0.09410170 -0.99556259 -0.00000190
vn 0.09410310 -0.99556246 0.00000000
vn -0.70710610 -0.70710747 -0.00000000
vn -0.70710654 -0.70710702 -0.00000173
vn -0.70537418 0.70883515 0.00000082
vn -0.57606507 0.57889645 -0.57708572
vn -0.57734840 -0.57734426 -0.57735814
vn 0.06842231 -0.72386993 -0.68653529
vn 0.14557755 0.66571918 0.73186416
vn 0.14557447 -0.66571961 0.73186438
vn 0.58850649 -0.62017603 0.51869239
vn 0.58850736 0.62017711 0.51869011
vn 0.72820149 0.67836285 0.09770587
vn 0.72820053 -0.67836430 0.09770292
vn -0.57734950 -0.57735261 0.57734870
vn -0.57734926 -0.57735025 -0.57735130
vn 0.57735126 -0.57734865 -0.57735090
vn 0.57734953 0.57735205 -0.57734923
vn 0.14556553 -0.66571591 -0.73186953
vn 0.58850918 0.62017964 -0.51868502
vn 0.70710693 0.70710663 -0.00000000
vn 0.72825299 0.67830859 -0.09769871
vn 0.58850958 -0.62015442 -0.51871472
vn 0.72819210 -0.67837221 -0.09771080
vn 0.70710697 -0.70710659 -0.00000000
vn -0.57734917 -0.57734920 -0.57735244
vn -0.72438456 0.07134290 0.68569468
vn -0.07134728 0.72438230 0.68569661
vn -0.68940141 0.28555727 0.66571971
vn -0.52764861 0.52764551 0.66571552
vn -0.28556129 0.68939890 0.66572060
vn -0.07134736 0.72438295 -0.68569592
vn -0.72438502 0.07134438 -0.68569404
vn -0.28556090 0.68940190 -0.66571765
vn -0.52764725 0.52764756 -0.66571498
vn -0.68940187 0.28555889 -0.66571855
vn -0.09802127 0.99518432 0.00002570
vn -0.72399374 0.07294222 -0.68593913
vn -0.07812068 0.72308514 -0.68632721
vn -0.33724848 0.78684030 -0.51686150
vn -0.54272366 0.55797769 -0.62778334
vn -0.69241077 0.29488580 -0.65849046
vn -0.99518478 0.09801659 -0.00000000
vn -0.09801964 0.99518448 0.00000000
vn -0.92387988 0.38268259 -0.00000000
vn -0.70710799 0.70710557 0.00000000
vn -0.38268614 0.92387841 0.00000000
vn 0.99619897 0.08710693 -0.00000000
vn -0.70710815 0.70710542 -0.00000000
vn 0.70750857 0.70670477 0.00000000
vn 0.38124183 0.83444835 -0.39793294
vn -0.72341393 0.68867750 0.04894468
vn 0.99619498 0.08715257 0.00000987
vn 0.75483338 0.61810585 0.21948058
vn 0.76613415 0.45426815 0.45461953
vn -0.75449286 0.61848353 0.21958745
vn -0.76598601 0.45456818 0.45456924
vn -0.99556286 -0.09409888 0.00000026
vn -0.72387747 -0.06841890 -0.68652769
vn -0.70710734 0.00000172 -0.70710622
vn -1.00000000 0.00000127 0.00000004
vn -0.99556282 -0.09409926 -0.00000000
vn -0.92388003 -0.38268223 -0.00000035
vn -0.69066633 -0.28608177 -0.66418163
vn -0.70710779 -0.70710577 -0.00000093
vn -0.92387977 -0.38268287 0.00000000
vn -0.70710621 -0.70710736 -0.00000000
vn -0.38268518 -0.92387881 0.00000000
vn 0.37792933 0.92583445 -0.00000000
vn 0.08523571 0.99636081 0.00000000
vn 0.70537141 0.70883790 -0.00000000
vn 0.08523636 0.99636076 0.00000187
vn 0.37792703 0.92583539 0.00000152
vn 0.05844024 0.68313030 -0.72795448
vn 0.24665336 0.60424372 -0.75766196
vn 0.70710683 0.70710673 0.00000086
vn 0.46677250 0.46677829 -0.75116008
vn 0.60423419 0.24664730 -0.75767153
vn 0.92583653 0.37792423 0.00000023
vn 0.70710530 0.70710826 -0.00000000
vn 0.92583596 0.37792563 0.00000000
vn 0.68348058 0.05976364 -0.72751811
vn 0.70723467 -0.00040160 -0.70697876
vn 0.99999981 -0.00060145 0.00011109
vn 0.70710667 -0.00000000 -0.70710689
vn 0.70710718 0.00000000 0.70710638
vn -0.70710653 0.00000000 -0.70710703
vn -0.70710652 -0.00000000 0.70710704
vn -0.72341571 0.04894281 0.68867576
vn 0.72341618 0.04894112 0.68867539
vn 0.75449331 0.21958488 0.61848390
vn -0.75449289 0.21958647 0.61848384
vn -0.52667208 -0.52666462 -0.66726374
vn -0.28608359 -0.69065684 -0.66419072
vn -0.38268542 -0.92387871 -0.00000153
vn -0.09410170 -0.99556259 -0.00000190
vn -0.09410310 -0.99556246 0.00000000
vn 0.70710610 -0.70710747 0.00000000
vn 0.70710654 -0.70710702 -0.00000173
vn 0.70537418 0.70883515 0.00000082
vn 0.57606507 0.57889645 -0.57708572
vn 0.57734840 -0.57734426 -0.57735814
vn -0.06842231 -0.72386993 -0.68653529
vn -0.14557756 0.66571919 0.73186415
vn -0.14557447 -0.66571961 0.73186438
vn -0.58850649 -0.62017603 0.51869239
vn -0.58850736 0.62017711 0.51869011
vn -0.72820149 0.67836285 0.09770587
vn -0.72820053 -0.67836430 0.09770292
vn 0.57734950 -0.57735261 0.57734870
vn 0.57734926 -0.57735024 -0.57735131
vn -0.57735126 -0.57734865 -0.57735090
vn -0.57734948 0.57735205 -0.57734927
vn -0.14556525 -0.66571574 -0.73186973
vn -0.58850918 0.62017964 -0.51868502
vn -0.70710693 0.70710663 0.00000000
vn -0.72825299 0.67830859 -0.09769871
vn -0.58850958 -0.62015442 -0.51871472
vn -0.72819210 -0.67837221 -0.09771080
vn -0.70710697 -0.70710659 0.00000000
vn 0.57734903 -0.57734897 -0.57735281
vn 0.72438456 0.07134290 0.68569468
vn 0.07134728 0.72438230 0.68569661
vn 0.68940145 0.28555728 0.66571967
vn 0.52764861 0.52764551 0.66571552
vn 0.28556130 0.68939894 0.66572055
vn 0.07134736 0.72438295 -0.68569592
vn 0.72438502 0.07134438 -0.68569404
vn 0.28556082 0.68940153 -0.66571808
vn 0.52764725 0.52764756 -0.66571498
vn 0.68940153 0.28555884 -0.66571892
vn 0.09802127 0.99518432 0.00002570
vn 0.72399345 0.07294176 -0.68593949
vn 0.07812068 0.72308514 -0.68632721
vn 0.33724848 0.78684030 -0.51686150
vn 0.54272366 0.55797769 -0.62778334
vn 0.69241077 0.29488580 -0.65849046
vn 0.99518478 0.09801659 0.00000000
vn 0.09801964 0.99518448 0.00000000
vn 0.92387988 0.38268259 0.00000000
vn 0.70710799 0.70710557 0.00000000
vn 0.38268614 0.92387841 0.00000000
vn -0.99619897 -0.08710693 -0.00000000
vn 0.70710815 -0.70710542 -0.00000000
vn -0.70750857 -0.70670477 0.00000000
vn -0.38124183 -0.83444835 -0.39793294
vn 0.72341393 -0.68867750 0.04894468
vn -0.99619498 -0.08715257 0.00000987
vn -0.75483338 -0.61810585 0.21948058
vn -0.76613415 -0.45426815 0.45461953
vn 0.75449286 -0.61848353 0.21958745
vn 0.76598601 -0.45456818 0.45456924
vn 0.99556286 0.09409888 0.00000026
vn 0.72387747 0.06841890 -0.68652769
vn 0.70710734 -0.00000172 -0.70710622
vn 1.00000000 -0.00000127 0.00000004
vn 0.99556282 0.09409926 -0.00000000
vn 0.92388003 0.38268223 -0.00000035
vn 0.69066633 0.28608177 -0.66418163
vn 0.70710779 0.70710577 -0.00000093
vn 0.92387977 0.38268287 0.00000000
vn 0.70710621 0.70710736 -0.00000000
vn 0.38268518 0.92387881 0.00000000
vn -0.37792933 -0.92583445 -0.00000000
vn -0.08523571 -0.99636081 0.00000000
vn -0.70537141 -0.70883790 -0.00000000
vn -0.08523636 -0.99636076 0.00000187
vn -0.37792703 -0.92583539 0.00000152
vn -0.05844024 -0.68313030 -0.72795448
vn -0.24665336 -0.60424372 -0.75766196
vn -0.70710683 -0.70710673 0.00000086
vn -0.46677250 -0.46677829 -0.75116008
vn -0.60423419 -0.24664730 -0.75767153
vn -0.92583653 -0.37792423 0.00000023
vn -0.70710530 -0.70710826 -0.00000000
vn -0.92583596 -0.37792563 0.00000000
vn -0.68348058 -0.05976364 -0.72751811
vn -0.70723467 0.00040160 -0.70697876
vn -0.99999981 0.00060145 0.00011109
vn 0.72341571 -0.04894281 0.68867576
vn -0.72341618 -0.04894112 0.68867539
vn -0.75449331 -0.21958488 0.61848390
vn 0.75449289 -0.21958647 0.61848384
vn 0.52667208 0.52666462 -0.66726374
vn 0.28608359 0.69065684 -0.66419072
vn 0.38268542 0.92387871 -0.00000153
vn 0.09410170 0.99556259 -0.00000190
vn 0.09410310 0.99556246 0.00000000
vn -0.70710610 0.70710747 0.00000000
vn -0.70710654 0.70710702 -0.00000173
vn -0.70537418 -0.70883515 0.00000082
vn -0.57606507 -0.57889645 -0.57708572
vn -0.57734840 0.57734426 -0.57735814
vn 0.06842231 0.72386993 -0.68653529
vn 0.14557756 -0.66571919 0.73186415
vn 0.14557447 0.66571961 0.73186438
vn 0.58850649 0.62017603 0.51869239
vn 0.58850736 -0.62017711 0.51869011
vn 0.72820149 -0.67836285 0.09770587
vn 0.72820053 0.67836430 0.09770292
vn -0.57734950 0.57735261 0.57734870
vn -0.57734926 0.57735024 -0.57735131
vn 0.57735126 0.57734865 -0.57735090
vn 0.57734948 -0.57735205 -0.57734927
vn 0.14556525 0.66571574 -0.73186973
vn 0.58850918 -0.62017964 -0.51868502
vn 0.70710693 -0.70710663 0.00000000
vn 0.72825299 -0.67830859 -0.09769871
vn 0.58850958 0.62015442 -0.51871472
vn 0.72819210 0.67837221 -0.09771080
vn 0.70710697 0.70710659 0.00000000
vn -0.57734903 0.57734897 -0.57735281
vn -0.72438456 -0.07134290 0.68569468
vn -0.07134728 -0.72438230 0.68569661
vn -0.68940145 -0.28555728 0.66571967
vn -0.52764861 -0.52764551 0.66571552
vn -0.28556130 -0.68939894 0.66572055
vn -0.07134736 -0.72438295 -0.68569592
vn -0.72438502 -0.07134438 -0.68569404
vn -0.28556082 -0.68940153 -0.66571808
vn -0.52764725 -0.52764756 -0.66571498
vn -0.68940153 -0.28555884 -0.66571892
vn -0.09802127 -0.99518432 0.00002570
vn -0.72399345 -0.07294176 -0.68593949
vn -0.07812068 -0.72308514 -0.68632721
vn -0.33724848 -0.78684030 -0.51686150
vn -0.54272366 -0.55797769 -0.62778334
vn -0.69241077 -0.29488580 -0.65849046
vn -0.99518478 -0.09801659 0.00000000
vn -0.09801964 -0.99518448 0.00000000
vn -0.92387988 -0.38268259 0.00000000
vn -0.70710799 -0.70710557 0.00000000
vn -0.38268614 -0.92387841 0.00000000
vn 0.99619897 -0.08710693 0.00000000
vn -0.70710815 -0.70710542 0.00000000
vn 0.70750857 -0.70670477 -0.00000000
vn 0.38124172 -0.83444842 -0.39793290
vn -0.72341393 -0.68867750 0.04894468
vn 0.99619498 -0.08715257 0.00000987
vn 0.75483338 -0.61810585 0.21948058
vn 0.76613415 -0.45426815 0.45461953
vn -0.75449286 -0.61848353 0.21958745
vn -0.76598601 -0.45456818 0.45456924
vn -0.99556286 0.09409888 0.00000026
vn -0.72387747 0.06841890 -0.68652769
vn -0.70710734 -0.00000172 -0.70710622
vn -1.00000000 -0.00000127 0.00000004
vn -0.99556282 0.09409926 0.00000000
vn -0.92388003 0.38268223 -0.00000035
vn -0.69066633 0.28608177 -0.66418163
vn -0.70710779 0.70710577 -0.00000093
vn -0.92387977 0.38268287 0.00000000
vn -0.70710621 0.70710736 0.00000000
vn -0.38268518 0.92387881 -0.00000000
vn 0.37792933 -0.92583445 0.00000000
vn 0.08523571 -0.99636081 -0.00000000
vn 0.70537141 -0.70883790 0.00000000
vn 0.08523636 -0.99636076 0.00000187
vn 0.37792703 -0.92583539 0.00000152
vn 0.05844024 -0.68313030 -0.72795448
vn 0.24665336 -0.60424372 -0.75766196
vn 0.70710683 -0.70710673 0.00000086
vn 0.46677250 -0.46677829 -0.75116008
vn 0.60423419 -0.24664730 -0.75767153
vn 0.92583653 -0.37792423 0.00000023
vn 0.70710530 -0.70710826 0.00000000
vn 0.92583596 -0.37792563 -0.00000000
vn 0.68348058 -0.05976364 -0.72751811
vn 0.70723467 0.00040160 -0.70697876
vn 0.99999981 0.00060145 0.00011109
vn -0.72341571 -0.04894281 0.68867576
vn 0.72341618 -0.04894112 0.68867539
vn 0.75449331 -0.21958488 0.61848390
vn -0.75449289 -0.21958647 0.61848384
vn -0.52667208 0.52666462 -0.66726374
vn -0.28608359 0.69065684 -0.66419072
vn -0.38268542 0.92387871 -0.00000153
vn -0.09410170 0.99556259 -0.00000190
vn -0.09410310 0.99556246 0.00000000
vn 0.70710610 0.70710747 -0.00000000
vn 0.70710654 0.70710702 -0.00000173
vn 0.70537418 -0.70883515 0.00000082
vn 0.57606507 -0.57889645 -0.57708572
vn 0.57734840 0.57734426 -0.57735814
vn -0.06842231 0.72386993 -0.68653529
vn -0.14557755 -0.66571918 0.73186416
vn -0.14557447 0.66571961 0.73186438
vn -0.58850649 0.62017603 0.51869239
vn -0.58850736 -0.62017711 0.51869011
vn -0.72820149 -0.67836285 0.09770587
vn -0.72820053 0.67836430 0.09770292
vn 0.57734950 0.57735261 0.57734870
vn 0.57734926 0.57735025 -0.57735130
vn -0.57735126 0.57734865 -0.57735090
vn -0.57734953 -0.57735205 -0.57734923
vn -0.14556553 0.66571591 -0.73186953
vn -0.58850918 -0.62017964 -0.51868502
vn -0.70710693 -0.70710663 -0.00000000
vn -0.72825299 -0.67830859 -0.09769871
vn -0.58850958 0.62015442 -0.51871472
vn -0.72819210 0.67837221 -0.09771080
vn -0.70710697 0.70710659 -0.00000000
vn 0.57734917 0.57734920 -0.57735244
vn 0.72438456 -0.07134290 0.68569468
vn 0.07134728 -0.72438230 0.68569661
vn 0.68940141 -0.28555727 0.66571971
vn 0.52764861 -0.52764551 0.66571552
vn 0.28556129 -0.68939890 0.66572060
vn 0.07134736 -0.72438295 -0.68569592
vn 0.72438502 -0.07134438 -0.68569404
vn 0.28556090 -0.68940190 -0.66571765
vn 0.52764725 -0.52764756 -0.66571498
vn 0.68940187 -0.28555889 -0.66571855
vn 0.09802127 -0.99518432 0.00002570
vn 0.72399374 -0.07294222 -0.68593913
vn 0.07812068 -0.72308514 -0.68632721
vn 0.33724848 -0.78684030 -0.51686150
vn 0.54272366 -0.55797769 -0.62778334
vn 0.69241077 -0.29488580 -0.65849046
vn 0.99518478 -0.09801659 -0.00000000
vn 0.09801964 -0.99518448 0.00000000
vn 0.92387988 -0.38268259 -0.00000000
vn 0.70710799 -0.70710557 0.00000000
vn 0.38268614 -0.92387841 0.00000000
vn -0.38124183 0.83444835 0.39793294
vn 0.72341393 0.68867750 -0.04894468
vn -0.99619498 0.08715257 -0.00000987
vn -0.75483338 0.61810585 -0.21948058
vn -0.76613415 0.45426815 -0.45461953
vn 0.75449286 0.61848353 -0.21958745
vn 0.76598601 0.45456818 -0.45456924
vn 0.99556286 -0.09409888 -0.00000026
vn 0.72387747 -0.06841890 0.68652769
vn 0.70710734 0.00000172 0.70710622
vn 1.00000000 0.00000127 -0.00000004
vn 0.92388003 -0.38268223 0.00000035
vn 0.69066633 -0.28608177 0.66418163
vn 0.70710779 -0.70710577 0.00000093
vn -0.08523636 0.99636076 -0.00000187
vn -0.37792703 0.92583539 -0.00000152
vn -0.05844024 0.68313030 0.72795448
vn -0.24665336 0.60424372 0.75766196
vn -0.70710683 0.70710673 -0.00000086
vn -0.46677250 0.46677829 0.75116008
vn -0.60423419 0.24664730 0.75767153
vn -0.92583653 0.37792423 -0.00000023
vn -0.68348058 0.05976364 0.72751811
vn -0.70723467 -0.00040160 0.70697876
vn -0.99999981 -0.00060145 -0.00011109
vn -0.70710667 -0.00000000 0.70710689
vn -0.70710718 0.00000000 -0.70710638
vn 0.70710653 0.00000000 0.70710703
vn 0.70710652 -0.00000000 -0.70710704
vn 0.72341571 0.04894281 -0.68867576
vn -0.72341618 0.04894112 -0.68867539
vn -0.75449331 0.21958488 -0.61848390
vn 0.75449289 0.21958647 -0.61848384
vn 0.52667208 -0.52666462 0.66726374
vn 0.28608359 -0.69065684 0.66419072
vn 0.38268542 -0.92387871 0.00000153
vn 0.09410170 -0.99556259 0.00000190
vn -0.70710654 -0.70710702 0.00000173
vn -0.70537418 0.70883515 -0.00000082
vn -0.57606507 0.57889645 0.57708572
vn -0.57734840 -0.57734426 0.57735814
vn 0.06842231 -0.72386993 0.68653529
vn 0.14557756 0.66571919 -0.73186415
vn 0.14557447 -0.66571961 -0.73186438
vn 0.58850649 -0.62017603 -0.51869239
vn 0.58850736 0.62017711 -0.51869011
vn 0.72820149 0.67836285 -0.09770587
vn 0.72820053 -0.67836430 -0.09770292
vn -0.57734950 -0.57735261 -0.57734870
vn -0.57734926 -0.57735024 0.57735131
vn 0.57735126 -0.57734865 0.57735090
vn 0.57734948 0.57735205 0.57734927
vn 0.14556525 -0.66571574 0.73186973
vn 0.58850918 0.62017964 0.51868502
vn 0.72825299 0.67830859 0.09769871
vn 0.58850958 -0.62015442 0.51871472
vn 0.72819210 -0.67837221 0.09771080
vn -0.57734903 -0.57734897 0.57735281
vn -0.72438456 0.07134290 -0.68569468
vn -0.07134728 0.72438230 -0.68569661
vn -0.68940149 0.28555720 -0.66571966
vn -0.52764628 0.52764319 -0.66571921
vn -0.28556122 0.68939898 -0.66572054
vn -0.07134736 0.72438295 0.68569592
vn -0.72438502 0.07134438 0.68569404
vn -0.28556082 0.68940153 0.66571808
vn -0.52764725 0.52764756 0.66571498
vn -0.68940153 0.28555884 0.66571892
vn -0.09802127 0.99518432 -0.00002570
vn -0.72399345 0.07294176 0.68593949
vn -0.07812064 0.72308515 0.68632721
vn -0.33724809 0.78683926 0.51686334
vn -0.54272369 0.55797767 0.62778334
vn -0.69241077 0.29488580 0.65849046
vn 0.38124172 0.83444842 0.39793290
vn -0.72341393 0.68867750 -0.04894468
vn 0.99619498 0.08715257 -0.00000987
vn 0.75483338 0.61810585 -0.21948058
vn 0.76613415 0.45426815 -0.45461953
vn -0.75449286 0.61848353 -0.21958745
vn -0.76598601 0.45456818 -0.45456924
vn -0.99556286 -0.09409888 -0.00000026
vn -0.72387747 -0.06841890 0.68652769
vn -0.70710734 0.00000172 0.70710622
vn -1.00000000 0.00000127 -0.00000004
vn -0.92388003 -0.38268223 0.00000035
vn -0.69066633 -0.28608177 0.66418163
vn -0.70710779 -0.70710577 0.00000093
vn 0.08523636 0.99636076 -0.00000187
vn 0.37792703 0.92583539 -0.00000152
vn 0.05844024 0.68313030 0.72795448
vn 0.24665336 0.60424372 0.75766196
vn 0.70710683 0.70710673 -0.00000086
vn 0.46677250 0.46677829 0.75116008
vn 0.60423419 0.24664730 0.75767153
vn 0.92583653 0.37792423 -0.00000023
vn 0.68348058 0.05976364 0.72751811
vn 0.70723467 -0.00040160 0.70697876
vn 0.99999981 -0.00060145 -0.00011109
vn 0.70710667 0.00000000 0.70710689
vn 0.70710718 -0.00000000 -0.70710638
vn -0.70710653 -0.00000000 0.70710703
vn -0.70710652 0.00000000 -0.70710704
vn -0.72341571 0.04894281 -0.68867576
vn 0.72341618 0.04894112 -0.68867539
vn 0.75449331 0.21958488 -0.61848390
vn -0.75449289 0.21958647 -0.61848384
vn -0.52667208 -0.52666462 0.66726374
vn -0.28608359 -0.69065684 0.66419072
vn -0.38268542 -0.92387871 0.00000153
vn -0.09410170 -0.99556259 0.00000190
vn 0.70710654 -0.70710702 0.00000173
vn 0.70537418 0.70883515 -0.00000082
vn 0.57606507 0.57889645 0.57708572
vn 0.57734840 -0.57734426 0.57735814
vn -0.06842231 -0.72386993 0.68653529
vn -0.14557755 0.66571918 -0.73186416
vn -0.14557447 -0.66571961 -0.73186438
vn -0.58850649 -0.62017603 -0.51869239
vn -0.58850736 0.62017711 -0.51869011
vn -0.72820149 0.67836285 -0.09770587
vn -0.72820053 -0.67836430 -0.09770292
vn 0.57734950 -0.57735261 -0.57734870
vn 0.57734926 -0.57735025 0.57735130
vn -0.57735126 -0.57734865 0.57735090
vn -0.57734953 0.57735205 0.57734923
vn -0.14556553 -0.66571591 0.73186953
vn -0.58850918 0.62017964 0.51868502
vn -0.72825299 0.67830859 0.09769871
vn -0.58850958 -0.62015442 0.51871472
vn -0.72819210 -0.67837221 0.09771080
vn 0.57734917 -0.57734920 0.57735244
vn 0.72438456 0.07134290 -0.68569468
vn 0.07134728 0.72438230 -0.68569661
vn 0.68940146 0.28555719 -0.66571970
vn 0.52764628 0.52764319 -0.66571921
vn 0.28556121 0.68939894 -0.66572058
vn 0.07134736 0.72438295 0.68569592
vn 0.72438502 0.07134438 0.68569404
vn 0.28556090 0.68940190 0.66571765
vn 0.52764725 0.52764756 0.66571498
vn 0.68940187 0.28555889 0.66571855
vn 0.09802127 0.99518432 -0.00002570
vn 0.72399374 0.07294222 0.68593913
vn 0.07812064 0.72308515 0.68632721
vn 0.33724809 0.78683926 0.51686334
vn 0.54272369 0.55797767 0.62778334
vn 0.69241077 0.29488580 0.65849046
vn -0.38124172 -0.83444842 0.39793290
vn 0.72341393 -0.68867750 -0.04894468
vn -0.99619498 -0.08715257 -0.00000987
vn -0.75483338 -0.61810585 -0.21948058
vn -0.76613415 -0.45426815 -0.45461953
vn 0.75449286 -0.61848353 -0.21958745
vn 0.76598601 -0.45456818 -0.45456924
vn 0.99556286 0.09409888 -0.00000026
vn 0.72387747 0.06841890 0.68652769
vn 0.70710734 -0.00000172 0.70710622
vn 1.00000000 -0.00000127 -0.00000004
vn 0.92388003 0.38268223 0.00000035
vn 0.69066633 0.28608177 0.66418163
vn 0.70710779 0.70710577 0.00000093
vn -0.08523636 -0.99636076 -0.00000187
vn -0.37792703 -0.92583539 -0.00000152
vn -0.05844024 -0.68313030 0.72795448
vn -0.24665336 -0.60424372 0.75766196
vn -0.70710683 -0.70710673 -0.00000086
vn -0.46677250 -0.46677829 0.75116008
vn -0.60423419 -0.24664730 0.75767153
vn -0.92583653 -0.37792423 -0.00000023
vn -0.68348058 -0.05976364 0.72751811
vn -0.70723467 0.00040160 0.70697876
vn -0.99999981 0.00060145 -0.00011109
vn 0.72341571 -0.04894281 -0.68867576
vn -0.72341618 -0.04894112 -0.68867539
vn -0.75449331 -0.21958488 -0.61848390
vn 0.75449289 -0.21958647 -0.61848384
vn 0.52667208 0.52666462 0.66726374
vn 0.28608359 0.69065684 0.66419072
vn 0.38268542 0.92387871 0.00000153
vn 0.09410170 0.99556259 0.00000190
vn -0.70710654 0.70710702 0.00000173
vn -0.70537418 -0.70883515 -0.00000082
vn -0.57606507 -0.57889645 0.57708572
vn -0.57734840 0.57734426 0.57735814
vn 0.06842231 0.72386993 0.68653529
vn 0.14557755 -0.66571918 -0.73186416
vn 0.14557447 0.66571961 -0.73186438
vn 0.58850649 0.62017603 -0.51869239
vn 0.58850736 -0.62017711 -0.51869011
vn 0.72820149 -0.67836285 -0.09770587
vn 0.72820053 0.67836430 -0.09770292
vn -0.57734950 0.57735261 -0.57734870
vn -0.57734926 0.57735025 0.57735130
vn 0.57735126 0.57734865 0.57735090
vn 0.57734953 -0.57735205 0.57734923
vn 0.14556553 0.66571591 0.73186953
vn 0.58850918 -0.62017964 0.51868502
vn 0.72825299 -0.67830859 0.09769871
vn 0.58850958 0.62015442 0.51871472
vn 0.72819210 0.67837221 0.09771080
vn -0.57734917 0.57734920 0.57735244
vn -0.72438456 -0.07134290 -0.68569468
vn -0.07134728 -0.72438230 -0.68569661
vn -0.68940146 -0.28555719 -0.66571970
vn -0.52764628 -0.52764319 -0.66571921
vn -0.28556121 -0.68939894 -0.66572058
vn -0.07134736 -0.72438295 0.68569592
vn -0.72438502 -0.07134438 0.68569404
vn -0.28556090 -0.68940190 0.66571765
vn -0.52764725 -0.52764756 0.66571498
vn -0.68940187 -0.28555889 0.66571855
vn -0.09802127 -0.99518432 -0.00002570
vn -0.72399374 -0.07294222 0.68593913
vn -0.07812064 -0.72308515 0.68632721
vn -0.33724809 -0.78683926 0.51686334
vn -0.54272369 -0.55797767 0.62778334
vn -0.69241077 -0.29488580 0.65849046
vn 0.38124183 -0.83444835 0.39793294
vn -0.72341393 -0.68867750 -0.04894468
vn 0.99619498 -0.08715257 -0.00000987
vn 0.75483338 -0.61810585 -0.21948058
vn 0.76613415 -0.45426815 -0.45461953
vn -0.75449286 -0.61848353 -0.21958745
vn -0.76598601 -0.45456818 -0.45456924
vn -0.99556286 0.09409888 -0.00000026
vn -0.72387747 0.06841890 0.68652769
vn -0.70710734 -0.00000172 0.70710622
vn -1.00000000 -0.00000127 -0.00000004
vn -0.92388003 0.38268223 0.00000035
vn -0.69066633 0.28608177 0.66418163
vn -0.70710779 0.70710577 0.00000093
vn 0.08523636 -0.99636076 -0.00000187
vn 0.37792703 -0.92583539 -0.00000152
vn 0.05844024 -0.68313030 0.72795448
vn 0.24665336 -0.60424372 0.75766196
vn 0.70710683 -0.70710673 -0.00000086
vn 0.46677250 -0.46677829 0.75116008
vn 0.60423419 -0.24664730 0.75767153
vn 0.92583653 -0.37792423 -0.00000023
vn 0.68348058 -0.05976364 0.72751811
vn 0.70723467 0.00040160 0.70697876
vn 0.99999981 0.00060145 -0.00011109
vn -0.72341571 -0.04894281 -0.68867576
vn 0.72341618 -0.04894112 -0.68867539
vn 0.75449331 -0.21958488 -0.61848390
vn -0.75449289 -0.21958647 -0.61848384
vn -0.52667208 0.52666462 0.66726374
vn -0.28608359 0.69065684 0.66419072
vn -0.38268542 0.92387871 0.00000153
vn -0.09410170 0.99556259 0.00000190
vn 0.70710654 0.70710702 0.00000173
vn 0.70537418 -0.70883515 -0.00000082
vn 0.57606507 -0.57889645 0.57708572
vn 0.57734840 0.57734426 0.57735814
vn -0.06842231 0.72386993 0.68653529
vn -0.14557756 -0.66571919 -0.73186415
vn -0.14557447 0.66571961 -0.73186438
vn -0.58850649 0.62017603 -0.51869239
vn -0.58850736 -0.62017711 -0.51869011
vn -0.72820149 -0.67836285 -0.09770587
vn -0.72820053 0.67836430 -0.09770292
vn 0.57734950 0.57735261 -0.57734870
vn 0.57734926 0.57735024 0.57735131
vn -0.57735126 0.57734865 0.57735090
vn -0.57734948 -0.57735205 0.57734927
vn -0.14556525 0.66571574 0.73186973
vn -0.58850918 -0.62017964 0.51868502
vn -0.72825299 -0.67830859 0.09769871
vn -0.58850958 0.62015442 0.51871472
vn -0.72819210 0.67837221 0.09771080
vn 0.57734903 0.57734897 0.57735281
vn 0.72438456 -0.07134290 -0.68569468
vn 0.07134728 -0.72438230 -0.68569661
vn 0.68940149 -0.28555720 -0.66571966
vn 0.52764628 -0.52764319 -0.66571921
vn 0.28556122 -0.68939898 -0.66572054
vn 0.07134736 -0.72438295 0.68569592
vn 0.72438502 -0.07134438 0.68569404
vn 0.28556082 -0.68940153 0.66571808
vn 0.52764725 -0.52764756 0.66571498
vn 0.68940153 -0.28555884 0.66571892
vn 0.09802127 -0.99518432 -0.00002570
vn 0.72399345 -0.07294176 0.68593949
vn 0.07812064 -0.72308515 0.68632721
vn 0.33724809 -0.78683926 0.51686334
vn 0.54272369 -0.55797767 0.62778334
vn 0.69241077 -0.29488580 0.65849046
f 43//43 52//52 12//12
f 43//43 12//12 3//3
f 44//44 59//59 62//62
f 62//62 64//64 66//66
f 66//66 60//60 67//67
f 67//67 70//70 72//72
f 72//72 74//74 68//68
f 68//68 51//51 54//54
f 54//54 56//56 58//58
f 58//58 52//52 43//43
f 43//43 46//46 48//48
f 48//48 50//50 44//44
f 44//44 62//62 66//66
f 66//66 67//67 72//72
f 72//72 68//68 54//54
f 54//54 58//58 43//43
f 43//43 48//48 44//44
f 44//44 66//66 72//72
f 72//72 54//54 43//43
f 72//72 43//43 44//44
f 68//68 33//33 14//14
f 68//68 14//14 51//51
f 25//25 2//2 6//6
f 6//6 9//9 11//11
f 11//11 4//4 13//13
f 13//13 17//17 20//20
f 20//20 22//22 15//15
f 15//15 34//34 37//37
f 37//37 40//40 42//42
f 42//42 35//35 23//23
f 23//23 27//27 30//30
f 30//30 32//32 25//25
f 25//25 6//6 11//11
f 11//11 13//13 20//20
f 20//20 15//15 37//37
f 37//37 42//42 23//23
f 23//23 30//30 25//25
f 25//25 11//11 20//20
f 20//20 37//37 23//23
f 20//20 23//23 25//25
f 23//23 35//35 67//67
f 23//23 67//67 60//60
f 59//59 24//24 31//31
f 59//59 31//31 61//61
f 61//61 31//31 28//28
f 61//61 28//28 63//63
f 63//63 29//29 26//26
f 63//63 26//26 65//65
f 65//65 26//26 23//23
f 65//65 23//23 60//60
f 33//33 68//68 73//73
f 33//33 73//73 36//36
f 36//36 73//73 71//71
f 36//36 71//71 39//39
f 38//38 71//71 69//69
f 38//38 69//69 41//41
f 41//41 69//69 67//67
f 41//41 67//67 35//35
f 1//1 44//44 49//49
f 1//1 49//49 5//5
f 5//5 49//49 47//47
f 5//5 47//47 7//7
f 8//8 47//47 45//45
f 8//8 45//45 10//10
f 10//10 45//45 43//43
f 10//10 43//43 3//3
f 51//51 14//14 21//21
f 51//51 21//21 53//53
f 53//53 21//21 19//19
f 53//53 19//19 55//55
f 55//55 18//18 16//16
f 55//55 16//16 57//57
f 57//57 16//16 12//12
f 57//57 12//12 52//52
f 24//24 59//59 44//44
f 24//24 44//44 1//1
f 77//77 76//76 75//75
f 75//75 76//76 85//85
f 78//78 77//77 75//75
f 79//79 78//78 75//75
f 80//80 79//79 75//75
f 81//81 80//80 75//75
f 82//82 81//81 75//75
f 83//83 82//82 75//75
f 84//84 83//83 75//75
f 84//84 75//75 86//86
f 85//85 86//86 75//75
f 86//86 85//85 88//88
f 86//86 87//87 84//84
f 87//87 86//86 89//89
f 86//86 88//88 89//89
f 90//90 83//83 89//89
f 87//87 89//89 83//83
f 89//89 91//91 90//90
f 92//92 91//91 89//89
f 93//93 92//92 89//89
f 94//94 93//93 89//89
f 95//95 94//94 89//89
f 96//96 95//95 89//89
f 88//88 96//96 89//89
f 98//98 97//97 96//96
f 100//100 96//96 97//97
f 96//96 99//99 98//98
f 101//101 99//99 96//96
f 96//96 100//100 102//102
f 88//88 101//101 96//96
f 96//96 102//102 103//103
f 96//96 103//103 95//95
f 105//105 104//104 103//103
f 107//107 103//103 104//104
f 103//103 106//106 105//105
f 102//102 106//106 103//103
f 103//103 107//107 108//108
f 103//103 108//108 95//95
f 110//110 109//109 108//108
f 111//111 108//108 109//109
f 108//108 107//107 110//110
f 108//108 111//111 95//95
f 109//109 112//112 111//111
f 95//95 111//111 112//112
f 113//113 112//112 109//109
f 112//112 113//113 95//95
f 80//80 114//114 113//113
f 113//113 114//114 115//115
f 80//80 113//113 109//109
f 115//115 95//95 113//113
f 116//116 115//115 114//114
f 95//95 115//115 116//116
f 114//114 80//80 116//116
f 117//117 116//116 80//80
f 116//116 117//117 118//118
f 95//95 116//116 118//118
f 120//120 119//119 118//118
f 121//121 118//118 119//119
f 118//118 117//117 120//120
f 118//118 121//121 122//122
f 95//95 118//118 94//94
f 118//118 122//122 94//94
f 124//124 123//123 122//122
f 125//125 122//122 123//123
f 122//122 121//121 124//124
f 122//122 125//125 94//94
f 123//123 126//126 125//125
f 94//94 125//125 126//126
f 127//127 126//126 123//123
f 126//126 127//127 94//94
f 81//81 128//128 127//127
f 127//127 128//128 129//129
f 81//81 127//127 123//123
f 129//129 94//94 127//127
f 130//130 129//129 128//128
f 94//94 129//129 130//130
f 128//128 81//81 130//130
f 131//131 130//130 81//81
f 130//130 131//131 93//93
f 94//94 130//130 93//93
f 81//81 132//132 131//131
f 93//93 131//131 132//132
f 133//133 132//132 81//81
f 132//132 133//133 93//93
f 82//82 134//134 133//133
f 133//133 134//134 135//135
f 82//82 133//133 81//81
f 135//135 93//93 133//133
f 92//92 135//135 134//134
f 93//93 135//135 92//92
f 134//134 82//82 92//92
f 123//123 124//124 119//119
f 119//119 124//124 121//121
f 81//81 123//123 80//80
f 123//123 119//119 80//80
f 119//119 120//120 80//80
f 80//80 120//120 117//117
f 109//109 110//110 104//104
f 104//104 110//110 107//107
f 80//80 109//109 79//79
f 109//109 104//104 79//79
f 79//79 105//105 106//106
f 106//106 102//102 79//79
f 104//104 105//105 79//79
f 136//136 79//79 102//102
f 102//102 100//100 136//136
f 79//79 136//136 97//97
f 97//97 136//136 100//100
f 137//137 78//78 101//101
f 99//99 101//101 78//78
f 101//101 138//138 137//137
f 88//88 138//138 101//101
f 77//77 137//137 138//138
f 138//138 88//88 77//77
f 78//78 137//137 77//77
f 78//78 98//98 99//99
f 97//97 98//98 78//78
f 79//79 97//97 78//78
f 91//91 92//92 82//82
f 82//82 90//90 91//91
f 83//83 90//90 82//82
f 76//76 77//77 88//88
f 88//88 85//85 76//76
f 83//83 84//84 87//87
f 141//141 140//140 139//139
f 139//139 140//140 149//149
f 142//142 141//141 139//139
f 143//143 142//142 139//139
f 144//144 143//143 139//139
f 145//145 144//144 139//139
f 146//146 145//145 139//139
f 147//147 146//146 139//139
f 148//148 147//147 139//139
f 148//148 139//139 150//150
f 149//149 150//150 139//139
f 150//150 149//149 152//152
f 150//150 151//151 148//148
f 151//151 150//150 153//153
f 150//150 152//152 153//153
f 154//154 147//147 153//153
f 151//151 153//153 147//147
f 153//153 155//155 154//154
f 156//156 155//155 153//153
f 157//157 156//156 153//153
f 158//158 157//157 153//153
f 159//159 158//158 153//153
f 160//160 159//159 153//153
f 152//152 160//160 153//153
f 162//162 161//161 160//160
f 164//164 160//160 161//161
f 160//160 163//163 162//162
f 165//165 163//163 160//160
f 160//160 164//164 166//166
f 152//152 165//165 160//160
f 160//160 166//166 167//167
f 160//160 167//167 159//159
f 169//169 168//168 167//167
f 171//171 167//167 168//168
f 167//167 170//170 169//169
f 166//166 170//170 167//167
f 167//167 171//171 172//172
f 167//167 172//172 159//159
f 174//174 173//173 172//172
f 175//175 172//172 173//173
f 172//172 171//171 174//174
f 172//172 175//175 159//159
f 173//173 176//176 175//175
f 159//159 175//175 176//176
f 177//177 176//176 173//173
f 176//176 177//177 159//159
f 144//144 178//178 177//177
f 177//177 178//178 179//179
f 144//144 177//177 173//173
f 179//179 159//159 177//177
f 180//180 179//179 178//178
f 159//159 179//179 180//180
f 178//178 144//144 180//180
f 181//181 180//180 144//144
f 180//180 181//181 182//182
f 159//159 180//180 182//182
f 184//184 183//183 182//182
f 185//185 182//182 183//183
f 182//182 181//181 184//184
f 182//182 185//185 186//186
f 159//159 182//182 158//158
f 182//182 186//186 158//158
f 188//188 187//187 186//186
f 189//189 186//186 187//187
f 186//186 185//185 188//188
f 186//186 189//189 158//158
f 187//187 190//190 189//189
f 158//158 189//189 190//190
f 191//191 190//190 187//187
f 190//190 191//191 158//158
f 145//145 192//192 191//191
f 191//191 192//192 193//193
f 145//145 191//191 187//187
f 193//193 158//158 191//191
f 194//194 193//193 192//192
f 158//158 193//193 194//194
f 192//192 145//145 194//194
f 195//195 194//194 145//145
f 194//194 195//195 157//157
f 158//158 194//194 157//157
f 145//145 196//196 195//195
f 157//157 195//195 196//196
f 197//197 196//196 145//145
f 196//196 197//197 157//157
f 146//146 198//198 197//197
f 197//197 198//198 199//199
f 146//146 197//197 145//145
f 199//199 157//157 197//197
f 156//156 199//199 198//198
f 157//157 199//199 156//156
f 198//198 146//146 156//156
f 187//187 188//188 183//183
f 183//183 188//188 185//185
f 145//145 187//187 144//144
f 187//187 183//183 144//144
f 183//183 184//184 144//144
f 144//144 184//184 181//181
f 173//173 174//174 168//168
f 168//168 174//174 171//171
f 144//144 173//173 143//143
f 173//173 168//168 143//143
f 143//143 169//169 170//170
f 170//170 166//166 143//143
f 168//168 169//169 143//143
f 200//200 143//143 166//166
f 166//166 164//164 200//200
f 143//143 200//200 161//161
f 161//161 200//200 164//164
f 201//201 142//142 165//165
f 163//163 165//165 142//142
f 165//165 202//202 201//201
f 152//152 202//202 165//165
f 141//141 201//201 202//202
f 202//202 152//152 141//141
f 142//142 201//201 141//141
f 142//142 162//162 163//163
f 161//161 162//162 142//142
f 143//143 161//161 142//142
f 155//155 156//156 146//146
f 146//146 154//154 155//155
f 147//147 154//154 146//146
f 140//140 141//141 152//152
f 152//152 149//149 140//140
f 147//147 148//148 151//151
f 206//206 205//205 204//204
f 203//203 205//205 206//206
f 204//204 207//207 206//206
f 209//209 206//206 207//207
f 208//208 206//206 209//209
f 206//206 208//208 203//203
f 209//209 210//210 208//208
f 210//210 209//209 211//211
f 207//207 211//211 209//209
f 213//213 212//212 211//211
f 211//211 212//212 210//210
f 211//211 207//207 213//213
f 213//213 214//214 215//215
f 214//214 213//213 218//218
f 215//215 216//216 213//213
f 213//213 216//216 212//212
f 217//217 213//213 207//207
f 218//218 213//213 217//217
f 218//218 219//219 214//214
f 219//219 218//218 220//220
f 220//220 218//218 221//221
f 217//217 221//221 218//218
f 221//221 222//222 220//220
f 226//226 225//225 227//227
f 228//228 227//227 225//225
f 225//225 224//224 228//228
f 229//229 227//227 228//228
f 228//228 230//230 229//229
f 230//230 228//228 231//231
f 231//231 228//228 224//224
f 233//233 232//232 231//231
f 231//231 232//232 230//230
f 231//231 234//234 233//233
f 236//236 234//234 231//231
f 231//231 235//235 236//236
f 224//224 235//235 231//231
f 234//234 236//236 203//203
f 237//237 233//233 234//234
f 234//234 208//208 237//237
f 203//203 208//208 234//234
f 219//219 233//233 237//237
f 238//238 237//237 208//208
f 214//214 237//237 238//238
f 237//237 214//214 219//219
f 238//238 215//215 214//214
f 215//215 238//238 240//240
f 208//208 239//239 238//238
f 240//240 238//238 239//239
f 241//241 240//240 239//239
f 240//240 242//242 215//215
f 242//242 243//243 244//244
f 243//243 241//241 245//245
f 245//245 244//244 243//243
f 245//245 241//241 239//239
f 246//246 245//245 239//239
f 247//247 244//244 245//245
f 245//245 246//246 247//247
f 216//216 244//244 247//247
f 247//247 212//212 216//216
f 212//212 247//247 246//246
f 239//239 210//210 246//246
f 246//246 210//210 212//212
f 242//242 244//244 216//216
f 215//215 242//242 216//216
f 239//239 208//208 210//210
f 248//248 232//232 233//233
f 233//233 219//219 248//248
f 250//250 249//249 248//248
f 232//232 248//248 249//249
f 248//248 220//220 250//250
f 220//220 248//248 219//219
f 249//249 250//250 251//251
f 252//252 251//251 250//250
f 223//223 250//250 220//220
f 250//250 223//223 252//252
f 251//251 252//252 253//253
f 253//253 254//254 251//251
f 255//255 254//254 253//253
f 253//253 226//226 255//255
f 256//256 255//255 227//227
f 255//255 256//256 257//257
f 227//227 255//255 226//226
f 257//257 254//254 255//255
f 254//254 257//257 258//258
f 229//229 258//258 257//257
f 257//257 256//256 229//229
f 258//258 251//251 254//254
f 251//251 258//258 249//249
f 230//230 249//249 258//258
f 258//258 229//229 230//230
f 227//227 229//229 256//256
f 249//249 230//230 232//232
f 220//220 222//222 223//223
f 207//207 204//204 217//217
f 259//259 260//260 261//261
f 265//265 277//277 283//283
f 265//265 283//283 266//266
f 261//261 262//262 259//259
f 262//262 261//261 264//264
f 264//264 263//263 262//262
f 263//263 264//264 267//267
f 264//264 261//261 260//260
f 264//264 260//260 265//265
f 264//264 265//265 266//266
f 267//267 264//264 266//266
f 268//268 267//267 266//266
f 266//266 283//283 286//286
f 286//286 285//285 284//284
f 284//284 282//282 268//268
f 268//268 266//266 286//286
f 286//286 284//284 268//268
f 267//267 268//268 263//263
f 262//262 263//263 268//268
f 268//268 282//282 278//278
f 278//278 259//259 262//262
f 268//268 278//278 262//262
f 269//269 206//206 270//270
f 270//270 206//206 289//289
f 270//270 289//289 287//287
f 272//272 270//270 271//271
f 273//273 270//270 272//272
f 270//270 273//273 269//269
f 269//269 273//273 274//274
f 272//272 274//274 273//273
f 269//269 274//274 253//253
f 274//274 275//275 253//253
f 275//275 274//274 272//272
f 276//276 253//253 293//293
f 276//276 293//293 288//288
f 276//276 269//269 253//253
f 272//272 271//271 275//275
f 270//270 287//287 294//294
f 270//270 294//294 271//271
f 288//288 289//289 206//206
f 206//206 269//269 276//276
f 206//206 276//276 288//288
f 287//287 289//289 290//290
f 290//290 289//289 291//291
f 291//291 289//289 292//292
f 292//292 289//289 288//288
f 282//282 284//284 281//281
f 282//282 281//281 278//278
f 284//284 285//285 280//280
f 284//284 280//280 281//281
f 285//285 286//286 279//279
f 285//285 279//279 280//280
f 286//286 283//283 277//277
f 286//286 277//277 279//279
f 287//287 290//290 297//297
f 287//287 297//297 294//294
f 290//290 291//291 296//296
f 290//290 296//296 297//297
f 291//291 292//292 295//295
f 291//291 295//295 296//296
f 292//292 288//288 293//293
f 292//292 293//293 295//295
f 265//265 260//260 259//259
f 259//259 278//278 281//281
f 281//281 280//280 279//279
f 279//279 277//277 265//265
f 265//265 259//259 281//281
f 281//281 279//279 265//265
f 301//301 299//299 300//300
f 298//298 301//301 300//300
f 299//299 301//301 302//302
f 304//304 302//302 301//301
f 303//303 304//304 301//301
f 301//301 298//298 303//303
f 304//304 303//303 305//305
f 305//305 306//306 304//304
f 302//302 304//304 306//306
f 308//308 306//306 307//307
f 306//306 305//305 307//307
f 306//306 308//308 302//302
f 308//308 310//310 309//309
f 309//309 313//313 308//308
f 310//310 308//308 311//311
f 308//308 307//307 311//311
f 312//312 302//302 308//308
f 313//313 312//312 308//308
f 313//313 309//309 314//314
f 314//314 315//315 313//313
f 315//315 316//316 313//313
f 312//312 313//313 316//316
f 316//316 315//315 317//317
f 321//321 322//322 320//320
f 323//323 320//320 322//322
f 320//320 323//323 319//319
f 324//324 323//323 322//322
f 323//323 324//324 325//325
f 325//325 326//326 323//323
f 326//326 319//319 323//323
f 328//328 326//326 327//327
f 326//326 325//325 327//327
f 326//326 328//328 329//329
f 331//331 326//326 329//329
f 326//326 331//331 330//330
f 319//319 326//326 330//330
f 329//329 298//298 331//331
f 332//332 329//329 328//328
f 329//329 332//332 303//303
f 298//298 329//329 303//303
f 314//314 332//332 328//328
f 333//333 303//303 332//332
f 309//309 333//333 332//332
f 332//332 314//314 309//309
f 333//333 309//309 310//310
f 310//310 335//335 333//333
f 303//303 333//333 334//334
f 335//335 334//334 333//333
f 336//336 334//334 335//335
f 335//335 310//310 337//337
f 337//337 339//339 338//338
f 338//338 340//340 336//336
f 340//340 338//338 339//339
f 340//340 334//334 336//336
f 341//341 334//334 340//340
f 342//342 340//340 339//339
f 340//340 342//342 341//341
f 311//311 342//342 339//339
f 342//342 311//311 307//307
f 307//307 341//341 342//342
f 334//334 341//341 305//305
f 341//341 307//307 305//305
f 337//337 311//311 339//339
f 310//310 311//311 337//337
f 334//334 305//305 303//303
f 343//343 328//328 327//327
f 328//328 343//343 314//314
f 345//345 343//343 344//344
f 327//327 344//344 343//343
f 343//343 345//345 315//315
f 315//315 314//314 343//343
f 344//344 346//346 345//345
f 347//347 345//345 346//346
f 318//318 315//315 345//345
f 345//345 347//347 318//318
f 346//346 348//348 347//347
f 348//348 346//346 349//349
f 350//350 348//348 349//349
f 348//348 350//350 321//321
f 351//351 322//322 350//350
f 350//350 352//352 351//351
f 322//322 321//321 350//350
f 352//352 350//350 349//349
f 349//349 353//353 352//352
f 324//324 352//352 353//353
f 352//352 324//324 351//351
f 353//353 349//349 346//346
f 346//346 344//344 353//353
f 325//325 353//353 344//344
f 353//353 325//325 324//324
f 322//322 351//351 324//324
f 344//344 327//327 325//325
f 315//315 318//318 317//317
f 302//302 312//312 299//299
f 354//354 356//356 355//355
f 360//360 361//361 378//378
f 360//360 378//378 372//372
f 356//356 354//354 357//357
f 357//357 359//359 356//356
f 359//359 357//357 358//358
f 358//358 362//362 359//359
f 359//359 355//355 356//356
f 359//359 360//360 355//355
f 359//359 361//361 360//360
f 362//362 361//361 359//359
f 361//361 362//362 363//363
f 363//363 377//377 379//379
f 379//379 380//380 381//381
f 381//381 378//378 361//361
f 361//361 363//363 379//379
f 379//379 381//381 361//361
f 362//362 358//358 363//363
f 363//363 358//358 357//357
f 357//357 354//354 373//373
f 373//373 377//377 363//363
f 357//357 373//373 363//363
f 364//364 365//365 301//301
f 365//365 382//382 384//384
f 365//365 384//384 301//301
f 367//367 366//366 365//365
f 368//368 367//367 365//365
f 365//365 364//364 368//368
f 364//364 369//369 368//368
f 367//367 368//368 369//369
f 364//364 348//348 369//369
f 369//369 348//348 370//370
f 370//370 367//367 369//369
f 371//371 383//383 388//388
f 371//371 388//388 348//348
f 371//371 348//348 364//364
f 367//367 370//370 366//366
f 365//365 366//366 389//389
f 365//365 389//389 382//382
f 301//301 384//384 383//383
f 383//383 371//371 364//364
f 383//383 364//364 301//301
f 382//382 385//385 384//384
f 385//385 386//386 384//384
f 386//386 387//387 384//384
f 387//387 383//383 384//384
f 377//377 373//373 376//376
f 377//377 376//376 379//379
f 379//379 376//376 375//375
f 379//379 375//375 380//380
f 380//380 375//375 374//374
f 380//380 374//374 381//381
f 381//381 374//374 372//372
f 381//381 372//372 378//378
f 382//382 389//389 392//392
f 382//382 392//392 385//385
f 385//385 392//392 391//391
f 385//385 391//391 386//386
f 386//386 391//391 390//390
f 386//386 390//390 387//387
f 387//387 390//390 388//388
f 387//387 388//388 383//383
f 354//354 355//355 360//360
f 360//360 372//372 374//374
f 374//374 375//375 376//376
f 376//376 373//373 354//354
f 354//354 360//360 374//374
f 374//374 376//376 354//354
f 396//396 394//394 395//395
f 393//393 396//396 395//395
f 394//394 396//396 397//397
f 399//399 397//397 396//396
f 398//398 399//399 396//396
f 396//396 393//393 398//398
f 399//399 398//398 400//400
f 400//400 401//401 399//399
f 397//397 399//399 401//401
f 403//403 401//401 402//402
f 401//401 400//400 402//402
f 401//401 403//403 397//397
f 403//403 405//405 404//404
f 404//404 408//408 403//403
f 405//405 403//403 406//406
f 403//403 402//402 406//406
f 407//407 397//397 403//403
f 408//408 407//407 403//403
f 408//408 404//404 409//409
f 409//409 410//410 408//408
f 410//410 411//411 408//408
f 407//407 408//408 411//411
f 411//411 410//410 412//412
f 416//416 417//417 415//415
f 418//418 415//415 417//417
f 415//415 418//418 414//414
f 419//419 418//418 417//417
f 418//418 419//419 420//420
f 420//420 421//421 418//418
f 421//421 414//414 418//418
f 423//423 421//421 422//422
f 421//421 420//420 422//422
f 421//421 423//423 424//424
f 426//426 421//421 424//424
f 421//421 426//426 425//425
f 414//414 421//421 425//425
f 424//424 393//393 426//426
f 427//427 424//424 423//423
f 424//424 427//427 398//398
f 393//393 424//424 398//398
f 409//409 427//427 423//423
f 428//428 398//398 427//427
f 404//404 428//428 427//427
f 427//427 409//409 404//404
f 428//428 404//404 405//405
f 405//405 240//240 428//428
f 398//398 428//428 429//429
f 240//240 429//429 428//428
f 241//241 429//429 240//240
f 240//240 405//405 242//242
f 242//242 430//430 243//243
f 243//243 431//431 241//241
f 431//431 243//243 430//430
f 431//431 429//429 241//241
f 432//432 429//429 431//431
f 433//433 431//431 430//430
f 431//431 433//433 432//432
f 406//406 433//433 430//430
f 433//433 406//406 402//402
f 402//402 432//432 433//433
f 429//429 432//432 400//400
f 432//432 402//402 400//400
f 242//242 406//406 430//430
f 405//405 406//406 242//242
f 429//429 400//400 398//398
f 434//434 423//423 422//422
f 423//423 434//434 409//409
f 436//436 434//434 435//435
f 422//422 435//435 434//434
f 434//434 436//436 410//410
f 410//410 409//409 434//434
f 435//435 437//437 436//436
f 438//438 436//436 437//437
f 413//413 410//410 436//436
f 436//436 438//438 413//413
f 437//437 439//439 438//438
f 439//439 437//437 440//440
f 441//441 439//439 440//440
f 439//439 441//441 416//416
f 442//442 417//417 441//441
f 441//441 443//443 442//442
f 417//417 416//416 441//441
f 443//443 441//441 440//440
f 440//440 444//444 443//443
f 419//419 443//443 444//444
f 443//443 419//419 442//442
f 444//444 440//440 437//437
f 437//437 435//435 444//444
f 420//420 444//444 435//435
f 444//444 420//420 419//419
f 417//417 442//442 419//419
f 435//435 422//422 420//420
f 410//410 413//413 412//412
f 397//397 407//407 394//394
f 445//445 447//447 446//446
f 451//451 452//452 469//469
f 451//451 469//469 463//463
f 447//447 445//445 448//448
f 448//448 450//450 447//447
f 450//450 448//448 449//449
f 449//449 453//453 450//450
f 450//450 446//446 447//447
f 450//450 451//451 446//446
f 450//450 452//452 451//451
f 453//453 452//452 450//450
f 452//452 453//453 454//454
f 454//454 468//468 470//470
f 470//470 471//471 472//472
f 472//472 469//469 452//452
f 452//452 454//454 470//470
f 470//470 472//472 452//452
f 453//453 449//449 454//454
f 454//454 449//449 448//448
f 448//448 445//445 464//464
f 464//464 468//468 454//454
f 448//448 464//464 454//454
f 455//455 456//456 396//396
f 456//456 473//473 475//475
f 456//456 475//475 396//396
f 458//458 457//457 456//456
f 459//459 458//458 456//456
f 456//456 455//455 459//459
f 455//455 460//460 459//459
f 458//458 459//459 460//460
f 455//455 439//439 460//460
f 460//460 439//439 461//461
f 461//461 458//458 460//460
f 462//462 474//474 479//479
f 462//462 479//479 439//439
f 462//462 439//439 455//455
f 458//458 461//461 457//457
f 456//456 457//457 480//480
f 456//456 480//480 473//473
f 396//396 475//475 474//474
f 474//474 462//462 455//455
f 474//474 455//455 396//396
f 473//473 476//476 475//475
f 476//476 477//477 475//475
f 477//477 478//478 475//475
f 478//478 474//474 475//475
f 468//468 464//464 467//467
f 468//468 467//467 470//470
f 470//470 467//467 466//466
f 470//470 466//466 471//471
f 471//471 466//466 465//465
f 471//471 465//465 472//472
f 472//472 465//465 463//463
f 472//472 463//463 469//469
f 473//473 480//480 483//483
f 473//473 483//483 476//476
f 476//476 483//483 482//482
f 476//476 482//482 477//477
f 477//477 482//482 481//481
f 477//477 481//481 478//478
f 478//478 481//481 479//479
f 478//478 479//479 474//474
f 445//445 446//446 451//451
f 451//451 463//463 465//465
f 465//465 466//466 467//467
f 467//467 464//464 445//445
f 445//445 451//451 465//465
f 465//465 467//467 445//445
f 487//487 486//486 485//485
f 484//484 486//486 487//487
f 485//485 488//488 487//487
f 490//490 487//487 488//488
f 489//489 487//487 490//490
f 487//487 489//489 484//484
f 490//490 491//491 489//489
f 491//491 490//490 492//492
f 488//488 492//492 490//490
f 494//494 493//493 492//492
f 492//492 493//493 491//491
f 492//492 488//488 494//494
f 494//494 495//495 496//496
f 495//495 494//494 499//499
f 496//496 497//497 494//494
f 494//494 497//497 493//493
f 498//498 494//494 488//488
f 499//499 494//494 498//498
f 499//499 500//500 495//495
f 500//500 499//499 501//501
f 501//501 499//499 502//502
f 498//498 502//502 499//499
f 502//502 503//503 501//501
f 507//507 506//506 508//508
f 509//509 508//508 506//506
f 506//506 505//505 509//509
f 510//510 508//508 509//509
f 509//509 511//511 510//510
f 511//511 509//509 512//512
f 512//512 509//509 505//505
f 514//514 513//513 512//512
f 512//512 513//513 511//511
f 512//512 515//515 514//514
f 517//517 515//515 512//512
f 512//512 516//516 517//517
f 505//505 516//516 512//512
f 515//515 517//517 484//484
f 518//518 514//514 515//515
f 515//515 489//489 518//518
f 484//484 489//489 515//515
f 500//500 514//514 518//518
f 519//519 518//518 489//489
f 495//495 518//518 519//519
f 518//518 495//495 500//500
f 519//519 496//496 495//495
f 496//496 519//519 335//335
f 489//489 520//520 519//519
f 335//335 519//519 520//520
f 336//336 335//335 520//520
f 335//335 337//337 496//496
f 337//337 338//338 521//521
f 338//338 336//336 522//522
f 522//522 521//521 338//338
f 522//522 336//336 520//520
f 523//523 522//522 520//520
f 524//524 521//521 522//522
f 522//522 523//523 524//524
f 497//497 521//521 524//524
f 524//524 493//493 497//497
f 493//493 524//524 523//523
f 520//520 491//491 523//523
f 523//523 491//491 493//493
f 337//337 521//521 497//497
f 496//496 337//337 497//497
f 520//520 489//489 491//491
f 525//525 513//513 514//514
f 514//514 500//500 525//525
f 527//527 526//526 525//525
f 513//513 525//525 526//526
f 525//525 501//501 527//527
f 501//501 525//525 500//500
f 526//526 527//527 528//528
f 529//529 528//528 527//527
f 504//504 527//527 501//501
f 527//527 504//504 529//529
f 528//528 529//529 530//530
f 530//530 531//531 528//528
f 532//532 531//531 530//530
f 530//530 507//507 532//532
f 533//533 532//532 508//508
f 532//532 533//533 534//534
f 508//508 532//532 507//507
f 534//534 531//531 532//532
f 531//531 534//534 535//535
f 510//510 535//535 534//534
f 534//534 533//533 510//510
f 535//535 528//528 531//531
f 528//528 535//535 526//526
f 511//511 526//526 535//535
f 535//535 510//510 511//511
f 508//508 510//510 533//533
f 526//526 511//511 513//513
f 501//501 503//503 504//504
f 488//488 485//485 498//498
f 536//536 537//537 538//538
f 542//542 554//554 560//560
f 542//542 560//560 543//543
f 538//538 539//539 536//536
f 539//539 538//538 541//541
f 541//541 540//540 539//539
f 540//540 541//541 544//544
f 541//541 538//538 537//537
f 541//541 537//537 542//542
f 541//541 542//542 543//543
f 544//544 541//541 543//543
f 545//545 544//544 543//543
f 543//543 560//560 563//563
f 563//563 562//562 561//561
f 561//561 559//559 545//545
f 545//545 543//543 563//563
f 563//563 561//561 545//545
f 544//544 545//545 540//540
f 539//539 540//540 545//545
f 545//545 559//559 555//555
f 555//555 536//536 539//539
f 545//545 555//555 539//539
f 546//546 487//487 547//547
f 547//547 487//487 566//566
f 547//547 566//566 564//564
f 549//549 547//547 548//548
f 550//550 547//547 549//549
f 547//547 550//550 546//546
f 546//546 550//550 551//551
f 549//549 551//551 550//550
f 546//546 551//551 530//530
f 551//551 552//552 530//530
f 552//552 551//551 549//549
f 553//553 530//530 570//570
f 553//553 570//570 565//565
f 553//553 546//546 530//530
f 549//549 548//548 552//552
f 547//547 564//564 571//571
f 547//547 571//571 548//548
f 565//565 566//566 487//487
f 487//487 546//546 553//553
f 487//487 553//553 565//565
f 564//564 566//566 567//567
f 567//567 566//566 568//568
f 568//568 566//566 569//569
f 569//569 566//566 565//565
f 559//559 561//561 558//558
f 559//559 558//558 555//555
f 561//561 562//562 557//557
f 561//561 557//557 558//558
f 562//562 563//563 556//556
f 562//562 556//556 557//557
f 563//563 560//560 554//554
f 563//563 554//554 556//556
f 564//564 567//567 574//574
f 564//564 574//574 571//571
f 567//567 568//568 573//573
f 567//567 573//573 574//574
f 568//568 569//569 572//572
f 568//568 572//572 573//573
f 569//569 565//565 570//570
f 569//569 570//570 572//572
f 542//542 537//537 536//536
f 536//536 555//555 558//558
f 558//558 557//557 556//556
f 556//556 554//554 542//542
f 542//542 536//536 558//558
f 558//558 556//556 542//542
f 575//575 204//204 205//205
f 203//203 575//575 205//205
f 204//204 575//575 576//576
f 578//578 576//576 575//575
f 577//577 578//578 575//575
f 575//575 203//203 577//577
f 578//578 577//577 579//579
f 579//579 580//580 578//578
f 576//576 578//578 580//580
f 582//582 580//580 581//581
f 580//580 579//579 581//581
f 580//580 582//582 576//576
f 582//582 584//584 583//583
f 583//583 586//586 582//582
f 584//584 582//582 585//585
f 582//582 581//581 585//585
f 217//217 576//576 582//582
f 586//586 217//217 582//582
f 586//586 583//583 587//587
f 587//587 588//588 586//586
f 588//588 221//221 586//586
f 217//217 586//586 221//221
f 221//221 588//588 222//222
f 226//226 589//589 225//225
f 590//590 225//225 589//589
f 225//225 590//590 224//224
f 591//591 590//590 589//589
f 590//590 591//591 592//592
f 592//592 593//593 590//590
f 593//593 224//224 590//590
f 595//595 593//593 594//594
f 593//593 592//592 594//594
f 593//593 595//595 596//596
f 236//236 593//593 596//596
f 593//593 236//236 235//235
f 224//224 593//593 235//235
f 596//596 203//203 236//236
f 597//597 596//596 595//595
f 596//596 597//597 577//577
f 203//203 596//596 577//577
f 587//587 597//597 595//595
f 598//598 577//577 597//597
f 583//583 598//598 597//597
f 597//597 587//587 583//583
f 598//598 583//583 584//584
f 584//584 600//600 598//598
f 577//577 598//598 599//599
f 600//600 599//599 598//598
f 601//601 599//599 600//600
f 600//600 584//584 602//602
f 602//602 604//604 603//603
f 603//603 605//605 601//601
f 605//605 603//603 604//604
f 605//605 599//599 601//601
f 606//606 599//599 605//605
f 607//607 605//605 604//604
f 605//605 607//607 606//606
f 585//585 607//607 604//604
f 607//607 585//585 581//581
f 581//581 606//606 607//607
f 599//599 606//606 579//579
f 606//606 581//581 579//579
f 602//602 585//585 604//604
f 584//584 585//585 602//602
f 599//599 579//579 577//577
f 608//608 595//595 594//594
f 595//595 608//608 587//587
f 610//610 608//608 609//609
f 594//594 609//609 608//608
f 608//608 610//610 588//588
f 588//588 587//587 608//608
f 609//609 611//611 610//610
f 252//252 610//610 611//611
f 223//223 588//588 610//610
f 610//610 252//252 223//223
f 611//611 253//253 252//252
f 253//253 611//611 612//612
f 613//613 253//253 612//612
f 253//253 613//613 226//226
f 614//614 589//589 613//613
f 613//613 615//615 614//614
f 589//589 226//226 613//613
f 615//615 613//613 612//612
f 612//612 616//616 615//615
f 591//591 615//615 616//616
f 615//615 591//591 614//614
f 616//616 612//612 611//611
f 611//611 609//609 616//616
f 592//592 616//616 609//609
f 616//616 592//592 591//591
f 589//589 614//614 591//591
f 609//609 594//594 592//592
f 588//588 223//223 222//222
f 576//576 217//217 204//204
f 617//617 619//619 618//618
f 623//623 624//624 639//639
f 623//623 639//639 633//633
f 619//619 617//617 620//620
f 620//620 622//622 619//619
f 622//622 620//620 621//621
f 621//621 625//625 622//622
f 622//622 618//618 619//619
f 622//622 623//623 618//618
f 622//622 624//624 623//623
f 625//625 624//624 622//622
f 624//624 625//625 626//626
f 626//626 638//638 640//640
f 640//640 641//641 642//642
f 642//642 639//639 624//624
f 624//624 626//626 640//640
f 640//640 642//642 624//624
f 625//625 621//621 626//626
f 626//626 621//621 620//620
f 620//620 617//617 634//634
f 634//634 638//638 626//626
f 620//620 634//634 626//626
f 627//627 628//628 575//575
f 628//628 643//643 645//645
f 628//628 645//645 575//575
f 629//629 271//271 628//628
f 630//630 629//629 628//628
f 628//628 627//627 630//630
f 627//627 631//631 630//630
f 629//629 630//630 631//631
f 627//627 253//253 631//631
f 631//631 253//253 275//275
f 275//275 629//629 631//631
f 632//632 644//644 293//293
f 632//632 293//293 253//253
f 632//632 253//253 627//627
f 629//629 275//275 271//271
f 628//628 271//271 294//294
f 628//628 294//294 643//643
f 575//575 645//645 644//644
f 644//644 632//632 627//627
f 644//644 627//627 575//575
f 643//643 646//646 645//645
f 646//646 647//647 645//645
f 647//647 648//648 645//645
f 648//648 644//644 645//645
f 638//638 634//634 637//637
f 638//638 637//637 640//640
f 640//640 637//637 636//636
f 640//640 636//636 641//641
f 641//641 636//636 635//635
f 641//641 635//635 642//642
f 642//642 635//635 633//633
f 642//642 633//633 639//639
f 643//643 294//294 297//297
f 643//643 297//297 646//646
f 646//646 297//297 296//296
f 646//646 296//296 647//647
f 647//647 296//296 295//295
f 647//647 295//295 648//648
f 648//648 295//295 293//293
f 648//648 293//293 644//644
f 617//617 618//618 623//623
f 623//623 633//633 635//635
f 635//635 636//636 637//637
f 637//637 634//634 617//617
f 617//617 623//623 635//635
f 635//635 637//637 617//617
f 649//649 300//300 299//299
f 298//298 300//300 649//649
f 299//299 650//650 649//649
f 652//652 649//649 650//650
f 651//651 649//649 652//652
f 649//649 651//651 298//298
f 652//652 653//653 651//651
f 653//653 652//652 654//654
f 650//650 654//654 652//652
f 656//656 655//655 654//654
f 654//654 655//655 653//653
f 654//654 650//650 656//656
f 656//656 657//657 658//658
f 657//657 656//656 660//660
f 658//658 659//659 656//656
f 656//656 659//659 655//655
f 312//312 656//656 650//650
f 660//660 656//656 312//312
f 660//660 661//661 657//657
f 661//661 660//660 662//662
f 662//662 660//660 316//316
f 312//312 316//316 660//660
f 316//316 317//317 662//662
f 321//321 320//320 663//663
f 664//664 663//663 320//320
f 320//320 319//319 664//664
f 665//665 663//663 664//664
f 664//664 666//666 665//665
f 666//666 664//664 667//667
f 667//667 664//664 319//319
f 669//669 668//668 667//667
f 667//667 668//668 666//666
f 667//667 670//670 669//669
f 331//331 670//670 667//667
f 667//667 330//330 331//331
f 319//319 330//330 667//667
f 670//670 331//331 298//298
f 671//671 669//669 670//670
f 670//670 651//651 671//671
f 298//298 651//651 670//670
f 661//661 669//669 671//671
f 672//672 671//671 651//651
f 657//657 671//671 672//672
f 671//671 657//657 661//661
f 672//672 658//658 657//657
f 658//658 672//672 674//674
f 651//651 673//673 672//672
f 674//674 672//672 673//673
f 675//675 674//674 673//673
f 674//674 676//676 658//658
f 676//676 677//677 678//678
f 677//677 675//675 679//679
f 679//679 678//678 677//677
f 679//679 675//675 673//673
f 680//680 679//679 673//673
f 681//681 678//678 679//679
f 679//679 680//680 681//681
f 659//659 678//678 681//681
f 681//681 655//655 659//659
f 655//655 681//681 680//680
f 673//673 653//653 680//680
f 680//680 653//653 655//655
f 676//676 678//678 659//659
f 658//658 676//676 659//659
f 673//673 651//651 653//653
f 682//682 668//668 669//669
f 669//669 661//661 682//682
f 684//684 683//683 682//682
f 668//668 682//682 683//683
f 682//682 662//662 684//684
f 662//662 682//682 661//661
f 683//683 684//684 685//685
f 347//347 685//685 684//684
f 318//318 684//684 662//662
f 684//684 318//318 347//347
f 685//685 347//347 348//348
f 348//348 686//686 685//685
f 687//687 686//686 348//348
f 348//348 321//321 687//687
f 688//688 687//687 663//663
f 687//687 688//688 689//689
f 663//663 687//687 321//321
f 689//689 686//686 687//687
f 686//686 689//689 690//690
f 665//665 690//690 689//689
f 689//689 688//688 665//665
f 690//690 685//685 686//686
f 685//685 690//690 683//683
f 666//666 683//683 690//690
f 690//690 665//665 666//666
f 663//663 665//665 688//688
f 683//683 666//666 668//668
f 662//662 317//317 318//318
f 650//650 299//299 312//312
f 691//691 692//692 693//693
f 697//697 707//707 713//713
f 697//697 713//713 698//698
f 693//693 694//694 691//691
f 694//694 693//693 696//696
f 696//696 695//695 694//694
f 695//695 696//696 699//699
f 696//696 693//693 692//692
f 696//696 692//692 697//697
f 696//696 697//697 698//698
f 699//699 696//696 698//698
f 700//700 699//699 698//698
f 698//698 713//713 716//716
f 716//716 715//715 714//714
f 714//714 712//712 700//700
f 700//700 698//698 716//716
f 716//716 714//714 700//700
f 699//699 700//700 695//695
f 694//694 695//695 700//700
f 700//700 712//712 708//708
f 708//708 691//691 694//694
f 700//700 708//708 694//694
f 701//701 649//649 702//702
f 702//702 649//649 719//719
f 702//702 719//719 717//717
f 703//703 702//702 366//366
f 704//704 702//702 703//703
f 702//702 704//704 701//701
f 701//701 704//704 705//705
f 703//703 705//705 704//704
f 701//701 705//705 348//348
f 705//705 370//370 348//348
f 370//370 705//705 703//703
f 706//706 348//348 388//388
f 706//706 388//388 718//718
f 706//706 701//701 348//348
f 703//703 366//366 370//370
f 702//702 717//717 389//389
f 702//702 389//389 366//366
f 718//718 719//719 649//649
f 649//649 701//701 706//706
f 649//649 706//706 718//718
f 717//717 719//719 720//720
f 720//720 719//719 721//721
f 721//721 719//719 722//722
f 722//722 719//719 718//718
f 712//712 714//714 711//711
f 712//712 711//711 708//708
f 714//714 715//715 710//710
f 714//714 710//710 711//711
f 715//715 716//716 709//709
f 715//715 709//709 710//710
f 716//716 713//713 707//707
f 716//716 707//707 709//709
f 717//717 720//720 392//392
f 717//717 392//392 389//389
f 720//720 721//721 391//391
f 720//720 391//391 392//392
f 721//721 722//722 390//390
f 721//721 390//390 391//391
f 722//722 718//718 388//388
f 722//722 388//388 390//390
f 697//697 692//692 691//691
f 691//691 708//708 711//711
f 711//711 710//710 709//709
f 709//709 707//707 697//697
f 697//697 691//691 711//711
f 711//711 709//709 697//697
f 723//723 395//395 394//394
f 393//393 395//395 723//723
f 394//394 724//724 723//723
f 726//726 723//723 724//724
f 725//725 723//723 726//726
f 723//723 725//725 393//393
f 726//726 727//727 725//725
f 727//727 726//726 728//728
f 724//724 728//728 726//726
f 730//730 729//729 728//728
f 728//728 729//729 727//727
f 728//728 724//724 730//730
f 730//730 731//731 732//732
f 731//731 730//730 734//734
f 732//732 733//733 730//730
f 730//730 733//733 729//729
f 407//407 730//730 724//724
f 734//734 730//730 407//407
f 734//734 735//735 731//731
f 735//735 734//734 736//736
f 736//736 734//734 411//411
f 407//407 411//411 734//734
f 411//411 412//412 736//736
f 416//416 415//415 737//737
f 738//738 737//737 415//415
f 415//415 414//414 738//738
f 739//739 737//737 738//738
f 738//738 740//740 739//739
f 740//740 738//738 741//741
f 741//741 738//738 414//414
f 743//743 742//742 741//741
f 741//741 742//742 740//740
f 741//741 744//744 743//743
f 426//426 744//744 741//741
f 741//741 425//425 426//426
f 414//414 425//425 741//741
f 744//744 426//426 393//393
f 745//745 743//743 744//744
f 744//744 725//725 745//745
f 393//393 725//725 744//744
f 735//735 743//743 745//745
f 746//746 745//745 725//725
f 731//731 745//745 746//746
f 745//745 731//731 735//735
f 746//746 732//732 731//731
f 732//732 746//746 600//600
f 725//725 747//747 746//746
f 600//600 746//746 747//747
f 601//601 600//600 747//747
f 600//600 602//602 732//732
f 602//602 603//603 748//748
f 603//603 601//601 749//749
f 749//749 748//748 603//603
f 749//749 601//601 747//747
f 750//750 749//749 747//747
f 751//751 748//748 749//749
f 749//749 750//750 751//751
f 733//733 748//748 751//751
f 751//751 729//729 733//733
f 729//729 751//751 750//750
f 747//747 727//727 750//750
f 750//750 727//727 729//729
f 602//602 748//748 733//733
f 732//732 602//602 733//733
f 747//747 725//725 727//727
f 752//752 742//742 743//743
f 743//743 735//735 752//752
f 754//754 753//753 752//752
f 742//742 752//752 753//753
f 752//752 736//736 754//754
f 736//736 752//752 735//735
f 753//753 754//754 755//755
f 438//438 755//755 754//754
f 413//413 754//754 736//736
f 754//754 413//413 438//438
f 755//755 438//438 439//439
f 439//439 756//756 755//755
f 757//757 756//756 439//439
f 439//439 416//416 757//757
f 758//758 757//757 737//737
f 757//757 758//758 759//759
f 737//737 757//757 416//416
f 759//759 756//756 757//757
f 756//756 759//759 760//760
f 739//739 760//760 759//759
f 759//759 758//758 739//739
f 760//760 755//755 756//756
f 755//755 760//760 753//753
f 740//740 753//753 760//760
f 760//760 739//739 740//740
f 737//737 739//739 758//758
f 753//753 740//740 742//742
f 736//736 412//412 413//413
f 724//724 394//394 407//407
f 761//761 762//762 763//763
f 767//767 777//777 783//783
f 767//767 783//783 768//768
f 763//763 764//764 761//761
f 764//764 763//763 766//766
f 766//766 765//765 764//764
f 765//765 766//766 769//769
f 766//766 763//763 762//762
f 766//766 762//762 767//767
f 766//766 767//767 768//768
f 769//769 766//766 768//768
f 770//770 769//769 768//768
f 768//768 783//783 786//786
f 786//786 785//785 784//784
f 784//784 782//782 770//770
f 770//770 768//768 786//786
f 786//786 784//784 770//770
f 769//769 770//770 765//765
f 764//764 765//765 770//770
f 770//770 782//782 778//778
f 778//778 761//761 764//764
f 770//770 778//778 764//764
f 771//771 723//723 772//772
f 772//772 723//723 789//789
f 772//772 789//789 787//787
f 773//773 772//772 457//457
f 774//774 772//772 773//773
f 772//772 774//774 771//771
f 771//771 774//774 775//775
f 773//773 775//775 774//774
f 771//771 775//775 439//439
f 775//775 461//461 439//439
f 461//461 775//775 773//773
f 776//776 439//439 479//479
f 776//776 479//479 788//788
f 776//776 771//771 439//439
f 773//773 457//457 461//461
f 772//772 787//787 480//480
f 772//772 480//480 457//457
f 788//788 789//789 723//723
f 723//723 771//771 776//776
f 723//723 776//776 788//788
f 787//787 789//789 790//790
f 790//790 789//789 791//791
f 791//791 789//789 792//792
f 792//792 789//789 788//788
f 782//782 784//784 781//781
f 782//782 781//781 778//778
f 784//784 785//785 780//780
f 784//784 780//780 781//781
f 785//785 786//786 779//779
f 785//785 779//779 780//780
f 786//786 783//783 777//777
f 786//786 777//777 779//779
f 787//787 790//790 483//483
f 787//787 483//483 480//480
f 790//790 791//791 482//482
f 790//790 482//482 483//483
f 791//791 792//792 481//481
f 791//791 481//481 482//482
f 792//792 788//788 479//479
f 792//792 479//479 481//481
f 767//767 762//762 761//761
f 761//761 778//778 781//781
f 781//781 780//780 779//779
f 779//779 777//777 767//767
f 767//767 761//761 781//781
f 781//781 779//779 767//767
f 793//793 485//485 486//486
f 484//484 793//793 486//486
f 485//485 793//793 794//794
f 796//796 794//794 793//793
f 795//795 796//796 793//793
f 793//793 484//484 795//795
f 796//796 795//795 797//797
f 797//797 798//798 796//796
f 794//794 796//796 798//798
f 800//800 798//798 799//799
f 798//798 797//797 799//799
f 798//798 800//800 794//794
f 800//800 802//802 801//801
f 801//801 804//804 800//800
f 802//802 800//800 803//803
f 800//800 799//799 803//803
f 498//498 794//794 800//800
f 804//804 498//498 800//800
f 804//804 801//801 805//805
f 805//805 806//806 804//804
f 806//806 502//502 804//804
f 498//498 804//804 502//502
f 502//502 806//806 503//503
f 507//507 807//807 506//506
f 808//808 506//506 807//807
f 506//506 808//808 505//505
f 809//809 808//808 807//807
f 808//808 809//809 810//810
f 810//810 811//811 808//808
f 811//811 505//505 808//808
f 813//813 811//811 812//812
f 811//811 810//810 812//812
f 811//811 813//813 814//814
f 517//517 811//811 814//814
f 811//811 517//517 516//516
f 505//505 811//811 516//516
f 814//814 484//484 517//517
f 815//815 814//814 813//813
f 814//814 815//815 795//795
f 484//484 814//814 795//795
f 805//805 815//815 813//813
f 816//816 795//795 815//815
f 801//801 816//816 815//815
f 815//815 805//805 801//801
f 816//816 801//801 802//802
f 802//802 674//674 816//816
f 795//795 816//816 817//817
f 674//674 817//817 816//816
f 675//675 817//817 674//674
f 674//674 802//802 676//676
f 676//676 818//818 677//677
f 677//677 819//819 675//675
f 819//819 677//677 818//818
f 819//819 817//817 675//675
f 820//820 817//817 819//819
f 821//821 819//819 818//818
f 819//819 821//821 820//820
f 803//803 821//821 818//818
f 821//821 803//803 799//799
f 799//799 820//820 821//821
f 817//817 820//820 797//797
f 820//820 799//799 797//797
f 676//676 803//803 818//818
f 802//802 803//803 676//676
f 817//817 797//797 795//795
f 822//822 813//813 812//812
f 813//813 822//822 805//805
f 824//824 822//822 823//823
f 812//812 823//823 822//822
f 822//822 824//824 806//806
f 806//806 805//805 822//822
f 823//823 825//825 824//824
f 529//529 824//824 825//825
f 504//504 806//806 824//824
f 824//824 529//529 504//504
f 825//825 530//530 529//529
f 530//530 825//825 826//826
f 827//827 530//530 826//826
f 530//530 827//827 507//507
f 828//828 807//807 827//827
f 827//827 829//829 828//828
f 807//807 507//507 827//827
f 829//829 827//827 826//826
f 826//826 830//830 829//829
f 809//809 829//829 830//830
f 829//829 809//809 828//828
f 830//830 826//826 825//825
f 825//825 823//823 830//830
f 810//810 830//830 823//823
f 830//830 810//810 809//809
f 807//807 828//828 809//809
f 823//823 812//812 810//810
f 806//806 504//504 503//503
f 794//794 498//498 485//485
f 831//831 833//833 832//832
f 837//837 838//838 853//853
f 837//837 853//853 847//847
f 833//833 831//831 834//834
f 834//834 836//836 833//833
f 836//836 834//834 835//835
f 835//835 839//839 836//836
f 836//836 832//832 833//833
f 836//836 837//837 832//832
f 836//836 838//838 837//837
f 839//839 838//838 836//836
f 838//838 839//839 840//840
f 840//840 852//852 854//854
f 854//854 855//855 856//856
f 856//856 853//853 838//838
f 838//838 840//840 854//854
f 854//854 856//856 838//838
f 839//839 835//835 840//840
f 840//840 835//835 834//834
f 834//834 831//831 848//848
f 848//848 852//852 840//840
f 834//834 848//848 840//840
f 841//841 842//842 793//793
f 842//842 857//857 859//859
f 842//842 859//859 793//793
f 843//843 548//548 842//842
f 844//844 843//843 842//842
f 842//842 841//841 844//844
f 841//841 845//845 844//844
f 843//843 844//844 845//845
f 841//841 530//530 845//845
f 845//845 530//530 552//552
f 552//552 843//843 845//845
f 846//846 858//858 570//570
f 846//846 570//570 530//530
f 846//846 530//530 841//841
f 843//843 552//552 548//548
f 842//842 548//548 571//571
f 842//842 571//571 857//857
f 793//793 859//859 858//858
f 858//858 846//846 841//841
f 858//858 841//841 793//793
f 857//857 860//860 859//859
f 860//860 861//861 859//859
f 861//861 862//862 859//859
f 862//862 858//858 859//859
f 852//852 848//848 851//851
f 852//852 851//851 854//854
f 854//854 851//851 850//850
f 854//854 850//850 855//855
f 855//855 850//850 849//849
f 855//855 849//849 856//856
f 856//856 849//849 847//847
f 856//856 847//847 853//853
f 857//857 571//571 574//574
f 857//857 574//574 860//860
f 860//860 574//574 573//573
f 860//860 573//573 861//861
f 861//861 573//573 572//572
f 861//861 572//572 862//862
f 862//862 572//572 570//570
f 862//862 570//570 858//858
f 831//831 832//832 837//837
f 837//837 847//847 849//849
f 849//849 850//850 851//851
f 851//851 848//848 831//831
f 831//831 837//837 849//849
f 849//849 851//851 831//831

